polo;mes;lluvia_mm;dias_con_lluvia;temp_min_c;temp_max_c;puesto_lluvia;veredicto;fuente;altitud_clima_m;altitud_base_m
0;1;219.6;25.2;20.2;28.2;3;desaconsejado;open_meteo_polo;734.0;647.0
0;2;233.2;24.3;20.4;28.4;1;desaconsejado;open_meteo_polo;734.0;647.0
0;3;232.5;25.6;20.3;28.4;2;desaconsejado;open_meteo_polo;734.0;647.0
0;4;151.4;20.8;20.1;28.4;6;advertencia;open_meteo_polo;734.0;647.0
0;5;86.1;15.1;19.7;27.9;8;viable;open_meteo_polo;734.0;647.0
0;6;58.2;11.7;18.9;27.2;10;viable;open_meteo_polo;734.0;647.0
0;7;34.7;8.9;18.6;27.7;12;viable;open_meteo_polo;734.0;647.0
0;8;46.8;9.5;18.8;29.0;11;viable;open_meteo_polo;734.0;647.0
0;9;61.9;12.1;19.4;30.0;9;viable;open_meteo_polo;734.0;647.0
0;10;150.1;19.8;20.1;29.6;7;advertencia;open_meteo_polo;734.0;647.0
0;11;172.9;21.3;20.3;28.8;5;advertencia;open_meteo_polo;734.0;647.0
0;12;215.8;25.1;20.3;28.5;4;advertencia;open_meteo_polo;734.0;647.0
1;1;212.6;25.4;15.5;22.1;4;advertencia;open_meteo_polo;941.0;1199.0
1;2;403.1;25.4;16.0;22.0;2;desaconsejado;open_meteo_polo;941.0;1199.0
1;3;479.8;28.3;16.2;22.2;1;desaconsejado;open_meteo_polo;941.0;1199.0
1;4;252.1;22.6;15.8;22.1;3;desaconsejado;open_meteo_polo;941.0;1199.0
1;5;43.8;10.5;15.3;22.2;6;viable;open_meteo_polo;941.0;1199.0
1;6;14.1;4.0;14.4;22.0;9;viable;open_meteo_polo;941.0;1199.0
1;7;2.6;0.7;13.9;22.7;12;viable;open_meteo_polo;941.0;1199.0
1;8;4.5;1.0;13.7;23.0;10;viable;open_meteo_polo;941.0;1199.0
1;9;4.1;1.2;13.9;23.3;11;viable;open_meteo_polo;941.0;1199.0
1;10;28.9;5.7;14.4;23.1;7;viable;open_meteo_polo;941.0;1199.0
1;11;27.9;5.3;14.4;23.2;8;viable;open_meteo_polo;941.0;1199.0
1;12;106.3;17.9;14.9;22.4;5;viable;open_meteo_polo;941.0;1199.0
2;1;175.9;23.6;9.3;18.9;3;desaconsejado;open_meteo_polo;2637.0;2722.0
2;2;209.0;24.0;9.7;19.0;2;desaconsejado;open_meteo_polo;2637.0;2722.0
2;3;212.5;27.3;9.5;18.8;1;desaconsejado;open_meteo_polo;2637.0;2722.0
2;4;155.2;24.7;9.1;19.3;4;advertencia;open_meteo_polo;2637.0;2722.0
2;5;66.0;13.9;8.5;19.7;8;viable;open_meteo_polo;2637.0;2722.0
2;6;23.6;4.8;7.6;20.3;10;viable;open_meteo_polo;2637.0;2722.0
2;7;9.9;2.0;7.4;21.8;12;viable;open_meteo_polo;2637.0;2722.0
2;8;15.0;2.9;8.0;22.5;11;viable;open_meteo_polo;2637.0;2722.0
2;9;60.1;10.2;8.4;22.2;9;viable;open_meteo_polo;2637.0;2722.0
2;10;115.5;18.1;8.8;20.2;6;viable;open_meteo_polo;2637.0;2722.0
2;11;67.1;12.4;8.9;20.3;7;viable;open_meteo_polo;2637.0;2722.0
2;12;153.1;22.3;8.9;19.4;5;advertencia;open_meteo_polo;2637.0;2722.0
3;1;264.1;28.9;6.0;14.6;1;desaconsejado;open_meteo_polo;4448.0;3698.0
3;2;261.5;27.7;6.2;14.6;2;desaconsejado;open_meteo_polo;4448.0;3698.0
3;3;241.2;29.8;6.1;14.3;3;desaconsejado;open_meteo_polo;4448.0;3698.0
3;4;98.2;21.6;5.1;14.5;7;viable;open_meteo_polo;4448.0;3698.0
3;5;34.7;12.1;3.7;14.1;9;viable;open_meteo_polo;4448.0;3698.0
3;6;9.4;3.0;2.8;13.8;12;viable;open_meteo_polo;4448.0;3698.0
3;7;12.0;3.3;2.5;14.5;11;viable;open_meteo_polo;4448.0;3698.0
3;8;24.5;8.9;3.0;15.2;10;viable;open_meteo_polo;4448.0;3698.0
3;9;68.7;19.4;4.0;15.7;8;viable;open_meteo_polo;4448.0;3698.0
3;10;119.5;23.2;5.0;16.0;6;viable;open_meteo_polo;4448.0;3698.0
3;11;144.5;23.2;5.6;16.2;5;viable;open_meteo_polo;4448.0;3698.0
3;12;192.6;26.7;5.8;15.4;4;advertencia;open_meteo_polo;4448.0;3698.0
4;1;324.5;30.2;14.4;21.0;1;desaconsejado;open_meteo_polo;2757.0;2047.0
4;2;283.8;27.6;14.6;20.9;3;desaconsejado;open_meteo_polo;2757.0;2047.0
4;3;274.6;29.7;14.2;21.2;4;advertencia;open_meteo_polo;2757.0;2047.0
4;4;173.8;24.8;13.7;21.3;7;advertencia;open_meteo_polo;2757.0;2047.0
4;5;81.2;16.3;12.7;21.1;9;viable;open_meteo_polo;2757.0;2047.0
4;6;44.5;11.0;11.6;20.7;12;viable;open_meteo_polo;2757.0;2047.0
4;7;45.4;10.6;11.1;21.0;11;viable;open_meteo_polo;2757.0;2047.0
4;8;71.1;15.3;11.7;21.3;10;viable;open_meteo_polo;2757.0;2047.0
4;9;158.0;24.1;12.7;21.7;8;advertencia;open_meteo_polo;2757.0;2047.0
4;10;221.2;27.1;13.6;21.6;6;advertencia;open_meteo_polo;2757.0;2047.0
4;11;246.1;27.8;14.4;21.5;5;advertencia;open_meteo_polo;2757.0;2047.0
4;12;297.6;29.8;14.5;21.3;2;desaconsejado;open_meteo_polo;2757.0;2047.0
5;1;199.8;29.3;10.1;18.3;3;desaconsejado;open_meteo_polo;4457.0;2856.0
5;2;222.5;27.1;10.6;18.5;2;desaconsejado;open_meteo_polo;4457.0;2856.0
5;3;225.9;30.2;10.5;18.5;1;desaconsejado;open_meteo_polo;4457.0;2856.0
5;4;143.4;26.6;9.6;19.2;7;viable;open_meteo_polo;4457.0;2856.0
5;5;100.7;22.4;8.8;18.7;9;viable;open_meteo_polo;4457.0;2856.0
5;6;35.3;10.5;7.8;18.8;11;viable;open_meteo_polo;4457.0;2856.0
5;7;30.6;8.8;7.3;19.6;12;viable;open_meteo_polo;4457.0;2856.0
5;8;47.9;12.5;7.5;19.9;10;viable;open_meteo_polo;4457.0;2856.0
5;9;117.7;23.2;8.3;19.6;8;viable;open_meteo_polo;4457.0;2856.0
5;10;160.0;26.6;9.0;19.1;5;advertencia;open_meteo_polo;4457.0;2856.0
5;11;150.7;26.7;9.4;19.1;6;advertencia;open_meteo_polo;4457.0;2856.0
5;12;199.0;28.3;10.0;18.7;4;advertencia;open_meteo_polo;4457.0;2856.0
6;1;105.5;19.7;24.0;32.2;4;viable;open_meteo_polo;801.0;8.0
6;2;223.8;22.5;24.6;31.6;2;desaconsejado;open_meteo_polo;801.0;8.0
6;3;232.1;25.2;24.6;31.4;1;desaconsejado;open_meteo_polo;801.0;8.0
6;4;116.2;17.1;24.4;32.0;3;advertencia;open_meteo_polo;801.0;8.0
6;5;40.3;9.9;23.7;32.2;6;viable;open_meteo_polo;801.0;8.0
6;6;12.1;3.6;22.8;32.3;7;viable;open_meteo_polo;801.0;8.0
6;7;2.3;0.7;22.4;32.7;12;viable;open_meteo_polo;801.0;8.0
6;8;3.0;0.8;22.2;32.9;10;viable;open_meteo_polo;801.0;8.0
6;9;2.9;0.8;22.5;33.0;11;viable;open_meteo_polo;801.0;8.0
6;10;7.7;2.2;22.7;33.1;9;viable;open_meteo_polo;801.0;8.0
6;11;8.3;1.9;22.2;32.8;8;viable;open_meteo_polo;801.0;8.0
6;12;43.7;9.4;23.1;32.6;5;viable;open_meteo_polo;801.0;8.0
7;1;93.3;20.6;11.1;20.2;4;viable;open_meteo_polo;2131.0;2338.0
7;2;129.5;21.9;11.7;20.3;2;advertencia;open_meteo_polo;2131.0;2338.0
7;3;131.6;21.2;11.2;20.3;1;advertencia;open_meteo_polo;2131.0;2338.0
7;4;71.9;14.2;10.7;20.2;7;viable;open_meteo_polo;2131.0;2338.0
7;5;40.6;10.8;10.5;20.5;8;viable;open_meteo_polo;2131.0;2338.0
7;6;26.8;7.3;9.6;20.1;10;viable;open_meteo_polo;2131.0;2338.0
7;7;13.1;4.5;9.1;20.1;12;viable;open_meteo_polo;2131.0;2338.0
7;8;20.3;5.9;9.3;21.0;11;viable;open_meteo_polo;2131.0;2338.0
7;9;34.4;8.4;9.9;21.3;9;viable;open_meteo_polo;2131.0;2338.0
7;10;86.0;15.4;10.6;21.1;5;viable;open_meteo_polo;2131.0;2338.0
7;11;74.4;15.3;10.9;21.6;6;viable;open_meteo_polo;2131.0;2338.0
7;12;104.0;19.2;11.0;20.8;3;advertencia;open_meteo_polo;2131.0;2338.0
8;1;164.2;25.2;9.7;18.8;3;desaconsejado;open_meteo_polo;3232.0;2964.0
8;2;179.9;23.5;10.3;19.1;2;desaconsejado;open_meteo_polo;3232.0;2964.0
8;3;204.3;28.4;10.3;18.8;1;desaconsejado;open_meteo_polo;3232.0;2964.0
8;4;121.2;22.4;9.5;19.0;7;viable;open_meteo_polo;3232.0;2964.0
8;5;58.2;12.7;8.6;19.1;9;viable;open_meteo_polo;3232.0;2964.0
8;6;22.6;6.3;7.1;19.2;11;viable;open_meteo_polo;3232.0;2964.0
8;7;15.2;4.0;6.4;20.2;12;viable;open_meteo_polo;3232.0;2964.0
8;8;28.6;7.2;7.3;20.8;10;viable;open_meteo_polo;3232.0;2964.0
8;9;64.3;16.9;8.4;20.9;8;viable;open_meteo_polo;3232.0;2964.0
8;10;136.0;23.2;9.1;20.1;5;viable;open_meteo_polo;3232.0;2964.0
8;11;128.1;22.1;9.3;20.1;6;viable;open_meteo_polo;3232.0;2964.0
8;12;150.4;24.1;9.4;19.6;4;advertencia;open_meteo_polo;3232.0;2964.0
9;1;197.3;28.8;9.7;16.6;1;desaconsejado;open_meteo_polo;4112.0;2931.0
9;2;189.3;27.0;10.1;16.8;2;desaconsejado;open_meteo_polo;4112.0;2931.0
9;3;161.2;29.3;10.0;16.6;4;advertencia;open_meteo_polo;4112.0;2931.0
9;4;100.7;23.9;8.9;16.9;7;viable;open_meteo_polo;4112.0;2931.0
9;5;70.7;18.8;8.2;16.8;9;viable;open_meteo_polo;4112.0;2931.0
9;6;38.0;10.9;6.9;16.5;11;viable;open_meteo_polo;4112.0;2931.0
9;7;24.7;6.8;6.1;16.7;12;viable;open_meteo_polo;4112.0;2931.0
9;8;50.8;14.3;6.9;17.0;10;viable;open_meteo_polo;4112.0;2931.0
9;9;70.7;19.1;7.8;16.9;8;viable;open_meteo_polo;4112.0;2931.0
9;10;126.7;26.0;8.6;17.0;6;viable;open_meteo_polo;4112.0;2931.0
9;11;141.8;26.6;9.4;17.4;5;viable;open_meteo_polo;4112.0;2931.0
9;12;178.3;29.7;9.5;17.2;3;desaconsejado;open_meteo_polo;4112.0;2931.0
10;1;145.7;21.3;11.8;20.3;1;advertencia;open_meteo_polo;2534.0;2750.0
10;2;134.3;20.0;12.0;19.8;3;advertencia;open_meteo_polo;2534.0;2750.0
10;3;139.3;23.1;11.8;19.6;2;advertencia;open_meteo_polo;2534.0;2750.0
10;4;44.6;10.7;11.3;20.4;7;viable;open_meteo_polo;2534.0;2750.0
10;5;14.2;4.1;10.5;21.2;9;viable;open_meteo_polo;2534.0;2750.0
10;6;4.6;1.0;9.5;21.1;11;viable;open_meteo_polo;2534.0;2750.0
10;7;3.1;0.6;9.0;21.7;12;viable;open_meteo_polo;2534.0;2750.0
10;8;6.7;1.9;9.8;22.5;10;viable;open_meteo_polo;2534.0;2750.0
10;9;21.2;5.6;11.3;23.0;8;viable;open_meteo_polo;2534.0;2750.0
10;10;56.5;12.1;11.6;22.9;6;viable;open_meteo_polo;2534.0;2750.0
10;11;63.3;11.2;12.0;23.2;5;viable;open_meteo_polo;2534.0;2750.0
10;12;85.4;16.3;12.2;21.7;4;viable;open_meteo_polo;2534.0;2750.0
11;1;202.2;25.8;5.0;15.0;2;desaconsejado;open_meteo_polo;3840.0;3830.0
11;2;212.6;26.1;5.3;14.7;1;desaconsejado;open_meteo_polo;3840.0;3830.0
11;3;166.2;25.0;4.8;14.7;3;desaconsejado;open_meteo_polo;3840.0;3830.0
11;4;78.5;14.4;2.5;15.0;6;viable;open_meteo_polo;3840.0;3830.0
11;5;25.8;6.3;0.4;15.4;9;viable;open_meteo_polo;3840.0;3830.0
11;6;6.0;1.8;-1.2;15.3;12;viable;open_meteo_polo;3840.0;3830.0
11;7;9.2;2.7;-1.1;15.7;10;viable;open_meteo_polo;3840.0;3830.0
11;8;8.5;2.5;-0.1;16.8;11;viable;open_meteo_polo;3840.0;3830.0
11;9;41.4;10.2;2.1;17.2;8;viable;open_meteo_polo;3840.0;3830.0
11;10;69.3;14.1;3.1;17.2;7;viable;open_meteo_polo;3840.0;3830.0
11;11;84.6;14.8;4.2;18.0;5;viable;open_meteo_polo;3840.0;3830.0
11;12;147.8;22.2;4.8;16.2;4;viable;open_meteo_polo;3840.0;3830.0
12;1;197.1;27.2;1.1;8.9;3;desaconsejado;open_meteo_polo;5083.0;4321.0
12;2;211.9;26.9;1.3;8.9;1;desaconsejado;open_meteo_polo;5083.0;4321.0
12;3;159.5;26.9;0.9;8.9;4;advertencia;open_meteo_polo;5083.0;4321.0
12;4;83.7;21.7;0.0;9.7;7;viable;open_meteo_polo;5083.0;4321.0
12;5;42.7;11.3;-1.5;9.5;9;viable;open_meteo_polo;5083.0;4321.0
12;6;18.5;4.1;-2.4;9.0;11;viable;open_meteo_polo;5083.0;4321.0
12;7;18.1;4.5;-2.9;9.5;12;viable;open_meteo_polo;5083.0;4321.0
12;8;29.0;9.2;-2.3;9.6;10;viable;open_meteo_polo;5083.0;4321.0
12;9;56.9;17.5;-1.0;9.5;8;viable;open_meteo_polo;5083.0;4321.0
12;10;104.7;24.5;-0.1;9.8;6;viable;open_meteo_polo;5083.0;4321.0
12;11;142.8;25.8;0.7;10.2;5;viable;open_meteo_polo;5083.0;4321.0
12;12;197.4;28.8;1.0;9.3;2;desaconsejado;open_meteo_polo;5083.0;4321.0
13;1;282.5;28.0;1.6;10.2;2;desaconsejado;open_meteo_polo;4297.0;
13;2;289.1;26.8;2.0;10.3;1;desaconsejado;open_meteo_polo;4297.0;
13;3;275.7;29.7;2.1;9.9;3;desaconsejado;open_meteo_polo;4297.0;
13;4;106.8;21.9;1.1;9.9;7;viable;open_meteo_polo;4297.0;
13;5;41.8;13.8;-0.0;9.6;9;viable;open_meteo_polo;4297.0;
13;6;13.8;5.0;-0.8;9.4;12;viable;open_meteo_polo;4297.0;
13;7;15.2;4.9;-1.1;9.7;11;viable;open_meteo_polo;4297.0;
13;8;28.5;9.3;-0.8;10.4;10;viable;open_meteo_polo;4297.0;
13;9;78.1;18.1;0.1;11.0;8;viable;open_meteo_polo;4297.0;
13;10;126.5;22.1;0.4;11.3;6;viable;open_meteo_polo;4297.0;
13;11;140.3;21.3;0.5;12.0;5;viable;open_meteo_polo;4297.0;
13;12;219.6;25.5;1.3;11.2;4;advertencia;open_meteo_polo;4297.0;
14;1;222.7;28.1;8.7;16.3;3;desaconsejado;open_meteo_polo;4903.0;3061.0
14;2;228.4;26.0;9.3;16.8;2;desaconsejado;open_meteo_polo;4903.0;3061.0
14;3;256.0;28.5;9.1;16.3;1;desaconsejado;open_meteo_polo;4903.0;3061.0
14;4;156.5;25.1;8.7;17.2;7;advertencia;open_meteo_polo;4903.0;3061.0
14;5;84.2;20.3;9.1;17.3;9;viable;open_meteo_polo;4903.0;3061.0
14;6;46.6;13.8;8.5;17.1;11;viable;open_meteo_polo;4903.0;3061.0
14;7;29.7;8.9;7.6;17.4;12;viable;open_meteo_polo;4903.0;3061.0
14;8;54.1;14.3;7.9;18.0;10;viable;open_meteo_polo;4903.0;3061.0
14;9;111.7;20.2;8.2;17.5;8;viable;open_meteo_polo;4903.0;3061.0
14;10;183.9;25.8;8.3;17.1;6;advertencia;open_meteo_polo;4903.0;3061.0
14;11;185.6;25.0;8.6;17.1;5;advertencia;open_meteo_polo;4903.0;3061.0
14;12;218.1;26.8;8.8;16.9;4;advertencia;open_meteo_polo;4903.0;3061.0
15;1;145.5;25.9;16.1;23.1;3;advertencia;open_meteo_polo;2974.0;1899.0
15;2;172.9;24.1;16.4;23.2;2;desaconsejado;open_meteo_polo;2974.0;1899.0
15;3;187.6;26.5;16.3;23.0;1;desaconsejado;open_meteo_polo;2974.0;1899.0
15;4;110.9;24.4;15.7;23.4;6;viable;open_meteo_polo;2974.0;1899.0
15;5;61.0;16.0;14.6;23.5;8;viable;open_meteo_polo;2974.0;1899.0
15;6;25.0;7.4;13.7;23.3;11;viable;open_meteo_polo;2974.0;1899.0
15;7;20.4;6.6;13.3;23.7;12;viable;open_meteo_polo;2974.0;1899.0
15;8;30.5;11.0;13.6;24.1;10;viable;open_meteo_polo;2974.0;1899.0
15;9;53.1;17.0;14.6;24.3;9;viable;open_meteo_polo;2974.0;1899.0
15;10;108.4;23.1;15.6;24.0;7;viable;open_meteo_polo;2974.0;1899.0
15;11;122.8;23.9;15.9;24.0;5;viable;open_meteo_polo;2974.0;1899.0
15;12;141.3;25.1;16.0;23.5;4;viable;open_meteo_polo;2974.0;1899.0
16;1;356.7;30.3;18.2;25.7;2;desaconsejado;open_meteo_polo;2404.0;1318.0
16;2;354.2;28.2;18.3;25.6;3;desaconsejado;open_meteo_polo;2404.0;1318.0
16;3;307.4;30.1;18.0;25.7;4;advertencia;open_meteo_polo;2404.0;1318.0
16;4;209.8;27.3;17.4;25.3;6;advertencia;open_meteo_polo;2404.0;1318.0
16;5;158.5;24.3;16.5;24.2;8;advertencia;open_meteo_polo;2404.0;1318.0
16;6;140.1;19.5;15.4;23.3;9;viable;open_meteo_polo;2404.0;1318.0
16;7;97.4;18.4;14.8;23.1;12;viable;open_meteo_polo;2404.0;1318.0
16;8;117.0;19.9;14.9;23.9;10;viable;open_meteo_polo;2404.0;1318.0
16;9;110.7;21.4;15.9;25.3;11;viable;open_meteo_polo;2404.0;1318.0
16;10;196.0;28.0;17.0;25.8;7;advertencia;open_meteo_polo;2404.0;1318.0
16;11;279.6;29.1;17.9;25.7;5;advertencia;open_meteo_polo;2404.0;1318.0
16;12;366.7;30.1;18.3;25.8;1;desaconsejado;open_meteo_polo;2404.0;1318.0
17;1;171.2;25.6;7.0;15.6;2;desaconsejado;open_meteo_polo;3683.0;3476.0
17;2;179.3;24.7;7.2;15.3;1;desaconsejado;open_meteo_polo;3683.0;3476.0
17;3;164.3;27.2;7.2;15.0;3;desaconsejado;open_meteo_polo;3683.0;3476.0
17;4;64.3;13.7;6.3;15.2;7;viable;open_meteo_polo;3683.0;3476.0
17;5;32.0;8.4;5.1;15.4;9;viable;open_meteo_polo;3683.0;3476.0
17;6;11.2;3.1;4.0;15.2;11;viable;open_meteo_polo;3683.0;3476.0
17;7;9.6;2.6;3.7;15.8;12;viable;open_meteo_polo;3683.0;3476.0
17;8;21.2;6.1;4.5;16.4;10;viable;open_meteo_polo;3683.0;3476.0
17;9;49.5;11.1;5.8;17.2;8;viable;open_meteo_polo;3683.0;3476.0
17;10;77.0;16.8;6.1;17.7;6;viable;open_meteo_polo;3683.0;3476.0
17;11;85.1;17.6;6.5;18.2;5;viable;open_meteo_polo;3683.0;3476.0
17;12;139.3;21.5;6.9;16.9;4;viable;open_meteo_polo;3683.0;3476.0
18;1;186.1;27.7;14.3;22.3;1;desaconsejado;open_meteo_polo;3754.0;2380.0
18;2;168.2;26.1;14.5;22.1;2;desaconsejado;open_meteo_polo;3754.0;2380.0
18;3;148.8;28.1;14.3;22.0;3;advertencia;open_meteo_polo;3754.0;2380.0
18;4;73.3;20.8;13.8;22.4;7;viable;open_meteo_polo;3754.0;2380.0
18;5;32.6;12.0;12.8;22.8;9;viable;open_meteo_polo;3754.0;2380.0
18;6;16.5;5.0;11.9;22.7;11;viable;open_meteo_polo;3754.0;2380.0
18;7;15.1;4.3;11.3;23.0;12;viable;open_meteo_polo;3754.0;2380.0
18;8;29.8;11.1;11.7;23.1;10;viable;open_meteo_polo;3754.0;2380.0
18;9;47.4;16.8;12.7;23.6;8;viable;open_meteo_polo;3754.0;2380.0
18;10;89.0;22.9;13.5;23.9;6;viable;open_meteo_polo;3754.0;2380.0
18;11;105.4;22.3;14.0;24.0;5;viable;open_meteo_polo;3754.0;2380.0
18;12;138.2;25.5;14.2;23.2;4;viable;open_meteo_polo;3754.0;2380.0
19;1;332.7;25.7;7.4;16.8;3;desaconsejado;open_meteo_polo;3359.0;3176.0
19;2;316.8;24.5;7.8;16.9;4;advertencia;open_meteo_polo;3359.0;3176.0
19;3;392.6;28.6;7.7;16.6;1;desaconsejado;open_meteo_polo;3359.0;3176.0
19;4;265.7;25.1;7.2;16.8;7;advertencia;open_meteo_polo;3359.0;3176.0
19;5;149.2;17.1;6.5;17.2;8;viable;open_meteo_polo;3359.0;3176.0
19;6;64.2;10.1;5.5;17.2;10;viable;open_meteo_polo;3359.0;3176.0
19;7;32.2;5.8;4.7;17.9;12;viable;open_meteo_polo;3359.0;3176.0
19;8;52.5;8.7;5.2;18.6;11;viable;open_meteo_polo;3359.0;3176.0
19;9;130.4;16.0;6.0;18.6;9;viable;open_meteo_polo;3359.0;3176.0
19;10;306.1;24.4;6.7;17.5;5;advertencia;open_meteo_polo;3359.0;3176.0
19;11;271.8;21.0;6.9;17.9;6;advertencia;open_meteo_polo;3359.0;3176.0
19;12;354.8;25.6;7.1;17.1;2;desaconsejado;open_meteo_polo;3359.0;3176.0
20;1;194.1;23.6;1.9;9.8;1;desaconsejado;open_meteo_polo;4253.0;
20;2;193.0;24.2;2.0;9.6;2;desaconsejado;open_meteo_polo;4253.0;
20;3;162.5;23.9;1.1;9.6;3;desaconsejado;open_meteo_polo;4253.0;
20;4;34.6;8.5;-0.5;10.4;5;viable;open_meteo_polo;4253.0;
20;5;6.5;1.9;-1.4;10.0;8;viable;open_meteo_polo;4253.0;
20;6;3.7;1.1;-2.2;9.0;10;viable;open_meteo_polo;4253.0;
20;7;3.2;0.8;-2.0;9.7;11;viable;open_meteo_polo;4253.0;
20;8;1.2;0.4;-2.0;10.1;12;viable;open_meteo_polo;4253.0;
20;9;6.0;1.7;-0.4;11.4;9;viable;open_meteo_polo;4253.0;
20;10;21.3;4.1;0.2;11.6;7;viable;open_meteo_polo;4253.0;
20;11;28.3;5.4;0.9;11.7;6;viable;open_meteo_polo;4253.0;
20;12;70.2;13.0;1.6;11.0;4;viable;open_meteo_polo;4253.0;
21;1;111.4;19.0;21.7;30.3;10;viable;open_meteo_polo;422.0;332.0
21;2;168.3;18.8;21.8;29.9;2;desaconsejado;open_meteo_polo;422.0;332.0
21;3;207.4;22.6;21.7;29.4;1;desaconsejado;open_meteo_polo;422.0;332.0
21;4;161.8;19.8;21.5;29.3;3;desaconsejado;open_meteo_polo;422.0;332.0
21;5;159.4;19.3;21.2;28.9;4;advertencia;open_meteo_polo;422.0;332.0
21;6;117.4;14.6;20.5;28.4;9;viable;open_meteo_polo;422.0;332.0
21;7;83.3;11.2;20.1;29.0;11;viable;open_meteo_polo;422.0;332.0
21;8;75.1;9.1;20.3;30.5;12;viable;open_meteo_polo;422.0;332.0
21;9;133.7;14.1;21.1;31.1;6;viable;open_meteo_polo;422.0;332.0
21;10;147.7;18.5;21.6;30.6;5;viable;open_meteo_polo;422.0;332.0
21;11;131.2;17.9;21.8;30.1;7;viable;open_meteo_polo;422.0;332.0
21;12;119.8;17.9;21.7;30.4;8;viable;open_meteo_polo;422.0;332.0
22;1;210.8;28.7;6.3;15.1;3;desaconsejado;open_meteo_polo;4026.0;3484.0
22;2;220.5;26.8;6.8;15.3;2;desaconsejado;open_meteo_polo;4026.0;3484.0
22;3;233.6;29.5;6.9;15.2;1;desaconsejado;open_meteo_polo;4026.0;3484.0
22;4;120.2;24.8;5.9;15.3;7;viable;open_meteo_polo;4026.0;3484.0
22;5;69.3;18.6;4.9;15.0;9;viable;open_meteo_polo;4026.0;3484.0
22;6;27.3;9.0;3.4;14.8;11;viable;open_meteo_polo;4026.0;3484.0
22;7;20.0;6.4;2.5;15.2;12;viable;open_meteo_polo;4026.0;3484.0
22;8;36.6;10.1;3.3;15.9;10;viable;open_meteo_polo;4026.0;3484.0
22;9;87.0;19.9;4.6;15.6;8;viable;open_meteo_polo;4026.0;3484.0
22;10;160.3;27.1;5.5;15.6;6;advertencia;open_meteo_polo;4026.0;3484.0
22;11;188.8;25.9;5.6;16.0;5;advertencia;open_meteo_polo;4026.0;3484.0
22;12;202.9;28.0;6.1;15.6;4;advertencia;open_meteo_polo;4026.0;3484.0
23;1;172.8;25.3;4.5;16.3;2;desaconsejado;open_meteo_polo;4018.0;3819.0
23;2;180.4;23.5;4.6;15.9;1;desaconsejado;open_meteo_polo;4018.0;3819.0
23;3;150.3;25.9;4.4;15.6;3;desaconsejado;open_meteo_polo;4018.0;3819.0
23;4;68.1;14.0;2.3;15.5;5;viable;open_meteo_polo;4018.0;3819.0
23;5;25.1;7.0;0.6;14.8;9;viable;open_meteo_polo;4018.0;3819.0
23;6;8.4;2.4;-0.3;14.6;11;viable;open_meteo_polo;4018.0;3819.0
23;7;7.3;2.1;-0.0;15.3;12;viable;open_meteo_polo;4018.0;3819.0
23;8;9.5;3.3;0.2;16.4;10;viable;open_meteo_polo;4018.0;3819.0
23;9;28.2;7.8;1.9;17.4;8;viable;open_meteo_polo;4018.0;3819.0
23;10;50.4;12.3;2.5;17.8;7;viable;open_meteo_polo;4018.0;3819.0
23;11;57.9;10.1;3.4;18.7;6;viable;open_meteo_polo;4018.0;3819.0
23;12;120.4;17.7;4.0;17.6;4;viable;open_meteo_polo;4018.0;3819.0
24;1;433.7;30.4;10.2;15.6;2;desaconsejado;open_meteo_polo;2641.0;
24;2;408.8;28.1;10.3;15.6;3;desaconsejado;open_meteo_polo;2641.0;
24;3;317.6;30.5;10.0;15.9;4;advertencia;open_meteo_polo;2641.0;
24;4;182.5;27.4;9.7;16.1;7;advertencia;open_meteo_polo;2641.0;
24;5;124.4;22.0;8.9;15.7;8;viable;open_meteo_polo;2641.0;
24;6;72.8;14.7;7.8;15.1;10;viable;open_meteo_polo;2641.0;
24;7;38.3;11.0;7.3;15.1;12;viable;open_meteo_polo;2641.0;
24;8;61.5;14.5;7.5;15.5;11;viable;open_meteo_polo;2641.0;
24;9;92.8;20.3;8.2;16.3;9;viable;open_meteo_polo;2641.0;
24;10;214.9;28.0;9.2;16.3;6;advertencia;open_meteo_polo;2641.0;
24;11;298.5;28.3;9.9;16.0;5;advertencia;open_meteo_polo;2641.0;
24;12;443.9;30.3;10.1;15.9;1;desaconsejado;open_meteo_polo;2641.0;
25;1;22.1;5.0;20.9;31.5;5;viable;open_meteo_polo;62.0;56.0
25;2;68.0;9.3;22.3;32.7;2;advertencia;open_meteo_polo;62.0;56.0
25;3;141.7;10.5;22.2;32.4;1;advertencia;open_meteo_polo;62.0;56.0
25;4;38.3;6.4;20.9;30.8;3;viable;open_meteo_polo;62.0;56.0
25;5;8.8;2.2;19.1;28.9;6;viable;open_meteo_polo;62.0;56.0
25;6;4.1;1.3;17.5;27.2;8;viable;open_meteo_polo;62.0;56.0
25;7;0.5;0.1;16.5;26.5;11;viable;open_meteo_polo;62.0;56.0
25;8;0.4;0.2;16.1;26.3;12;viable;open_meteo_polo;62.0;56.0
25;9;1.0;0.3;16.3;26.7;10;viable;open_meteo_polo;62.0;56.0
25;10;3.9;1.1;16.9;27.3;9;viable;open_meteo_polo;62.0;56.0
25;11;7.9;2.3;17.3;28.0;7;viable;open_meteo_polo;62.0;56.0
25;12;22.7;5.1;19.1;29.6;4;viable;open_meteo_polo;62.0;56.0
26;1;166.2;22.4;7.0;16.9;1;desaconsejado;open_meteo_polo;3715.0;3524.0
26;2;158.9;22.1;7.1;16.3;2;desaconsejado;open_meteo_polo;3715.0;3524.0
26;3;128.2;23.4;6.6;16.3;3;advertencia;open_meteo_polo;3715.0;3524.0
26;4;46.5;9.9;4.5;17.1;5;viable;open_meteo_polo;3715.0;3524.0
26;5;8.7;2.5;3.9;17.4;9;viable;open_meteo_polo;3715.0;3524.0
26;6;5.5;1.6;3.4;16.7;10;viable;open_meteo_polo;3715.0;3524.0
26;7;4.8;1.3;3.6;17.2;11;viable;open_meteo_polo;3715.0;3524.0
26;8;3.1;0.8;3.8;18.0;12;viable;open_meteo_polo;3715.0;3524.0
26;9;13.8;4.0;4.5;19.0;8;viable;open_meteo_polo;3715.0;3524.0
26;10;33.1;5.8;5.1;19.3;7;viable;open_meteo_polo;3715.0;3524.0
26;11;36.8;6.4;5.8;19.5;6;viable;open_meteo_polo;3715.0;3524.0
26;12;75.3;12.8;6.4;18.6;4;viable;open_meteo_polo;3715.0;3524.0
27;1;25.6;6.8;18.9;30.0;2;viable;open_meteo_polo;527.0;593.0
27;2;33.2;7.0;20.2;30.6;1;viable;open_meteo_polo;527.0;593.0
27;3;14.2;3.7;20.1;31.1;3;viable;open_meteo_polo;527.0;593.0
27;4;2.7;1.0;18.0;29.6;5;viable;open_meteo_polo;527.0;593.0
27;5;0.6;0.2;15.0;27.1;7;viable;open_meteo_polo;527.0;593.0
27;6;0.6;0.1;12.8;24.5;8;viable;open_meteo_polo;527.0;593.0
27;7;0.0;0.0;12.0;24.4;11;viable;open_meteo_polo;527.0;593.0
27;8;0.0;0.0;11.9;25.0;12;viable;open_meteo_polo;527.0;593.0
27;9;0.1;0.0;12.6;26.3;10;viable;open_meteo_polo;527.0;593.0
27;10;0.6;0.0;13.9;27.7;6;viable;open_meteo_polo;527.0;593.0
27;11;0.5;0.2;14.7;28.2;9;viable;open_meteo_polo;527.0;593.0
27;12;7.5;1.8;16.9;29.2;4;viable;open_meteo_polo;527.0;593.0
28;1;194.7;27.9;0.9;9.2;2;desaconsejado;open_meteo_polo;4905.0;4421.0
28;2;194.0;26.9;1.6;9.4;3;desaconsejado;open_meteo_polo;4905.0;4421.0
28;3;216.4;29.6;1.5;9.2;1;desaconsejado;open_meteo_polo;4905.0;4421.0
28;4;109.3;23.3;0.6;9.9;7;viable;open_meteo_polo;4905.0;4421.0
28;5;61.7;16.8;0.1;9.7;9;viable;open_meteo_polo;4905.0;4421.0
28;6;24.2;7.0;-0.8;9.6;11;viable;open_meteo_polo;4905.0;4421.0
28;7;21.4;6.4;-1.2;9.9;12;viable;open_meteo_polo;4905.0;4421.0
28;8;37.6;11.1;-1.0;10.7;10;viable;open_meteo_polo;4905.0;4421.0
28;9;90.9;18.9;-0.3;10.2;8;viable;open_meteo_polo;4905.0;4421.0
28;10;139.8;24.9;-0.1;10.0;6;viable;open_meteo_polo;4905.0;4421.0
28;11;159.4;25.3;0.3;10.1;5;advertencia;open_meteo_polo;4905.0;4421.0
28;12;172.1;27.3;0.9;9.8;4;advertencia;open_meteo_polo;4905.0;4421.0
29;1;261.9;27.5;3.0;13.2;2;desaconsejado;open_meteo_polo;4651.0;4089.0
29;2;264.4;26.6;3.3;13.1;1;desaconsejado;open_meteo_polo;4651.0;4089.0
29;3;233.6;29.5;3.3;12.9;3;desaconsejado;open_meteo_polo;4651.0;4089.0
29;4;84.6;17.9;1.6;13.0;7;viable;open_meteo_polo;4651.0;4089.0
29;5;31.0;9.2;-0.2;12.6;9;viable;open_meteo_polo;4651.0;4089.0
29;6;8.6;2.8;-1.2;12.6;11;viable;open_meteo_polo;4651.0;4089.0
29;7;7.5;2.4;-0.7;13.2;12;viable;open_meteo_polo;4651.0;4089.0
29;8;14.6;5.0;-0.7;14.1;10;viable;open_meteo_polo;4651.0;4089.0
29;9;44.5;12.1;1.0;15.0;8;viable;open_meteo_polo;4651.0;4089.0
29;10;94.2;18.0;1.5;15.1;6;viable;open_meteo_polo;4651.0;4089.0
29;11;107.0;17.0;2.1;15.7;5;viable;open_meteo_polo;4651.0;4089.0
29;12;197.8;24.9;2.7;14.4;4;advertencia;open_meteo_polo;4651.0;4089.0
30;1;186.4;28.0;0.3;9.6;1;desaconsejado;open_meteo_polo;4488.0;4340.0
30;2;180.5;25.7;0.8;9.8;4;advertencia;open_meteo_polo;4488.0;4340.0
30;3;184.6;28.6;0.8;9.6;3;desaconsejado;open_meteo_polo;4488.0;4340.0
30;4;96.6;21.3;-0.3;9.7;7;viable;open_meteo_polo;4488.0;4340.0
30;5;60.2;17.3;-0.7;9.7;9;viable;open_meteo_polo;4488.0;4340.0
30;6;25.4;8.4;-2.1;9.4;11;viable;open_meteo_polo;4488.0;4340.0
30;7;19.2;6.9;-2.9;9.9;12;viable;open_meteo_polo;4488.0;4340.0
30;8;34.8;9.9;-2.2;10.4;10;viable;open_meteo_polo;4488.0;4340.0
30;9;77.1;17.6;-1.2;9.9;8;viable;open_meteo_polo;4488.0;4340.0
30;10;132.6;26.1;-0.6;10.0;6;viable;open_meteo_polo;4488.0;4340.0
30;11;155.8;24.4;-0.3;10.4;5;advertencia;open_meteo_polo;4488.0;4340.0
30;12;185.7;27.2;0.1;10.1;2;desaconsejado;open_meteo_polo;4488.0;4340.0
31;1;12.4;3.3;20.0;24.4;3;viable;open_meteo_polo;146.0;94.0
31;2;13.5;3.9;21.1;25.5;2;viable;open_meteo_polo;146.0;94.0
31;3;17.4;5.7;20.7;25.2;1;viable;open_meteo_polo;146.0;94.0
31;4;2.8;1.3;19.1;23.5;5;viable;open_meteo_polo;146.0;94.0
31;5;0.6;0.1;17.0;21.2;10;viable;open_meteo_polo;146.0;94.0
31;6;0.8;0.1;15.3;19.6;9;viable;open_meteo_polo;146.0;94.0
31;7;0.5;0.0;14.4;19.0;12;viable;open_meteo_polo;146.0;94.0
31;8;0.6;0.0;14.1;18.6;11;viable;open_meteo_polo;146.0;94.0
31;9;1.5;0.1;14.3;18.9;7;viable;open_meteo_polo;146.0;94.0
31;10;2.2;0.5;15.0;19.5;6;viable;open_meteo_polo;146.0;94.0
31;11;1.4;0.3;16.2;20.8;8;viable;open_meteo_polo;146.0;94.0
31;12;8.4;1.9;18.1;22.4;4;viable;open_meteo_polo;146.0;94.0
32;1;5.9;1.6;19.8;27.0;3;viable;open_meteo_polo;25.0;23.0
32;2;8.1;1.8;21.2;28.7;2;viable;open_meteo_polo;25.0;23.0
32;3;17.1;3.7;21.3;28.5;1;viable;open_meteo_polo;25.0;23.0
32;4;4.2;1.0;19.5;26.3;5;viable;open_meteo_polo;25.0;23.0
32;5;1.8;0.5;17.6;23.7;7;viable;open_meteo_polo;25.0;23.0
32;6;0.8;0.0;16.1;22.3;12;viable;open_meteo_polo;25.0;23.0
32;7;0.8;0.1;15.5;21.6;11;viable;open_meteo_polo;25.0;23.0
32;8;1.0;0.0;15.1;21.2;10;viable;open_meteo_polo;25.0;23.0
32;9;1.6;0.2;15.1;21.2;8;viable;open_meteo_polo;25.0;23.0
32;10;2.0;0.5;15.5;21.8;6;viable;open_meteo_polo;25.0;23.0
32;11;1.1;0.2;16.0;22.9;9;viable;open_meteo_polo;25.0;23.0
32;12;4.8;1.5;17.8;24.8;4;viable;open_meteo_polo;25.0;23.0
33;1;216.0;27.5;8.0;17.5;1;desaconsejado;open_meteo_polo;3254.0;3256.0
33;2;207.2;26.0;8.3;17.5;3;desaconsejado;open_meteo_polo;3254.0;3256.0
33;3;216.0;29.2;8.2;17.1;2;desaconsejado;open_meteo_polo;3254.0;3256.0
33;4;84.6;17.5;7.1;17.3;7;viable;open_meteo_polo;3254.0;3256.0
33;5;40.3;10.5;6.4;17.2;9;viable;open_meteo_polo;3254.0;3256.0
33;6;11.8;3.3;4.9;17.5;11;viable;open_meteo_polo;3254.0;3256.0
33;7;7.8;2.0;4.5;18.5;12;viable;open_meteo_polo;3254.0;3256.0
33;8;18.4;4.7;5.6;19.7;10;viable;open_meteo_polo;3254.0;3256.0
33;9;66.8;13.8;6.8;19.5;8;viable;open_meteo_polo;3254.0;3256.0
33;10;112.3;19.4;7.2;19.0;6;viable;open_meteo_polo;3254.0;3256.0
33;11;128.5;20.9;7.4;19.0;5;viable;open_meteo_polo;3254.0;3256.0
33;12;160.0;24.2;7.7;18.3;4;advertencia;open_meteo_polo;3254.0;3256.0
34;1;32.9;5.9;17.9;25.3;2;viable;open_meteo_polo;1964.0;1427.0
34;2;52.6;9.2;18.0;24.9;1;advertencia;open_meteo_polo;1964.0;1427.0
34;3;14.8;4.8;18.4;25.6;3;viable;open_meteo_polo;1964.0;1427.0
34;4;1.9;0.8;18.4;25.7;5;viable;open_meteo_polo;1964.0;1427.0
34;5;0.1;0.0;19.0;26.2;10;viable;open_meteo_polo;1964.0;1427.0
34;6;0.2;0.1;18.2;25.6;8;viable;open_meteo_polo;1964.0;1427.0
34;7;0.7;0.1;18.2;25.9;7;viable;open_meteo_polo;1964.0;1427.0
34;8;0.0;0.0;18.5;26.1;12;viable;open_meteo_polo;1964.0;1427.0
34;9;0.0;0.0;19.0;26.5;11;viable;open_meteo_polo;1964.0;1427.0
34;10;0.2;0.1;18.6;26.6;9;viable;open_meteo_polo;1964.0;1427.0
34;11;1.2;0.5;18.2;26.1;6;viable;open_meteo_polo;1964.0;1427.0
34;12;5.4;1.6;18.0;25.8;4;viable;open_meteo_polo;1964.0;1427.0
36;1;187.3;27.0;7.4;16.4;2;desaconsejado;open_meteo_polo;4154.0;3400.0
36;2;191.2;26.6;7.9;16.1;1;desaconsejado;open_meteo_polo;4154.0;3400.0
36;3;153.2;26.1;7.3;16.1;4;advertencia;open_meteo_polo;4154.0;3400.0
36;4;65.1;17.0;6.4;16.4;7;viable;open_meteo_polo;4154.0;3400.0
36;5;30.1;9.0;5.1;16.6;9;viable;open_meteo_polo;4154.0;3400.0
36;6;9.1;2.2;3.8;16.6;12;viable;open_meteo_polo;4154.0;3400.0
36;7;10.2;2.7;3.0;17.4;11;viable;open_meteo_polo;4154.0;3400.0
36;8;19.3;6.1;4.3;17.8;10;viable;open_meteo_polo;4154.0;3400.0
36;9;38.7;11.9;5.5;18.0;8;viable;open_meteo_polo;4154.0;3400.0
36;10;84.2;19.6;6.7;18.0;6;viable;open_meteo_polo;4154.0;3400.0
36;11;133.8;23.6;7.5;17.9;5;viable;open_meteo_polo;4154.0;3400.0
36;12;165.4;26.5;7.7;17.0;3;desaconsejado;open_meteo_polo;4154.0;3400.0
37;1;9.2;3.2;19.7;26.5;3;viable;open_meteo_polo;61.0;11.0
37;2;16.2;4.0;21.2;27.7;2;viable;open_meteo_polo;61.0;11.0
37;3;20.6;5.6;21.0;27.5;1;viable;open_meteo_polo;61.0;11.0
37;4;5.2;1.7;19.1;25.8;5;viable;open_meteo_polo;61.0;11.0
37;5;1.4;0.2;17.0;23.3;9;viable;open_meteo_polo;61.0;11.0
37;6;1.0;0.2;15.4;21.9;11;viable;open_meteo_polo;61.0;11.0
37;7;0.6;0.2;14.5;21.2;12;viable;open_meteo_polo;61.0;11.0
37;8;1.1;0.0;14.1;20.8;10;viable;open_meteo_polo;61.0;11.0
37;9;2.1;0.4;14.4;20.9;7;viable;open_meteo_polo;61.0;11.0
37;10;2.2;0.2;14.8;21.7;6;viable;open_meteo_polo;61.0;11.0
37;11;2.1;0.7;15.6;22.7;7;viable;open_meteo_polo;61.0;11.0
37;12;5.8;1.8;17.6;24.5;4;viable;open_meteo_polo;61.0;11.0
38;1;208.6;27.5;4.4;14.3;2;desaconsejado;open_meteo_polo;4013.0;3918.0
38;2;217.1;26.3;4.7;14.0;1;desaconsejado;open_meteo_polo;4013.0;3918.0
38;3;200.6;28.0;4.2;14.0;3;desaconsejado;open_meteo_polo;4013.0;3918.0
38;4;85.5;16.7;2.7;14.2;7;viable;open_meteo_polo;4013.0;3918.0
38;5;27.0;6.8;1.0;14.2;9;viable;open_meteo_polo;4013.0;3918.0
38;6;5.3;1.4;-0.2;14.5;12;viable;open_meteo_polo;4013.0;3918.0
38;7;6.8;2.0;-0.3;15.1;11;viable;open_meteo_polo;4013.0;3918.0
38;8;12.0;4.0;0.4;15.9;10;viable;open_meteo_polo;4013.0;3918.0
38;9;44.9;11.0;2.1;16.5;8;viable;open_meteo_polo;4013.0;3918.0
38;10;89.5;17.2;3.0;16.2;6;viable;open_meteo_polo;4013.0;3918.0
38;11;104.4;17.2;4.0;16.7;5;viable;open_meteo_polo;4013.0;3918.0
38;12;160.7;24.6;4.3;15.1;4;advertencia;open_meteo_polo;4013.0;3918.0
39;1;469.0;28.9;20.5;28.0;3;desaconsejado;open_meteo_polo;472.0;524.0
39;2;527.1;27.1;20.5;27.6;1;desaconsejado;open_meteo_polo;472.0;524.0
39;3;440.1;27.5;20.2;27.8;4;advertencia;open_meteo_polo;472.0;524.0
39;4;306.5;25.0;19.7;27.7;6;advertencia;open_meteo_polo;472.0;524.0
39;5;249.2;21.4;19.0;26.1;8;advertencia;open_meteo_polo;472.0;524.0
39;6;182.6;19.6;18.2;25.2;9;advertencia;open_meteo_polo;472.0;524.0
39;7;129.9;15.3;17.5;25.7;11;viable;open_meteo_polo;472.0;524.0
39;8;123.8;13.7;17.5;27.1;12;viable;open_meteo_polo;472.0;524.0
39;9;152.1;15.6;18.8;28.7;10;advertencia;open_meteo_polo;472.0;524.0
39;10;267.3;24.6;19.7;28.4;7;advertencia;open_meteo_polo;472.0;524.0
39;11;355.4;24.7;20.0;28.1;5;advertencia;open_meteo_polo;472.0;524.0
39;12;477.9;28.8;20.5;28.0;2;desaconsejado;open_meteo_polo;472.0;524.0
40;1;101.6;14.5;11.0;20.8;2;advertencia;open_meteo_polo;2387.0;2347.0
40;2;169.3;19.8;11.0;19.8;1;desaconsejado;open_meteo_polo;2387.0;2347.0
40;3;86.8;16.5;10.6;19.8;3;advertencia;open_meteo_polo;2387.0;2347.0
40;4;12.8;1.9;9.9;21.7;5;viable;open_meteo_polo;2387.0;2347.0
40;5;0.6;0.4;9.5;22.5;10;viable;open_meteo_polo;2387.0;2347.0
40;6;0.5;0.2;8.4;21.9;11;viable;open_meteo_polo;2387.0;2347.0
40;7;0.7;0.4;8.3;22.1;9;viable;open_meteo_polo;2387.0;2347.0
40;8;0.0;0.0;8.2;22.5;12;viable;open_meteo_polo;2387.0;2347.0
40;9;0.9;0.1;9.4;23.3;8;viable;open_meteo_polo;2387.0;2347.0
40;10;1.1;0.4;9.5;23.2;7;viable;open_meteo_polo;2387.0;2347.0
40;11;3.0;0.9;9.7;22.9;6;viable;open_meteo_polo;2387.0;2347.0
40;12;20.9;5.1;10.5;22.0;4;viable;open_meteo_polo;2387.0;2347.0
41;1;233.2;27.5;17.6;25.3;6;advertencia;open_meteo_polo;2735.0;1307.0
41;2;278.2;26.4;18.0;25.4;4;advertencia;open_meteo_polo;2735.0;1307.0
41;3;326.0;28.6;17.9;25.7;1;desaconsejado;open_meteo_polo;2735.0;1307.0
41;4;282.0;28.2;17.7;25.8;3;desaconsejado;open_meteo_polo;2735.0;1307.0
41;5;151.0;24.9;17.8;25.8;8;advertencia;open_meteo_polo;2735.0;1307.0
41;6;75.4;17.2;16.9;25.3;10;viable;open_meteo_polo;2735.0;1307.0
41;7;50.3;13.7;16.3;25.4;12;viable;open_meteo_polo;2735.0;1307.0
41;8;57.3;13.8;16.0;26.0;11;viable;open_meteo_polo;2735.0;1307.0
41;9;104.8;20.0;16.4;26.3;9;viable;open_meteo_polo;2735.0;1307.0
41;10;211.0;25.6;17.2;25.9;7;advertencia;open_meteo_polo;2735.0;1307.0
41;11;240.3;24.3;17.5;26.0;5;advertencia;open_meteo_polo;2735.0;1307.0
41;12;284.9;27.0;17.6;25.5;2;desaconsejado;open_meteo_polo;2735.0;1307.0
42;1;313.8;26.1;20.8;28.6;4;advertencia;open_meteo_polo;2823.0;850.0
42;2;350.3;25.3;21.2;28.7;3;desaconsejado;open_meteo_polo;2823.0;850.0
42;3;422.3;27.9;21.1;28.6;1;desaconsejado;open_meteo_polo;2823.0;850.0
42;4;361.8;28.5;20.7;29.0;2;desaconsejado;open_meteo_polo;2823.0;850.0
42;5;192.6;22.5;20.2;29.5;7;advertencia;open_meteo_polo;2823.0;850.0
42;6;51.3;10.2;19.3;29.8;10;viable;open_meteo_polo;2823.0;850.0
42;7;19.1;3.9;18.6;30.9;12;viable;open_meteo_polo;2823.0;850.0
42;8;27.8;4.7;19.0;31.1;11;viable;open_meteo_polo;2823.0;850.0
42;9;95.0;13.0;19.6;30.9;9;viable;open_meteo_polo;2823.0;850.0
42;10;225.0;21.3;20.2;29.5;6;advertencia;open_meteo_polo;2823.0;850.0
42;11;116.6;13.8;20.1;29.5;8;viable;open_meteo_polo;2823.0;850.0
42;12;270.1;23.4;20.4;28.7;5;advertencia;open_meteo_polo;2823.0;850.0
45;1;339.3;27.6;23.4;29.8;4;advertencia;open_meteo_polo;78.0;76.0
45;2;372.0;26.2;23.5;29.6;2;desaconsejado;open_meteo_polo;78.0;76.0
45;3;377.8;28.5;23.5;29.8;1;desaconsejado;open_meteo_polo;78.0;76.0
45;4;305.3;27.5;23.4;29.6;5;advertencia;open_meteo_polo;78.0;76.0
45;5;264.0;27.2;23.1;29.2;7;advertencia;open_meteo_polo;78.0;76.0
45;6;198.9;23.9;22.6;28.9;9;advertencia;open_meteo_polo;78.0;76.0
45;7;137.3;19.9;22.4;29.3;12;viable;open_meteo_polo;78.0;76.0
45;8;150.4;19.5;22.6;30.0;10;advertencia;open_meteo_polo;78.0;76.0
45;9;149.2;21.7;23.4;30.8;11;viable;open_meteo_polo;78.0;76.0
45;10;210.2;25.1;23.6;30.9;8;advertencia;open_meteo_polo;78.0;76.0
45;11;272.6;25.4;23.6;30.4;6;advertencia;open_meteo_polo;78.0;76.0
45;12;364.7;28.8;23.4;29.6;3;desaconsejado;open_meteo_polo;78.0;76.0
46;1;219.2;27.1;6.1;13.8;1;desaconsejado;open_meteo_polo;4177.0;3845.0
46;2;210.6;26.3;6.2;13.7;2;desaconsejado;open_meteo_polo;4177.0;3845.0
46;3;165.4;27.6;6.1;13.4;3;desaconsejado;open_meteo_polo;4177.0;3845.0
46;4;63.6;15.5;4.9;13.4;6;viable;open_meteo_polo;4177.0;3845.0
46;5;22.2;6.6;3.6;13.2;9;viable;open_meteo_polo;4177.0;3845.0
46;6;9.8;2.4;2.4;12.4;11;viable;open_meteo_polo;4177.0;3845.0
46;7;9.5;2.4;2.7;13.1;12;viable;open_meteo_polo;4177.0;3845.0
46;8;11.9;3.8;2.9;13.8;10;viable;open_meteo_polo;4177.0;3845.0
46;9;34.0;10.6;4.3;14.8;8;viable;open_meteo_polo;4177.0;3845.0
46;10;62.4;15.4;4.9;15.1;7;viable;open_meteo_polo;4177.0;3845.0
46;11;93.7;16.5;5.8;16.0;5;viable;open_meteo_polo;4177.0;3845.0
46;12;159.8;24.3;6.1;14.6;4;advertencia;open_meteo_polo;4177.0;3845.0
47;1;323.7;25.7;22.2;30.0;3;desaconsejado;open_meteo_polo;281.0;275.0
47;2;313.6;24.6;22.3;30.0;4;advertencia;open_meteo_polo;281.0;275.0
47;3;346.7;25.6;22.2;30.0;2;desaconsejado;open_meteo_polo;281.0;275.0
47;4;212.7;22.0;22.2;29.9;7;advertencia;open_meteo_polo;281.0;275.0
47;5;158.5;19.5;21.8;29.5;8;advertencia;open_meteo_polo;281.0;275.0
47;6;109.4;13.7;21.1;28.8;9;viable;open_meteo_polo;281.0;275.0
47;7;75.7;10.3;20.7;29.3;12;viable;open_meteo_polo;281.0;275.0
47;8;90.3;10.5;20.9;30.9;10;viable;open_meteo_polo;281.0;275.0
47;9;83.7;11.4;21.7;31.9;11;viable;open_meteo_polo;281.0;275.0
47;10;257.4;20.0;22.2;31.1;6;advertencia;open_meteo_polo;281.0;275.0
47;11;365.8;24.2;22.4;30.3;1;desaconsejado;open_meteo_polo;281.0;275.0
47;12;310.3;25.2;22.3;30.3;5;advertencia;open_meteo_polo;281.0;275.0
48;1;281.2;25.4;20.7;28.2;1;desaconsejado;open_meteo_polo;642.0;518.0
48;2;267.5;24.3;20.7;28.1;3;desaconsejado;open_meteo_polo;642.0;518.0
48;3;268.7;24.1;20.8;28.2;2;desaconsejado;open_meteo_polo;642.0;518.0
48;4;148.1;17.6;20.8;28.3;7;viable;open_meteo_polo;642.0;518.0
48;5;79.8;13.5;20.0;27.4;9;viable;open_meteo_polo;642.0;518.0
48;6;69.0;9.9;18.7;26.6;11;viable;open_meteo_polo;642.0;518.0
48;7;48.0;7.0;18.3;26.9;12;viable;open_meteo_polo;642.0;518.0
48;8;75.6;11.5;18.7;27.9;10;viable;open_meteo_polo;642.0;518.0
48;9;127.3;16.1;19.6;29.2;8;viable;open_meteo_polo;642.0;518.0
48;10;164.3;20.7;20.4;29.1;6;advertencia;open_meteo_polo;642.0;518.0
48;11;189.5;21.0;20.8;28.5;5;advertencia;open_meteo_polo;642.0;518.0
48;12;212.6;23.5;20.8;28.2;4;advertencia;open_meteo_polo;642.0;518.0
49;1;14.9;4.2;21.6;27.4;2;viable;open_meteo_polo;594.0;12.0
49;2;16.5;3.4;22.7;28.5;1;viable;open_meteo_polo;594.0;12.0
49;3;4.2;1.1;22.1;28.2;3;viable;open_meteo_polo;594.0;12.0
49;4;2.7;1.0;19.7;26.1;7;viable;open_meteo_polo;594.0;12.0
49;5;1.3;0.4;17.4;23.9;11;viable;open_meteo_polo;594.0;12.0
49;6;1.3;0.3;15.7;22.0;12;viable;open_meteo_polo;594.0;12.0
49;7;2.6;0.6;15.0;21.3;8;viable;open_meteo_polo;594.0;12.0
49;8;2.4;0.7;14.7;21.2;9;viable;open_meteo_polo;594.0;12.0
49;9;1.7;0.4;15.1;21.7;10;viable;open_meteo_polo;594.0;12.0
49;10;2.7;1.0;16.1;22.9;6;viable;open_meteo_polo;594.0;12.0
49;11;2.9;0.6;17.4;24.1;5;viable;open_meteo_polo;594.0;12.0
49;12;3.9;0.8;19.4;25.8;4;viable;open_meteo_polo;594.0;12.0
51;1;310.7;29.7;19.0;26.2;4;advertencia;open_meteo_polo;2059.0;1065.0
51;2;434.4;27.9;19.2;26.1;2;desaconsejado;open_meteo_polo;2059.0;1065.0
51;3;490.8;30.7;19.2;26.4;1;desaconsejado;open_meteo_polo;2059.0;1065.0
51;4;359.1;29.2;19.1;26.8;3;desaconsejado;open_meteo_polo;2059.0;1065.0
51;5;139.2;24.0;19.2;27.2;6;viable;open_meteo_polo;2059.0;1065.0
51;6;48.5;12.3;18.8;27.4;9;viable;open_meteo_polo;2059.0;1065.0
51;7;14.3;4.1;18.8;28.6;11;viable;open_meteo_polo;2059.0;1065.0
51;8;12.3;3.1;18.8;29.3;12;viable;open_meteo_polo;2059.0;1065.0
51;9;26.2;8.1;18.8;29.5;10;viable;open_meteo_polo;2059.0;1065.0
51;10;83.4;16.6;19.0;28.1;8;viable;open_meteo_polo;2059.0;1065.0
51;11;91.5;15.3;18.9;27.6;7;viable;open_meteo_polo;2059.0;1065.0
51;12;221.6;26.6;18.9;26.6;5;advertencia;open_meteo_polo;2059.0;1065.0
52;1;99.1;16.3;9.4;17.1;3;advertencia;open_meteo_polo;2338.0;2887.0
52;2;170.3;17.9;9.4;16.6;2;desaconsejado;open_meteo_polo;2338.0;2887.0
52;3;221.3;22.9;9.5;16.1;1;desaconsejado;open_meteo_polo;2338.0;2887.0
52;4;70.2;10.5;9.6;16.7;4;viable;open_meteo_polo;2338.0;2887.0
52;5;24.1;5.2;10.0;18.4;8;viable;open_meteo_polo;2338.0;2887.0
52;6;7.7;2.2;9.4;19.3;10;viable;open_meteo_polo;2338.0;2887.0
52;7;2.2;0.7;9.1;20.3;12;viable;open_meteo_polo;2338.0;2887.0
52;8;2.7;0.8;9.5;20.6;11;viable;open_meteo_polo;2338.0;2887.0
52;9;18.6;3.2;10.3;20.9;9;viable;open_meteo_polo;2338.0;2887.0
52;10;29.7;6.2;10.3;19.9;6;viable;open_meteo_polo;2338.0;2887.0
52;11;29.0;5.4;9.8;19.5;7;viable;open_meteo_polo;2338.0;2887.0
52;12;68.2;11.8;9.4;18.1;5;viable;open_meteo_polo;2338.0;2887.0
53;1;144.2;21.6;15.9;20.5;3;advertencia;open_meteo_polo;3003.0;2017.0
53;2;182.7;22.0;16.4;20.6;2;desaconsejado;open_meteo_polo;3003.0;2017.0
53;3;210.4;25.8;16.4;20.6;1;desaconsejado;open_meteo_polo;3003.0;2017.0
53;4;80.0;14.7;16.4;21.3;5;viable;open_meteo_polo;3003.0;2017.0
53;5;24.9;4.9;16.1;22.5;8;viable;open_meteo_polo;3003.0;2017.0
53;6;7.7;1.6;15.6;22.8;10;viable;open_meteo_polo;3003.0;2017.0
53;7;1.2;0.5;15.6;23.3;12;viable;open_meteo_polo;3003.0;2017.0
53;8;3.4;0.9;15.9;23.5;11;viable;open_meteo_polo;3003.0;2017.0
53;9;20.8;3.8;16.9;23.6;9;viable;open_meteo_polo;3003.0;2017.0
53;10;30.4;6.9;16.2;22.8;7;viable;open_meteo_polo;3003.0;2017.0
53;11;32.7;7.8;15.9;22.6;6;viable;open_meteo_polo;3003.0;2017.0
53;12;94.5;16.8;15.7;21.5;4;viable;open_meteo_polo;3003.0;2017.0
54;1;270.6;29.2;4.7;13.2;1;desaconsejado;open_meteo_polo;4188.0;3681.0
54;2;269.0;27.6;5.2;13.2;2;desaconsejado;open_meteo_polo;4188.0;3681.0
54;3;258.2;30.4;5.4;13.1;3;desaconsejado;open_meteo_polo;4188.0;3681.0
54;4;123.8;24.6;3.3;13.2;7;viable;open_meteo_polo;4188.0;3681.0
54;5;68.4;17.2;1.7;13.0;9;viable;open_meteo_polo;4188.0;3681.0
54;6;22.6;6.8;0.6;12.9;11;viable;open_meteo_polo;4188.0;3681.0
54;7;20.8;5.9;0.2;13.3;12;viable;open_meteo_polo;4188.0;3681.0
54;8;41.5;12.7;0.9;14.0;10;viable;open_meteo_polo;4188.0;3681.0
54;9;100.4;22.0;2.1;13.8;8;viable;open_meteo_polo;4188.0;3681.0
54;10;153.5;26.5;2.7;13.9;6;advertencia;open_meteo_polo;4188.0;3681.0
54;11;158.8;24.8;2.9;14.2;5;advertencia;open_meteo_polo;4188.0;3681.0
54;12;202.6;27.1;4.0;13.7;4;advertencia;open_meteo_polo;4188.0;3681.0
56;1;176.0;25.8;7.4;15.6;3;desaconsejado;open_meteo_polo;3377.0;
56;2;197.6;25.2;8.1;15.6;2;desaconsejado;open_meteo_polo;3377.0;
56;3;197.7;29.7;7.9;15.7;1;desaconsejado;open_meteo_polo;3377.0;
56;4;101.4;19.4;6.7;16.3;5;viable;open_meteo_polo;3377.0;
56;5;34.7;8.2;6.0;16.5;9;viable;open_meteo_polo;3377.0;
56;6;4.8;1.5;5.9;17.4;12;viable;open_meteo_polo;3377.0;
56;7;5.2;1.0;5.9;18.2;11;viable;open_meteo_polo;3377.0;
56;8;6.7;2.2;6.3;18.4;10;viable;open_meteo_polo;3377.0;
56;9;40.3;9.7;6.8;18.5;8;viable;open_meteo_polo;3377.0;
56;10;82.9;15.2;6.8;17.3;6;viable;open_meteo_polo;3377.0;
56;11;82.1;14.0;7.1;17.5;7;viable;open_meteo_polo;3377.0;
56;12;140.3;21.2;7.4;16.5;4;viable;open_meteo_polo;3377.0;
60;1;85.5;14.5;21.2;32.4;4;viable;open_meteo_polo;115.0;99.0
60;2;223.7;20.8;22.3;31.5;2;desaconsejado;open_meteo_polo;115.0;99.0
60;3;355.1;20.7;22.3;30.7;1;desaconsejado;open_meteo_polo;115.0;99.0
60;4;133.5;12.9;21.2;31.0;3;advertencia;open_meteo_polo;115.0;99.0
60;5;23.4;4.7;19.5;31.0;6;viable;open_meteo_polo;115.0;99.0
60;6;11.1;2.5;17.6;29.9;9;viable;open_meteo_polo;115.0;99.0
60;7;3.1;0.8;16.7;30.0;11;viable;open_meteo_polo;115.0;99.0
60;8;4.7;0.8;16.4;30.3;10;viable;open_meteo_polo;115.0;99.0
60;9;2.2;0.7;16.8;31.2;12;viable;open_meteo_polo;115.0;99.0
60;10;14.2;3.4;17.2;31.3;8;viable;open_meteo_polo;115.0;99.0
60;11;15.6;4.3;17.6;31.5;7;viable;open_meteo_polo;115.0;99.0
60;12;47.8;9.7;19.5;32.1;5;viable;open_meteo_polo;115.0;99.0
61;1;216.1;21.6;23.2;30.5;8;advertencia;open_meteo_polo;155.0;150.0
61;2;258.4;22.4;23.2;30.4;3;desaconsejado;open_meteo_polo;155.0;150.0
61;3;331.7;26.7;23.1;30.1;1;desaconsejado;open_meteo_polo;155.0;150.0
61;4;270.8;23.5;23.0;29.9;2;desaconsejado;open_meteo_polo;155.0;150.0
61;5;221.7;21.1;22.7;29.3;7;advertencia;open_meteo_polo;155.0;150.0
61;6;141.7;16.9;22.1;28.9;9;viable;open_meteo_polo;155.0;150.0
61;7;102.9;13.3;21.8;29.7;11;viable;open_meteo_polo;155.0;150.0
61;8;96.8;11.0;22.1;31.1;12;viable;open_meteo_polo;155.0;150.0
61;9;138.0;14.6;22.9;31.9;10;viable;open_meteo_polo;155.0;150.0
61;10;247.3;20.4;23.2;31.2;5;advertencia;open_meteo_polo;155.0;150.0
61;11;255.2;22.6;23.2;30.7;4;advertencia;open_meteo_polo;155.0;150.0
61;12;228.3;23.8;23.1;30.7;6;advertencia;open_meteo_polo;155.0;150.0
62;1;350.7;26.1;22.9;29.8;3;desaconsejado;open_meteo_polo;188.0;205.0
62;2;378.7;26.0;22.8;29.5;2;desaconsejado;open_meteo_polo;188.0;205.0
62;3;293.2;24.5;22.7;29.6;4;advertencia;open_meteo_polo;188.0;205.0
62;4;176.3;19.6;22.2;29.4;7;advertencia;open_meteo_polo;188.0;205.0
62;5;109.5;15.4;20.9;28.1;8;viable;open_meteo_polo;188.0;205.0
62;6;70.8;10.5;19.8;27.5;10;viable;open_meteo_polo;188.0;205.0
62;7;33.3;5.0;19.3;28.6;12;viable;open_meteo_polo;188.0;205.0
62;8;49.8;6.8;20.0;30.4;11;viable;open_meteo_polo;188.0;205.0
62;9;81.1;10.7;21.9;32.1;9;viable;open_meteo_polo;188.0;205.0
62;10;193.9;18.8;22.6;31.5;6;advertencia;open_meteo_polo;188.0;205.0
62;11;261.0;20.6;22.5;30.4;5;advertencia;open_meteo_polo;188.0;205.0
62;12;404.1;26.1;22.8;29.9;1;desaconsejado;open_meteo_polo;188.0;205.0
63;1;211.9;27.9;7.8;17.8;2;desaconsejado;open_meteo_polo;4099.0;3143.0
63;2;198.9;24.4;8.5;18.2;3;desaconsejado;open_meteo_polo;4099.0;3143.0
63;3;229.0;29.5;8.6;17.7;1;desaconsejado;open_meteo_polo;4099.0;3143.0
63;4;141.0;24.5;7.4;17.7;7;viable;open_meteo_polo;4099.0;3143.0
63;5;70.0;16.7;6.5;17.8;9;viable;open_meteo_polo;4099.0;3143.0
63;6;20.3;6.5;5.0;17.8;11;viable;open_meteo_polo;4099.0;3143.0
63;7;14.5;3.6;4.2;18.5;12;viable;open_meteo_polo;4099.0;3143.0
63;8;32.9;7.3;5.1;19.3;10;viable;open_meteo_polo;4099.0;3143.0
63;9;84.2;17.1;6.4;19.1;8;viable;open_meteo_polo;4099.0;3143.0
63;10;173.1;25.2;7.0;18.6;5;advertencia;open_meteo_polo;4099.0;3143.0
63;11;155.0;24.3;6.9;18.9;6;advertencia;open_meteo_polo;4099.0;3143.0
63;12;187.9;26.8;7.5;18.5;4;advertencia;open_meteo_polo;4099.0;3143.0
65;1;267.3;22.1;23.5;30.2;3;desaconsejado;open_meteo_polo;149.0;153.0
65;2;295.4;22.1;23.4;30.0;1;desaconsejado;open_meteo_polo;149.0;153.0
65;3;268.0;22.7;23.4;29.9;2;desaconsejado;open_meteo_polo;149.0;153.0
65;4;224.6;20.1;23.3;29.7;5;advertencia;open_meteo_polo;149.0;153.0
65;5;150.4;16.5;22.8;29.1;8;advertencia;open_meteo_polo;149.0;153.0
65;6;90.7;11.0;22.2;28.9;10;viable;open_meteo_polo;149.0;153.0
65;7;61.8;7.8;22.0;29.8;12;viable;open_meteo_polo;149.0;153.0
65;8;76.6;7.6;22.3;31.3;11;viable;open_meteo_polo;149.0;153.0
65;9;99.2;10.7;23.3;31.8;9;viable;open_meteo_polo;149.0;153.0
65;10;170.4;17.1;23.6;31.2;7;advertencia;open_meteo_polo;149.0;153.0
65;11;215.5;20.7;23.6;30.4;6;advertencia;open_meteo_polo;149.0;153.0
65;12;262.1;21.6;23.5;30.2;4;advertencia;open_meteo_polo;149.0;153.0
66;1;540.1;28.9;22.4;29.3;2;desaconsejado;open_meteo_polo;413.0;282.0
66;2;524.9;26.9;22.5;29.4;3;desaconsejado;open_meteo_polo;413.0;282.0
66;3;486.4;27.9;22.5;29.9;4;advertencia;open_meteo_polo;413.0;282.0
66;4;300.1;24.8;22.4;29.7;7;advertencia;open_meteo_polo;413.0;282.0
66;5;214.1;25.7;22.0;28.9;8;advertencia;open_meteo_polo;413.0;282.0
66;6;169.0;20.2;21.4;28.3;9;advertencia;open_meteo_polo;413.0;282.0
66;7;116.9;16.5;21.1;28.8;12;viable;open_meteo_polo;413.0;282.0
66;8;124.1;14.4;21.4;29.9;11;viable;open_meteo_polo;413.0;282.0
66;9;160.9;17.8;22.3;30.7;10;advertencia;open_meteo_polo;413.0;282.0
66;10;354.1;25.5;22.5;30.2;6;advertencia;open_meteo_polo;413.0;282.0
66;11;460.4;25.0;22.5;29.8;5;advertencia;open_meteo_polo;413.0;282.0
66;12;545.1;29.3;22.4;29.5;1;desaconsejado;open_meteo_polo;413.0;282.0
67;1;383.2;28.8;18.6;25.3;4;advertencia;open_meteo_polo;2653.0;1276.0
67;2;477.3;27.2;19.0;25.4;2;desaconsejado;open_meteo_polo;2653.0;1276.0
67;3;583.3;29.9;19.1;25.5;1;desaconsejado;open_meteo_polo;2653.0;1276.0
67;4;414.9;29.2;19.2;25.8;3;desaconsejado;open_meteo_polo;2653.0;1276.0
67;5;227.7;27.2;19.2;26.3;6;advertencia;open_meteo_polo;2653.0;1276.0
67;6;68.5;13.0;18.5;26.4;10;viable;open_meteo_polo;2653.0;1276.0
67;7;21.4;5.0;18.2;27.2;12;viable;open_meteo_polo;2653.0;1276.0
67;8;22.7;3.9;18.3;27.6;11;viable;open_meteo_polo;2653.0;1276.0
67;9;88.4;12.9;18.4;27.4;9;viable;open_meteo_polo;2653.0;1276.0
67;10;183.9;20.5;18.2;26.3;7;advertencia;open_meteo_polo;2653.0;1276.0
67;11;129.3;15.6;17.9;26.3;8;viable;open_meteo_polo;2653.0;1276.0
67;12;299.8;26.3;18.3;25.5;5;advertencia;open_meteo_polo;2653.0;1276.0
68;1;15.5;4.0;17.9;27.9;1;viable;open_meteo_polo;891.0;577.0
68;2;15.3;3.8;18.9;28.8;2;viable;open_meteo_polo;891.0;577.0
68;3;5.1;1.2;18.0;28.2;4;viable;open_meteo_polo;891.0;577.0
68;4;0.7;0.1;15.8;25.9;12;viable;open_meteo_polo;891.0;577.0
68;5;1.9;0.5;14.0;23.5;10;viable;open_meteo_polo;891.0;577.0
68;6;2.6;0.8;12.7;21.6;6;viable;open_meteo_polo;891.0;577.0
68;7;2.0;0.4;12.0;21.2;9;viable;open_meteo_polo;891.0;577.0
68;8;2.4;0.6;11.9;21.6;7;viable;open_meteo_polo;891.0;577.0
68;9;2.1;0.6;12.3;22.5;8;viable;open_meteo_polo;891.0;577.0
68;10;1.7;0.4;13.3;24.0;11;viable;open_meteo_polo;891.0;577.0
68;11;2.9;0.7;14.3;25.2;5;viable;open_meteo_polo;891.0;577.0
68;12;8.5;2.0;16.0;26.5;3;viable;open_meteo_polo;891.0;577.0
69;1;235.0;27.7;6.3;15.8;4;advertencia;open_meteo_polo;3404.0;3125.0
69;2;285.9;27.1;6.8;15.9;2;desaconsejado;open_meteo_polo;3404.0;3125.0
69;3;329.1;29.3;7.0;15.7;1;desaconsejado;open_meteo_polo;3404.0;3125.0
69;4;246.5;28.5;6.5;15.9;3;desaconsejado;open_meteo_polo;3404.0;3125.0
69;5;134.4;23.3;5.7;16.2;9;viable;open_meteo_polo;3404.0;3125.0
69;6;52.8;13.3;4.6;16.4;10;viable;open_meteo_polo;3404.0;3125.0
69;7;38.8;9.6;4.0;17.3;12;viable;open_meteo_polo;3404.0;3125.0
69;8;47.1;9.5;4.3;17.8;11;viable;open_meteo_polo;3404.0;3125.0
69;9;154.0;19.0;5.0;17.5;7;advertencia;open_meteo_polo;3404.0;3125.0
69;10;209.7;23.4;5.3;16.4;6;advertencia;open_meteo_polo;3404.0;3125.0
69;11;145.1;17.8;5.0;16.5;8;viable;open_meteo_polo;3404.0;3125.0
69;12;223.2;26.2;5.8;16.0;5;advertencia;open_meteo_polo;3404.0;3125.0
70;1;10.7;3.4;20.2;25.9;2;viable;open_meteo_polo;45.0;35.0
70;2;10.2;2.6;21.4;26.9;3;viable;open_meteo_polo;45.0;35.0
70;3;11.5;2.8;21.2;26.8;1;viable;open_meteo_polo;45.0;35.0
70;4;3.4;1.2;19.5;25.1;5;viable;open_meteo_polo;45.0;35.0
70;5;0.8;0.1;17.3;22.7;11;viable;open_meteo_polo;45.0;35.0
70;6;1.0;0.1;15.6;21.3;9;viable;open_meteo_polo;45.0;35.0
70;7;0.7;0.1;14.8;20.7;12;viable;open_meteo_polo;45.0;35.0
70;8;1.3;0.2;14.5;20.3;8;viable;open_meteo_polo;45.0;35.0
70;9;1.4;0.3;14.9;20.5;7;viable;open_meteo_polo;45.0;35.0
70;10;1.0;0.2;15.4;21.1;9;viable;open_meteo_polo;45.0;35.0
70;11;1.7;0.4;16.3;22.3;6;viable;open_meteo_polo;45.0;35.0
70;12;3.6;0.9;18.2;23.9;4;viable;open_meteo_polo;45.0;35.0
71;1;180.6;25.9;7.3;18.6;1;desaconsejado;open_meteo_polo;4015.0;3428.0
71;2;178.8;24.7;7.4;18.2;2;desaconsejado;open_meteo_polo;4015.0;3428.0
71;3;148.4;26.8;7.0;17.9;3;advertencia;open_meteo_polo;4015.0;3428.0
71;4;61.8;11.7;5.5;18.0;5;viable;open_meteo_polo;4015.0;3428.0
71;5;18.3;4.5;4.2;17.8;8;viable;open_meteo_polo;4015.0;3428.0
71;6;3.3;0.8;3.5;17.7;12;viable;open_meteo_polo;4015.0;3428.0
71;7;5.8;1.3;3.9;18.4;10;viable;open_meteo_polo;4015.0;3428.0
71;8;4.2;1.8;4.1;19.4;11;viable;open_meteo_polo;4015.0;3428.0
71;9;15.1;3.9;5.2;20.5;9;viable;open_meteo_polo;4015.0;3428.0
71;10;35.3;8.6;5.8;20.7;7;viable;open_meteo_polo;4015.0;3428.0
71;11;41.8;8.1;6.3;21.5;6;viable;open_meteo_polo;4015.0;3428.0
71;12;107.5;16.9;7.0;20.3;4;viable;open_meteo_polo;4015.0;3428.0
72;1;151.2;21.6;12.1;21.6;3;desaconsejado;open_meteo_polo;2570.0;2640.0
72;2;151.6;20.0;12.4;21.6;2;desaconsejado;open_meteo_polo;2570.0;2640.0
72;3;190.9;24.8;12.5;21.2;1;desaconsejado;open_meteo_polo;2570.0;2640.0
72;4;89.0;14.4;12.0;21.6;6;viable;open_meteo_polo;2570.0;2640.0
72;5;35.7;8.2;11.8;22.2;9;viable;open_meteo_polo;2570.0;2640.0
72;6;13.6;3.6;11.2;23.0;11;viable;open_meteo_polo;2570.0;2640.0
72;7;5.9;1.4;10.9;24.0;12;viable;open_meteo_polo;2570.0;2640.0
72;8;16.4;3.5;11.4;25.0;10;viable;open_meteo_polo;2570.0;2640.0
72;9;52.1;8.4;11.9;25.0;8;viable;open_meteo_polo;2570.0;2640.0
72;10;102.5;14.9;11.8;23.8;5;viable;open_meteo_polo;2570.0;2640.0
72;11;77.1;12.8;12.0;23.6;7;viable;open_meteo_polo;2570.0;2640.0
72;12;120.5;18.3;12.0;22.6;4;viable;open_meteo_polo;2570.0;2640.0
73;1;210.9;28.4;-0.3;8.2;2;desaconsejado;open_meteo_polo;4530.0;
73;2;206.0;26.8;0.2;8.3;3;desaconsejado;open_meteo_polo;4530.0;
73;3;218.8;29.8;0.3;8.4;1;desaconsejado;open_meteo_polo;4530.0;
73;4;106.9;21.1;-1.1;8.8;7;viable;open_meteo_polo;4530.0;
73;5;45.4;12.5;-1.9;8.5;9;viable;open_meteo_polo;4530.0;
73;6;12.9;4.1;-2.4;8.6;11;viable;open_meteo_polo;4530.0;
73;7;12.1;3.6;-2.5;8.9;12;viable;open_meteo_polo;4530.0;
73;8;22.7;7.9;-2.3;9.6;10;viable;open_meteo_polo;4530.0;
73;9;69.2;15.9;-1.7;9.3;8;viable;open_meteo_polo;4530.0;
73;10;118.4;22.2;-1.9;9.1;6;viable;open_meteo_polo;4530.0;
73;11;128.9;21.7;-1.3;9.4;5;viable;open_meteo_polo;4530.0;
73;12;170.6;26.0;-0.7;8.9;4;advertencia;open_meteo_polo;4530.0;
74;1;130.4;17.1;20.9;28.4;10;viable;open_meteo_polo;666.0;731.0
74;2;150.2;18.4;21.1;28.3;9;advertencia;open_meteo_polo;666.0;731.0
74;3;196.9;21.5;20.9;27.7;7;advertencia;open_meteo_polo;666.0;731.0
74;4;267.7;23.2;20.8;27.2;3;desaconsejado;open_meteo_polo;666.0;731.0
74;5;288.4;25.9;20.5;26.8;1;desaconsejado;open_meteo_polo;666.0;731.0
74;6;235.4;23.6;19.8;26.3;4;advertencia;open_meteo_polo;666.0;731.0
74;7;276.0;25.8;19.4;26.8;2;desaconsejado;open_meteo_polo;666.0;731.0
74;8;217.7;21.5;19.8;27.9;5;advertencia;open_meteo_polo;666.0;731.0
74;9;207.8;20.7;20.6;29.0;6;advertencia;open_meteo_polo;666.0;731.0
74;10;160.6;16.8;21.2;29.3;8;advertencia;open_meteo_polo;666.0;731.0
74;11;85.7;12.2;21.6;30.3;12;viable;open_meteo_polo;666.0;731.0
74;12;123.6;15.1;21.2;29.5;11;viable;open_meteo_polo;666.0;731.0
75;1;156.3;27.3;6.7;14.2;2;desaconsejado;open_meteo_polo;4744.0;3573.0
75;2;172.0;26.4;6.9;14.2;1;desaconsejado;open_meteo_polo;4744.0;3573.0
75;3;153.9;29.5;6.8;14.2;3;desaconsejado;open_meteo_polo;4744.0;3573.0
75;4;93.0;20.5;6.0;14.4;5;viable;open_meteo_polo;4744.0;3573.0
75;5;50.2;9.6;4.9;13.8;6;viable;open_meteo_polo;4744.0;3573.0
75;6;12.8;2.9;4.6;13.6;10;viable;open_meteo_polo;4744.0;3573.0
75;7;10.9;2.8;4.8;14.2;11;viable;open_meteo_polo;4744.0;3573.0
75;8;9.5;2.6;4.6;14.7;12;viable;open_meteo_polo;4744.0;3573.0
75;9;26.4;6.6;5.5;15.7;9;viable;open_meteo_polo;4744.0;3573.0
75;10;49.9;9.8;5.9;15.6;7;viable;open_meteo_polo;4744.0;3573.0
75;11;40.2;9.0;6.4;16.1;8;viable;open_meteo_polo;4744.0;3573.0
75;12;93.8;18.4;6.8;15.5;4;viable;open_meteo_polo;4744.0;3573.0
77;1;214.8;28.9;3.1;12.4;3;desaconsejado;open_meteo_polo;4284.0;3974.0
77;2;229.3;26.8;3.7;12.5;2;desaconsejado;open_meteo_polo;4284.0;3974.0
77;3;234.4;30.0;3.8;12.3;1;desaconsejado;open_meteo_polo;4284.0;3974.0
77;4;107.3;22.3;2.4;12.4;7;viable;open_meteo_polo;4284.0;3974.0
77;5;64.7;16.1;1.5;12.3;9;viable;open_meteo_polo;4284.0;3974.0
77;6;22.7;6.7;0.5;12.3;11;viable;open_meteo_polo;4284.0;3974.0
77;7;17.3;4.9;0.1;12.7;12;viable;open_meteo_polo;4284.0;3974.0
77;8;33.4;10.0;0.4;13.4;10;viable;open_meteo_polo;4284.0;3974.0
77;9;80.5;18.7;1.6;13.0;8;viable;open_meteo_polo;4284.0;3974.0
77;10;133.1;24.0;1.9;12.9;6;viable;open_meteo_polo;4284.0;3974.0
77;11;147.8;24.1;2.3;13.3;5;viable;open_meteo_polo;4284.0;3974.0
77;12;180.6;26.8;3.0;13.1;4;advertencia;open_meteo_polo;4284.0;3974.0
78;1;224.4;26.8;3.8;12.6;3;desaconsejado;open_meteo_polo;3981.0;3824.0
78;2;246.7;24.3;4.7;12.8;2;desaconsejado;open_meteo_polo;3981.0;3824.0
78;3;297.4;29.7;4.4;12.8;1;desaconsejado;open_meteo_polo;3981.0;3824.0
78;4;179.6;25.9;3.2;13.3;5;advertencia;open_meteo_polo;3981.0;3824.0
78;5;91.5;19.6;2.6;13.2;8;viable;open_meteo_polo;3981.0;3824.0
78;6;21.8;5.2;1.5;13.5;11;viable;open_meteo_polo;3981.0;3824.0
78;7;14.6;3.7;0.9;14.5;12;viable;open_meteo_polo;3981.0;3824.0
78;8;21.8;6.0;1.4;15.0;10;viable;open_meteo_polo;3981.0;3824.0
78;9;81.9;17.3;2.7;14.9;9;viable;open_meteo_polo;3981.0;3824.0
78;10;162.1;23.7;3.1;13.8;6;advertencia;open_meteo_polo;3981.0;3824.0
78;11;144.9;22.1;3.1;13.6;7;viable;open_meteo_polo;3981.0;3824.0
78;12;211.2;24.6;3.5;13.1;4;advertencia;open_meteo_polo;3981.0;3824.0
79;1;171.6;27.5;10.3;17.5;2;desaconsejado;open_meteo_polo;3151.0;2930.0
79;2;176.4;26.5;10.5;17.2;1;desaconsejado;open_meteo_polo;3151.0;2930.0
79;3;159.2;28.3;10.3;17.1;3;desaconsejado;open_meteo_polo;3151.0;2930.0
79;4;65.2;18.1;9.6;17.7;7;viable;open_meteo_polo;3151.0;2930.0
79;5;25.6;7.7;8.8;18.0;9;viable;open_meteo_polo;3151.0;2930.0
79;6;18.6;3.5;7.8;17.7;11;viable;open_meteo_polo;3151.0;2930.0
79;7;14.0;2.9;7.2;18.1;12;viable;open_meteo_polo;3151.0;2930.0
79;8;21.1;6.6;7.7;18.5;10;viable;open_meteo_polo;3151.0;2930.0
79;9;51.1;14.9;8.9;18.9;8;viable;open_meteo_polo;3151.0;2930.0
79;10;82.5;20.5;9.6;19.3;6;viable;open_meteo_polo;3151.0;2930.0
79;11;97.6;20.7;10.1;19.4;5;viable;open_meteo_polo;3151.0;2930.0
79;12;142.2;23.8;10.2;18.4;4;viable;open_meteo_polo;3151.0;2930.0
82;1;447.5;27.6;21.7;29.3;1;desaconsejado;open_meteo_polo;310.0;279.0
82;2;443.9;25.8;21.8;29.4;2;desaconsejado;open_meteo_polo;310.0;279.0
82;3;389.8;26.8;21.9;29.4;4;advertencia;open_meteo_polo;310.0;279.0
82;4;261.4;24.5;21.7;29.2;7;advertencia;open_meteo_polo;310.0;279.0
82;5;164.0;20.2;21.3;28.6;8;advertencia;open_meteo_polo;310.0;279.0
82;6;128.0;16.0;20.4;28.1;10;viable;open_meteo_polo;310.0;279.0
82;7;91.9;13.7;20.1;28.7;12;viable;open_meteo_polo;310.0;279.0
82;8;106.8;12.1;20.4;30.1;11;viable;open_meteo_polo;310.0;279.0
82;9;133.9;15.8;21.4;30.6;9;viable;open_meteo_polo;310.0;279.0
82;10;269.8;23.1;21.8;30.2;6;advertencia;open_meteo_polo;310.0;279.0
82;11;342.1;24.4;21.9;29.5;5;advertencia;open_meteo_polo;310.0;279.0
82;12;426.9;27.7;21.8;29.3;3;desaconsejado;open_meteo_polo;310.0;279.0
83;1;204.9;29.0;9.2;17.4;2;desaconsejado;open_meteo_polo;3598.0;3152.0
83;2;209.6;27.3;9.5;17.3;1;desaconsejado;open_meteo_polo;3598.0;3152.0
83;3;168.2;28.3;9.1;17.2;4;advertencia;open_meteo_polo;3598.0;3152.0
83;4;74.2;21.7;8.4;17.7;7;viable;open_meteo_polo;3598.0;3152.0
83;5;31.8;9.2;7.2;18.1;9;viable;open_meteo_polo;3598.0;3152.0
83;6;11.3;2.7;6.0;18.2;12;viable;open_meteo_polo;3598.0;3152.0
83;7;11.9;3.5;5.3;18.7;11;viable;open_meteo_polo;3598.0;3152.0
83;8;24.9;9.1;6.3;18.9;10;viable;open_meteo_polo;3598.0;3152.0
83;9;42.9;12.3;7.6;19.1;8;viable;open_meteo_polo;3598.0;3152.0
83;10;99.4;22.2;8.5;18.9;6;viable;open_meteo_polo;3598.0;3152.0
83;11;152.0;25.7;9.1;18.8;5;advertencia;open_meteo_polo;3598.0;3152.0
83;12;189.6;28.6;9.4;18.0;3;desaconsejado;open_meteo_polo;3598.0;3152.0
84;1;205.3;26.8;13.9;20.7;2;desaconsejado;open_meteo_polo;1969.0;
84;2;251.8;25.9;14.0;20.4;1;desaconsejado;open_meteo_polo;1969.0;
84;3;178.8;25.4;13.8;20.6;4;advertencia;open_meteo_polo;1969.0;
84;4;111.4;20.3;13.5;20.9;6;viable;open_meteo_polo;1969.0;
84;5;60.5;14.5;12.9;20.6;9;viable;open_meteo_polo;1969.0;
84;6;44.6;10.3;12.1;20.0;11;viable;open_meteo_polo;1969.0;
84;7;30.0;8.1;11.6;20.3;12;viable;open_meteo_polo;1969.0;
84;8;50.4;12.3;12.1;20.8;10;viable;open_meteo_polo;1969.0;
84;9;63.7;13.9;13.2;21.6;8;viable;open_meteo_polo;1969.0;
84;10;110.1;21.5;13.5;21.6;7;viable;open_meteo_polo;1969.0;
84;11;157.5;23.4;13.8;21.1;5;advertencia;open_meteo_polo;1969.0;
84;12;197.3;27.0;13.9;20.8;3;desaconsejado;open_meteo_polo;1969.0;
85;1;20.4;4.3;22.8;31.5;4;viable;open_meteo_polo;222.0;9.0
85;2;64.6;9.9;24.0;31.4;2;advertencia;open_meteo_polo;222.0;9.0
85;3;89.1;9.7;24.2;31.5;1;advertencia;open_meteo_polo;222.0;9.0
85;4;39.3;6.5;23.5;31.7;3;viable;open_meteo_polo;222.0;9.0
85;5;7.1;2.1;21.7;30.9;6;viable;open_meteo_polo;222.0;9.0
85;6;2.4;0.9;19.9;29.3;8;viable;open_meteo_polo;222.0;9.0
85;7;0.5;0.1;18.8;28.4;12;viable;open_meteo_polo;222.0;9.0
85;8;0.8;0.2;18.2;27.9;10;viable;open_meteo_polo;222.0;9.0
85;9;0.8;0.4;18.4;28.3;11;viable;open_meteo_polo;222.0;9.0
85;10;1.9;0.6;18.6;28.4;9;viable;open_meteo_polo;222.0;9.0
85;11;3.5;1.4;18.6;28.3;7;viable;open_meteo_polo;222.0;9.0
85;12;10.5;2.8;20.8;30.0;5;viable;open_meteo_polo;222.0;9.0
86;1;204.5;26.7;17.9;26.6;5;advertencia;open_meteo_polo;835.0;874.0
86;2;248.1;25.4;18.1;26.6;2;desaconsejado;open_meteo_polo;835.0;874.0
86;3;278.6;27.9;17.9;26.7;1;desaconsejado;open_meteo_polo;835.0;874.0
86;4;178.6;23.2;17.8;26.8;7;advertencia;open_meteo_polo;835.0;874.0
86;5;102.8;20.1;17.8;26.6;8;viable;open_meteo_polo;835.0;874.0
86;6;68.5;14.8;17.0;26.2;10;viable;open_meteo_polo;835.0;874.0
86;7;38.0;9.2;16.2;26.7;12;viable;open_meteo_polo;835.0;874.0
86;8;52.9;11.1;16.2;27.9;11;viable;open_meteo_polo;835.0;874.0
86;9;73.6;15.4;16.9;28.5;9;viable;open_meteo_polo;835.0;874.0
86;10;188.6;22.7;17.7;27.7;6;advertencia;open_meteo_polo;835.0;874.0
86;11;242.7;25.6;18.1;27.3;3;desaconsejado;open_meteo_polo;835.0;874.0
86;12;206.7;26.7;18.0;26.8;4;advertencia;open_meteo_polo;835.0;874.0
87;1;217.6;26.7;4.6;13.8;2;desaconsejado;open_meteo_polo;4950.0;3873.0
87;2;218.9;26.3;5.0;13.6;1;desaconsejado;open_meteo_polo;4950.0;3873.0
87;3;189.4;28.4;4.7;13.4;3;desaconsejado;open_meteo_polo;4950.0;3873.0
87;4;90.3;16.9;3.3;13.9;6;viable;open_meteo_polo;4950.0;3873.0
87;5;33.5;9.3;2.1;13.7;9;viable;open_meteo_polo;4950.0;3873.0
87;6;10.8;2.8;1.5;13.7;11;viable;open_meteo_polo;4950.0;3873.0
87;7;7.7;2.2;1.7;14.4;12;viable;open_meteo_polo;4950.0;3873.0
87;8;11.7;4.6;1.7;15.2;10;viable;open_meteo_polo;4950.0;3873.0
87;9;44.4;11.4;2.7;15.7;8;viable;open_meteo_polo;4950.0;3873.0
87;10;78.0;16.8;3.1;15.6;7;viable;open_meteo_polo;4950.0;3873.0
87;11;95.7;15.9;3.7;16.1;5;viable;open_meteo_polo;4950.0;3873.0
87;12;164.6;23.9;4.2;14.7;4;advertencia;open_meteo_polo;4950.0;3873.0
88;1;227.5;28.1;8.7;17.9;3;desaconsejado;open_meteo_polo;4255.0;3254.0
88;2;245.1;26.5;9.0;17.8;1;desaconsejado;open_meteo_polo;4255.0;3254.0
88;3;233.4;29.7;9.1;17.5;2;desaconsejado;open_meteo_polo;4255.0;3254.0
88;4;96.1;21.4;7.8;17.4;7;viable;open_meteo_polo;4255.0;3254.0
88;5;39.5;11.3;6.4;17.1;9;viable;open_meteo_polo;4255.0;3254.0
88;6;12.0;3.2;5.7;16.8;12;viable;open_meteo_polo;4255.0;3254.0
88;7;12.6;3.7;5.7;17.3;11;viable;open_meteo_polo;4255.0;3254.0
88;8;21.7;7.8;5.7;18.1;10;viable;open_meteo_polo;4255.0;3254.0
88;9;63.9;16.9;6.6;18.7;8;viable;open_meteo_polo;4255.0;3254.0
88;10;106.2;21.0;6.9;19.2;5;viable;open_meteo_polo;4255.0;3254.0
88;11;101.1;19.3;7.2;20.0;6;viable;open_meteo_polo;4255.0;3254.0
88;12;172.7;23.8;8.1;19.0;4;advertencia;open_meteo_polo;4255.0;3254.0
89;1;258.5;23.4;10.5;17.1;2;desaconsejado;open_meteo_polo;1059.0;2628.0
89;2;272.9;24.0;10.7;17.0;1;desaconsejado;open_meteo_polo;1059.0;2628.0
89;3;243.8;25.6;10.7;16.6;3;desaconsejado;open_meteo_polo;1059.0;2628.0
89;4;221.8;23.4;10.9;16.9;5;advertencia;open_meteo_polo;1059.0;2628.0
89;5;193.2;20.8;11.0;17.8;6;advertencia;open_meteo_polo;1059.0;2628.0
89;6;112.5;15.4;10.5;18.1;9;viable;open_meteo_polo;1059.0;2628.0
89;7;71.0;10.0;10.5;19.6;11;viable;open_meteo_polo;1059.0;2628.0
89;8;65.6;11.0;10.8;20.8;12;viable;open_meteo_polo;1059.0;2628.0
89;9;100.1;15.1;11.1;20.4;10;viable;open_meteo_polo;1059.0;2628.0
89;10;191.6;20.9;10.8;18.4;7;advertencia;open_meteo_polo;1059.0;2628.0
89;11;122.7;16.7;10.7;18.5;8;viable;open_meteo_polo;1059.0;2628.0
89;12;227.9;23.0;10.5;17.6;4;advertencia;open_meteo_polo;1059.0;2628.0
90;1;228.6;25.3;20.5;28.6;3;desaconsejado;open_meteo_polo;555.0;553.0
90;2;233.1;24.0;20.7;28.8;2;desaconsejado;open_meteo_polo;555.0;553.0
90;3;244.3;25.6;20.5;28.7;1;desaconsejado;open_meteo_polo;555.0;553.0
90;4;179.8;21.0;20.3;28.8;7;advertencia;open_meteo_polo;555.0;553.0
90;5;118.4;17.3;20.0;28.3;8;viable;open_meteo_polo;555.0;553.0
90;6;108.2;13.9;19.2;27.6;9;viable;open_meteo_polo;555.0;553.0
90;7;70.1;11.8;18.9;28.0;12;viable;open_meteo_polo;555.0;553.0
90;8;85.4;12.6;19.2;29.1;10;viable;open_meteo_polo;555.0;553.0
90;9;85.2;14.2;19.8;30.0;11;viable;open_meteo_polo;555.0;553.0
90;10;194.0;19.6;20.5;29.7;6;advertencia;open_meteo_polo;555.0;553.0
90;11;223.0;22.3;20.7;29.0;4;advertencia;open_meteo_polo;555.0;553.0
90;12;221.6;23.9;20.6;28.7;5;advertencia;open_meteo_polo;555.0;553.0
91;1;240.8;25.2;22.7;29.9;3;desaconsejado;open_meteo_polo;310.0;236.0
91;2;274.5;24.7;22.6;29.5;2;desaconsejado;open_meteo_polo;310.0;236.0
91;3;228.0;24.6;22.5;29.7;4;advertencia;open_meteo_polo;310.0;236.0
91;4;143.6;19.1;22.1;29.6;7;viable;open_meteo_polo;310.0;236.0
91;5;90.8;13.1;20.9;28.9;8;viable;open_meteo_polo;310.0;236.0
91;6;42.5;7.8;19.7;28.8;10;viable;open_meteo_polo;310.0;236.0
91;7;25.4;4.6;19.3;30.2;12;viable;open_meteo_polo;310.0;236.0
91;8;38.1;6.1;20.1;31.6;11;viable;open_meteo_polo;310.0;236.0
91;9;71.9;10.4;22.0;32.8;9;viable;open_meteo_polo;310.0;236.0
91;10;145.7;17.2;22.4;31.8;6;viable;open_meteo_polo;310.0;236.0
91;11;188.5;21.1;22.5;30.8;5;advertencia;open_meteo_polo;310.0;236.0
91;12;296.6;24.3;22.6;30.2;1;desaconsejado;open_meteo_polo;310.0;236.0
92;1;199.2;26.6;10.2;17.9;5;advertencia;open_meteo_polo;2421.0;2532.0
92;2;231.3;25.4;10.4;18.0;2;desaconsejado;open_meteo_polo;2421.0;2532.0
92;3;280.3;27.8;10.4;18.1;1;desaconsejado;open_meteo_polo;2421.0;2532.0
92;4;223.7;27.4;10.4;18.3;4;advertencia;open_meteo_polo;2421.0;2532.0
92;5;136.6;24.1;10.3;18.6;8;viable;open_meteo_polo;2421.0;2532.0
92;6;69.4;16.3;9.7;18.1;10;viable;open_meteo_polo;2421.0;2532.0
92;7;48.8;13.5;9.6;18.3;12;viable;open_meteo_polo;2421.0;2532.0
92;8;56.9;15.0;9.6;18.9;11;viable;open_meteo_polo;2421.0;2532.0
92;9;109.7;20.3;10.1;19.1;9;viable;open_meteo_polo;2421.0;2532.0
92;10;173.7;24.7;9.9;18.7;6;advertencia;open_meteo_polo;2421.0;2532.0
92;11;143.3;18.9;9.6;19.0;7;viable;open_meteo_polo;2421.0;2532.0
92;12;224.0;25.3;10.0;18.2;3;desaconsejado;open_meteo_polo;2421.0;2532.0
93;1;241.3;28.6;9.1;18.6;1;desaconsejado;open_meteo_polo;4070.0;3143.0
93;2;232.4;26.4;9.6;18.7;2;desaconsejado;open_meteo_polo;4070.0;3143.0
93;3;224.6;28.9;9.7;18.3;3;desaconsejado;open_meteo_polo;4070.0;3143.0
93;4;97.3;20.5;8.0;18.3;7;viable;open_meteo_polo;4070.0;3143.0
93;5;51.2;13.2;6.6;18.0;9;viable;open_meteo_polo;4070.0;3143.0
93;6;18.5;5.5;5.5;17.7;12;viable;open_meteo_polo;4070.0;3143.0
93;7;19.0;5.6;5.3;18.1;11;viable;open_meteo_polo;4070.0;3143.0
93;8;31.2;8.8;5.7;18.9;10;viable;open_meteo_polo;4070.0;3143.0
93;9;75.7;17.5;7.0;19.4;8;viable;open_meteo_polo;4070.0;3143.0
93;10;124.4;22.9;7.4;19.7;5;viable;open_meteo_polo;4070.0;3143.0
93;11;122.6;20.5;7.7;20.3;6;viable;open_meteo_polo;4070.0;3143.0
93;12;175.6;24.5;8.6;19.5;4;advertencia;open_meteo_polo;4070.0;3143.0
94;1;412.4;28.0;20.9;29.2;1;desaconsejado;open_meteo_polo;752.0;505.0
94;2;342.4;25.9;21.1;29.2;3;desaconsejado;open_meteo_polo;752.0;505.0
94;3;302.4;26.5;21.0;29.8;5;advertencia;open_meteo_polo;752.0;505.0
94;4;190.6;22.4;20.9;29.7;7;advertencia;open_meteo_polo;752.0;505.0
94;5;120.2;18.9;20.3;29.1;8;viable;open_meteo_polo;752.0;505.0
94;6;85.7;13.4;19.1;28.4;10;viable;open_meteo_polo;752.0;505.0
94;7;64.5;12.1;18.6;28.7;12;viable;open_meteo_polo;752.0;505.0
94;8;80.5;14.0;18.9;29.6;11;viable;open_meteo_polo;752.0;505.0
94;9;115.7;17.8;19.8;30.7;9;viable;open_meteo_polo;752.0;505.0
94;10;235.9;24.7;20.7;30.5;6;advertencia;open_meteo_polo;752.0;505.0
94;11;324.7;24.3;21.0;29.8;4;advertencia;open_meteo_polo;752.0;505.0
94;12;392.5;28.1;21.1;29.5;2;desaconsejado;open_meteo_polo;752.0;505.0
95;1;251.5;29.3;8.6;15.8;1;desaconsejado;open_meteo_polo;4757.0;3327.0
95;2;245.1;27.6;8.9;15.7;2;desaconsejado;open_meteo_polo;4757.0;3327.0
95;3;235.0;30.6;8.9;15.5;3;desaconsejado;open_meteo_polo;4757.0;3327.0
95;4;106.8;24.1;7.7;15.8;7;viable;open_meteo_polo;4757.0;3327.0
95;5;43.2;13.8;6.5;15.5;9;viable;open_meteo_polo;4757.0;3327.0
95;6;15.3;4.6;5.7;15.2;12;viable;open_meteo_polo;4757.0;3327.0
95;7;15.6;5.3;5.4;15.8;11;viable;open_meteo_polo;4757.0;3327.0
95;8;27.5;9.7;5.4;16.1;10;viable;open_meteo_polo;4757.0;3327.0
95;9;79.3;21.3;6.5;16.5;8;viable;open_meteo_polo;4757.0;3327.0
95;10;129.0;25.0;7.3;16.7;6;viable;open_meteo_polo;4757.0;3327.0
95;11;147.3;25.1;7.9;17.1;5;viable;open_meteo_polo;4757.0;3327.0
95;12;206.1;27.4;8.3;16.6;4;advertencia;open_meteo_polo;4757.0;3327.0
96;1;428.2;29.7;14.2;22.2;1;desaconsejado;open_meteo_polo;2249.0;1814.0
96;2;401.7;27.6;14.5;22.3;2;desaconsejado;open_meteo_polo;2249.0;1814.0
96;3;382.4;30.2;14.0;22.4;4;advertencia;open_meteo_polo;2249.0;1814.0
96;4;251.5;28.0;13.5;22.7;7;advertencia;open_meteo_polo;2249.0;1814.0
96;5;176.3;27.0;13.2;22.3;9;advertencia;open_meteo_polo;2249.0;1814.0
96;6;138.9;20.7;12.3;21.7;11;viable;open_meteo_polo;2249.0;1814.0
96;7;114.0;20.3;11.6;21.7;12;viable;open_meteo_polo;2249.0;1814.0
96;8;148.9;23.6;11.7;22.0;10;viable;open_meteo_polo;2249.0;1814.0
96;9;208.6;26.9;11.9;22.6;8;advertencia;open_meteo_polo;2249.0;1814.0
96;10;313.0;29.5;13.1;22.7;6;advertencia;open_meteo_polo;2249.0;1814.0
96;11;333.3;28.1;14.0;22.7;5;advertencia;open_meteo_polo;2249.0;1814.0
96;12;389.5;29.9;14.3;22.6;3;desaconsejado;open_meteo_polo;2249.0;1814.0
97;1;295.5;26.5;8.5;15.5;2;desaconsejado;open_meteo_polo;3593.0;3145.0
97;2;325.1;27.0;8.6;15.4;1;desaconsejado;open_meteo_polo;3593.0;3145.0
97;3;253.1;27.5;7.8;15.4;3;desaconsejado;open_meteo_polo;3593.0;3145.0
97;4;33.2;7.9;6.9;16.9;5;viable;open_meteo_polo;3593.0;3145.0
97;5;3.5;0.7;6.1;17.3;8;viable;open_meteo_polo;3593.0;3145.0
97;6;1.9;0.7;5.2;16.4;9;viable;open_meteo_polo;3593.0;3145.0
97;7;1.7;0.4;5.2;17.0;10;viable;open_meteo_polo;3593.0;3145.0
97;8;0.2;0.0;5.4;17.4;12;viable;open_meteo_polo;3593.0;3145.0
97;9;1.2;0.4;7.1;18.7;11;viable;open_meteo_polo;3593.0;3145.0
97;10;11.6;2.5;7.7;18.7;7;viable;open_meteo_polo;3593.0;3145.0
97;11;13.5;3.4;8.2;18.6;6;viable;open_meteo_polo;3593.0;3145.0
97;12;94.6;13.8;8.5;17.5;4;viable;open_meteo_polo;3593.0;3145.0
99;1;14.6;4.1;20.5;27.1;4;viable;open_meteo_polo;25.0;35.0
99;2;32.1;5.7;22.0;28.8;2;viable;open_meteo_polo;25.0;35.0
99;3;75.7;7.6;22.0;28.7;1;advertencia;open_meteo_polo;25.0;35.0
99;4;19.4;4.5;20.5;26.5;3;viable;open_meteo_polo;25.0;35.0
99;5;5.4;2.2;18.8;24.4;8;viable;open_meteo_polo;25.0;35.0
99;6;0.8;0.2;17.7;22.9;10;viable;open_meteo_polo;25.0;35.0
99;7;1.6;0.5;16.9;22.1;9;viable;open_meteo_polo;25.0;35.0
99;8;0.3;0.1;16.5;21.7;12;viable;open_meteo_polo;25.0;35.0
99;9;0.8;0.2;16.3;21.7;10;viable;open_meteo_polo;25.0;35.0
99;10;7.7;1.7;16.6;22.1;6;viable;open_meteo_polo;25.0;35.0
99;11;5.7;1.8;17.1;23.1;7;viable;open_meteo_polo;25.0;35.0
99;12;13.4;3.9;18.7;24.8;5;viable;open_meteo_polo;25.0;35.0
100;1;222.5;27.6;5.1;14.9;2;desaconsejado;open_meteo_polo;4384.0;3556.0
100;2;217.8;26.2;5.9;15.4;3;desaconsejado;open_meteo_polo;4384.0;3556.0
100;3;260.3;29.7;5.7;14.9;1;desaconsejado;open_meteo_polo;4384.0;3556.0
100;4;153.9;25.1;5.2;15.4;7;advertencia;open_meteo_polo;4384.0;3556.0
100;5;70.0;18.4;5.0;15.5;9;viable;open_meteo_polo;4384.0;3556.0
100;6;28.7;8.1;4.0;15.5;11;viable;open_meteo_polo;4384.0;3556.0
100;7;17.1;5.1;3.3;16.0;12;viable;open_meteo_polo;4384.0;3556.0
100;8;32.5;10.3;3.8;16.6;10;viable;open_meteo_polo;4384.0;3556.0
100;9;87.7;18.5;4.2;16.1;8;viable;open_meteo_polo;4384.0;3556.0
100;10;165.2;26.2;4.8;15.6;6;advertencia;open_meteo_polo;4384.0;3556.0
100;11;177.4;24.9;4.9;15.8;5;advertencia;open_meteo_polo;4384.0;3556.0
100;12;216.9;27.6;5.2;15.4;4;advertencia;open_meteo_polo;4384.0;3556.0
101;1;257.2;23.5;20.8;28.8;2;desaconsejado;open_meteo_polo;578.0;501.0
101;2;266.2;23.3;21.0;29.2;1;desaconsejado;open_meteo_polo;578.0;501.0
101;3;254.6;24.5;20.9;29.1;3;desaconsejado;open_meteo_polo;578.0;501.0
101;4;172.3;20.8;20.8;29.0;7;advertencia;open_meteo_polo;578.0;501.0
101;5;131.5;18.7;20.5;28.5;8;viable;open_meteo_polo;578.0;501.0
101;6;81.9;14.0;19.6;27.8;9;viable;open_meteo_polo;578.0;501.0
101;7;63.3;11.3;19.0;28.1;12;viable;open_meteo_polo;578.0;501.0
101;8;74.0;10.9;19.3;29.6;10;viable;open_meteo_polo;578.0;501.0
101;9;73.5;12.5;19.9;30.5;11;viable;open_meteo_polo;578.0;501.0
101;10;185.0;20.2;20.6;30.1;6;advertencia;open_meteo_polo;578.0;501.0
101;11;239.7;21.8;21.0;29.3;4;advertencia;open_meteo_polo;578.0;501.0
101;12;236.3;22.6;20.8;29.1;5;advertencia;open_meteo_polo;578.0;501.0
102;1;244.6;28.0;3.9;12.4;2;desaconsejado;open_meteo_polo;4396.0;3771.0
102;2;253.3;26.8;4.0;12.2;1;desaconsejado;open_meteo_polo;4396.0;3771.0
102;3;193.3;27.8;3.4;12.3;4;advertencia;open_meteo_polo;4396.0;3771.0
102;4;108.6;22.2;2.7;12.9;7;viable;open_meteo_polo;4396.0;3771.0
102;5;69.7;17.9;1.6;13.0;9;viable;open_meteo_polo;4396.0;3771.0
102;6;41.6;11.6;0.5;12.3;11;viable;open_meteo_polo;4396.0;3771.0
102;7;27.7;6.2;0.1;12.6;12;viable;open_meteo_polo;4396.0;3771.0
102;8;51.4;14.5;0.5;12.6;10;viable;open_meteo_polo;4396.0;3771.0
102;9;72.7;20.8;1.5;12.6;8;viable;open_meteo_polo;4396.0;3771.0
102;10;123.8;24.7;2.3;12.9;6;viable;open_meteo_polo;4396.0;3771.0
102;11;169.6;25.8;3.4;13.3;5;advertencia;open_meteo_polo;4396.0;3771.0
102;12;242.5;28.8;3.8;12.6;3;desaconsejado;open_meteo_polo;4396.0;3771.0
103;1;215.6;30.4;11.4;17.6;1;desaconsejado;open_meteo_polo;4480.0;2846.0
103;2;207.4;28.1;11.9;17.8;2;desaconsejado;open_meteo_polo;4480.0;2846.0
103;3;194.8;30.6;11.6;17.7;4;advertencia;open_meteo_polo;4480.0;2846.0
103;4;109.6;27.0;11.0;17.9;7;viable;open_meteo_polo;4480.0;2846.0
103;5;61.7;18.5;10.1;17.6;9;viable;open_meteo_polo;4480.0;2846.0
103;6;28.3;9.3;9.2;17.4;11;viable;open_meteo_polo;4480.0;2846.0
103;7;23.8;7.7;9.0;17.8;12;viable;open_meteo_polo;4480.0;2846.0
103;8;45.6;15.5;9.0;17.6;10;viable;open_meteo_polo;4480.0;2846.0
103;9;73.5;22.4;9.7;17.5;8;viable;open_meteo_polo;4480.0;2846.0
103;10;133.8;28.4;10.6;17.7;6;viable;open_meteo_polo;4480.0;2846.0
103;11;157.3;28.6;11.4;18.2;5;advertencia;open_meteo_polo;4480.0;2846.0
103;12;200.5;29.8;11.6;18.0;3;desaconsejado;open_meteo_polo;4480.0;2846.0
104;1;209.6;27.1;5.9;14.8;3;desaconsejado;open_meteo_polo;3403.0;3602.0
104;2;212.7;25.8;6.3;14.9;2;desaconsejado;open_meteo_polo;3403.0;3602.0
104;3;215.3;30.0;6.4;14.9;1;desaconsejado;open_meteo_polo;3403.0;3602.0
104;4;104.8;20.1;4.9;15.2;7;viable;open_meteo_polo;3403.0;3602.0
104;5;50.2;13.4;4.2;15.0;9;viable;open_meteo_polo;3403.0;3602.0
104;6;12.7;3.9;3.4;15.5;12;viable;open_meteo_polo;3403.0;3602.0
104;7;14.3;3.9;3.1;16.0;11;viable;open_meteo_polo;3403.0;3602.0
104;8;20.3;6.3;3.6;16.8;10;viable;open_meteo_polo;3403.0;3602.0
104;9;69.2;15.2;4.5;16.3;8;viable;open_meteo_polo;3403.0;3602.0
104;10;119.4;21.5;4.9;15.7;5;viable;open_meteo_polo;3403.0;3602.0
104;11;113.6;20.5;5.0;16.1;6;viable;open_meteo_polo;3403.0;3602.0
104;12;166.7;24.2;5.5;15.6;4;advertencia;open_meteo_polo;3403.0;3602.0
105;1;14.3;4.1;18.2;25.9;2;viable;open_meteo_polo;407.0;480.0
105;2;14.5;4.7;19.6;27.3;1;viable;open_meteo_polo;407.0;480.0
105;3;11.9;4.2;19.4;27.2;3;viable;open_meteo_polo;407.0;480.0
105;4;2.5;1.1;17.6;25.5;5;viable;open_meteo_polo;407.0;480.0
105;5;1.3;0.4;14.8;22.4;7;viable;open_meteo_polo;407.0;480.0
105;6;1.2;0.3;12.4;19.8;9;viable;open_meteo_polo;407.0;480.0
105;7;0.3;0.0;11.5;19.3;12;viable;open_meteo_polo;407.0;480.0
105;8;0.5;0.0;11.2;19.3;11;viable;open_meteo_polo;407.0;480.0
105;9;0.5;0.1;11.8;20.3;10;viable;open_meteo_polo;407.0;480.0
105;10;1.6;0.3;12.9;21.4;6;viable;open_meteo_polo;407.0;480.0
105;11;1.3;0.5;13.8;22.3;8;viable;open_meteo_polo;407.0;480.0
105;12;5.9;1.8;16.0;24.0;4;viable;open_meteo_polo;407.0;480.0
106;1;15.6;3.9;21.3;27.7;1;viable;open_meteo_polo;517.0;23.0
106;2;12.5;2.9;22.4;28.8;2;viable;open_meteo_polo;517.0;23.0
106;3;3.9;0.9;21.6;28.3;4;viable;open_meteo_polo;517.0;23.0
106;4;2.2;0.5;19.2;26.2;8;viable;open_meteo_polo;517.0;23.0
106;5;1.0;0.3;17.1;23.9;11;viable;open_meteo_polo;517.0;23.0
106;6;1.0;0.1;15.5;22.0;12;viable;open_meteo_polo;517.0;23.0
106;7;3.1;0.8;14.6;21.2;5;viable;open_meteo_polo;517.0;23.0
106;8;2.1;0.4;14.4;21.1;9;viable;open_meteo_polo;517.0;23.0
106;9;1.9;0.4;14.9;21.7;10;viable;open_meteo_polo;517.0;23.0
106;10;3.0;1.1;15.9;23.0;7;viable;open_meteo_polo;517.0;23.0
106;11;3.0;0.7;17.4;24.3;6;viable;open_meteo_polo;517.0;23.0
106;12;4.9;1.4;19.3;25.9;3;viable;open_meteo_polo;517.0;23.0
107;1;138.2;20.0;12.9;21.6;3;advertencia;open_meteo_polo;1609.0;2507.0
107;2;182.7;23.3;12.9;20.5;1;desaconsejado;open_meteo_polo;1609.0;2507.0
107;3;171.0;25.4;12.7;20.2;2;desaconsejado;open_meteo_polo;1609.0;2507.0
107;4;56.8;9.9;12.5;22.3;4;viable;open_meteo_polo;1609.0;2507.0
107;5;13.0;3.2;13.0;24.0;7;viable;open_meteo_polo;1609.0;2507.0
107;6;6.8;1.3;12.2;23.5;8;viable;open_meteo_polo;1609.0;2507.0
107;7;6.3;1.3;12.3;23.7;9;viable;open_meteo_polo;1609.0;2507.0
107;8;2.8;1.2;12.4;24.6;12;viable;open_meteo_polo;1609.0;2507.0
107;9;5.7;1.5;13.4;25.6;10;viable;open_meteo_polo;1609.0;2507.0
107;10;16.8;3.7;13.1;25.3;6;viable;open_meteo_polo;1609.0;2507.0
107;11;4.6;1.5;13.2;25.3;11;viable;open_meteo_polo;1609.0;2507.0
107;12;55.1;8.8;13.2;24.0;5;viable;open_meteo_polo;1609.0;2507.0
108;1;271.9;29.0;10.5;18.7;5;advertencia;open_meteo_polo;3641.0;2652.0
108;2;305.6;26.7;10.9;18.8;2;desaconsejado;open_meteo_polo;3641.0;2652.0
108;3;406.7;29.9;11.1;18.8;1;desaconsejado;open_meteo_polo;3641.0;2652.0
108;4;297.9;29.0;11.0;19.3;3;desaconsejado;open_meteo_polo;3641.0;2652.0
108;5;210.7;26.3;10.4;19.8;7;advertencia;open_meteo_polo;3641.0;2652.0
108;6;93.2;15.7;9.4;19.7;10;viable;open_meteo_polo;3641.0;2652.0
108;7;53.2;10.4;8.7;20.5;12;viable;open_meteo_polo;3641.0;2652.0
108;8;53.9;11.4;9.0;20.8;11;viable;open_meteo_polo;3641.0;2652.0
108;9;154.8;21.3;9.8;20.7;9;advertencia;open_meteo_polo;3641.0;2652.0
108;10;245.2;26.0;9.8;19.6;6;advertencia;open_meteo_polo;3641.0;2652.0
108;11;186.9;20.9;9.8;19.7;8;advertencia;open_meteo_polo;3641.0;2652.0
108;12;294.5;26.9;10.5;19.1;4;advertencia;open_meteo_polo;3641.0;2652.0
109;1;235.6;20.9;23.0;30.0;5;advertencia;open_meteo_polo;169.0;133.0
109;2;257.6;22.5;22.9;29.8;4;advertencia;open_meteo_polo;169.0;133.0
109;3;327.0;25.5;22.8;29.6;1;desaconsejado;open_meteo_polo;169.0;133.0
109;4;311.5;24.2;22.7;29.3;2;desaconsejado;open_meteo_polo;169.0;133.0
109;5;261.7;21.8;22.3;28.7;3;desaconsejado;open_meteo_polo;169.0;133.0
109;6;174.8;18.0;21.7;28.5;9;advertencia;open_meteo_polo;169.0;133.0
109;7;129.6;14.1;21.7;29.2;11;viable;open_meteo_polo;169.0;133.0
109;8;114.5;12.1;22.1;30.8;12;viable;open_meteo_polo;169.0;133.0
109;9;170.7;17.2;23.0;31.2;10;advertencia;open_meteo_polo;169.0;133.0
109;10;221.0;20.7;23.1;30.8;8;advertencia;open_meteo_polo;169.0;133.0
109;11;224.0;22.4;23.1;30.2;6;advertencia;open_meteo_polo;169.0;133.0
109;12;223.2;23.4;23.0;29.9;7;advertencia;open_meteo_polo;169.0;133.0
110;1;187.1;27.9;0.9;10.0;3;desaconsejado;open_meteo_polo;4789.0;4312.0
110;2;187.4;26.1;1.5;10.2;2;desaconsejado;open_meteo_polo;4789.0;4312.0
110;3;204.1;29.4;1.5;9.9;1;desaconsejado;open_meteo_polo;4789.0;4312.0
110;4;114.5;22.5;0.6;10.3;7;viable;open_meteo_polo;4789.0;4312.0
110;5;66.7;16.3;0.1;10.3;9;viable;open_meteo_polo;4789.0;4312.0
110;6;22.5;7.0;-0.9;10.0;11;viable;open_meteo_polo;4789.0;4312.0
110;7;19.0;6.1;-1.4;10.3;12;viable;open_meteo_polo;4789.0;4312.0
110;8;32.3;10.0;-1.2;11.0;10;viable;open_meteo_polo;4789.0;4312.0
110;9;83.6;19.0;-0.4;10.7;8;viable;open_meteo_polo;4789.0;4312.0
110;10;137.0;24.8;0.2;10.7;6;viable;open_meteo_polo;4789.0;4312.0
110;11;151.3;25.0;0.4;10.9;5;advertencia;open_meteo_polo;4789.0;4312.0
110;12;181.1;27.4;0.8;10.6;4;advertencia;open_meteo_polo;4789.0;4312.0
111;1;246.6;22.8;20.1;28.3;1;desaconsejado;open_meteo_polo;617.0;678.0
111;2;233.3;22.9;20.1;28.3;2;desaconsejado;open_meteo_polo;617.0;678.0
111;3;191.7;22.7;20.0;28.6;4;advertencia;open_meteo_polo;617.0;678.0
111;4;112.1;15.3;19.9;28.6;7;viable;open_meteo_polo;617.0;678.0
111;5;100.6;12.9;19.4;27.9;8;viable;open_meteo_polo;617.0;678.0
111;6;88.5;11.0;18.3;27.2;9;viable;open_meteo_polo;617.0;678.0
111;7;45.9;7.5;17.9;27.7;12;viable;open_meteo_polo;617.0;678.0
111;8;63.2;10.4;18.1;28.6;11;viable;open_meteo_polo;617.0;678.0
111;9;67.2;10.8;19.1;29.9;10;viable;open_meteo_polo;617.0;678.0
111;10;123.0;17.9;19.8;29.7;6;viable;open_meteo_polo;617.0;678.0
111;11;170.5;19.9;20.2;28.8;5;advertencia;open_meteo_polo;617.0;678.0
111;12;226.3;23.4;20.1;28.5;3;desaconsejado;open_meteo_polo;617.0;678.0
113;1;35.6;7.3;15.7;24.3;2;viable;open_meteo_polo;1747.0;1766.0
113;2;83.9;10.3;15.9;23.4;1;advertencia;open_meteo_polo;1747.0;1766.0
113;3;31.7;7.4;16.1;24.3;3;viable;open_meteo_polo;1747.0;1766.0
113;4;9.1;2.1;16.2;25.0;4;viable;open_meteo_polo;1747.0;1766.0
113;5;0.9;0.2;16.2;25.3;7;viable;open_meteo_polo;1747.0;1766.0
113;6;1.3;0.3;15.5;24.5;6;viable;open_meteo_polo;1747.0;1766.0
113;7;0.9;0.2;15.4;24.6;8;viable;open_meteo_polo;1747.0;1766.0
113;8;0.0;0.0;15.3;25.1;12;viable;open_meteo_polo;1747.0;1766.0
113;9;0.0;0.0;15.7;25.9;11;viable;open_meteo_polo;1747.0;1766.0
113;10;0.4;0.2;15.5;26.0;9;viable;open_meteo_polo;1747.0;1766.0
113;11;0.3;0.1;15.5;25.6;10;viable;open_meteo_polo;1747.0;1766.0
113;12;6.2;1.9;15.7;25.1;5;viable;open_meteo_polo;1747.0;1766.0
114;1;197.7;28.6;9.7;16.6;1;desaconsejado;open_meteo_polo;4185.0;3061.0
114;2;185.1;26.9;10.1;16.8;2;desaconsejado;open_meteo_polo;4185.0;3061.0
114;3;174.2;28.5;10.1;16.6;3;desaconsejado;open_meteo_polo;4185.0;3061.0
114;4;95.3;21.0;9.3;16.8;8;viable;open_meteo_polo;4185.0;3061.0
114;5;97.0;19.5;8.6;16.8;7;viable;open_meteo_polo;4185.0;3061.0
114;6;46.1;12.1;7.4;16.5;11;viable;open_meteo_polo;4185.0;3061.0
114;7;29.4;7.7;6.5;16.9;12;viable;open_meteo_polo;4185.0;3061.0
114;8;52.5;14.0;7.2;17.3;10;viable;open_meteo_polo;4185.0;3061.0
114;9;76.1;18.8;8.1;17.0;9;viable;open_meteo_polo;4185.0;3061.0
114;10;118.5;24.3;8.9;17.2;6;viable;open_meteo_polo;4185.0;3061.0
114;11;143.3;23.4;9.3;17.5;5;viable;open_meteo_polo;4185.0;3061.0
114;12;165.9;28.1;9.6;17.1;4;advertencia;open_meteo_polo;4185.0;3061.0
117;1;12.4;2.9;22.3;29.2;5;viable;open_meteo_polo;0.0;9.0
117;2;33.8;7.2;23.7;29.8;3;viable;open_meteo_polo;0.0;9.0
117;3;77.3;8.2;23.7;30.2;1;advertencia;open_meteo_polo;0.0;9.0
117;4;34.2;5.4;22.2;29.5;2;viable;open_meteo_polo;0.0;9.0
117;5;11.4;3.1;20.5;28.0;6;viable;open_meteo_polo;0.0;9.0
117;6;2.8;0.7;19.0;26.4;9;viable;open_meteo_polo;0.0;9.0
117;7;0.8;0.1;18.1;25.6;12;viable;open_meteo_polo;0.0;9.0
117;8;1.1;0.4;17.7;25.1;11;viable;open_meteo_polo;0.0;9.0
117;9;1.2;0.2;17.6;25.2;10;viable;open_meteo_polo;0.0;9.0
117;10;5.1;1.9;18.0;25.5;8;viable;open_meteo_polo;0.0;9.0
117;11;5.6;1.6;18.4;25.7;7;viable;open_meteo_polo;0.0;9.0
117;12;13.9;3.5;20.2;27.5;4;viable;open_meteo_polo;0.0;9.0
120;1;5.5;1.5;20.3;25.4;2;viable;open_meteo_polo;168.0;24.0
120;2;7.5;1.5;21.3;26.4;1;viable;open_meteo_polo;168.0;24.0
120;3;1.9;0.5;20.6;26.1;8;viable;open_meteo_polo;168.0;24.0
120;4;1.1;0.4;18.4;24.1;11;viable;open_meteo_polo;168.0;24.0
120;5;0.5;0.0;16.1;21.4;12;viable;open_meteo_polo;168.0;24.0
120;6;3.7;0.9;14.5;19.2;4;viable;open_meteo_polo;168.0;24.0
120;7;4.1;1.1;13.7;18.1;3;viable;open_meteo_polo;168.0;24.0
120;8;3.0;0.7;13.3;17.9;5;viable;open_meteo_polo;168.0;24.0
120;9;2.4;0.6;13.7;18.5;7;viable;open_meteo_polo;168.0;24.0
120;10;2.8;0.8;14.8;19.8;6;viable;open_meteo_polo;168.0;24.0
120;11;1.3;0.4;16.0;21.3;9;viable;open_meteo_polo;168.0;24.0
120;12;1.2;0.4;18.1;23.0;10;viable;open_meteo_polo;168.0;24.0
121;1;73.1;11.2;23.4;29.9;4;viable;open_meteo_polo;58.0;9.0
121;2;168.7;18.6;23.9;29.9;2;desaconsejado;open_meteo_polo;58.0;9.0
121;3;199.0;20.2;23.7;29.4;1;desaconsejado;open_meteo_polo;58.0;9.0
121;4;126.2;13.7;23.4;29.5;3;advertencia;open_meteo_polo;58.0;9.0
121;5;30.2;6.8;22.7;29.1;5;viable;open_meteo_polo;58.0;9.0
121;6;6.1;1.7;21.5;28.2;9;viable;open_meteo_polo;58.0;9.0
121;7;2.7;0.9;20.7;27.5;11;viable;open_meteo_polo;58.0;9.0
121;8;3.5;0.9;20.1;27.0;10;viable;open_meteo_polo;58.0;9.0
121;9;2.6;0.9;20.3;27.3;12;viable;open_meteo_polo;58.0;9.0
121;10;8.5;2.0;20.7;27.4;8;viable;open_meteo_polo;58.0;9.0
121;11;9.7;2.5;20.5;27.4;7;viable;open_meteo_polo;58.0;9.0
121;12;27.9;5.6;22.2;28.9;6;viable;open_meteo_polo;58.0;9.0
122;1;210.9;25.6;14.7;22.0;3;desaconsejado;open_meteo_polo;3020.0;1971.0
122;2;226.2;25.3;15.1;22.3;2;desaconsejado;open_meteo_polo;3020.0;1971.0
122;3;272.4;27.3;14.9;22.3;1;desaconsejado;open_meteo_polo;3020.0;1971.0
122;4;186.5;21.9;14.8;22.5;5;advertencia;open_meteo_polo;3020.0;1971.0
122;5;68.5;15.6;14.5;22.5;8;viable;open_meteo_polo;3020.0;1971.0
122;6;42.3;11.2;13.6;21.7;10;viable;open_meteo_polo;3020.0;1971.0
122;7;34.6;8.8;13.1;21.3;11;viable;open_meteo_polo;3020.0;1971.0
122;8;28.9;8.2;12.9;22.2;12;viable;open_meteo_polo;3020.0;1971.0
122;9;43.8;11.4;13.3;23.0;9;viable;open_meteo_polo;3020.0;1971.0
122;10;139.4;19.8;13.9;23.1;6;viable;open_meteo_polo;3020.0;1971.0
122;11;134.3;19.2;14.0;23.2;7;viable;open_meteo_polo;3020.0;1971.0
122;12;210.7;24.5;14.5;22.6;4;advertencia;open_meteo_polo;3020.0;1971.0
123;1;244.2;24.4;22.9;29.8;2;desaconsejado;open_meteo_polo;692.0;219.0
123;2;259.7;22.4;23.0;29.8;1;desaconsejado;open_meteo_polo;692.0;219.0
123;3;237.7;24.3;22.8;30.1;3;desaconsejado;open_meteo_polo;692.0;219.0
123;4;156.5;20.3;22.5;29.9;6;advertencia;open_meteo_polo;692.0;219.0
123;5;101.8;15.1;21.7;29.1;8;viable;open_meteo_polo;692.0;219.0
123;6;73.9;10.7;20.8;28.7;11;viable;open_meteo_polo;692.0;219.0
123;7;49.0;7.9;20.4;29.4;12;viable;open_meteo_polo;692.0;219.0
123;8;76.6;8.1;20.8;30.7;10;viable;open_meteo_polo;692.0;219.0
123;9;79.7;10.2;22.1;31.6;9;viable;open_meteo_polo;692.0;219.0
123;10;153.9;18.1;22.7;31.0;7;advertencia;open_meteo_polo;692.0;219.0
123;11;174.9;21.8;22.7;30.2;5;advertencia;open_meteo_polo;692.0;219.0
123;12;235.6;25.5;22.9;29.8;4;advertencia;open_meteo_polo;692.0;219.0
124;1;169.8;24.4;12.4;21.1;1;desaconsejado;open_meteo_polo;3544.0;2691.0
124;2;159.3;23.9;12.7;20.9;2;desaconsejado;open_meteo_polo;3544.0;2691.0
124;3;137.3;24.4;12.4;20.8;4;viable;open_meteo_polo;3544.0;2691.0
124;4;52.6;13.0;11.2;21.3;7;viable;open_meteo_polo;3544.0;2691.0
124;5;18.1;5.1;9.9;21.5;9;viable;open_meteo_polo;3544.0;2691.0
124;6;8.6;1.7;8.9;21.4;11;viable;open_meteo_polo;3544.0;2691.0
124;7;5.9;1.5;8.7;22.1;12;viable;open_meteo_polo;3544.0;2691.0
124;8;13.4;3.9;9.1;22.4;10;viable;open_meteo_polo;3544.0;2691.0
124;9;35.0;9.9;10.6;23.0;8;viable;open_meteo_polo;3544.0;2691.0
124;10;78.1;17.1;11.4;23.1;6;viable;open_meteo_polo;3544.0;2691.0
124;11;108.5;19.4;12.0;23.0;5;viable;open_meteo_polo;3544.0;2691.0
124;12;146.3;23.8;12.3;22.0;3;advertencia;open_meteo_polo;3544.0;2691.0
125;1;14.5;3.2;21.8;33.2;5;viable;open_meteo_polo;18.0;36.0
125;2;54.5;8.5;23.2;33.7;2;advertencia;open_meteo_polo;18.0;36.0
125;3;133.3;9.4;23.1;34.0;1;advertencia;open_meteo_polo;18.0;36.0
125;4;50.3;6.1;21.6;32.7;3;advertencia;open_meteo_polo;18.0;36.0
125;5;14.2;2.7;19.7;31.0;6;viable;open_meteo_polo;18.0;36.0
125;6;2.3;0.9;18.2;29.2;9;viable;open_meteo_polo;18.0;36.0
125;7;0.2;0.0;17.2;28.5;12;viable;open_meteo_polo;18.0;36.0
125;8;1.7;0.2;16.8;28.4;10;viable;open_meteo_polo;18.0;36.0
125;9;1.1;0.2;16.9;29.1;11;viable;open_meteo_polo;18.0;36.0
125;10;3.9;1.8;17.4;29.5;8;viable;open_meteo_polo;18.0;36.0
125;11;9.5;2.2;17.9;29.8;7;viable;open_meteo_polo;18.0;36.0
125;12;16.2;4.3;19.8;31.5;4;viable;open_meteo_polo;18.0;36.0
126;1;193.3;28.5;6.9;16.8;3;desaconsejado;open_meteo_polo;3811.0;3210.0
126;2;201.6;26.6;7.4;17.2;1;desaconsejado;open_meteo_polo;3811.0;3210.0
126;3;198.7;29.7;7.6;16.8;2;desaconsejado;open_meteo_polo;3811.0;3210.0
126;4;115.0;24.0;6.7;16.8;7;viable;open_meteo_polo;3811.0;3210.0
126;5;71.3;17.8;6.0;16.7;9;viable;open_meteo_polo;3811.0;3210.0
126;6;33.5;9.5;4.3;16.5;11;viable;open_meteo_polo;3811.0;3210.0
126;7;23.3;7.4;3.6;17.1;12;viable;open_meteo_polo;3811.0;3210.0
126;8;46.6;13.6;4.4;17.8;10;viable;open_meteo_polo;3811.0;3210.0
126;9;89.4;22.1;5.6;17.6;8;viable;open_meteo_polo;3811.0;3210.0
126;10;150.1;27.3;6.1;17.5;5;advertencia;open_meteo_polo;3811.0;3210.0
126;11;139.5;23.6;5.9;17.9;6;viable;open_meteo_polo;3811.0;3210.0
126;12;164.0;26.9;6.3;17.5;4;advertencia;open_meteo_polo;3811.0;3210.0
128;1;157.4;24.9;4.1;13.8;1;desaconsejado;open_meteo_polo;4217.0;3892.0
128;2;150.9;24.8;4.4;13.6;2;desaconsejado;open_meteo_polo;4217.0;3892.0
128;3;128.0;24.3;3.4;13.5;4;viable;open_meteo_polo;4217.0;3892.0
128;4;61.0;14.2;2.0;13.5;7;viable;open_meteo_polo;4217.0;3892.0
128;5;25.1;5.9;0.3;13.4;9;viable;open_meteo_polo;4217.0;3892.0
128;6;6.6;2.0;-1.2;13.2;12;viable;open_meteo_polo;4217.0;3892.0
128;7;8.6;2.2;-1.8;13.5;11;viable;open_meteo_polo;4217.0;3892.0
128;8;12.0;3.9;-0.8;14.4;10;viable;open_meteo_polo;4217.0;3892.0
128;9;34.6;9.5;0.9;15.1;8;viable;open_meteo_polo;4217.0;3892.0
128;10;69.7;17.2;2.2;15.1;6;viable;open_meteo_polo;4217.0;3892.0
128;11;72.9;16.4;3.6;15.8;5;viable;open_meteo_polo;4217.0;3892.0
128;12;143.5;23.3;4.1;14.4;3;advertencia;open_meteo_polo;4217.0;3892.0
131;1;648.9;29.3;19.5;26.8;3;desaconsejado;open_meteo_polo;491.0;629.0
131;2;675.6;27.8;19.5;26.7;2;desaconsejado;open_meteo_polo;491.0;629.0
131;3;473.3;28.7;19.3;26.9;5;advertencia;open_meteo_polo;491.0;629.0
131;4;354.9;24.8;18.8;26.6;6;advertencia;open_meteo_polo;491.0;629.0
131;5;260.0;22.7;17.8;25.2;8;advertencia;open_meteo_polo;491.0;629.0
131;6;240.8;20.3;16.9;24.2;9;advertencia;open_meteo_polo;491.0;629.0
131;7;136.7;16.1;16.1;24.4;12;viable;open_meteo_polo;491.0;629.0
131;8;144.1;13.7;16.3;25.9;11;viable;open_meteo_polo;491.0;629.0
131;9;144.4;15.3;17.9;27.7;10;viable;open_meteo_polo;491.0;629.0
131;10;319.4;24.7;18.8;27.4;7;advertencia;open_meteo_polo;491.0;629.0
131;11;495.7;25.7;19.1;27.0;4;advertencia;open_meteo_polo;491.0;629.0
131;12;706.0;29.6;19.5;26.7;1;desaconsejado;open_meteo_polo;491.0;629.0
132;1;255.5;29.0;7.8;16.3;4;advertencia;open_meteo_polo;2065.0;2714.0
132;2;340.2;27.8;8.3;16.1;2;desaconsejado;open_meteo_polo;2065.0;2714.0
132;3;385.8;30.7;8.1;16.3;1;desaconsejado;open_meteo_polo;2065.0;2714.0
132;4;275.6;28.4;7.9;16.6;3;desaconsejado;open_meteo_polo;2065.0;2714.0
132;5;125.7;23.3;7.4;17.1;6;viable;open_meteo_polo;2065.0;2714.0
132;6;45.3;12.0;6.4;17.3;9;viable;open_meteo_polo;2065.0;2714.0
132;7;15.0;5.2;6.1;18.6;11;viable;open_meteo_polo;2065.0;2714.0
132;8;14.8;4.7;6.1;19.5;12;viable;open_meteo_polo;2065.0;2714.0
132;9;29.9;9.6;6.8;20.0;10;viable;open_meteo_polo;2065.0;2714.0
132;10;84.7;19.7;7.1;18.5;7;viable;open_meteo_polo;2065.0;2714.0
132;11;79.8;16.9;7.2;18.0;8;viable;open_meteo_polo;2065.0;2714.0
132;12;190.6;26.3;7.5;17.0;5;advertencia;open_meteo_polo;2065.0;2714.0
133;1;246.1;28.2;17.0;24.4;5;advertencia;open_meteo_polo;1170.0;1281.0
133;2;267.9;26.4;17.2;24.4;2;desaconsejado;open_meteo_polo;1170.0;1281.0
133;3;290.4;28.4;17.2;24.4;1;desaconsejado;open_meteo_polo;1170.0;1281.0
133;4;249.3;28.3;17.0;24.4;4;advertencia;open_meteo_polo;1170.0;1281.0
133;5;163.4;26.2;16.8;24.1;8;advertencia;open_meteo_polo;1170.0;1281.0
133;6;115.6;22.2;16.1;23.5;9;viable;open_meteo_polo;1170.0;1281.0
133;7;92.2;20.2;15.5;23.4;10;viable;open_meteo_polo;1170.0;1281.0
133;8;81.1;17.4;15.7;24.6;12;viable;open_meteo_polo;1170.0;1281.0
133;9;86.4;19.3;16.4;25.7;11;viable;open_meteo_polo;1170.0;1281.0
133;10;175.4;23.7;16.9;25.7;6;advertencia;open_meteo_polo;1170.0;1281.0
133;11;168.1;21.9;17.2;25.9;7;advertencia;open_meteo_polo;1170.0;1281.0
133;12;252.4;27.6;17.0;24.9;3;desaconsejado;open_meteo_polo;1170.0;1281.0
134;1;196.3;23.4;6.9;15.7;3;desaconsejado;open_meteo_polo;3821.0;3384.0
134;2;256.4;23.3;7.7;15.7;1;desaconsejado;open_meteo_polo;3821.0;3384.0
134;3;236.5;26.3;7.5;15.7;2;desaconsejado;open_meteo_polo;3821.0;3384.0
134;4;107.2;14.2;6.6;16.2;5;viable;open_meteo_polo;3821.0;3384.0
134;5;53.7;10.5;5.9;16.5;8;viable;open_meteo_polo;3821.0;3384.0
134;6;13.8;4.2;5.0;17.0;11;viable;open_meteo_polo;3821.0;3384.0
134;7;7.8;2.6;4.5;17.9;12;viable;open_meteo_polo;3821.0;3384.0
134;8;14.9;4.3;4.9;18.4;10;viable;open_meteo_polo;3821.0;3384.0
134;9;38.8;7.3;5.8;18.5;9;viable;open_meteo_polo;3821.0;3384.0
134;10;61.7;11.5;6.2;17.7;7;viable;open_meteo_polo;3821.0;3384.0
134;11;68.7;12.3;6.5;17.6;6;viable;open_meteo_polo;3821.0;3384.0
134;12;153.7;21.9;6.8;16.7;4;advertencia;open_meteo_polo;3821.0;3384.0
135;1;34.2;6.6;20.0;32.0;4;viable;open_meteo_polo;141.0;132.0
135;2;108.2;13.2;21.5;32.2;2;advertencia;open_meteo_polo;141.0;132.0
135;3;223.9;13.1;21.5;31.9;1;desaconsejado;open_meteo_polo;141.0;132.0
135;4;64.3;9.8;20.1;30.8;3;advertencia;open_meteo_polo;141.0;132.0
135;5;10.6;2.7;17.9;29.8;7;viable;open_meteo_polo;141.0;132.0
135;6;5.7;1.4;16.0;28.2;8;viable;open_meteo_polo;141.0;132.0
135;7;1.3;0.4;14.8;27.6;11;viable;open_meteo_polo;141.0;132.0
135;8;0.7;0.1;14.5;27.8;12;viable;open_meteo_polo;141.0;132.0
135;9;1.7;0.5;15.0;28.4;10;viable;open_meteo_polo;141.0;132.0
135;10;5.4;2.3;15.6;29.0;9;viable;open_meteo_polo;141.0;132.0
135;11;11.1;2.2;15.7;29.6;6;viable;open_meteo_polo;141.0;132.0
135;12;21.1;5.3;17.9;30.8;5;viable;open_meteo_polo;141.0;132.0
136;1;25.8;5.2;20.1;31.5;2;viable;open_meteo_polo;599.0;
136;2;29.1;5.9;20.7;31.2;1;viable;open_meteo_polo;599.0;
136;3;12.5;3.4;20.6;31.9;3;viable;open_meteo_polo;599.0;
136;4;1.5;0.5;18.9;30.8;5;viable;open_meteo_polo;599.0;
136;5;0.6;0.0;18.0;30.2;7;viable;open_meteo_polo;599.0;
136;6;0.3;0.1;17.1;29.0;8;viable;open_meteo_polo;599.0;
136;7;0.3;0.0;17.1;29.4;9;viable;open_meteo_polo;599.0;
136;8;0.2;0.0;17.0;29.8;10;viable;open_meteo_polo;599.0;
136;9;0.1;0.0;17.2;30.5;12;viable;open_meteo_polo;599.0;
136;10;0.2;0.0;17.9;31.5;11;viable;open_meteo_polo;599.0;
136;11;0.6;0.1;17.8;31.5;6;viable;open_meteo_polo;599.0;
136;12;2.5;0.8;18.6;31.5;4;viable;open_meteo_polo;599.0;
137;1;244.6;29.7;4.0;12.2;1;desaconsejado;open_meteo_polo;4615.0;3865.0
137;2;227.3;27.0;4.3;12.0;2;desaconsejado;open_meteo_polo;4615.0;3865.0
137;3;187.0;28.8;3.8;12.2;4;advertencia;open_meteo_polo;4615.0;3865.0
137;4;102.1;24.4;2.8;12.6;7;viable;open_meteo_polo;4615.0;3865.0
137;5;48.8;14.5;1.6;12.1;9;viable;open_meteo_polo;4615.0;3865.0
137;6;18.9;5.8;0.9;11.7;11;viable;open_meteo_polo;4615.0;3865.0
137;7;18.6;4.6;0.5;12.3;12;viable;open_meteo_polo;4615.0;3865.0
137;8;35.0;11.4;0.7;12.7;10;viable;open_meteo_polo;4615.0;3865.0
137;9;71.5;20.7;1.6;12.9;8;viable;open_meteo_polo;4615.0;3865.0
137;10;123.2;26.2;2.6;13.0;6;viable;open_meteo_polo;4615.0;3865.0
137;11;163.2;26.8;3.4;13.0;5;advertencia;open_meteo_polo;4615.0;3865.0
137;12;213.9;28.8;4.0;12.4;3;desaconsejado;open_meteo_polo;4615.0;3865.0
138;1;280.7;28.6;6.6;16.7;1;desaconsejado;open_meteo_polo;4149.0;3554.0
138;2;268.1;27.5;6.9;16.6;2;desaconsejado;open_meteo_polo;4149.0;3554.0
138;3;244.4;29.8;6.5;16.4;3;desaconsejado;open_meteo_polo;4149.0;3554.0
138;4;90.9;18.3;4.8;16.4;7;viable;open_meteo_polo;4149.0;3554.0
138;5;35.6;8.8;3.1;16.2;9;viable;open_meteo_polo;4149.0;3554.0
138;6;5.5;1.7;2.1;16.3;12;viable;open_meteo_polo;4149.0;3554.0
138;7;7.2;1.7;1.7;17.0;11;viable;open_meteo_polo;4149.0;3554.0
138;8;15.4;4.5;2.1;17.6;10;viable;open_meteo_polo;4149.0;3554.0
138;9;41.3;11.1;4.0;18.6;8;viable;open_meteo_polo;4149.0;3554.0
138;10;122.6;20.5;5.2;18.5;6;viable;open_meteo_polo;4149.0;3554.0
138;11;153.1;21.8;6.1;18.5;5;advertencia;open_meteo_polo;4149.0;3554.0
138;12;237.4;26.7;6.6;17.4;4;advertencia;open_meteo_polo;4149.0;3554.0
139;1;21.0;5.1;20.2;24.1;3;viable;open_meteo_polo;16.0;37.0
139;2;25.8;5.5;21.6;25.5;2;viable;open_meteo_polo;16.0;37.0
139;3;41.0;8.6;21.6;25.4;1;viable;open_meteo_polo;16.0;37.0
139;4;16.1;4.5;20.1;23.8;4;viable;open_meteo_polo;16.0;37.0
139;5;4.3;1.3;18.4;22.3;7;viable;open_meteo_polo;16.0;37.0
139;6;0.8;0.3;17.2;21.4;10;viable;open_meteo_polo;16.0;37.0
139;7;0.2;0.0;16.4;20.9;12;viable;open_meteo_polo;16.0;37.0
139;8;0.5;0.0;16.0;20.5;11;viable;open_meteo_polo;16.0;37.0
139;9;1.6;0.4;16.0;20.4;9;viable;open_meteo_polo;16.0;37.0
139;10;8.5;2.3;16.2;20.5;6;viable;open_meteo_polo;16.0;37.0
139;11;2.9;1.0;16.9;21.2;8;viable;open_meteo_polo;16.0;37.0
139;12;13.3;3.6;18.6;22.5;5;viable;open_meteo_polo;16.0;37.0
140;1;220.0;27.2;4.3;13.9;2;desaconsejado;open_meteo_polo;3849.0;3887.0
140;2;227.2;26.5;4.5;13.6;1;desaconsejado;open_meteo_polo;3849.0;3887.0
140;3;175.1;27.8;4.0;13.4;3;desaconsejado;open_meteo_polo;3849.0;3887.0
140;4;66.6;14.8;1.4;13.6;6;viable;open_meteo_polo;3849.0;3887.0
140;5;23.9;6.0;-1.1;13.7;9;viable;open_meteo_polo;3849.0;3887.0
140;6;11.5;2.6;-2.7;13.2;11;viable;open_meteo_polo;3849.0;3887.0
140;7;9.2;2.5;-2.6;13.6;12;viable;open_meteo_polo;3849.0;3887.0
140;8;12.3;3.9;-1.8;14.6;10;viable;open_meteo_polo;3849.0;3887.0
140;9;43.7;10.3;0.8;15.2;8;viable;open_meteo_polo;3849.0;3887.0
140;10;66.5;14.5;2.0;15.6;7;viable;open_meteo_polo;3849.0;3887.0
140;11;90.7;15.9;3.2;16.3;5;viable;open_meteo_polo;3849.0;3887.0
140;12;161.6;23.9;4.0;14.9;4;advertencia;open_meteo_polo;3849.0;3887.0
141;1;378.0;26.6;21.8;29.6;3;desaconsejado;open_meteo_polo;410.0;356.0
141;2;406.6;25.9;21.8;29.2;2;desaconsejado;open_meteo_polo;410.0;356.0
141;3;334.1;24.8;21.8;29.7;4;advertencia;open_meteo_polo;410.0;356.0
141;4;209.4;22.8;21.5;29.6;7;advertencia;open_meteo_polo;410.0;356.0
141;5;127.5;17.3;20.7;28.5;8;viable;open_meteo_polo;410.0;356.0
141;6;87.9;13.7;19.8;27.7;10;viable;open_meteo_polo;410.0;356.0
141;7;63.0;9.4;19.6;28.3;11;viable;open_meteo_polo;410.0;356.0
141;8;54.2;8.7;20.0;29.9;12;viable;open_meteo_polo;410.0;356.0
141;9;94.5;12.7;21.3;31.0;9;viable;open_meteo_polo;410.0;356.0
141;10;213.6;21.2;21.6;30.3;6;advertencia;open_meteo_polo;410.0;356.0
141;11;310.8;22.6;21.7;29.5;5;advertencia;open_meteo_polo;410.0;356.0
141;12;408.4;27.1;21.7;29.3;1;desaconsejado;open_meteo_polo;410.0;356.0
142;1;199.0;30.3;1.1;8.8;3;desaconsejado;open_meteo_polo;4270.0;
142;2;203.7;27.8;1.6;8.7;2;desaconsejado;open_meteo_polo;4270.0;
142;3;172.2;29.2;0.7;8.6;4;advertencia;open_meteo_polo;4270.0;
142;4;81.3;22.8;-0.3;9.0;7;viable;open_meteo_polo;4270.0;
142;5;60.1;16.5;-1.8;8.9;9;viable;open_meteo_polo;4270.0;
142;6;37.8;10.1;-3.2;8.3;11;viable;open_meteo_polo;4270.0;
142;7;25.4;7.4;-3.6;8.5;12;viable;open_meteo_polo;4270.0;
142;8;48.5;13.5;-3.1;8.4;10;viable;open_meteo_polo;4270.0;
142;9;74.0;21.5;-1.8;8.5;8;viable;open_meteo_polo;4270.0;
142;10;112.2;26.2;-0.8;8.9;6;viable;open_meteo_polo;4270.0;
142;11;140.1;26.9;0.3;9.3;5;viable;open_meteo_polo;4270.0;
142;12;212.2;30.1;1.2;8.9;1;desaconsejado;open_meteo_polo;4270.0;
146;1;5.8;1.9;20.0;25.0;3;viable;open_meteo_polo;41.0;32.0
146;2;5.0;1.4;21.1;26.1;6;viable;open_meteo_polo;41.0;32.0
146;3;2.0;0.4;20.6;25.8;10;viable;open_meteo_polo;41.0;32.0
146;4;1.2;0.4;18.6;23.8;12;viable;open_meteo_polo;41.0;32.0
146;5;1.4;0.5;16.4;21.1;11;viable;open_meteo_polo;41.0;32.0
146;6;5.2;2.1;14.7;19.1;5;viable;open_meteo_polo;41.0;32.0
146;7;4.6;1.5;13.8;18.2;7;viable;open_meteo_polo;41.0;32.0
146;8;5.5;2.0;13.4;18.0;4;viable;open_meteo_polo;41.0;32.0
146;9;6.0;2.3;13.6;18.4;2;viable;open_meteo_polo;41.0;32.0
146;10;6.7;2.2;14.6;19.7;1;viable;open_meteo_polo;41.0;32.0
146;11;3.7;0.9;16.1;21.3;8;viable;open_meteo_polo;41.0;32.0
146;12;3.2;0.7;18.0;23.1;9;viable;open_meteo_polo;41.0;32.0
147;1;151.2;21.0;15.8;24.2;2;desaconsejado;open_meteo_polo;2975.0;2215.0
147;2;175.1;22.9;16.0;23.4;1;desaconsejado;open_meteo_polo;2975.0;2215.0
147;3;132.9;22.3;15.9;23.2;3;advertencia;open_meteo_polo;2975.0;2215.0
147;4;28.9;6.2;16.4;25.3;5;viable;open_meteo_polo;2975.0;2215.0
147;5;4.0;1.2;15.9;25.6;8;viable;open_meteo_polo;2975.0;2215.0
147;6;1.2;0.2;15.0;24.8;10;viable;open_meteo_polo;2975.0;2215.0
147;7;1.0;0.1;15.2;25.4;11;viable;open_meteo_polo;2975.0;2215.0
147;8;0.8;0.2;15.3;25.9;12;viable;open_meteo_polo;2975.0;2215.0
147;9;2.8;0.8;16.4;27.1;9;viable;open_meteo_polo;2975.0;2215.0
147;10;12.3;3.5;16.2;27.0;7;viable;open_meteo_polo;2975.0;2215.0
147;11;16.0;3.0;16.1;26.9;6;viable;open_meteo_polo;2975.0;2215.0
147;12;46.2;9.0;16.1;26.2;4;viable;open_meteo_polo;2975.0;2215.0
148;1;211.5;27.7;11.1;20.4;2;desaconsejado;open_meteo_polo;4125.0;2910.0
148;2;226.4;26.5;11.4;20.2;1;desaconsejado;open_meteo_polo;4125.0;2910.0
148;3;207.1;29.6;11.3;19.8;3;desaconsejado;open_meteo_polo;4125.0;2910.0
148;4;74.3;18.4;10.0;20.0;7;viable;open_meteo_polo;4125.0;2910.0
148;5;31.7;9.0;8.4;19.8;9;viable;open_meteo_polo;4125.0;2910.0
148;6;9.5;3.2;7.6;19.5;12;viable;open_meteo_polo;4125.0;2910.0
148;7;9.5;2.7;7.5;20.2;11;viable;open_meteo_polo;4125.0;2910.0
148;8;18.8;5.1;8.0;20.9;10;viable;open_meteo_polo;4125.0;2910.0
148;9;54.0;13.6;9.2;21.6;8;viable;open_meteo_polo;4125.0;2910.0
148;10;87.5;18.3;9.5;22.0;6;viable;open_meteo_polo;4125.0;2910.0
148;11;96.2;17.5;10.2;22.6;5;viable;open_meteo_polo;4125.0;2910.0
148;12;167.3;23.4;10.7;21.5;4;advertencia;open_meteo_polo;4125.0;2910.0
150;1;228.0;24.6;23.8;30.1;7;advertencia;open_meteo_polo;87.0;106.0
150;2;269.3;24.1;23.9;29.9;4;advertencia;open_meteo_polo;87.0;106.0
150;3;326.4;27.7;23.8;29.8;1;desaconsejado;open_meteo_polo;87.0;106.0
150;4;309.6;27.1;23.6;29.7;2;desaconsejado;open_meteo_polo;87.0;106.0
150;5;287.2;26.2;23.3;28.9;3;desaconsejado;open_meteo_polo;87.0;106.0
150;6;190.0;23.5;22.8;28.6;9;advertencia;open_meteo_polo;87.0;106.0
150;7;158.3;20.5;22.6;28.9;10;advertencia;open_meteo_polo;87.0;106.0
150;8;153.2;17.7;23.0;30.0;11;advertencia;open_meteo_polo;87.0;106.0
150;9;137.8;19.3;23.8;31.1;12;viable;open_meteo_polo;87.0;106.0
150;10;198.8;22.4;24.0;30.7;8;advertencia;open_meteo_polo;87.0;106.0
150;11;251.3;24.9;24.0;30.3;6;advertencia;open_meteo_polo;87.0;106.0
150;12;263.6;27.2;23.9;29.9;5;advertencia;open_meteo_polo;87.0;106.0
151;1;298.9;26.8;19.7;27.5;1;desaconsejado;open_meteo_polo;717.0;777.0
151;2;270.7;25.4;20.0;27.6;3;desaconsejado;open_meteo_polo;717.0;777.0
151;3;231.2;24.9;19.7;28.1;4;advertencia;open_meteo_polo;717.0;777.0
151;4;135.3;21.2;19.4;28.0;7;viable;open_meteo_polo;717.0;777.0
151;5;86.7;15.6;19.0;27.3;8;viable;open_meteo_polo;717.0;777.0
151;6;74.1;10.9;17.9;26.6;10;viable;open_meteo_polo;717.0;777.0
151;7;34.5;8.2;17.4;26.8;12;viable;open_meteo_polo;717.0;777.0
151;8;64.0;13.1;17.5;27.7;11;viable;open_meteo_polo;717.0;777.0
151;9;84.8;16.4;18.1;29.0;9;viable;open_meteo_polo;717.0;777.0
151;10;179.5;23.7;19.1;28.8;6;advertencia;open_meteo_polo;717.0;777.0
151;11;227.7;25.9;19.7;28.2;5;advertencia;open_meteo_polo;717.0;777.0
151;12;275.4;27.4;19.9;27.9;2;desaconsejado;open_meteo_polo;717.0;777.0
152;1;324.5;30.2;17.5;24.2;1;desaconsejado;open_meteo_polo;2413.0;1553.0
152;2;283.8;27.6;17.7;24.1;3;desaconsejado;open_meteo_polo;2413.0;1553.0
152;3;274.6;29.7;17.4;24.3;4;advertencia;open_meteo_polo;2413.0;1553.0
152;4;173.8;24.8;16.8;24.5;7;advertencia;open_meteo_polo;2413.0;1553.0
152;5;81.2;16.3;15.9;24.2;9;viable;open_meteo_polo;2413.0;1553.0
152;6;44.5;11.0;14.7;23.8;12;viable;open_meteo_polo;2413.0;1553.0
152;7;45.4;10.6;14.3;24.2;11;viable;open_meteo_polo;2413.0;1553.0
152;8;71.1;15.3;14.8;24.4;10;viable;open_meteo_polo;2413.0;1553.0
152;9;158.0;24.1;15.8;24.8;8;advertencia;open_meteo_polo;2413.0;1553.0
152;10;221.2;27.1;16.8;24.8;6;advertencia;open_meteo_polo;2413.0;1553.0
152;11;246.1;27.8;17.5;24.7;5;advertencia;open_meteo_polo;2413.0;1553.0
152;12;297.6;29.8;17.6;24.4;2;desaconsejado;open_meteo_polo;2413.0;1553.0
153;1;273.6;28.8;14.4;21.3;3;desaconsejado;open_meteo_polo;2945.0;1937.0
153;2;321.5;27.1;14.8;21.5;2;desaconsejado;open_meteo_polo;2945.0;1937.0
153;3;361.7;29.2;14.6;21.7;1;desaconsejado;open_meteo_polo;2945.0;1937.0
153;4;219.3;23.8;14.9;22.1;5;advertencia;open_meteo_polo;2945.0;1937.0
153;5;85.7;17.5;14.9;22.4;8;viable;open_meteo_polo;2945.0;1937.0
153;6;43.2;11.3;14.3;22.3;9;viable;open_meteo_polo;2945.0;1937.0
153;7;27.2;7.7;13.7;22.9;11;viable;open_meteo_polo;2945.0;1937.0
153;8;22.8;6.9;13.7;23.8;12;viable;open_meteo_polo;2945.0;1937.0
153;9;29.5;8.9;14.2;24.5;10;viable;open_meteo_polo;2945.0;1937.0
153;10;105.6;20.3;14.6;23.2;7;viable;open_meteo_polo;2945.0;1937.0
153;11;128.3;19.7;14.2;22.6;6;viable;open_meteo_polo;2945.0;1937.0
153;12;228.8;27.5;14.4;21.7;4;advertencia;open_meteo_polo;2945.0;1937.0
158;1;204.9;26.7;12.2;19.0;3;desaconsejado;open_meteo_polo;3234.0;2461.0
158;2;218.7;26.5;12.7;19.3;2;desaconsejado;open_meteo_polo;3234.0;2461.0
158;3;246.2;27.4;12.5;19.4;1;desaconsejado;open_meteo_polo;3234.0;2461.0
158;4;162.2;25.2;12.3;19.1;5;advertencia;open_meteo_polo;3234.0;2461.0
158;5;90.1;20.8;12.0;18.7;8;viable;open_meteo_polo;3234.0;2461.0
158;6;69.3;15.8;11.1;17.7;10;viable;open_meteo_polo;3234.0;2461.0
158;7;73.6;15.6;10.5;17.0;9;viable;open_meteo_polo;3234.0;2461.0
158;8;54.1;13.2;10.3;17.7;12;viable;open_meteo_polo;3234.0;2461.0
158;9;62.1;15.4;10.8;18.5;11;viable;open_meteo_polo;3234.0;2461.0
158;10;130.6;22.1;11.4;19.4;7;viable;open_meteo_polo;3234.0;2461.0
158;11;136.7;21.0;11.8;20.2;6;viable;open_meteo_polo;3234.0;2461.0
158;12;198.1;26.0;12.1;19.5;4;advertencia;open_meteo_polo;3234.0;2461.0
160;1;264.5;29.7;10.1;17.3;3;desaconsejado;open_meteo_polo;4318.0;2898.0
160;2;262.7;26.9;10.5;17.7;4;advertencia;open_meteo_polo;4318.0;2898.0
160;3;270.8;30.2;10.5;17.4;2;desaconsejado;open_meteo_polo;4318.0;2898.0
160;4;174.2;27.3;9.8;17.4;7;advertencia;open_meteo_polo;4318.0;2898.0
160;5;120.8;22.6;9.3;17.4;8;viable;open_meteo_polo;4318.0;2898.0
160;6;73.1;15.3;8.3;16.8;11;viable;open_meteo_polo;4318.0;2898.0
160;7;54.0;11.1;7.4;16.7;12;viable;open_meteo_polo;4318.0;2898.0
160;8;84.4;16.4;7.6;17.0;10;viable;open_meteo_polo;4318.0;2898.0
160;9;116.2;21.6;8.2;17.0;9;viable;open_meteo_polo;4318.0;2898.0
160;10;225.1;28.6;9.4;17.3;6;advertencia;open_meteo_polo;4318.0;2898.0
160;11;230.6;26.9;9.9;17.8;5;advertencia;open_meteo_polo;4318.0;2898.0
160;12;274.7;29.3;10.1;17.8;1;desaconsejado;open_meteo_polo;4318.0;2898.0
161;1;12.2;3.3;21.0;27.1;3;viable;open_meteo_polo;52.0;13.0
161;2;19.3;4.1;22.6;28.6;2;viable;open_meteo_polo;52.0;13.0
161;3;42.8;6.8;22.5;28.5;1;viable;open_meteo_polo;52.0;13.0
161;4;10.4;3.2;20.9;27.0;4;viable;open_meteo_polo;52.0;13.0
161;5;3.1;0.8;18.9;25.0;7;viable;open_meteo_polo;52.0;13.0
161;6;0.6;0.3;17.4;23.5;11;viable;open_meteo_polo;52.0;13.0
161;7;0.2;0.1;16.5;22.8;12;viable;open_meteo_polo;52.0;13.0
161;8;0.6;0.2;16.1;22.4;10;viable;open_meteo_polo;52.0;13.0
161;9;0.8;0.3;16.2;22.5;9;viable;open_meteo_polo;52.0;13.0
161;10;4.3;1.5;16.6;22.8;6;viable;open_meteo_polo;52.0;13.0
161;11;2.2;0.4;17.2;23.4;8;viable;open_meteo_polo;52.0;13.0
161;12;8.6;3.1;19.0;25.2;5;viable;open_meteo_polo;52.0;13.0
162;1;185.6;25.0;0.9;11.6;2;desaconsejado;open_meteo_polo;4377.0;
162;2;191.5;24.8;1.2;11.4;1;desaconsejado;open_meteo_polo;4377.0;
162;3;173.3;27.5;0.9;11.3;3;desaconsejado;open_meteo_polo;4377.0;
162;4;72.4;15.1;-1.6;11.2;5;viable;open_meteo_polo;4377.0;
162;5;16.6;5.1;-3.1;10.9;9;viable;open_meteo_polo;4377.0;
162;6;3.3;0.9;-3.7;10.7;11;viable;open_meteo_polo;4377.0;
162;7;4.5;0.8;-3.4;11.4;10;viable;open_meteo_polo;4377.0;
162;8;2.3;0.6;-3.5;12.2;12;viable;open_meteo_polo;4377.0;
162;9;19.7;6.1;-2.2;13.4;8;viable;open_meteo_polo;4377.0;
162;10;39.9;9.6;-1.8;13.7;7;viable;open_meteo_polo;4377.0;
162;11;50.5;8.7;-1.1;14.2;6;viable;open_meteo_polo;4377.0;
162;12;110.0;16.5;0.1;13.1;4;viable;open_meteo_polo;4377.0;
164;1;227.1;27.0;8.9;16.9;1;desaconsejado;open_meteo_polo;2989.0;3194.0
164;2;222.7;25.8;9.1;16.7;2;desaconsejado;open_meteo_polo;2989.0;3194.0
164;3;188.2;27.0;8.9;16.6;3;desaconsejado;open_meteo_polo;2989.0;3194.0
164;4;91.6;16.8;8.0;16.8;7;viable;open_meteo_polo;2989.0;3194.0
164;5;54.9;11.7;6.8;16.9;9;viable;open_meteo_polo;2989.0;3194.0
164;6;26.1;5.4;5.4;16.5;11;viable;open_meteo_polo;2989.0;3194.0
164;7;18.9;4.3;4.8;17.2;12;viable;open_meteo_polo;2989.0;3194.0
164;8;31.6;8.4;5.7;17.8;10;viable;open_meteo_polo;2989.0;3194.0
164;9;63.0;12.9;7.0;18.2;8;viable;open_meteo_polo;2989.0;3194.0
164;10;102.9;19.3;8.0;18.5;6;viable;open_meteo_polo;2989.0;3194.0
164;11;122.6;19.7;8.5;19.0;5;viable;open_meteo_polo;2989.0;3194.0
164;12;163.2;23.9;8.8;18.0;4;advertencia;open_meteo_polo;2989.0;3194.0
165;1;193.9;27.4;7.2;14.9;3;desaconsejado;open_meteo_polo;3780.0;3302.0
165;2;221.3;25.4;7.9;15.0;2;desaconsejado;open_meteo_polo;3780.0;3302.0
165;3;240.8;29.9;7.5;15.0;1;desaconsejado;open_meteo_polo;3780.0;3302.0
165;4;115.9;25.1;6.6;15.7;5;viable;open_meteo_polo;3780.0;3302.0
165;5;47.5;13.1;6.2;15.7;9;viable;open_meteo_polo;3780.0;3302.0
165;6;12.6;3.2;6.0;15.9;10;viable;open_meteo_polo;3780.0;3302.0
165;7;7.6;1.5;5.9;16.8;11;viable;open_meteo_polo;3780.0;3302.0
165;8;7.1;2.2;6.2;17.0;12;viable;open_meteo_polo;3780.0;3302.0
165;9;61.2;12.7;6.9;17.2;8;viable;open_meteo_polo;3780.0;3302.0
165;10;106.5;18.9;6.6;16.2;6;viable;open_meteo_polo;3780.0;3302.0
165;11;93.2;16.2;6.9;16.1;7;viable;open_meteo_polo;3780.0;3302.0
165;12;167.0;24.1;7.0;15.6;4;advertencia;open_meteo_polo;3780.0;3302.0
166;1;129.1;24.0;12.8;21.8;4;viable;open_meteo_polo;1990.0;2025.0
166;2;169.6;24.4;13.3;21.9;2;desaconsejado;open_meteo_polo;1990.0;2025.0
166;3;204.4;27.1;13.3;21.8;1;desaconsejado;open_meteo_polo;1990.0;2025.0
166;4;167.8;25.4;12.9;21.8;3;desaconsejado;open_meteo_polo;1990.0;2025.0
166;5;86.3;20.0;12.2;22.1;7;viable;open_meteo_polo;1990.0;2025.0
166;6;39.0;11.1;11.1;22.3;10;viable;open_meteo_polo;1990.0;2025.0
166;7;26.5;7.5;10.6;22.9;12;viable;open_meteo_polo;1990.0;2025.0
166;8;36.9;8.7;11.0;24.0;11;viable;open_meteo_polo;1990.0;2025.0
166;9;73.1;15.9;11.8;24.1;8;viable;open_meteo_polo;1990.0;2025.0
166;10;111.7;19.9;11.9;23.0;6;viable;open_meteo_polo;1990.0;2025.0
166;11;66.6;13.5;11.6;23.4;9;viable;open_meteo_polo;1990.0;2025.0
166;12;116.2;21.7;12.4;22.3;5;viable;open_meteo_polo;1990.0;2025.0
167;1;189.3;24.7;7.1;16.7;2;desaconsejado;open_meteo_polo;3850.0;3453.0
167;2;204.8;25.0;7.6;16.4;1;desaconsejado;open_meteo_polo;3850.0;3453.0
167;3;186.2;27.2;7.4;15.9;3;desaconsejado;open_meteo_polo;3850.0;3453.0
167;4;74.1;15.2;5.3;16.2;6;viable;open_meteo_polo;3850.0;3453.0
167;5;28.0;7.2;4.1;16.1;9;viable;open_meteo_polo;3850.0;3453.0
167;6;9.0;2.5;3.2;15.8;12;viable;open_meteo_polo;3850.0;3453.0
167;7;14.1;2.7;3.2;16.3;10;viable;open_meteo_polo;3850.0;3453.0
167;8;12.8;3.3;3.8;17.3;11;viable;open_meteo_polo;3850.0;3453.0
167;9;52.0;12.1;5.1;18.2;8;viable;open_meteo_polo;3850.0;3453.0
167;10;88.0;16.5;5.3;18.6;5;viable;open_meteo_polo;3850.0;3453.0
167;11;68.5;13.3;6.0;19.7;7;viable;open_meteo_polo;3850.0;3453.0
167;12;144.3;21.1;6.6;18.2;4;viable;open_meteo_polo;3850.0;3453.0
168;1;37.7;9.1;20.6;27.4;3;viable;open_meteo_polo;1178.0;675.0
168;2;70.8;14.7;21.1;27.4;2;advertencia;open_meteo_polo;1178.0;675.0
168;3;88.2;13.0;21.5;27.6;1;advertencia;open_meteo_polo;1178.0;675.0
168;4;16.9;3.7;21.1;27.4;4;viable;open_meteo_polo;1178.0;675.0
168;5;1.4;0.2;20.8;27.0;9;viable;open_meteo_polo;1178.0;675.0
168;6;0.6;0.3;20.2;26.0;10;viable;open_meteo_polo;1178.0;675.0
168;7;0.0;0.0;20.3;26.0;12;viable;open_meteo_polo;1178.0;675.0
168;8;0.1;0.0;20.3;26.1;11;viable;open_meteo_polo;1178.0;675.0
168;9;1.9;0.7;20.3;26.2;6;viable;open_meteo_polo;1178.0;675.0
168;10;1.8;0.4;20.4;26.8;7;viable;open_meteo_polo;1178.0;675.0
168;11;1.7;0.6;20.0;26.8;8;viable;open_meteo_polo;1178.0;675.0
168;12;16.1;4.4;20.1;26.9;5;viable;open_meteo_polo;1178.0;675.0
169;1;248.3;27.0;14.6;22.3;3;desaconsejado;open_meteo_polo;4348.0;2264.0
169;2;253.0;24.8;15.1;22.6;2;desaconsejado;open_meteo_polo;4348.0;2264.0
169;3;296.6;28.6;15.0;22.4;1;desaconsejado;open_meteo_polo;4348.0;2264.0
169;4;173.1;24.0;14.3;22.9;7;advertencia;open_meteo_polo;4348.0;2264.0
169;5;88.1;20.4;13.7;22.8;9;viable;open_meteo_polo;4348.0;2264.0
169;6;43.5;11.3;12.9;22.9;10;viable;open_meteo_polo;4348.0;2264.0
169;7;27.7;7.2;12.6;23.9;12;viable;open_meteo_polo;4348.0;2264.0
169;8;40.8;10.5;12.8;24.5;11;viable;open_meteo_polo;4348.0;2264.0
169;9;113.4;19.0;13.5;24.0;8;viable;open_meteo_polo;4348.0;2264.0
169;10;176.3;24.1;13.7;23.0;6;advertencia;open_meteo_polo;4348.0;2264.0
169;11;178.6;22.6;13.9;23.0;5;advertencia;open_meteo_polo;4348.0;2264.0
169;12;221.3;24.9;14.4;22.7;4;advertencia;open_meteo_polo;4348.0;2264.0
171;1;190.9;25.5;12.0;20.2;1;desaconsejado;open_meteo_polo;3264.0;2633.0
171;2;190.2;25.1;12.4;20.0;2;desaconsejado;open_meteo_polo;3264.0;2633.0
171;3;185.6;27.3;11.9;19.9;3;desaconsejado;open_meteo_polo;3264.0;2633.0
171;4;85.3;21.2;10.6;20.2;7;viable;open_meteo_polo;3264.0;2633.0
171;5;49.5;12.9;9.6;20.3;9;viable;open_meteo_polo;3264.0;2633.0
171;6;22.3;6.3;8.5;20.2;11;viable;open_meteo_polo;3264.0;2633.0
171;7;17.6;5.3;7.8;20.8;12;viable;open_meteo_polo;3264.0;2633.0
171;8;30.8;10.9;8.6;21.1;10;viable;open_meteo_polo;3264.0;2633.0
171;9;58.1;17.1;9.6;21.0;8;viable;open_meteo_polo;3264.0;2633.0
171;10;99.2;22.6;10.8;21.3;6;viable;open_meteo_polo;3264.0;2633.0
171;11;134.9;21.2;11.5;21.6;5;viable;open_meteo_polo;3264.0;2633.0
171;12;154.8;24.6;12.0;20.8;4;advertencia;open_meteo_polo;3264.0;2633.0
172;1;184.0;27.0;7.3;16.3;2;desaconsejado;open_meteo_polo;3498.0;3392.0
172;2;190.7;25.4;7.8;16.4;1;desaconsejado;open_meteo_polo;3498.0;3392.0
172;3;182.0;28.2;7.9;16.1;3;desaconsejado;open_meteo_polo;3498.0;3392.0
172;4;87.1;19.2;6.5;16.2;7;viable;open_meteo_polo;3498.0;3392.0
172;5;45.7;11.0;5.0;16.2;9;viable;open_meteo_polo;3498.0;3392.0
172;6;14.7;3.7;3.3;16.5;11;viable;open_meteo_polo;3498.0;3392.0
172;7;9.3;1.7;3.0;17.5;12;viable;open_meteo_polo;3498.0;3392.0
172;8;19.1;5.7;4.1;18.4;10;viable;open_meteo_polo;3498.0;3392.0
172;9;61.4;13.5;6.0;18.0;8;viable;open_meteo_polo;3498.0;3392.0
172;10;101.5;20.9;6.4;17.6;6;viable;open_meteo_polo;3498.0;3392.0
172;11;120.8;21.9;6.4;17.6;5;viable;open_meteo_polo;3498.0;3392.0
172;12;136.4;24.2;6.9;17.0;4;viable;open_meteo_polo;3498.0;3392.0
173;1;200.3;29.7;10.5;18.4;1;desaconsejado;open_meteo_polo;4295.0;2872.0
173;2;184.2;26.6;11.2;18.4;3;desaconsejado;open_meteo_polo;4295.0;2872.0
173;3;168.1;29.7;10.5;18.3;4;advertencia;open_meteo_polo;4295.0;2872.0
173;4;95.5;23.4;9.7;18.6;7;viable;open_meteo_polo;4295.0;2872.0
173;5;47.3;14.4;8.2;18.6;9;viable;open_meteo_polo;4295.0;2872.0
173;6;24.4;8.1;7.0;18.3;11;viable;open_meteo_polo;4295.0;2872.0
173;7;21.3;7.9;6.6;18.7;12;viable;open_meteo_polo;4295.0;2872.0
173;8;43.8;15.7;6.8;18.5;10;viable;open_meteo_polo;4295.0;2872.0
173;9;69.3;21.3;7.9;18.4;8;viable;open_meteo_polo;4295.0;2872.0
173;10;116.2;25.3;9.2;18.7;6;viable;open_meteo_polo;4295.0;2872.0
173;11;150.1;26.5;10.3;19.0;5;advertencia;open_meteo_polo;4295.0;2872.0
173;12;190.2;28.3;10.8;18.7;2;desaconsejado;open_meteo_polo;4295.0;2872.0
176;1;177.2;19.6;14.5;21.4;2;desaconsejado;open_meteo_polo;2174.0;2183.0
176;2;196.5;19.8;14.5;20.7;1;desaconsejado;open_meteo_polo;2174.0;2183.0
176;3;101.6;17.7;14.4;21.1;3;advertencia;open_meteo_polo;2174.0;2183.0
176;4;24.4;3.7;15.1;23.1;5;viable;open_meteo_polo;2174.0;2183.0
176;5;3.1;0.9;15.7;23.7;8;viable;open_meteo_polo;2174.0;2183.0
176;6;0.1;0.0;15.1;22.9;11;viable;open_meteo_polo;2174.0;2183.0
176;7;1.2;0.2;15.2;23.1;9;viable;open_meteo_polo;2174.0;2183.0
176;8;0.1;0.0;15.3;23.5;12;viable;open_meteo_polo;2174.0;2183.0
176;9;0.3;0.1;15.8;24.5;10;viable;open_meteo_polo;2174.0;2183.0
176;10;9.2;1.2;15.4;24.3;6;viable;open_meteo_polo;2174.0;2183.0
176;11;3.6;0.9;15.0;24.0;7;viable;open_meteo_polo;2174.0;2183.0
176;12;29.0;6.4;14.9;23.1;4;viable;open_meteo_polo;2174.0;2183.0
177;1;9.7;3.0;20.4;26.2;1;viable;open_meteo_polo;41.0;38.0
177;2;7.5;2.3;21.2;27.2;2;viable;open_meteo_polo;41.0;38.0
177;3;2.4;1.0;20.3;26.4;9;viable;open_meteo_polo;41.0;38.0
177;4;1.1;0.3;17.8;24.1;11;viable;open_meteo_polo;41.0;38.0
177;5;1.0;0.1;16.0;21.6;12;viable;open_meteo_polo;41.0;38.0
177;6;1.7;0.5;14.5;19.6;10;viable;open_meteo_polo;41.0;38.0
177;7;4.1;0.8;13.5;18.5;4;viable;open_meteo_polo;41.0;38.0
177;8;3.9;0.9;13.5;18.3;6;viable;open_meteo_polo;41.0;38.0
177;9;2.5;0.3;13.9;19.0;8;viable;open_meteo_polo;41.0;38.0
177;10;4.1;0.8;15.1;20.4;5;viable;open_meteo_polo;41.0;38.0
177;11;3.7;1.2;16.8;22.3;7;viable;open_meteo_polo;41.0;38.0
177;12;5.6;2.3;18.5;24.1;3;viable;open_meteo_polo;41.0;38.0
178;1;9.6;3.4;19.9;28.0;3;viable;open_meteo_polo;135.0;103.0
178;2;13.0;3.8;21.3;29.4;1;viable;open_meteo_polo;135.0;103.0
178;3;11.5;3.4;21.0;29.1;2;viable;open_meteo_polo;135.0;103.0
178;4;2.3;0.5;19.0;27.3;5;viable;open_meteo_polo;135.0;103.0
178;5;0.5;0.1;15.9;24.1;9;viable;open_meteo_polo;135.0;103.0
178;6;0.8;0.1;13.3;21.5;6;viable;open_meteo_polo;135.0;103.0
178;7;0.3;0.0;12.3;20.8;11;viable;open_meteo_polo;135.0;103.0
178;8;0.1;0.0;12.0;20.9;12;viable;open_meteo_polo;135.0;103.0
178;9;0.4;0.1;12.8;21.9;10;viable;open_meteo_polo;135.0;103.0
178;10;0.8;0.0;14.0;23.0;7;viable;open_meteo_polo;135.0;103.0
178;11;0.6;0.3;15.1;24.2;8;viable;open_meteo_polo;135.0;103.0
178;12;6.7;1.9;17.6;26.0;4;viable;open_meteo_polo;135.0;103.0
180;1;3.9;1.1;20.4;28.2;2;viable;open_meteo_polo;0.0;8.0
180;2;4.5;1.0;21.7;29.5;1;viable;open_meteo_polo;0.0;8.0
180;3;1.8;0.5;21.2;29.4;3;viable;open_meteo_polo;0.0;8.0
180;4;0.3;0.0;19.1;27.3;11;viable;open_meteo_polo;0.0;8.0
180;5;0.5;0.2;16.4;24.2;8;viable;open_meteo_polo;0.0;8.0
180;6;1.5;0.4;14.4;21.9;4;viable;open_meteo_polo;0.0;8.0
180;7;0.5;0.0;13.4;21.4;9;viable;open_meteo_polo;0.0;8.0
180;8;0.3;0.0;13.0;21.4;10;viable;open_meteo_polo;0.0;8.0
180;9;0.7;0.1;13.7;22.2;6;viable;open_meteo_polo;0.0;8.0
180;10;0.3;0.0;14.8;23.4;12;viable;open_meteo_polo;0.0;8.0
180;11;0.7;0.1;16.0;24.3;7;viable;open_meteo_polo;0.0;8.0
180;12;0.8;0.1;18.3;26.1;5;viable;open_meteo_polo;0.0;8.0
183;1;337.6;24.8;22.8;29.6;3;desaconsejado;open_meteo_polo;261.0;209.0
183;2;355.0;23.5;22.9;29.7;1;desaconsejado;open_meteo_polo;261.0;209.0
183;3;292.6;25.1;22.9;29.7;4;advertencia;open_meteo_polo;261.0;209.0
183;4;194.1;21.2;22.8;29.6;7;advertencia;open_meteo_polo;261.0;209.0
183;5;122.9;16.0;22.3;29.0;8;viable;open_meteo_polo;261.0;209.0
183;6;83.8;13.1;21.6;28.8;12;viable;open_meteo_polo;261.0;209.0
183;7;85.2;9.8;21.6;29.4;11;viable;open_meteo_polo;261.0;209.0
183;8;91.4;9.6;21.9;30.8;10;viable;open_meteo_polo;261.0;209.0
183;9;111.5;14.5;22.8;31.5;9;viable;open_meteo_polo;261.0;209.0
183;10;222.4;21.3;23.0;30.9;6;advertencia;open_meteo_polo;261.0;209.0
183;11;272.5;22.3;23.0;30.1;5;advertencia;open_meteo_polo;261.0;209.0
183;12;347.5;24.8;22.9;29.8;2;desaconsejado;open_meteo_polo;261.0;209.0
184;1;245.5;29.9;8.8;15.2;2;desaconsejado;open_meteo_polo;4756.0;3286.0
184;2;240.6;27.7;9.0;15.3;3;desaconsejado;open_meteo_polo;4756.0;3286.0
184;3;265.3;30.7;8.9;15.3;1;desaconsejado;open_meteo_polo;4756.0;3286.0
184;4;142.4;27.3;8.8;15.7;7;viable;open_meteo_polo;4756.0;3286.0
184;5;101.1;23.1;8.2;15.2;9;viable;open_meteo_polo;4756.0;3286.0
184;6;50.1;13.5;7.2;14.8;11;viable;open_meteo_polo;4756.0;3286.0
184;7;31.4;10.3;6.6;15.1;12;viable;open_meteo_polo;4756.0;3286.0
184;8;59.7;16.8;6.8;15.4;10;viable;open_meteo_polo;4756.0;3286.0
184;9;109.9;23.7;7.4;15.3;8;viable;open_meteo_polo;4756.0;3286.0
184;10;162.0;27.5;8.2;15.7;6;advertencia;open_meteo_polo;4756.0;3286.0
184;11;190.9;27.3;8.6;16.0;5;advertencia;open_meteo_polo;4756.0;3286.0
184;12;222.3;28.8;8.8;15.6;4;advertencia;open_meteo_polo;4756.0;3286.0
185;1;217.5;23.8;6.7;14.8;3;desaconsejado;open_meteo_polo;3613.0;3409.0
185;2;252.3;26.7;6.9;14.3;1;desaconsejado;open_meteo_polo;3613.0;3409.0
185;3;226.8;29.0;6.9;14.2;2;desaconsejado;open_meteo_polo;3613.0;3409.0
185;4;82.1;16.4;5.9;15.3;4;viable;open_meteo_polo;3613.0;3409.0
185;5;26.3;7.1;4.9;15.7;7;viable;open_meteo_polo;3613.0;3409.0
185;6;12.2;3.1;4.1;15.5;9;viable;open_meteo_polo;3613.0;3409.0
185;7;8.0;2.3;4.6;15.9;10;viable;open_meteo_polo;3613.0;3409.0
185;8;5.0;1.5;4.6;16.5;12;viable;open_meteo_polo;3613.0;3409.0
185;9;13.4;3.3;5.4;17.3;8;viable;open_meteo_polo;3613.0;3409.0
185;10;26.6;4.8;5.6;17.2;6;viable;open_meteo_polo;3613.0;3409.0
185;11;7.6;1.7;5.9;17.4;11;viable;open_meteo_polo;3613.0;3409.0
185;12;69.3;11.6;6.5;16.5;5;viable;open_meteo_polo;3613.0;3409.0
187;1;6.8;2.0;21.1;26.3;2;viable;open_meteo_polo;174.0;22.0
187;2;8.1;2.6;22.2;27.5;1;viable;open_meteo_polo;174.0;22.0
187;3;2.2;0.7;21.2;26.6;6;viable;open_meteo_polo;174.0;22.0
187;4;0.7;0.1;18.9;24.2;11;viable;open_meteo_polo;174.0;22.0
187;5;0.4;0.0;16.7;21.7;12;viable;open_meteo_polo;174.0;22.0
187;6;1.0;0.2;15.2;19.9;10;viable;open_meteo_polo;174.0;22.0
187;7;2.0;0.5;14.2;18.9;7;viable;open_meteo_polo;174.0;22.0
187;8;1.6;0.2;14.1;18.9;8;viable;open_meteo_polo;174.0;22.0
187;9;1.5;0.2;14.4;19.4;9;viable;open_meteo_polo;174.0;22.0
187;10;2.4;0.6;15.5;20.7;5;viable;open_meteo_polo;174.0;22.0
187;11;2.8;0.4;17.1;22.3;4;viable;open_meteo_polo;174.0;22.0
187;12;3.2;1.1;19.0;24.2;3;viable;open_meteo_polo;174.0;22.0
188;1;178.0;27.7;11.3;19.7;3;desaconsejado;open_meteo_polo;3711.0;2730.0
188;2;184.6;25.6;11.8;20.1;2;desaconsejado;open_meteo_polo;3711.0;2730.0
188;3;195.3;28.4;11.7;19.7;1;desaconsejado;open_meteo_polo;3711.0;2730.0
188;4;108.2;22.8;11.3;19.8;7;viable;open_meteo_polo;3711.0;2730.0
188;5;71.0;15.9;11.0;19.7;9;viable;open_meteo_polo;3711.0;2730.0
188;6;34.3;9.9;10.1;19.5;11;viable;open_meteo_polo;3711.0;2730.0
188;7;25.1;6.0;9.5;20.4;12;viable;open_meteo_polo;3711.0;2730.0
188;8;40.4;10.3;9.9;21.1;10;viable;open_meteo_polo;3711.0;2730.0
188;9;79.2;17.6;10.4;21.1;8;viable;open_meteo_polo;3711.0;2730.0
188;10;150.0;25.8;10.8;20.5;5;advertencia;open_meteo_polo;3711.0;2730.0
188;11;136.1;24.1;11.0;20.8;6;viable;open_meteo_polo;3711.0;2730.0
188;12;163.2;26.7;11.2;20.4;4;advertencia;open_meteo_polo;3711.0;2730.0
189;1;258.8;25.2;23.8;30.1;7;advertencia;open_meteo_polo;128.0;101.0
189;2;272.5;24.7;23.9;29.9;5;advertencia;open_meteo_polo;128.0;101.0
189;3;326.7;28.5;23.9;29.8;1;desaconsejado;open_meteo_polo;128.0;101.0
189;4;322.9;27.1;23.7;29.7;2;desaconsejado;open_meteo_polo;128.0;101.0
189;5;275.5;25.6;23.4;29.0;4;advertencia;open_meteo_polo;128.0;101.0
189;6;198.0;23.8;22.9;28.6;9;advertencia;open_meteo_polo;128.0;101.0
189;7;152.8;19.4;22.6;29.1;11;advertencia;open_meteo_polo;128.0;101.0
189;8;137.6;16.3;23.0;30.1;12;viable;open_meteo_polo;128.0;101.0
189;9;156.2;20.6;23.8;31.0;10;advertencia;open_meteo_polo;128.0;101.0
189;10;219.2;24.4;24.1;30.8;8;advertencia;open_meteo_polo;128.0;101.0
189;11;269.9;24.8;23.9;30.4;6;advertencia;open_meteo_polo;128.0;101.0
189;12;279.4;26.4;23.8;30.0;3;desaconsejado;open_meteo_polo;128.0;101.0
190;1;224.8;25.8;4.6;13.3;1;desaconsejado;open_meteo_polo;4728.0;3981.0
190;2;208.3;25.4;4.9;13.0;2;desaconsejado;open_meteo_polo;4728.0;3981.0
190;3;185.6;27.3;4.6;12.8;3;desaconsejado;open_meteo_polo;4728.0;3981.0
190;4;65.5;15.5;4.6;13.3;7;viable;open_meteo_polo;4728.0;3981.0
190;5;22.2;6.6;3.2;13.4;9;viable;open_meteo_polo;4728.0;3981.0
190;6;6.6;1.9;2.6;12.8;12;viable;open_meteo_polo;4728.0;3981.0
190;7;7.9;2.1;3.5;13.2;11;viable;open_meteo_polo;4728.0;3981.0
190;8;8.6;2.7;2.9;14.3;10;viable;open_meteo_polo;4728.0;3981.0
190;9;42.4;9.9;3.6;14.9;8;viable;open_meteo_polo;4728.0;3981.0
190;10;67.9;15.3;4.0;15.5;6;viable;open_meteo_polo;4728.0;3981.0
190;11;90.1;16.4;4.6;16.2;5;viable;open_meteo_polo;4728.0;3981.0
190;12;159.7;23.3;4.6;14.4;4;advertencia;open_meteo_polo;4728.0;3981.0
192;1;214.7;27.5;18.4;26.1;3;desaconsejado;open_meteo_polo;970.0;958.0
192;2;235.3;24.2;18.7;26.1;1;desaconsejado;open_meteo_polo;970.0;958.0
192;3;233.4;27.0;18.5;26.2;2;desaconsejado;open_meteo_polo;970.0;958.0
192;4;171.1;24.9;18.5;26.0;7;advertencia;open_meteo_polo;970.0;958.0
192;5;137.9;24.6;18.3;25.7;8;viable;open_meteo_polo;970.0;958.0
192;6;116.8;20.2;17.4;25.1;9;viable;open_meteo_polo;970.0;958.0
192;7;112.8;19.6;16.8;25.1;10;viable;open_meteo_polo;970.0;958.0
192;8;101.8;16.9;16.8;26.3;11;viable;open_meteo_polo;970.0;958.0
192;9;100.9;19.5;17.4;27.0;12;viable;open_meteo_polo;970.0;958.0
192;10;176.0;25.1;18.1;26.9;5;advertencia;open_meteo_polo;970.0;958.0
192;11;173.0;23.7;18.5;26.8;6;advertencia;open_meteo_polo;970.0;958.0
192;12;199.4;25.3;18.2;26.5;4;advertencia;open_meteo_polo;970.0;958.0
193;1;184.1;24.6;7.6;16.5;2;desaconsejado;open_meteo_polo;3386.0;3200.0
193;2;174.7;22.6;7.9;16.7;3;desaconsejado;open_meteo_polo;3386.0;3200.0
193;3;200.5;26.9;7.9;16.4;1;desaconsejado;open_meteo_polo;3386.0;3200.0
193;4;127.4;22.9;7.7;16.7;6;viable;open_meteo_polo;3386.0;3200.0
193;5;55.7;13.7;7.1;17.1;8;viable;open_meteo_polo;3386.0;3200.0
193;6;23.7;5.7;6.3;17.2;10;viable;open_meteo_polo;3386.0;3200.0
193;7;11.6;3.0;5.4;17.9;12;viable;open_meteo_polo;3386.0;3200.0
193;8;21.8;5.7;5.8;18.6;11;viable;open_meteo_polo;3386.0;3200.0
193;9;48.9;12.7;6.6;18.8;9;viable;open_meteo_polo;3386.0;3200.0
193;10;124.1;22.5;7.3;17.9;7;viable;open_meteo_polo;3386.0;3200.0
193;11;135.5;19.2;7.3;18.0;5;viable;open_meteo_polo;3386.0;3200.0
193;12;165.8;24.4;7.3;17.2;4;advertencia;open_meteo_polo;3386.0;3200.0
194;1;261.6;29.0;4.4;12.6;1;desaconsejado;open_meteo_polo;3857.0;
194;2;255.9;26.9;4.9;12.5;3;desaconsejado;open_meteo_polo;3857.0;
194;3;259.1;30.1;4.7;12.2;2;desaconsejado;open_meteo_polo;3857.0;
194;4;115.3;22.8;3.6;12.4;7;viable;open_meteo_polo;3857.0;
194;5;55.1;14.7;2.6;12.2;9;viable;open_meteo_polo;3857.0;
194;6;15.4;5.0;1.3;12.1;12;viable;open_meteo_polo;3857.0;
194;7;17.1;4.8;0.5;12.7;11;viable;open_meteo_polo;3857.0;
194;8;37.6;11.7;1.2;13.2;10;viable;open_meteo_polo;3857.0;
194;9;87.2;20.3;2.3;13.4;8;viable;open_meteo_polo;3857.0;
194;10;147.3;24.9;3.2;13.6;5;viable;open_meteo_polo;3857.0;
194;11;139.2;22.2;3.7;14.1;6;viable;open_meteo_polo;3857.0;
194;12;203.0;25.4;4.3;13.3;4;advertencia;open_meteo_polo;3857.0;
195;1;13.3;3.5;16.1;27.5;2;viable;open_meteo_polo;1161.0;
195;2;19.2;4.8;16.6;27.6;1;viable;open_meteo_polo;1161.0;
195;3;2.9;1.1;16.0;28.1;3;viable;open_meteo_polo;1161.0;
195;4;1.1;0.4;13.7;26.9;5;viable;open_meteo_polo;1161.0;
195;5;0.2;0.1;12.2;26.5;8;viable;open_meteo_polo;1161.0;
195;6;0.1;0.0;10.6;25.4;10;viable;open_meteo_polo;1161.0;
195;7;0.3;0.1;10.5;25.8;7;viable;open_meteo_polo;1161.0;
195;8;0.0;0.0;10.7;26.1;11;viable;open_meteo_polo;1161.0;
195;9;0.0;0.0;11.4;26.6;12;viable;open_meteo_polo;1161.0;
195;10;0.2;0.0;12.4;27.3;9;viable;open_meteo_polo;1161.0;
195;11;0.6;0.2;12.9;27.1;6;viable;open_meteo_polo;1161.0;
195;12;2.0;0.6;14.4;27.2;4;viable;open_meteo_polo;1161.0;
198;1;204.1;22.3;22.4;30.2;4;advertencia;open_meteo_polo;301.0;284.0
198;2;263.6;22.5;22.2;29.8;1;desaconsejado;open_meteo_polo;301.0;284.0
198;3;258.0;21.5;22.0;30.0;2;desaconsejado;open_meteo_polo;301.0;284.0
198;4;164.8;17.7;21.6;29.8;6;advertencia;open_meteo_polo;301.0;284.0
198;5;109.8;15.6;20.5;28.4;8;viable;open_meteo_polo;301.0;284.0
198;6;85.3;11.6;19.5;27.8;10;viable;open_meteo_polo;301.0;284.0
198;7;49.7;7.3;19.0;28.2;12;viable;open_meteo_polo;301.0;284.0
198;8;58.3;7.0;19.3;30.0;11;viable;open_meteo_polo;301.0;284.0
198;9;86.4;10.9;21.2;31.7;9;viable;open_meteo_polo;301.0;284.0
198;10;147.3;17.2;21.9;31.1;7;viable;open_meteo_polo;301.0;284.0
198;11;179.6;18.5;21.9;30.3;5;advertencia;open_meteo_polo;301.0;284.0
198;12;228.0;20.8;22.3;30.3;3;desaconsejado;open_meteo_polo;301.0;284.0
199;1;15.7;3.9;19.9;25.0;1;viable;open_meteo_polo;61.0;34.0
199;2;15.1;3.8;21.1;26.2;2;viable;open_meteo_polo;61.0;34.0
199;3;14.3;3.9;20.9;26.0;3;viable;open_meteo_polo;61.0;34.0
199;4;4.0;1.3;19.2;24.4;5;viable;open_meteo_polo;61.0;34.0
199;5;1.8;0.3;17.0;21.8;8;viable;open_meteo_polo;61.0;34.0
199;6;1.9;0.1;15.3;20.0;7;viable;open_meteo_polo;61.0;34.0
199;7;1.5;0.2;14.5;19.4;11;viable;open_meteo_polo;61.0;34.0
199;8;1.8;0.1;14.1;19.2;9;viable;open_meteo_polo;61.0;34.0
199;9;1.2;0.1;14.3;19.7;12;viable;open_meteo_polo;61.0;34.0
199;10;2.5;0.7;15.0;20.4;6;viable;open_meteo_polo;61.0;34.0
199;11;1.7;0.4;16.1;21.5;10;viable;open_meteo_polo;61.0;34.0
199;12;6.3;2.3;17.9;23.0;4;viable;open_meteo_polo;61.0;34.0
201;1;517.1;29.9;20.3;26.6;1;desaconsejado;open_meteo_polo;980.0;731.0
201;2;487.7;28.0;20.5;26.7;2;desaconsejado;open_meteo_polo;980.0;731.0
201;3;411.1;29.6;20.2;27.1;4;advertencia;open_meteo_polo;980.0;731.0
201;4;299.7;28.0;19.9;27.0;7;advertencia;open_meteo_polo;980.0;731.0
201;5;234.3;28.8;19.6;26.2;8;advertencia;open_meteo_polo;980.0;731.0
201;6;212.2;26.2;18.6;25.5;9;advertencia;open_meteo_polo;980.0;731.0
201;7;154.0;25.0;17.9;25.6;12;advertencia;open_meteo_polo;980.0;731.0
201;8;175.5;25.6;18.1;26.5;11;advertencia;open_meteo_polo;980.0;731.0
201;9;207.8;24.9;18.7;27.7;10;advertencia;open_meteo_polo;980.0;731.0
201;10;342.9;29.0;19.6;27.5;6;advertencia;open_meteo_polo;980.0;731.0
201;11;362.2;28.2;20.2;27.0;5;advertencia;open_meteo_polo;980.0;731.0
201;12;441.0;30.3;20.4;26.6;3;desaconsejado;open_meteo_polo;980.0;731.0
205;1;156.8;23.6;25.2;29.3;3;desaconsejado;open_meteo_polo;1805.0;161.0
205;2;196.1;24.7;25.6;29.4;2;desaconsejado;open_meteo_polo;1805.0;161.0
205;3;215.3;27.2;25.8;29.7;1;desaconsejado;open_meteo_polo;1805.0;161.0
205;4;57.2;11.8;25.9;30.2;4;viable;open_meteo_polo;1805.0;161.0
205;5;3.8;1.4;26.8;31.7;9;viable;open_meteo_polo;1805.0;161.0
205;6;1.3;0.4;27.1;31.8;10;viable;open_meteo_polo;1805.0;161.0
205;7;0.2;0.0;27.4;32.1;11;viable;open_meteo_polo;1805.0;161.0
205;8;0.1;0.0;27.4;32.2;12;viable;open_meteo_polo;1805.0;161.0
205;9;7.2;2.2;27.0;32.1;8;viable;open_meteo_polo;1805.0;161.0
205;10;8.9;2.3;26.5;31.7;7;viable;open_meteo_polo;1805.0;161.0
205;11;12.4;3.8;26.0;31.3;6;viable;open_meteo_polo;1805.0;161.0
205;12;49.0;11.3;25.4;30.2;5;viable;open_meteo_polo;1805.0;161.0
206;1;8.3;2.7;20.6;24.0;4;viable;open_meteo_polo;0.0;40.0
206;2;6.0;1.5;21.7;25.1;8;viable;open_meteo_polo;0.0;40.0
206;3;2.8;0.7;20.8;24.2;11;viable;open_meteo_polo;0.0;40.0
206;4;1.2;0.1;18.5;22.1;12;viable;open_meteo_polo;0.0;40.0
206;5;3.8;1.3;16.6;20.0;10;viable;open_meteo_polo;0.0;40.0
206;6;6.1;1.9;15.2;18.3;7;viable;open_meteo_polo;0.0;40.0
206;7;6.7;2.0;14.2;17.1;6;viable;open_meteo_polo;0.0;40.0
206;8;10.1;2.7;14.1;17.0;2;viable;open_meteo_polo;0.0;40.0
206;9;12.1;3.6;14.5;17.3;1;viable;open_meteo_polo;0.0;40.0
206;10;8.9;2.5;15.6;18.5;3;viable;open_meteo_polo;0.0;40.0
206;11;6.8;1.9;17.1;20.2;5;viable;open_meteo_polo;0.0;40.0
206;12;5.4;1.7;18.9;22.0;9;viable;open_meteo_polo;0.0;40.0
208;1;314.9;25.2;20.4;27.2;3;desaconsejado;open_meteo_polo;846.0;580.0
208;2;340.2;24.9;20.5;26.9;1;desaconsejado;open_meteo_polo;846.0;580.0
208;3;330.7;25.9;20.5;27.1;2;desaconsejado;open_meteo_polo;846.0;580.0
208;4;172.0;18.8;20.7;27.7;7;advertencia;open_meteo_polo;846.0;580.0
208;5;77.3;11.6;20.1;27.5;9;viable;open_meteo_polo;846.0;580.0
208;6;68.0;9.5;19.0;27.0;11;viable;open_meteo_polo;846.0;580.0
208;7;52.6;7.5;18.5;27.3;12;viable;open_meteo_polo;846.0;580.0
208;8;74.1;11.5;19.3;28.1;10;viable;open_meteo_polo;846.0;580.0
208;9;137.7;15.6;20.1;28.7;8;viable;open_meteo_polo;846.0;580.0
208;10;175.3;18.8;20.6;28.6;6;advertencia;open_meteo_polo;846.0;580.0
208;11;211.8;21.3;20.7;28.0;5;advertencia;open_meteo_polo;846.0;580.0
208;12;236.2;22.6;20.7;27.6;4;advertencia;open_meteo_polo;846.0;580.0
211;1;139.5;21.1;9.3;16.9;2;advertencia;open_meteo_polo;3161.0;3082.0
211;2;154.3;21.6;9.4;16.4;1;desaconsejado;open_meteo_polo;3161.0;3082.0
211;3;112.0;19.8;8.8;16.6;3;advertencia;open_meteo_polo;3161.0;3082.0
211;4;10.9;2.7;8.9;18.9;5;viable;open_meteo_polo;3161.0;3082.0
211;5;0.5;0.1;8.3;18.9;11;viable;open_meteo_polo;3161.0;3082.0
211;6;1.5;0.3;7.3;17.9;9;viable;open_meteo_polo;3161.0;3082.0
211;7;1.5;0.3;7.4;18.3;8;viable;open_meteo_polo;3161.0;3082.0
211;8;0.4;0.1;7.6;18.7;12;viable;open_meteo_polo;3161.0;3082.0
211;9;1.1;0.3;8.8;19.8;10;viable;open_meteo_polo;3161.0;3082.0
211;10;4.4;1.5;9.4;19.8;7;viable;open_meteo_polo;3161.0;3082.0
211;11;10.7;2.0;9.6;19.6;6;viable;open_meteo_polo;3161.0;3082.0
211;12;43.6;7.7;9.5;18.7;4;viable;open_meteo_polo;3161.0;3082.0
214;1;10.7;3.0;20.5;26.4;3;viable;open_meteo_polo;150.0;45.0
214;2;10.9;3.4;21.7;27.6;2;viable;open_meteo_polo;150.0;45.0
214;3;14.9;4.6;21.4;27.2;1;viable;open_meteo_polo;150.0;45.0
214;4;2.5;0.7;19.7;25.3;6;viable;open_meteo_polo;150.0;45.0
214;5;1.5;0.2;17.4;22.5;11;viable;open_meteo_polo;150.0;45.0
214;6;2.2;0.2;15.7;20.9;8;viable;open_meteo_polo;150.0;45.0
214;7;2.1;0.4;14.7;20.3;9;viable;open_meteo_polo;150.0;45.0
214;8;2.5;0.4;14.4;20.0;7;viable;open_meteo_polo;150.0;45.0
214;9;2.5;0.5;14.6;20.2;5;viable;open_meteo_polo;150.0;45.0
214;10;2.0;0.5;15.3;21.0;10;viable;open_meteo_polo;150.0;45.0
214;11;1.1;0.1;16.4;22.5;12;viable;open_meteo_polo;150.0;45.0
214;12;5.5;1.2;18.4;24.2;4;viable;open_meteo_polo;150.0;45.0
217;1;244.3;28.7;21.7;30.9;2;desaconsejado;open_meteo_polo;4608.0;1024.0
217;2;235.4;26.4;22.4;31.1;3;desaconsejado;open_meteo_polo;4608.0;1024.0
217;3;267.0;30.1;22.3;31.1;1;desaconsejado;open_meteo_polo;4608.0;1024.0
217;4;137.6;24.8;21.1;31.6;7;viable;open_meteo_polo;4608.0;1024.0
217;5;73.0;19.0;20.3;31.3;9;viable;open_meteo_polo;4608.0;1024.0
217;6;25.6;7.8;19.5;31.3;11;viable;open_meteo_polo;4608.0;1024.0
217;7;21.4;6.3;19.2;32.1;12;viable;open_meteo_polo;4608.0;1024.0
217;8;31.7;10.2;19.5;32.4;10;viable;open_meteo_polo;4608.0;1024.0
217;9;100.8;21.2;20.5;32.2;8;viable;open_meteo_polo;4608.0;1024.0
217;10;161.8;25.3;20.5;31.5;5;advertencia;open_meteo_polo;4608.0;1024.0
217;11;152.7;24.2;20.9;31.6;6;advertencia;open_meteo_polo;4608.0;1024.0
217;12;203.1;26.8;21.5;31.2;4;advertencia;open_meteo_polo;4608.0;1024.0
218;1;29.4;5.4;22.4;34.3;4;viable;open_meteo_polo;95.0;61.0
218;2;108.0;12.5;23.4;33.9;2;advertencia;open_meteo_polo;95.0;61.0
218;3;167.7;14.1;23.4;34.0;1;desaconsejado;open_meteo_polo;95.0;61.0
218;4;81.7;9.2;22.3;33.6;3;advertencia;open_meteo_polo;95.0;61.0
218;5;14.5;3.6;20.6;32.3;6;viable;open_meteo_polo;95.0;61.0
218;6;2.4;0.8;19.0;30.7;10;viable;open_meteo_polo;95.0;61.0
218;7;1.0;0.3;18.1;30.3;12;viable;open_meteo_polo;95.0;61.0
218;8;1.3;0.5;17.7;30.4;11;viable;open_meteo_polo;95.0;61.0
218;9;3.4;0.5;17.9;31.2;9;viable;open_meteo_polo;95.0;61.0
218;10;9.2;2.4;18.3;31.4;8;viable;open_meteo_polo;95.0;61.0
218;11;10.8;2.3;18.7;31.7;7;viable;open_meteo_polo;95.0;61.0
218;12;18.1;3.9;20.5;33.0;5;viable;open_meteo_polo;95.0;61.0
219;1;267.1;29.6;10.0;18.6;3;desaconsejado;open_meteo_polo;4370.0;2838.0
219;2;294.4;27.0;10.7;18.8;2;desaconsejado;open_meteo_polo;4370.0;2838.0
219;3;319.1;30.2;10.7;18.9;1;desaconsejado;open_meteo_polo;4370.0;2838.0
219;4;183.0;26.9;9.3;19.4;5;advertencia;open_meteo_polo;4370.0;2838.0
219;5;109.4;23.6;8.3;19.0;9;viable;open_meteo_polo;4370.0;2838.0
219;6;36.4;11.2;7.0;19.0;10;viable;open_meteo_polo;4370.0;2838.0
219;7;22.3;6.8;6.9;19.9;12;viable;open_meteo_polo;4370.0;2838.0
219;8;36.2;10.7;7.2;20.1;11;viable;open_meteo_polo;4370.0;2838.0
219;9;111.3;20.9;8.5;20.1;8;viable;open_meteo_polo;4370.0;2838.0
219;10;174.4;26.0;8.7;19.3;6;advertencia;open_meteo_polo;4370.0;2838.0
219;11;173.8;25.0;8.8;19.3;7;advertencia;open_meteo_polo;4370.0;2838.0
219;12;245.2;28.1;9.5;18.9;4;advertencia;open_meteo_polo;4370.0;2838.0
222;1;260.1;26.8;17.2;25.0;6;advertencia;open_meteo_polo;2182.0;1365.0
222;2;279.7;25.1;17.6;25.2;5;advertencia;open_meteo_polo;2182.0;1365.0
222;3;345.4;29.0;17.4;25.0;1;desaconsejado;open_meteo_polo;2182.0;1365.0
222;4;296.4;28.4;16.8;24.9;2;desaconsejado;open_meteo_polo;2182.0;1365.0
222;5;284.1;28.7;16.6;24.6;4;advertencia;open_meteo_polo;2182.0;1365.0
222;6;211.1;24.6;15.5;23.9;8;advertencia;open_meteo_polo;2182.0;1365.0
222;7;194.6;24.9;14.8;23.7;11;advertencia;open_meteo_polo;2182.0;1365.0
222;8;160.6;24.1;14.9;24.4;12;advertencia;open_meteo_polo;2182.0;1365.0
222;9;207.5;27.1;15.4;24.8;9;advertencia;open_meteo_polo;2182.0;1365.0
222;10;291.2;28.3;16.4;25.2;3;desaconsejado;open_meteo_polo;2182.0;1365.0
222;11;202.9;24.6;17.2;25.8;10;advertencia;open_meteo_polo;2182.0;1365.0
222;12;253.9;25.8;17.1;25.6;7;advertencia;open_meteo_polo;2182.0;1365.0
223;1;233.4;28.3;8.6;17.1;2;desaconsejado;open_meteo_polo;3634.0;3210.0
223;2;238.0;26.8;8.9;16.9;1;desaconsejado;open_meteo_polo;3634.0;3210.0
223;3;222.2;29.8;8.5;16.6;3;desaconsejado;open_meteo_polo;3634.0;3210.0
223;4;95.3;23.5;7.4;16.8;7;viable;open_meteo_polo;3634.0;3210.0
223;5;43.4;14.1;6.4;16.9;9;viable;open_meteo_polo;3634.0;3210.0
223;6;20.1;6.6;5.2;16.8;11;viable;open_meteo_polo;3634.0;3210.0
223;7;19.9;6.4;4.6;17.3;12;viable;open_meteo_polo;3634.0;3210.0
223;8;37.0;13.5;5.2;17.6;10;viable;open_meteo_polo;3634.0;3210.0
223;9;73.8;20.9;6.5;18.1;8;viable;open_meteo_polo;3634.0;3210.0
223;10;125.8;24.8;7.4;18.6;6;viable;open_meteo_polo;3634.0;3210.0
223;11;137.0;23.2;8.0;19.0;5;viable;open_meteo_polo;3634.0;3210.0
223;12;197.1;26.3;8.5;18.0;4;advertencia;open_meteo_polo;3634.0;3210.0
224;1;483.6;28.8;21.3;28.7;2;desaconsejado;open_meteo_polo;425.0;
224;2;413.9;26.3;21.4;28.6;3;desaconsejado;open_meteo_polo;425.0;
224;3;348.6;27.0;21.3;28.8;5;advertencia;open_meteo_polo;425.0;
224;4;214.1;22.2;20.9;28.8;7;advertencia;open_meteo_polo;425.0;
224;5;116.2;16.8;20.2;27.9;8;viable;open_meteo_polo;425.0;
224;6;86.7;12.9;19.2;27.1;9;viable;open_meteo_polo;425.0;
224;7;64.3;10.1;18.6;27.5;11;viable;open_meteo_polo;425.0;
224;8;63.1;10.2;19.0;29.0;12;viable;open_meteo_polo;425.0;
224;9;82.2;13.1;20.1;30.3;10;viable;open_meteo_polo;425.0;
224;10;222.5;21.6;20.9;29.6;6;advertencia;open_meteo_polo;425.0;
224;11;352.9;23.8;21.2;28.8;4;advertencia;open_meteo_polo;425.0;
224;12;500.5;28.8;21.3;28.6;1;desaconsejado;open_meteo_polo;425.0;
225;1;333.3;25.1;22.2;29.5;3;desaconsejado;open_meteo_polo;282.0;280.0
225;2;370.9;24.4;22.2;29.3;1;desaconsejado;open_meteo_polo;282.0;280.0
225;3;311.1;23.5;22.1;29.7;4;advertencia;open_meteo_polo;282.0;280.0
225;4;194.7;20.1;21.9;29.6;6;advertencia;open_meteo_polo;282.0;280.0
225;5;122.7;15.0;21.1;28.5;8;viable;open_meteo_polo;282.0;280.0
225;6;71.4;11.4;20.2;28.0;10;viable;open_meteo_polo;282.0;280.0
225;7;47.8;7.3;20.0;28.7;12;viable;open_meteo_polo;282.0;280.0
225;8;59.8;7.6;20.2;30.1;11;viable;open_meteo_polo;282.0;280.0
225;9;92.7;10.0;21.7;31.2;9;viable;open_meteo_polo;282.0;280.0
225;10;180.2;19.0;22.1;30.5;7;advertencia;open_meteo_polo;282.0;280.0
225;11;271.6;20.9;22.1;29.7;5;advertencia;open_meteo_polo;282.0;280.0
225;12;354.0;25.2;22.1;29.3;2;desaconsejado;open_meteo_polo;282.0;280.0
226;1;197.7;29.2;5.4;13.9;3;desaconsejado;open_meteo_polo;4345.0;3676.0
226;2;202.2;27.4;5.8;14.0;1;desaconsejado;open_meteo_polo;4345.0;3676.0
226;3;199.4;29.6;5.9;13.8;2;desaconsejado;open_meteo_polo;4345.0;3676.0
226;4;96.6;22.9;4.2;13.9;7;viable;open_meteo_polo;4345.0;3676.0
226;5;61.8;16.8;3.0;13.7;9;viable;open_meteo_polo;4345.0;3676.0
226;6;20.5;5.6;1.7;13.6;11;viable;open_meteo_polo;4345.0;3676.0
226;7;16.1;4.9;1.1;14.0;12;viable;open_meteo_polo;4345.0;3676.0
226;8;32.8;11.4;1.8;14.7;10;viable;open_meteo_polo;4345.0;3676.0
226;9;84.5;21.1;3.1;14.5;8;viable;open_meteo_polo;4345.0;3676.0
226;10;141.8;26.3;3.6;14.6;6;viable;open_meteo_polo;4345.0;3676.0
226;11;142.5;25.0;4.1;15.1;5;viable;open_meteo_polo;4345.0;3676.0
226;12;177.3;27.1;5.0;14.6;4;advertencia;open_meteo_polo;4345.0;3676.0
227;1;198.5;28.6;9.9;17.3;2;desaconsejado;open_meteo_polo;4168.0;2977.0
227;2;200.8;27.1;10.3;17.3;1;desaconsejado;open_meteo_polo;4168.0;2977.0
227;3;155.5;27.6;9.9;17.1;4;advertencia;open_meteo_polo;4168.0;2977.0
227;4;87.4;22.7;9.3;17.5;7;viable;open_meteo_polo;4168.0;2977.0
227;5;55.1;15.6;8.1;17.6;9;viable;open_meteo_polo;4168.0;2977.0
227;6;33.8;8.2;6.8;17.2;11;viable;open_meteo_polo;4168.0;2977.0
227;7;30.8;6.7;6.0;17.3;12;viable;open_meteo_polo;4168.0;2977.0
227;8;47.6;13.6;6.8;17.3;10;viable;open_meteo_polo;4168.0;2977.0
227;9;61.9;16.8;7.9;17.2;8;viable;open_meteo_polo;4168.0;2977.0
227;10;104.9;23.6;9.1;17.6;6;viable;open_meteo_polo;4168.0;2977.0
227;11;151.4;26.5;9.8;18.0;5;advertencia;open_meteo_polo;4168.0;2977.0
227;12;189.9;28.1;10.4;17.8;3;desaconsejado;open_meteo_polo;4168.0;2977.0
230;1;448.3;27.7;20.6;27.5;3;desaconsejado;open_meteo_polo;477.0;373.0
230;2;459.8;25.7;20.8;27.6;1;desaconsejado;open_meteo_polo;477.0;373.0
230;3;332.0;25.1;20.8;28.0;5;advertencia;open_meteo_polo;477.0;373.0
230;4;201.1;20.4;20.6;28.0;7;advertencia;open_meteo_polo;477.0;373.0
230;5;124.5;18.7;20.2;27.2;9;viable;open_meteo_polo;477.0;373.0
230;6;144.6;17.2;19.4;26.4;8;viable;open_meteo_polo;477.0;373.0
230;7;82.4;12.7;18.9;27.0;12;viable;open_meteo_polo;477.0;373.0
230;8;119.0;13.4;18.8;28.0;10;viable;open_meteo_polo;477.0;373.0
230;9;113.4;15.8;19.7;29.1;11;viable;open_meteo_polo;477.0;373.0
230;10;270.5;21.7;20.4;28.6;6;advertencia;open_meteo_polo;477.0;373.0
230;11;336.7;24.6;20.7;28.0;4;advertencia;open_meteo_polo;477.0;373.0
230;12;449.4;28.4;20.7;27.5;2;desaconsejado;open_meteo_polo;477.0;373.0
232;1;188.6;26.6;4.5;14.6;2;desaconsejado;open_meteo_polo;4357.0;3868.0
232;2;199.5;26.8;4.7;14.4;1;desaconsejado;open_meteo_polo;4357.0;3868.0
232;3;175.8;27.5;4.1;14.3;4;advertencia;open_meteo_polo;4357.0;3868.0
232;4;88.4;18.6;3.5;14.5;7;viable;open_meteo_polo;4357.0;3868.0
232;5;33.1;8.9;2.4;14.4;9;viable;open_meteo_polo;4357.0;3868.0
232;6;5.6;1.7;1.4;14.4;12;viable;open_meteo_polo;4357.0;3868.0
232;7;8.1;2.2;1.3;15.1;11;viable;open_meteo_polo;4357.0;3868.0
232;8;15.5;4.7;1.4;15.9;10;viable;open_meteo_polo;4357.0;3868.0
232;9;50.0;12.7;2.5;16.6;8;viable;open_meteo_polo;4357.0;3868.0
232;10;96.4;19.2;3.3;16.3;6;viable;open_meteo_polo;4357.0;3868.0
232;11;114.0;19.5;4.2;16.7;5;viable;open_meteo_polo;4357.0;3868.0
232;12;180.8;26.2;4.4;15.3;3;desaconsejado;open_meteo_polo;4357.0;3868.0
233;1;201.6;27.7;6.1;15.2;2;desaconsejado;open_meteo_polo;3386.0;3542.0
233;2;204.4;25.8;6.6;15.3;1;desaconsejado;open_meteo_polo;3386.0;3542.0
233;3;192.7;28.0;6.6;15.1;3;desaconsejado;open_meteo_polo;3386.0;3542.0
233;4;93.8;19.5;4.8;15.2;7;viable;open_meteo_polo;3386.0;3542.0
233;5;63.3;14.1;3.4;15.1;9;viable;open_meteo_polo;3386.0;3542.0
233;6;20.6;5.6;1.8;15.0;11;viable;open_meteo_polo;3386.0;3542.0
233;7;18.4;4.5;1.4;15.8;12;viable;open_meteo_polo;3386.0;3542.0
233;8;31.6;9.3;2.7;16.4;10;viable;open_meteo_polo;3386.0;3542.0
233;9;83.3;18.5;4.4;16.2;8;viable;open_meteo_polo;3386.0;3542.0
233;10;129.8;22.0;4.7;16.2;6;viable;open_meteo_polo;3386.0;3542.0
233;11;134.7;21.8;5.1;16.6;5;viable;open_meteo_polo;3386.0;3542.0
233;12;157.8;24.8;5.7;16.0;4;advertencia;open_meteo_polo;3386.0;3542.0
234;1;246.0;24.0;6.6;16.0;4;advertencia;open_meteo_polo;3071.0;3199.0
234;2;270.2;20.8;7.2;15.8;3;desaconsejado;open_meteo_polo;3071.0;3199.0
234;3;341.1;27.0;7.2;15.6;1;desaconsejado;open_meteo_polo;3071.0;3199.0
234;4;291.9;26.4;6.7;16.1;2;desaconsejado;open_meteo_polo;3071.0;3199.0
234;5;135.0;19.4;5.8;16.7;7;viable;open_meteo_polo;3071.0;3199.0
234;6;25.8;5.6;4.6;17.7;10;viable;open_meteo_polo;3071.0;3199.0
234;7;9.3;2.5;4.3;19.4;12;viable;open_meteo_polo;3071.0;3199.0
234;8;18.2;3.8;4.6;19.8;11;viable;open_meteo_polo;3071.0;3199.0
234;9;78.4;12.1;5.7;19.8;9;viable;open_meteo_polo;3071.0;3199.0
234;10;180.2;20.3;5.9;17.8;6;advertencia;open_meteo_polo;3071.0;3199.0
234;11;109.9;12.6;5.8;17.5;8;viable;open_meteo_polo;3071.0;3199.0
234;12;224.6;21.7;6.1;16.6;5;advertencia;open_meteo_polo;3071.0;3199.0
235;1;420.9;30.2;18.8;26.5;1;desaconsejado;open_meteo_polo;1043.0;1053.0
235;2;389.1;27.7;18.9;26.4;3;desaconsejado;open_meteo_polo;1043.0;1053.0
235;3;305.9;30.1;18.4;26.7;4;advertencia;open_meteo_polo;1043.0;1053.0
235;4;180.3;25.6;18.2;26.8;7;advertencia;open_meteo_polo;1043.0;1053.0
235;5;111.3;20.8;17.6;26.4;9;viable;open_meteo_polo;1043.0;1053.0
235;6;73.7;13.2;16.3;26.0;11;viable;open_meteo_polo;1043.0;1053.0
235;7;39.6;11.0;15.7;26.1;12;viable;open_meteo_polo;1043.0;1053.0
235;8;75.1;16.3;15.6;26.8;10;viable;open_meteo_polo;1043.0;1053.0
235;9;112.5;21.3;16.3;27.7;8;viable;open_meteo_polo;1043.0;1053.0
235;10;197.4;27.6;17.6;27.5;6;advertencia;open_meteo_polo;1043.0;1053.0
235;11;295.2;27.9;18.4;27.1;5;advertencia;open_meteo_polo;1043.0;1053.0
235;12;394.6;30.3;18.8;26.7;2;desaconsejado;open_meteo_polo;1043.0;1053.0
238;1;213.1;29.6;14.2;22.1;4;advertencia;open_meteo_polo;4481.0;2264.0
238;2;251.6;27.3;14.8;22.2;2;desaconsejado;open_meteo_polo;4481.0;2264.0
238;3;261.6;30.8;14.9;22.2;1;desaconsejado;open_meteo_polo;4481.0;2264.0
238;4;166.4;28.4;14.5;22.9;5;advertencia;open_meteo_polo;4481.0;2264.0
238;5;104.9;23.4;14.0;22.5;9;viable;open_meteo_polo;4481.0;2264.0
238;6;34.9;11.4;13.3;22.6;11;viable;open_meteo_polo;4481.0;2264.0
238;7;24.1;6.9;13.1;23.4;12;viable;open_meteo_polo;4481.0;2264.0
238;8;37.9;11.2;13.3;23.7;10;viable;open_meteo_polo;4481.0;2264.0
238;9;116.6;22.9;13.3;23.3;8;viable;open_meteo_polo;4481.0;2264.0
238;10;164.8;27.3;13.9;22.7;6;advertencia;open_meteo_polo;4481.0;2264.0
238;11;154.9;25.5;14.1;22.8;7;advertencia;open_meteo_polo;4481.0;2264.0
238;12;215.1;28.5;14.3;22.3;3;desaconsejado;open_meteo_polo;4481.0;2264.0
239;1;247.8;23.7;19.8;27.7;2;desaconsejado;open_meteo_polo;1015.0;773.0
239;2;245.9;23.6;19.8;27.7;3;desaconsejado;open_meteo_polo;1015.0;773.0
239;3;208.0;24.3;19.7;28.0;4;advertencia;open_meteo_polo;1015.0;773.0
239;4;123.9;16.6;19.5;28.0;6;viable;open_meteo_polo;1015.0;773.0
239;5;112.1;15.5;19.2;27.3;8;viable;open_meteo_polo;1015.0;773.0
239;6;75.2;11.6;18.4;26.6;9;viable;open_meteo_polo;1015.0;773.0
239;7;49.1;9.2;18.0;27.0;12;viable;open_meteo_polo;1015.0;773.0
239;8;67.1;10.3;18.2;28.0;10;viable;open_meteo_polo;1015.0;773.0
239;9;57.8;10.8;19.0;29.3;11;viable;open_meteo_polo;1015.0;773.0
239;10;120.3;17.8;19.6;29.1;7;viable;open_meteo_polo;1015.0;773.0
239;11;177.5;21.0;19.9;28.3;5;advertencia;open_meteo_polo;1015.0;773.0
239;12;248.2;25.5;19.9;27.9;1;desaconsejado;open_meteo_polo;1015.0;773.0
240;1;20.4;5.7;19.7;31.5;2;viable;open_meteo_polo;404.0;418.0
240;2;27.1;5.4;21.0;32.0;1;viable;open_meteo_polo;404.0;418.0
240;3;12.9;3.1;20.8;32.7;3;viable;open_meteo_polo;404.0;418.0
240;4;2.2;0.6;18.6;31.2;5;viable;open_meteo_polo;404.0;418.0
240;5;0.5;0.0;15.2;28.1;7;viable;open_meteo_polo;404.0;418.0
240;6;0.2;0.1;12.6;25.3;9;viable;open_meteo_polo;404.0;418.0
240;7;0.1;0.0;11.6;25.0;10;viable;open_meteo_polo;404.0;418.0
240;8;0.0;0.0;11.3;25.7;12;viable;open_meteo_polo;404.0;418.0
240;9;0.0;0.0;12.2;27.0;11;viable;open_meteo_polo;404.0;418.0
240;10;0.6;0.1;13.7;28.5;6;viable;open_meteo_polo;404.0;418.0
240;11;0.4;0.1;14.9;29.2;8;viable;open_meteo_polo;404.0;418.0
240;12;3.4;1.0;17.4;30.5;4;viable;open_meteo_polo;404.0;418.0
244;1;199.1;29.4;7.6;14.5;4;advertencia;open_meteo_polo;4620.0;3367.0
244;2;203.4;26.5;8.0;14.9;2;desaconsejado;open_meteo_polo;4620.0;3367.0
244;3;221.5;29.9;8.0;14.6;1;desaconsejado;open_meteo_polo;4620.0;3367.0
244;4;135.2;26.1;7.8;15.0;7;viable;open_meteo_polo;4620.0;3367.0
244;5;94.0;20.6;7.2;14.8;9;viable;open_meteo_polo;4620.0;3367.0
244;6;53.7;12.7;5.7;14.3;10;viable;open_meteo_polo;4620.0;3367.0
244;7;28.3;8.6;4.8;14.7;12;viable;open_meteo_polo;4620.0;3367.0
244;8;50.8;13.1;5.0;15.2;11;viable;open_meteo_polo;4620.0;3367.0
244;9;97.5;19.9;5.8;15.0;8;viable;open_meteo_polo;4620.0;3367.0
244;10;166.9;27.7;6.5;14.9;5;advertencia;open_meteo_polo;4620.0;3367.0
244;11;162.8;26.0;6.6;15.3;6;advertencia;open_meteo_polo;4620.0;3367.0
244;12;199.9;28.0;7.5;15.1;3;desaconsejado;open_meteo_polo;4620.0;3367.0
245;1;255.5;25.4;23.8;30.0;7;advertencia;open_meteo_polo;99.0;94.0
245;2;310.0;25.0;23.9;29.8;4;advertencia;open_meteo_polo;99.0;94.0
245;3;353.8;28.1;23.9;29.7;1;desaconsejado;open_meteo_polo;99.0;94.0
245;4;344.2;26.7;23.7;29.7;2;desaconsejado;open_meteo_polo;99.0;94.0
245;5;323.9;26.7;23.4;29.0;3;desaconsejado;open_meteo_polo;99.0;94.0
245;6;231.0;24.2;22.8;28.7;8;advertencia;open_meteo_polo;99.0;94.0
245;7;201.2;21.9;22.6;28.8;10;advertencia;open_meteo_polo;99.0;94.0
245;8;175.4;19.5;23.0;29.9;11;advertencia;open_meteo_polo;99.0;94.0
245;9;159.7;21.1;23.8;30.9;12;advertencia;open_meteo_polo;99.0;94.0
245;10;218.7;22.8;24.0;30.6;9;advertencia;open_meteo_polo;99.0;94.0
245;11;277.9;25.1;24.0;30.3;6;advertencia;open_meteo_polo;99.0;94.0
245;12;286.5;26.5;23.9;29.8;5;advertencia;open_meteo_polo;99.0;94.0
246;1;14.7;5.4;20.5;23.7;1;viable;open_meteo_polo;0.0;76.0
246;2;10.1;2.5;21.5;24.8;3;viable;open_meteo_polo;0.0;76.0
246;3;3.0;0.9;20.9;24.1;10;viable;open_meteo_polo;0.0;76.0
246;4;1.4;0.4;18.8;22.1;12;viable;open_meteo_polo;0.0;76.0
246;5;2.3;0.5;16.7;20.1;11;viable;open_meteo_polo;0.0;76.0
246;6;3.7;0.5;15.1;18.3;9;viable;open_meteo_polo;0.0;76.0
246;7;6.0;1.3;14.1;17.4;8;viable;open_meteo_polo;0.0;76.0
246;8;8.2;2.3;13.8;17.1;6;viable;open_meteo_polo;0.0;76.0
246;9;9.1;3.5;14.1;17.6;4;viable;open_meteo_polo;0.0;76.0
246;10;11.0;2.9;15.3;18.7;2;viable;open_meteo_polo;0.0;76.0
246;11;7.7;2.5;16.9;20.4;7;viable;open_meteo_polo;0.0;76.0
246;12;8.7;2.9;18.7;22.0;5;viable;open_meteo_polo;0.0;76.0
248;1;16.6;5.1;20.5;25.1;1;viable;open_meteo_polo;0.0;4.0
248;2;9.3;2.9;21.6;26.3;5;viable;open_meteo_polo;0.0;4.0
248;3;3.2;0.8;20.9;25.8;11;viable;open_meteo_polo;0.0;4.0
248;4;2.5;0.6;18.7;23.8;12;viable;open_meteo_polo;0.0;4.0
248;5;3.9;0.8;16.4;21.5;10;viable;open_meteo_polo;0.0;4.0
248;6;4.3;1.1;14.7;19.5;9;viable;open_meteo_polo;0.0;4.0
248;7;7.1;1.8;13.7;18.5;8;viable;open_meteo_polo;0.0;4.0
248;8;8.5;2.3;13.4;18.3;7;viable;open_meteo_polo;0.0;4.0
248;9;11.4;3.4;13.8;18.8;3;viable;open_meteo_polo;0.0;4.0
248;10;14.7;3.3;14.8;20.0;2;viable;open_meteo_polo;0.0;4.0
248;11;9.2;3.1;16.3;21.6;6;viable;open_meteo_polo;0.0;4.0
248;12;11.2;3.4;18.4;23.4;4;viable;open_meteo_polo;0.0;4.0
254;1;172.1;27.1;6.7;14.7;3;desaconsejado;open_meteo_polo;5581.0;3386.0
254;2;156.3;25.2;7.4;15.1;4;advertencia;open_meteo_polo;5581.0;3386.0
254;3;182.6;29.4;7.3;14.8;1;desaconsejado;open_meteo_polo;5581.0;3386.0
254;4;108.7;24.7;6.7;15.3;7;viable;open_meteo_polo;5581.0;3386.0
254;5;73.1;17.9;6.5;15.1;9;viable;open_meteo_polo;5581.0;3386.0
254;6;34.7;9.3;6.3;15.1;11;viable;open_meteo_polo;5581.0;3386.0
254;7;24.7;6.5;5.6;15.2;12;viable;open_meteo_polo;5581.0;3386.0
254;8;40.4;10.7;5.7;15.9;10;viable;open_meteo_polo;5581.0;3386.0
254;9;94.9;19.3;6.1;15.3;8;viable;open_meteo_polo;5581.0;3386.0
254;10;140.8;26.2;6.3;15.3;6;viable;open_meteo_polo;5581.0;3386.0
254;11;141.7;25.1;6.7;15.8;5;viable;open_meteo_polo;5581.0;3386.0
254;12;174.1;28.5;6.9;15.4;2;desaconsejado;open_meteo_polo;5581.0;3386.0
256;1;232.1;28.2;7.3;16.9;1;desaconsejado;open_meteo_polo;3717.0;3480.0
256;2;230.3;27.2;7.7;16.7;2;desaconsejado;open_meteo_polo;3717.0;3480.0
256;3;187.6;29.2;7.3;16.6;3;desaconsejado;open_meteo_polo;3717.0;3480.0
256;4;70.4;17.9;6.0;16.7;7;viable;open_meteo_polo;3717.0;3480.0
256;5;28.4;8.7;4.5;16.6;9;viable;open_meteo_polo;3717.0;3480.0
256;6;7.8;1.8;3.4;16.7;11;viable;open_meteo_polo;3717.0;3480.0
256;7;6.0;1.6;3.2;17.3;12;viable;open_meteo_polo;3717.0;3480.0
256;8;15.9;4.9;4.0;18.0;10;viable;open_meteo_polo;3717.0;3480.0
256;9;37.5;10.4;5.6;19.0;8;viable;open_meteo_polo;3717.0;3480.0
256;10;96.9;20.5;6.4;18.8;6;viable;open_meteo_polo;3717.0;3480.0
256;11;136.3;21.3;7.1;18.7;5;viable;open_meteo_polo;3717.0;3480.0
256;12;186.9;27.1;7.3;17.4;4;advertencia;open_meteo_polo;3717.0;3480.0
258;1;369.5;25.6;22.1;29.7;1;desaconsejado;open_meteo_polo;497.0;297.0
258;2;335.4;24.7;22.3;29.7;4;advertencia;open_meteo_polo;497.0;297.0
258;3;351.5;24.9;22.2;29.8;3;desaconsejado;open_meteo_polo;497.0;297.0
258;4;180.9;20.8;22.1;29.9;7;advertencia;open_meteo_polo;497.0;297.0
258;5;109.7;17.4;21.8;29.4;8;viable;open_meteo_polo;497.0;297.0
258;6;94.4;13.2;21.0;28.8;9;viable;open_meteo_polo;497.0;297.0
258;7;54.5;10.6;20.5;29.5;12;viable;open_meteo_polo;497.0;297.0
258;8;77.6;11.4;20.6;31.0;11;viable;open_meteo_polo;497.0;297.0
258;9;78.7;13.8;21.3;32.1;10;viable;open_meteo_polo;497.0;297.0
258;10;262.0;21.7;22.0;31.1;6;advertencia;open_meteo_polo;497.0;297.0
258;11;354.4;25.2;22.1;30.2;2;desaconsejado;open_meteo_polo;497.0;297.0
258;12;328.3;25.1;22.1;29.9;5;advertencia;open_meteo_polo;497.0;297.0
259;1;386.4;29.9;4.1;10.5;3;desaconsejado;open_meteo_polo;3799.0;
259;2;394.2;27.5;5.0;10.7;2;desaconsejado;open_meteo_polo;3799.0;
259;3;452.2;30.8;4.6;10.8;1;desaconsejado;open_meteo_polo;3799.0;
259;4;231.4;28.5;4.0;11.2;5;advertencia;open_meteo_polo;3799.0;
259;5;84.0;20.5;3.2;11.2;8;viable;open_meteo_polo;3799.0;
259;6;15.7;5.1;2.2;11.4;10;viable;open_meteo_polo;3799.0;
259;7;8.5;3.0;2.0;12.2;12;viable;open_meteo_polo;3799.0;
259;8;9.9;3.9;2.2;12.4;11;viable;open_meteo_polo;3799.0;
259;9;77.8;14.6;3.0;12.6;9;viable;open_meteo_polo;3799.0;
259;10;159.2;22.7;3.2;11.5;6;advertencia;open_meteo_polo;3799.0;
259;11;137.7;19.6;3.5;11.6;7;viable;open_meteo_polo;3799.0;
259;12;273.6;27.5;3.9;11.0;4;advertencia;open_meteo_polo;3799.0;
261;1;193.0;29.0;3.0;10.5;2;desaconsejado;open_meteo_polo;4434.0;4118.0
261;2;194.9;27.8;3.4;10.7;1;desaconsejado;open_meteo_polo;4434.0;4118.0
261;3;175.9;29.0;3.5;10.5;3;desaconsejado;open_meteo_polo;4434.0;4118.0
261;4;95.7;23.1;2.7;10.7;7;viable;open_meteo_polo;4434.0;4118.0
261;5;76.0;20.3;2.0;10.6;8;viable;open_meteo_polo;4434.0;4118.0
261;6;37.8;11.3;0.9;10.3;11;viable;open_meteo_polo;4434.0;4118.0
261;7;20.9;7.1;0.2;10.7;12;viable;open_meteo_polo;4434.0;4118.0
261;8;40.1;12.7;0.6;11.1;10;viable;open_meteo_polo;4434.0;4118.0
261;9;74.0;19.7;1.4;10.7;9;viable;open_meteo_polo;4434.0;4118.0
261;10;128.2;25.7;2.1;10.8;6;viable;open_meteo_polo;4434.0;4118.0
261;11;148.9;26.0;2.7;11.2;5;viable;open_meteo_polo;4434.0;4118.0
261;12;171.0;28.4;2.9;11.0;4;advertencia;open_meteo_polo;4434.0;4118.0
265;1;155.7;23.2;12.1;23.1;2;desaconsejado;open_meteo_polo;2610.0;2687.0
265;2;195.4;23.0;12.2;22.5;1;desaconsejado;open_meteo_polo;2610.0;2687.0
265;3;146.3;24.4;12.0;22.2;3;advertencia;open_meteo_polo;2610.0;2687.0
265;4;46.6;9.7;10.1;23.1;5;viable;open_meteo_polo;2610.0;2687.0
265;5;7.6;2.6;9.5;23.5;9;viable;open_meteo_polo;2610.0;2687.0
265;6;2.6;0.8;8.9;23.1;11;viable;open_meteo_polo;2610.0;2687.0
265;7;2.8;0.8;9.4;23.7;10;viable;open_meteo_polo;2610.0;2687.0
265;8;2.1;0.9;9.4;24.4;12;viable;open_meteo_polo;2610.0;2687.0
265;9;9.4;2.7;10.5;25.5;8;viable;open_meteo_polo;2610.0;2687.0
265;10;27.1;5.8;10.8;25.8;6;viable;open_meteo_polo;2610.0;2687.0
265;11;17.9;4.1;11.4;26.2;7;viable;open_meteo_polo;2610.0;2687.0
265;12;73.8;11.2;12.1;25.2;4;viable;open_meteo_polo;2610.0;2687.0
268;1;204.2;28.1;0.7;9.4;3;desaconsejado;open_meteo_polo;4712.0;4271.0
268;2;216.5;26.5;1.3;9.5;2;desaconsejado;open_meteo_polo;4712.0;4271.0
268;3;229.3;30.4;1.2;9.5;1;desaconsejado;open_meteo_polo;4712.0;4271.0
268;4;129.7;24.7;0.1;10.3;6;viable;open_meteo_polo;4712.0;4271.0
268;5;67.5;18.7;-0.5;10.1;9;viable;open_meteo_polo;4712.0;4271.0
268;6;24.1;7.6;-1.5;10.1;11;viable;open_meteo_polo;4712.0;4271.0
268;7;17.7;5.1;-1.7;10.6;12;viable;open_meteo_polo;4712.0;4271.0
268;8;27.8;10.4;-1.6;11.0;10;viable;open_meteo_polo;4712.0;4271.0
268;9;81.9;19.9;-0.6;10.7;8;viable;open_meteo_polo;4712.0;4271.0
268;10;134.0;24.2;-0.4;10.3;5;viable;open_meteo_polo;4712.0;4271.0
268;11;128.3;22.4;-0.1;10.4;7;viable;open_meteo_polo;4712.0;4271.0
268;12;167.3;26.1;0.5;9.9;4;advertencia;open_meteo_polo;4712.0;4271.0
273;1;156.4;24.9;6.0;14.3;1;desaconsejado;open_meteo_polo;4369.0;3582.0
273;2;146.7;23.6;6.3;14.2;3;advertencia;open_meteo_polo;4369.0;3582.0
273;3;130.7;23.9;5.6;14.1;4;viable;open_meteo_polo;4369.0;3582.0
273;4;73.1;17.7;4.9;14.7;7;viable;open_meteo_polo;4369.0;3582.0
273;5;47.2;13.9;3.2;14.7;9;viable;open_meteo_polo;4369.0;3582.0
273;6;21.8;6.4;2.0;14.4;11;viable;open_meteo_polo;4369.0;3582.0
273;7;21.0;5.8;1.6;14.5;12;viable;open_meteo_polo;4369.0;3582.0
273;8;42.5;11.8;2.0;14.6;10;viable;open_meteo_polo;4369.0;3582.0
273;9;68.9;15.3;3.2;14.4;8;viable;open_meteo_polo;4369.0;3582.0
273;10;98.9;19.9;4.2;14.7;6;viable;open_meteo_polo;4369.0;3582.0
273;11;102.5;21.3;5.4;15.2;5;viable;open_meteo_polo;4369.0;3582.0
273;12;150.6;24.9;6.2;14.6;2;desaconsejado;open_meteo_polo;4369.0;3582.0
