codigo;nombre;tipo;subtipo;region;provincia;distrito;polo;lat;lon;regla;dia_central;precision_fecha;fuente_fecha;evidencia;url_ficha
11;Festividad del Señor de los Temblores;Fiestas;Fiestas religiosas-patronales;Cusco;Cusco;Cusco;36;-13.516711;-71.978823;pascua -6;;aproximada;nombre_movil;senor de los temblores;https://consultasenlinea.mincetur.gob.pe/fichaInventario/index.aspx?cod_Ficha=11
130;Fiesta Patronal del Señor de la Piedad;Fiestas;Fiestas religiosas-patronales;La Libertad;Trujillo;Simbal;139;-7.9761120912;-78.81371690655;fija 01-28;;exacta;texto_ficha;El día central, el 28 de enero, destaca por la procesión del Señor de la Piedad, que recorre las principales c;https://consultasenlinea.mincetur.gob.pe/fichaInventario/index.aspx?cod_Ficha=130
157;Festival Caballito de Totora;Eventos;Festivales;Lambayeque;Chiclayo;Pimentel;99;-6.83579;-79.93563;mes 02;;aproximada;mes_texto;ste festival se viene realizando desde el años 2003, cada verano en el mes de febrero, y es promovido por la empresa Privada Peruvian Camping, quien conjuntamente co;https://consultasenlinea.mincetur.gob.pe/fichaInventario/index.aspx?cod_Ficha=157
162;Semana Santa en Reque;Fiestas;Fiestas religiosas-patronales;Lambayeque;Chiclayo;Reque;99;-6.86444;-79.8181;pascua -7..0;;aproximada;nombre_movil;semana santa;https://consultasenlinea.mincetur.gob.pe/fichaInventario/index.aspx?cod_Ficha=162
303;Fiesta Patronal San Juan Bautista;Fiestas;Fiestas religiosas-patronales;Loreto;Maynas;San Juan Bautista;150;-3.7746479662786414;-73.2664493603602;fija 06-24;;exacta;texto_ficha;El día central, 24 de junio, fiesta patronal de San Juan, el pueblo se reúne en el poblado del mismo nombre;https://consultasenlinea.mincetur.gob.pe/fichaInventario/index.aspx?cod_Ficha=303
1035;Fiesta Patronal de Santa Rosa de Lima - Chiquian;Fiestas;Fiestas religiosas-patronales;Áncash;Bolognesi;Chiquian;134;-10.152071865315282;-77.15689720973478;fija 09-02..09-03;;exacta;texto_ficha;"agarrados de la mano la Huaylishiada, el toque final de esta fiesta es la corrida de toros que se lleva a cabo los días 2 y 3 de setiembre, organizado por los Comisarios; los toros en su mayoría son de muerte, el 4 de";https://consultasenlinea.mincetur.gob.pe/fichaInventario/index.aspx?cod_Ficha=1035
1057;Fiesta Patronal de la Virgen de Guadalupe - Tocash;Fiestas;Fiestas religiosas-patronales;Áncash;Huaylas;Pueblo Libre;72;-9.086730191;-77.79393196105;fija 12-12;;exacta;texto_ficha;a fiesta patronal en homenaje a la Virgen de Guadalupe se celebra el 12 de diciembre en el caserío de Guadalupe Tocash, distrito de Pueblo Libre;https://consultasenlinea.mincetur.gob.pe/fichaInventario/index.aspx?cod_Ficha=1057
1088;Semana Santa Huaracina;Fiestas;Fiestas religiosas-patronales;Áncash;Huaraz;Huaraz;213;-9.529908462669436;-77.52888679504395;pascua -7..0;;aproximada;nombre_movil;semana santa;https://consultasenlinea.mincetur.gob.pe/fichaInventario/index.aspx?cod_Ficha=1088
1212;Festival del Día del Chancho al Palo - Huaral;Eventos;Festivales;Lima;Huaral;Huaral;214;-11.49208081553;-77.21014842406;nesimo 10 3 dom;;exacta;texto_ficha;ubre de cada año como el Día del chancho al palo, tiene como duración de tres a cuatro días, siendo el día principal el tercer domingo de octubre;https://consultasenlinea.mincetur.gob.pe/fichaInventario/index.aspx?cod_Ficha=1212
1433;Fiesta Patronal El Agua y San Pedro;Fiestas;Fiestas religiosas-patronales;Áncash;Corongo;Corongo;52;-8.570607083026252;-77.89811535968867;fija 06-29;;exacta;texto_ficha;El día central es el 29 de junio, y el 30 la Shillca o fin de fiesta;https://consultasenlinea.mincetur.gob.pe/fichaInventario/index.aspx?cod_Ficha=1433
1435;Festividad del Señor de Santa Cruz de Olleros;Fiestas;Fiestas religiosas-patronales;Áncash;Huaraz;Olleros;213;-9.6667831;-77.465645;fija 09-17..09-20;09-18;exacta;texto_ficha;El 18 de septiembre, día central, a las 10:00 horas se celebra la misa principal;https://consultasenlinea.mincetur.gob.pe/fichaInventario/index.aspx?cod_Ficha=1435
1447;Corpus Cristi - Chacas;Fiestas;Fiestas religiosas-patronales;Áncash;Asuncion;Chacas;244;-9.162102241496733;-77.36603187;pascua 60..63;;aproximada;texto_movil;la celebracion comprende tres dias y una octava en el corpus christi, que varia entre el 15 y el 23 de junio;https://consultasenlinea.mincetur.gob.pe/fichaInventario/index.aspx?cod_Ficha=1447
1474;Festividad del Señor Cautivo de Ayabaca;Fiestas;Fiestas religiosas-patronales;Piura;Ayabaca;Ayabaca;132;-4.64022798783705;-79.7152606322932;fija 10-13;;exacta;texto_ficha;n el día central de la festividad, el 13 de octubre, se lleva en procesión por las calles del pueblo, la bella imagen de un metro o;https://consultasenlinea.mincetur.gob.pe/fichaInventario/index.aspx?cod_Ficha=1474
1716;Carnaval Huaracino;Fiestas;Fiestas Tradicionales(Herranza, carnavales, otros);Áncash;Huaraz;Huaraz;213;-9.529952449182378;-77.52891985596462;pascua -50..-47;;aproximada;nombre_movil;carnaval;https://consultasenlinea.mincetur.gob.pe/fichaInventario/index.aspx?cod_Ficha=1716
1933;Fiesta del Santo Patrono San Lorenzo;Fiestas;Fiestas religiosas-patronales;Loreto;Datem Del Marañon;Barranca;-1;-4.831168003574554;-76.55381966368665;fija 08-01..08-10;08-10;exacta;texto_ficha;arrolla la víspera con la vaca loca, prendida y corte de la humisha, toma de ayahuasca, la celebración del día central (10 de agosto) inicia con la quema de 21 camaretazos, seguido de la misa donde generalmente s;https://consultasenlinea.mincetur.gob.pe/fichaInventario/index.aspx?cod_Ficha=1933
2096;Bajada de Reyes de Huancavelica;Fiestas;Fiestas religiosas-patronales;Huancavelica;Huancavelica;Huancavelica;54;-12.787058;-74.9732139;fija 01-06;;exacta;texto_ficha;El 6 de enero, es el día central de la fiesta, con la solemne misa y procesión en honor al “N;https://consultasenlinea.mincetur.gob.pe/fichaInventario/index.aspx?cod_Ficha=2096
2097;Bajada de Reyes en Patacancha;Fiestas;Fiestas religiosas-patronales;Cusco;Urubamba;Ollantaytambo;59;-13.17487825;-72.19401875;fija 01-06;;exacta;texto_ficha;Se celebra el 6 de enero de cada año, en el poblado de Patacancha (4500 msnm);https://consultasenlinea.mincetur.gob.pe/fichaInventario/index.aspx?cod_Ficha=2097
2098;Fiesta Dulce Nombre de Jesus y Fajardito- Baile de los Negritos Niño Perdido.;Fiestas;Fiestas religiosas-patronales;Huancavelica;Huancavelica;Huancavelica;54;-12.787058;-74.9732139;fija 01-08..01-14;;aproximada;texto_ficha;ús y Fajardito, siendo escenario principal el frontis de la iglesia de Santo Domingo de la ciudad de Huancavelica, cada segunda semana de enero de todos los años;https://consultasenlinea.mincetur.gob.pe/fichaInventario/index.aspx?cod_Ficha=2098
2102;Concurso Nacional de Marinera;Eventos;Concursos;La Libertad;Trujillo;Trujillo;139;-8.115224092239368;-79.03432197247098;fija 01-20..01-30;;exacta;texto_ficha;ste certamen se efectúa cada año, entre el 20 y 30 de enero, en la ciudad de Trujillo, y es organizado por el Club Libertad;https://consultasenlinea.mincetur.gob.pe/fichaInventario/index.aspx?cod_Ficha=2102
2147;Fiesta Patronal San Juan Bautista de Vilca;Fiestas;Fiestas religiosas-patronales;Lima;Yauyos;Huancaya;104;-12.114663;-75.826669;fija 06-30..07-04;;exacta;texto_ficha;s una celebración popular folclórica, de gran importancia, empieza con la “víspera”, el día 30 de junio de cada año, hasta el día 4 de julio con el “despacho”;https://consultasenlinea.mincetur.gob.pe/fichaInventario/index.aspx?cod_Ficha=2147
2159;Semana Santa en Catacaos;Fiestas;Fiestas religiosas-patronales;Piura;Piura;Catacaos;125;-5.265157586734326;-80.67586246657532;pascua -7..0;;aproximada;nombre_movil;semana santa;https://consultasenlinea.mincetur.gob.pe/fichaInventario/index.aspx?cod_Ficha=2159
2160;Festival de la Primavera de Trujillo;Eventos;Festivales;La Libertad;Trujillo;Trujillo;139;-8.115224092239368;-79.02539558132592;fija 09-15..09-18;;exacta;texto_ficha;Este año, el festival está programado del 15 al 18 de septiembre, ofreciendo cuatro días llenos de actividades para disfrutar con la familia y a;https://consultasenlinea.mincetur.gob.pe/fichaInventario/index.aspx?cod_Ficha=2160
2161;Fiesta de la Virgen de las Mercedes de Paita;Fiestas;Fiestas religiosas-patronales;Piura;Paita;Paita;117;-5.085001362017749;-81.11367571689445;fija 09-24;;exacta;texto_ficha;l Perú en 1985, ¿La Estrella de la Fe y de la Evangelización? La festividad se celebra en toda la provincia de Paita el 24 de setiembre, día central;https://consultasenlinea.mincetur.gob.pe/fichaInventario/index.aspx?cod_Ficha=2161
2168;Fiesta Religiosa de la Santísima Cruz de Chalpón de Motupe;Fiestas;Fiestas religiosas-patronales;Lambayeque;Lambayeque;Motupe;135;-6.15446;-79.71705;fija 05-03;;aproximada;santoral;santisima cruz;https://consultasenlinea.mincetur.gob.pe/fichaInventario/index.aspx?cod_Ficha=2168
2196;Festividad de la Virgen de la Candelaria;Fiestas;Fiestas religiosas-patronales;Puno;Puno;Puno;11;-15.838003808164313;-70.0285291671753;fija 01-21..02-17;02-02;exacta;texto_ficha;El día central de la festividad, el 2 de febrero, incluye una solemne misa y la procesión de la Virgen, en la que la imagen impa;https://consultasenlinea.mincetur.gob.pe/fichaInventario/index.aspx?cod_Ficha=2196
2358;Feria Internacional en Honor a Santa Maria Magdalena y Divino Niño del Milagro Eucarístico;Fiestas;Fiestas religiosas-patronales;Lambayeque;Chiclayo;Eten;99;-6.90757;-79.86279;fija 07-11..07-24;07-21..07-22;exacta;texto_ficha;"nio de 1649; y la segunda fue durante la Fiesta Patronal del Pueblo de Eten, Santa María Magdalena, que se celebraba el 21 y 22 de julio del mismo año; por tal motivo son las fechas centrales de esta feria";https://consultasenlinea.mincetur.gob.pe/fichaInventario/index.aspx?cod_Ficha=2358
2381;Semana Santa en Contumaza;Fiestas;Fiestas religiosas-patronales;Cajamarca;Contumaza;Contumaza;42;-7.36613;-78.80389;pascua -7..0;;aproximada;nombre_movil;semana santa;https://consultasenlinea.mincetur.gob.pe/fichaInventario/index.aspx?cod_Ficha=2381
2384;Carnaval de Cajamarca;Fiestas;Fiestas Tradicionales(Herranza, carnavales, otros);Cajamarca;Cajamarca;Cajamarca;149;-7.158124929364591;-78.51602554321289;pascua -50..-46;;aproximada;nombre_movil;iran en el corso de carnaval, este colorido y ufano evento termina con el entierro del no carnavalon, que se realiza el miercoles de ceniza, que en realidad, es un corso pequeno c;https://consultasenlinea.mincetur.gob.pe/fichaInventario/index.aspx?cod_Ficha=2384
2411;Festividad de la Virgen y Martir Santa Fortunata;Fiestas;Fiestas religiosas-patronales;Moquegua;Mariscal Nieto;Moquegua;115;-17.193891;-70.93465;fija 10-14;;exacta;texto_ficha;Cada 14 de octubre la ciudad celebra con gran fervor y devoción la Fiesta de Santa Fortunata, Patr;https://consultasenlinea.mincetur.gob.pe/fichaInventario/index.aspx?cod_Ficha=2411
2437;Fiesta Patronal Inmaculada Concepción de Tumbes.;Fiestas;Fiestas religiosas-patronales;Tumbes;Tumbes;Tumbes;121;-3.573020524049679;-80.45994615492305;fija 12-01..12-15;12-08;exacta;texto_ficha;sta celebración se realiza desde el 01 hasta el 15 de diciembre, siendo el día central el 08 de diciembre de cada año;https://consultasenlinea.mincetur.gob.pe/fichaInventario/index.aspx?cod_Ficha=2437
2474;Fiesta Patronal de la Virgen de la Puerta;Fiestas;Fiestas religiosas-patronales;La Libertad;Otuzco;Otuzco;108;-7.902447253971017;-78.56562771530272;fija 12-15..12-17;12-15;exacta;texto_ficha;a fiesta de la Virgen de la Puerta se lleva a cabo en Otuzco el 15 de diciembre, en la ciudad de Otuzco;https://consultasenlinea.mincetur.gob.pe/fichaInventario/index.aspx?cod_Ficha=2474
2483;Feria de la Ciruela de Virú;Eventos;Ferias (no Artesanales);La Libertad;Viru;Viru;139;-8.414297746549417;-78.75218600034714;mes 04;;aproximada;mes_texto;ormalmente la Feria de la Ciruela debe realizarse en el mes de abril, época de madurez del fruto bendecido por estas generosas tierras;https://consultasenlinea.mincetur.gob.pe/fichaInventario/index.aspx?cod_Ficha=2483
2484;El Carnaval de Conache;Fiestas;Fiestas Tradicionales(Herranza, carnavales, otros);La Libertad;Trujillo;Laredo;139;-8.091462909491;-78.96052200804;pascua -50..-47;;aproximada;nombre_movil;carnaval;https://consultasenlinea.mincetur.gob.pe/fichaInventario/index.aspx?cod_Ficha=2484
2557;Concurso Nacional de Caballo de Paso Peruano;Eventos;Concursos;La Libertad;Trujillo;Trujillo;139;-8.111578383517;-79.02797546209;fija 08-15..08-17;;aproximada;texto_ficha;El Concurso Nacional de Caballo de Paso Peruano se llevará a cabo del 15 al 17 de agosto de 2024;https://consultasenlinea.mincetur.gob.pe/fichaInventario/index.aspx?cod_Ficha=2557
2558;Festividad de San Isidro Labrador;Fiestas;Fiestas religiosas-patronales;La Libertad;Trujillo;Moche;139;-8.171321172818;-79.0082933486;fija 05-15;;exacta;texto_ficha;El 15 de mayo, día central de la festividad, se realiza una misa y luego la venta de producto;https://consultasenlinea.mincetur.gob.pe/fichaInventario/index.aspx?cod_Ficha=2558
2560;Fiesta de la Santísima Cruz del Cerro Grande;Fiestas;Fiestas religiosas-patronales;La Libertad;Trujillo;Moche;139;-8.171268073257;-79.00893707877;fija 05-01..05-05;05-03;exacta;texto_ficha;de la Santísima Cruz del Cerro Grande se celebra anualmente, típicamente durante el mes de mayo, en fechas cercanas al 3 de mayo, que es el día litúrgico de la Exaltación de la Cruz en el calendario cristiano;https://consultasenlinea.mincetur.gob.pe/fichaInventario/index.aspx?cod_Ficha=2560
2563;Festividad de la Virgen del Carmen de Paucartambo;Fiestas;Fiestas religiosas-patronales;Cusco;Paucartambo;Paucartambo;227;-13.3175;-71.5967;fija 07-15..07-18;;exacta;texto_ficha;Se lleva a cabo cada año entre el 15 y el 18 de julio, en la provincia de Paucartambo, ubicada en el departamento de Cusco;https://consultasenlinea.mincetur.gob.pe/fichaInventario/index.aspx?cod_Ficha=2563
2567;Fiesta del Inti Raymi;Fiestas;Fiestas religiosas-patronales;Cusco;Cusco;Cusco;36;-13.5098658;-71.9817736;fija 06-24;;exacta;texto_ficha;gran cantidad de chicha, con la que los festejos continuaban durante los siguientes días El Inti Raymi se celebra cada 24 de junio de todos los años durante el solsticio de invierno, en otras palabras, el inici;https://consultasenlinea.mincetur.gob.pe/fichaInventario/index.aspx?cod_Ficha=2567
2618;Festividad del Señor de Huanca;Fiestas;Fiestas religiosas-patronales;Cusco;Calca;San Salvador;227;-13.487004;-71.802682;fija 09-14;;exacta;texto_ficha;A partir de entonces la imagen comenzó a ser venerada y cada 14 de setiembre, día central de la celebración de la Festividad del Señor de Huanca;https://consultasenlinea.mincetur.gob.pe/fichaInventario/index.aspx?cod_Ficha=2618
2619;Festividad de la Virgen Asunta de Calca;Fiestas;Fiestas religiosas-patronales;Cusco;Calca;Calca;173;-13.323229;-71.978452;fija 08-15;;exacta;texto_ficha;ra en el distrito de Calca y se llega por vía asfaltada de 51 Km, desde la ciudad del Cusco, siendo su día principal el 15 de agosto;https://consultasenlinea.mincetur.gob.pe/fichaInventario/index.aspx?cod_Ficha=2619
2651;Semana Turística de Moyobamba;Eventos;Otros;San Martín;Moyobamba;Moyobamba;86;-6.03473059830747;-76.9747035630867;fija 06-20..06-30;;exacta;texto_ficha;a antigua ciudad de Moyobamba, capital de la región San Martín, realiza su semana turística entre el 20 y 30 de junio de cada año, en el marco de la tradicional fiesta de San Juan, San Pedro y San;https://consultasenlinea.mincetur.gob.pe/fichaInventario/index.aspx?cod_Ficha=2651
2652;Fiesta de Corpus Christi en Moyobamba;Fiestas;Fiestas religiosas-patronales;San Martín;Moyobamba;Moyobamba;86;-6.03473059830747;-76.9747035630867;pascua 60..63;;aproximada;nombre_movil;corpus christi;https://consultasenlinea.mincetur.gob.pe/fichaInventario/index.aspx?cod_Ficha=2652
2653;Fiestas Tradicionales de San Juan, San Pedro y San Pablo;Fiestas;Fiestas religiosas-patronales;San Martín;Moyobamba;Moyobamba;86;-6.03333333;-76.96666667;fija 06-29;;exacta;texto_ficha;La Fiesta de San Pedro y San Pablo se celebra el 29 de junio, fecha en la que se realiza la procesión de los santos por la orilla y en embar;https://consultasenlinea.mincetur.gob.pe/fichaInventario/index.aspx?cod_Ficha=2653
2690;Festividad del Señor de Qoyllor Riti;Fiestas;Fiestas religiosas-patronales;Cusco;Quispicanchi;Ocongate;83;-13.629305;-71.385984;pascua 56;;aproximada;texto_movil;la fiesta empieza el dia de la santisima trinidad, cuando mas de 10.000 peregrinos ascien;https://consultasenlinea.mincetur.gob.pe/fichaInventario/index.aspx?cod_Ficha=2690
2732;Festival de la Orquídea;Eventos;Festivales;San Martín;Moyobamba;Moyobamba;86;-6.03333333;-76.96666667;fija 11-01..11-07;;aproximada;texto_ficha;Se realiza la última semana del mes de octubre y/o la primera semana de noviembre de cada año, teniendo en cuenta la época de floración de las orquídeas;https://consultasenlinea.mincetur.gob.pe/fichaInventario/index.aspx?cod_Ficha=2732
2770;Carnavales Chuquibambinos;Fiestas;Fiestas Tradicionales(Herranza, carnavales, otros);Arequipa;Condesuyos;Chuquibamba;75;-15.839216396004565;-72.65149701320505;pascua -50..-46;;aproximada;nombre_movil;antiguamente, el carnaval se iniciaba el primer domingo del mes de enero y terminaba el dia miercoles de ceniza. todas las familias salian a huaynar (b;https://consultasenlinea.mincetur.gob.pe/fichaInventario/index.aspx?cod_Ficha=2770
2787;Festividad del Señor de Burgos;Fiestas;Fiestas religiosas-patronales;Huánuco;Huanuco;Huanuco;50;-9.92951;-76.23965;fija 10-28;;exacta;texto_ficha;El 28 de octubre, día central, a partir de las 6:00 a.m;https://consultasenlinea.mincetur.gob.pe/fichaInventario/index.aspx?cod_Ficha=2787
2797;Semana Santa de Lurín;Fiestas;Fiestas religiosas-patronales;Lima;Lima;Lurin;199;-12.27340782279508;-76.8689775466919;pascua -7..0;;aproximada;nombre_movil;semana santa;https://consultasenlinea.mincetur.gob.pe/fichaInventario/index.aspx?cod_Ficha=2797
2827;Festividad de la Virgen del Buen Paso;Fiestas;Fiestas religiosas-patronales;Arequipa;Caraveli;Caravelí;113;-15.77231945734619;-73.36559840812886;fija 01-23..01-31;;exacta;texto_ficha;La festividad religiosa y se da inicio el 23 de enero al medio día con quema de cohetes, troyas, banda de música, kermés (venta de co;https://consultasenlinea.mincetur.gob.pe/fichaInventario/index.aspx?cod_Ficha=2827
2911;Festividad de la Santísima Cruz de Mayo;Fiestas;Fiestas religiosas-patronales;Puno;Huancane;Huancane;128;-15.20400367412332;-69.761381149292;fija 05-01..05-05;;exacta;texto_ficha;a en la Plazoleta Grau, ubicada a tres cuadras al oeste de la Plaza de Armas de Huancané, la festividad se lleva a cabo del 1 al 5 mayo de cada año;https://consultasenlinea.mincetur.gob.pe/fichaInventario/index.aspx?cod_Ficha=2911
2914;Fiesta Patronal de la Santísima Virgen de la Visitación;Fiestas;Fiestas Tradicionales(Herranza, carnavales, otros);La Libertad;Otuzco;Sinsicap;108;-7.851676;-78.754076;fija 06-30..07-02;07-02;exacta;texto_ficha;"El último día de la festividad, el 2 de julio, conocido como el ""Día Central"", es el día más solemne y significativo de todos";https://consultasenlinea.mincetur.gob.pe/fichaInventario/index.aspx?cod_Ficha=2914
2964;Festival del Juane Amazonico Sabor Bandino;Eventos;Festivales;San Martín;San Martin;La Banda de Shilcayo;21;-6.49054;-76.35435;fija 06-24;;exacta;texto_ficha;l, con el propósito de revalorar las tradiciones amazónicas vinculadas a la fiesta de San Juan Bautista, celebrada cada 24 de junio;https://consultasenlinea.mincetur.gob.pe/fichaInventario/index.aspx?cod_Ficha=2964
3035;Carnaval Riojano;Fiestas;Fiestas Tradicionales(Herranza, carnavales, otros);San Martín;Rioja;Rioja;86;-6.06256381870144;-77.16786950826645;pascua -50..-47;;aproximada;nombre_movil;carnaval;https://consultasenlinea.mincetur.gob.pe/fichaInventario/index.aspx?cod_Ficha=3035
3036;Fiesta Patronal Santiago Apóstol y Santa Ana de Moyobamba;Fiestas;Fiestas religiosas-patronales;San Martín;Moyobamba;Moyobamba;86;-6.03473059830747;-76.9747035630867;fija 07-24..07-26;;exacta;texto_ficha;s una fiesta popular y patronal de la ciudad de Moyobamba, que se celebra del 24 al 26 de julio de cada año, siendo el 25 el día central;https://consultasenlinea.mincetur.gob.pe/fichaInventario/index.aspx?cod_Ficha=3036
3037;Aniversario de Fundación Española de Moyobamba;Otros;Otros;San Martín;Moyobamba;Moyobamba;86;-6.0343;-76.9747;fija 07-14..07-31;07-25;exacta;texto_ficha;El día 25 de julio, día central, se despliegan una serie de actividades religiosas y cívicas, como;https://consultasenlinea.mincetur.gob.pe/fichaInventario/index.aspx?cod_Ficha=3037
3058;Fiesta Patronal de San Juan;Fiestas;Fiestas religiosas-patronales;Ucayali;Coronel Portillo;Calleria;202;-8.337254;-74.565725;fija 06-24;;exacta;texto_ficha;El 24 de Junio es el día central, las familias Ucayalinas acostumbran realizar paseos campestr;https://consultasenlinea.mincetur.gob.pe/fichaInventario/index.aspx?cod_Ficha=3058
3060;Carnavales de Ribeños y Bajeños;Fiestas;Fiestas Tradicionales(Herranza, carnavales, otros);Lima;Lima;Lurin;199;-12.273596846149765;-76.86878965266374;pascua -50..-47;;aproximada;nombre_movil;carnaval;https://consultasenlinea.mincetur.gob.pe/fichaInventario/index.aspx?cod_Ficha=3060
3101;Fiesta de Carnavales San Nicolas;Fiestas;Fiestas Tradicionales(Herranza, carnavales, otros);Áncash;Carlos Fermin Fitzcarrald;San Nicolás;188;-8.975500449387779;-77.18947470188141;pascua -50..-47;;aproximada;nombre_movil;carnaval;https://consultasenlinea.mincetur.gob.pe/fichaInventario/index.aspx?cod_Ficha=3101
3152;Carnaval de Catacaos;Fiestas;Fiestas Tradicionales(Herranza, carnavales, otros);Piura;Piura;Catacaos;125;-5.265591224094211;-80.67612111568451;pascua -50..-47;;aproximada;nombre_movil;carnaval;https://consultasenlinea.mincetur.gob.pe/fichaInventario/index.aspx?cod_Ficha=3152
3156;Fiesta Patronal Santísima Virgen María del Rosario;Fiestas;Fiestas religiosas-patronales;Lima;Lima;Pachacamac;31;-12.230166252710523;-76.85932957965844;fija 10-07;;exacta;texto_ficha;El día central de la celebración es el 07 de octubre, y se conmemoran los sábados y domingos más cercanos a esta fecha;https://consultasenlinea.mincetur.gob.pe/fichaInventario/index.aspx?cod_Ficha=3156
3158;Festival de la Fresa;Eventos;Festivales;Lima;Lima;Pachacamac;31;-12.22982;-76.85929;nesimo 11 1 dom;;exacta;texto_ficha;l Festival de la Fresa de Pachacámac es la celebración de la cosecha de fresas del distrito, que se realiza cada primer domingo de noviembre, desde 1989;https://consultasenlinea.mincetur.gob.pe/fichaInventario/index.aspx?cod_Ficha=3158
3209;Fundación de Contamana;Fiestas;Fiestas Tradicionales(Herranza, carnavales, otros);Loreto;Ucayali;Contamana;109;-7.350509084794545;-75.00903063153096;;;por_confirmar;;;https://consultasenlinea.mincetur.gob.pe/fichaInventario/index.aspx?cod_Ficha=3209
3245;Festival de la Salchicha Huachana;Eventos;Festivales;Lima;Huaura;Huacho;70;-11.1071;-77.6102;fija 11-01..11-07;;aproximada;texto_ficha;Se lleva a cabo cada año durante la primera semana de noviembre, organizado por la Asociación de Productores de Salchicha de Huacho en coordina;https://consultasenlinea.mincetur.gob.pe/fichaInventario/index.aspx?cod_Ficha=3245
3328;Baile Cuadrillas de Negritos;Artísticos;Danza;Ica;Ica;Ica;240;-14.0637989;-75.7291577;fija 01-01..01-07;;aproximada;texto_ficha;ste tipo de baile comienza la última semana del mes de Diciembre y culmina en la primera semana del mes de Enero con la bajada de reyes;https://consultasenlinea.mincetur.gob.pe/fichaInventario/index.aspx?cod_Ficha=3328
3331;Festival de la Identidad Yánesha;Eventos;Festivales;Pasco;Oxapampa;Villa Rica;151;-10.735195177193091;-75.26769876480104;fija 06-23..06-24;;exacta;texto_ficha;Este festival se desarrolla desde el año 2021, realizándose los días 23 y 24 de junio de todos los años, en honor al patrimonio inmaterial cultural ancestral del dis;https://consultasenlinea.mincetur.gob.pe/fichaInventario/index.aspx?cod_Ficha=3331
3333;Fiesta Patronal de Villa Rica;Fiestas;Fiestas religiosas-patronales;Pasco;Oxapampa;Villa Rica;151;-10.735263694114296;-75.26766121387482;fija 09-28..10-12;;exacta;texto_ficha;a fiesta patronal de Villa Rica se lleva a cabo del 28 de setiembre al 12 de octubre en honor a la Santísima Virgen del Rosario, patrona del distrito, por lo que se;https://consultasenlinea.mincetur.gob.pe/fichaInventario/index.aspx?cod_Ficha=3333
3372;Wapululos - Carnaval de Lampa;Artísticos;Danza;Puno;Lampa;Lampa;11;-15.364718681509313;-70.36760330200195;pascua -50..-43;;aproximada;nombre_movil;los dias que cobra mas importancia son viernes y sabado de tentacion, en que se organizan grupos de wapululo;https://consultasenlinea.mincetur.gob.pe/fichaInventario/index.aspx?cod_Ficha=3372
3381;Fiesta Patronal de San Bartolomé de Huacho;Fiestas;Fiestas religiosas-patronales;Lima;Huaura;Huacho;70;-11.108750301243049;-77.61027574539185;fija 08-24;;exacta;texto_ficha;a festividad en honor a San Bartolomé, santo patrono espiritual de la ciudad de Huacho, es cebrado cada 24 de agosto, en el que se lleva a cabo una serie de eventos religiosos, sociales, artístico;https://consultasenlinea.mincetur.gob.pe/fichaInventario/index.aspx?cod_Ficha=3381
3418;Fiesta Patronal de la Virgen de la Asunción;Fiestas;Fiestas religiosas-patronales;Lima;Huaura;Ambar;238;-10.75675;-77.27196;fija 08-14..08-18;;exacta;texto_ficha;Esta festividad se realiza del 14 al 18 de agosto, el día 14 de agosto llegan las bandas, castillos traídos por los devotos del p;https://consultasenlinea.mincetur.gob.pe/fichaInventario/index.aspx?cod_Ficha=3418
3421;Festival del Queso Ambarino;Eventos;Festivales;Lima;Huaura;Ambar;238;-10.7563;-77.2719;fija 05-19;;exacta;texto_ficha;En el año 2024, se llevó a cabo el XVIII festival del queso el 19 de mayo;https://consultasenlinea.mincetur.gob.pe/fichaInventario/index.aspx?cod_Ficha=3421
3457;Expo - Feria Luriama;Eventos;Ferias (no Artesanales);Lima;Huaura;Santa María;70;-11.099272484126583;-77.57407128810883;mes 07;;aproximada;mes_texto;Actualmente, se realiza en el mes de julio, comienza el 26 y termina el 29, en la Plazuela Eulogio Martinez La Rosa, conoc;https://consultasenlinea.mincetur.gob.pe/fichaInventario/index.aspx?cod_Ficha=3457
3506;Fiesta de San Pedro de Caleta de Carquín;Fiestas;Fiestas religiosas-patronales;Lima;Huaura;Caleta de Carquin;70;-11.0937;-77.62813;fija 06-27..06-29;;exacta;texto_ficha;esta fiesta se celebra en las lozas deportivas del malecón de Carquín con un programa de actividades que empieza desde 27 al 29 de junio y su octava que se realiza a la semana de la fiesta principal;https://consultasenlinea.mincetur.gob.pe/fichaInventario/index.aspx?cod_Ficha=3506
3647;Fiesta del Tanta Raymi;Eventos;Festivales;Cusco;Quispicanchi;Oropesa;36;-13.5964374;-71.7654419;fija 10-04;;exacta;texto_ficha;La fiesta de Tanta Raymi se celebra cada 4 de octubre de todos los años, Así mismo participan alrededor de 78 panaderos artesanales;https://consultasenlinea.mincetur.gob.pe/fichaInventario/index.aspx?cod_Ficha=3647
3663;Festival Folklorico de Kanamarka;Eventos;Festivales;Cusco;Espinar;Alto Pichigua;29;-14.777735;-71.251445;mes 06;;aproximada;mes_texto;esde el año 1981 se celebra el tercer sábado de cada mes de junio;https://consultasenlinea.mincetur.gob.pe/fichaInventario/index.aspx?cod_Ficha=3663
3706;Festividad del Señor de Choqekillka;Fiestas;Fiestas religiosas-patronales;Cusco;Urubamba;Ollantaytambo;173;-13.2586;-72.2636;pascua 49;;aproximada;texto_movil;a imagen del senor de choquekillka, patrono del distrito de ollantaytambo, es venerado por los devotos y pobladores durante cuatro dias, con motivo de celebrarse las fiestas religiosas de pentecostes. esta venerada cruz, que lleva la image;https://consultasenlinea.mincetur.gob.pe/fichaInventario/index.aspx?cod_Ficha=3706
3729;Danza de los Diablicos de Túcume;Artísticos;Danza;Lambayeque;Lambayeque;Tucume;25;-6.50972;-79.8597;;;por_confirmar;;;https://consultasenlinea.mincetur.gob.pe/fichaInventario/index.aspx?cod_Ficha=3729
3733;Festividad Señor de la Justicia;Fiestas;Fiestas religiosas-patronales;Lambayeque;Ferreñafe;Ferreñafe;25;-6.63908;-79.78797;fija 10-25;;exacta;texto_ficha;El medio año se celebra el 25 de octubre, agradeciendo la buena cosecha y cumpliendo con el milagro ofrecido;https://consultasenlinea.mincetur.gob.pe/fichaInventario/index.aspx?cod_Ficha=3733
3734;Fiesta Patronal de Santa Lucía de Siracuse;Fiestas;Fiestas religiosas-patronales;Lambayeque;Ferreñafe;Ferreñafe;25;-6.63908;-79.78797;fija 12-03..12-20;12-13;exacta;texto_ficha;s la Santa Patrona de la ciudad de Ferreñafe, cuyo día central se celebra el 13 de diciembre;https://consultasenlinea.mincetur.gob.pe/fichaInventario/index.aspx?cod_Ficha=3734
3735;Festividad de San Pablo Pedrero;Fiestas;Fiestas religiosas-patronales;Lambayeque;Ferreñafe;Ferreñafe;25;-6.63908;-79.78797;fija 07-17..07-21;07-20;exacta;texto_ficha;"El día central, se celebra el 20 de julio, la algarabía empieza desde muy temprano y se festeja con un concierto musical;";https://consultasenlinea.mincetur.gob.pe/fichaInventario/index.aspx?cod_Ficha=3735
3738;Fiesta de San Isidro El Labrador de Ferreñafe;Fiestas;Fiestas religiosas-patronales;Lambayeque;Ferreñafe;Ferreñafe;25;-6.639180885464474;-79.78803634643555;fija 05-15;;exacta;texto_ficha;Su fiesta anual es celebrada el 15 de mayo y la del medio año el 15 de Noviembre;https://consultasenlinea.mincetur.gob.pe/fichaInventario/index.aspx?cod_Ficha=3738
3739;Fiesta de la Virgen del Carmen;Fiestas;Fiestas religiosas-patronales;Lambayeque;Ferreñafe;Ferreñafe;25;-6.63908;-79.78797;fija 07-07..07-21;07-16;exacta;texto_ficha;El día 16 de julio es el día central de esta fiesta, realizada por las hermandades de la Virgen de;https://consultasenlinea.mincetur.gob.pe/fichaInventario/index.aspx?cod_Ficha=3739
3741;Festival del Mar de Puerto Eten;Eventos;Festivales;Lambayeque;Chiclayo;Eten Puerto;99;-6.90746;-79.86272;mes 02;;aproximada;mes_texto;e le conoce también como El Festimar y en Puerto Eten se celebra durante el mes de febrero (entre el 13 al 23), para lo cual la Municipalidad Distrital y demás Institucio;https://consultasenlinea.mincetur.gob.pe/fichaInventario/index.aspx?cod_Ficha=3741
3748;Festividad Jesus Nazareno Cautivo;Fiestas;Fiestas religiosas-patronales;Lambayeque;Chiclayo;Monsefu;99;-6.87758;-79.87198;fija 08-31..09-30;09-14;exacta;texto_ficha;de las fiestas más prolongadas del país y a nivel regional la de mayor duración debido a que la fiesta anual se celebra desde el 31 de Agosto hasta el 30 de Septiembre y la de medio año siempre inicia el último día del mes de febrero hasta el 31 d;https://consultasenlinea.mincetur.gob.pe/fichaInventario/index.aspx?cod_Ficha=3748
3751;Festividad de la Santísima Cruz del Tres de Mayo;Fiestas;Fiestas religiosas-patronales;Lambayeque;Chiclayo;Eten Puerto;99;-6.90746;-79.86272;fija 04-23..05-04;05-03;exacta;texto_ficha;El 03 de mayo, gran día central, los integrantes de la Hermandad responsables de la organizac;https://consultasenlinea.mincetur.gob.pe/fichaInventario/index.aspx?cod_Ficha=3751
3759;Feria de Exposiciones Típicas del Mar - Fextimar;Eventos;Ferias (no Artesanales);Lambayeque;Chiclayo;Santa Rosa;99;-6.8868;-79.918663;fija 02-15..02-28;;exacta;texto_ficha;"Este evento fue institucionalizado mediante Acuerdo Municipal Nº 020 del año 2007, a sus inicios, se celebraba del 15 al 28 de febrero de cada año; y desde su fecha de creación, supera las 10 ediciones";https://consultasenlinea.mincetur.gob.pe/fichaInventario/index.aspx?cod_Ficha=3759
3765;Feria de Exposiciones Tipico Culturales de Monsefú - Fexticum;Eventos;Ferias (no Artesanales);Lambayeque;Chiclayo;Monsefu;99;-6.87758;-79.87198;;;por_confirmar;;;https://consultasenlinea.mincetur.gob.pe/fichaInventario/index.aspx?cod_Ficha=3765
3766;Fiesta de Aniversario de Saña;Fiestas;Otros;Lambayeque;Chiclayo;Saña;99;-6.92395;-79.58365;fija 11-29;;exacta;texto_ficha;ebra su aniversario de fundación española con un nutrido programa de diez días de actividades, siendo su día central el 29 de noviembre, Esta festividad que reafirma su identidad histórica y cultural y permite mostr;https://consultasenlinea.mincetur.gob.pe/fichaInventario/index.aspx?cod_Ficha=3766
3768;Fiesta Patronal de San Isidro El Labrador;Fiestas;Fiestas religiosas-patronales;Lambayeque;Chiclayo;Saña;99;-6.92395;-79.58365;fija 05-13..05-18;;exacta;texto_ficha;a fiesta en honor a San Isidro El Labrador, Santo patrón de los Agricultores del distrito de Zaña, se celebra desde el día 13 hasta el 18 de Mayo, siendo su día central el 15 de este mes;https://consultasenlinea.mincetur.gob.pe/fichaInventario/index.aspx?cod_Ficha=3768
3769;Fiesta Patronal en Honor a Santo Toribio de Mogrovejo.;Fiestas;Fiestas religiosas-patronales;Lambayeque;Chiclayo;Saña;99;-6.92395;-79.58365;fija 04-18..05-01;04-27;exacta;texto_ficha;El día central, celebrado el 27 de abril, inicia con el saludo al alba con 21 camaretazos, acompañado del repique de cam;https://consultasenlinea.mincetur.gob.pe/fichaInventario/index.aspx?cod_Ficha=3769
3779;Danza La Divina Estrella;Artísticos;Danza;Lambayeque;Ferreñafe;Pueblo Nuevo;25;-6.64009;-79.79695;mes 02;;aproximada;mes_texto;ata desde el año 1936, y se puede apreciar solo en dos épocas del año, en el mes de febrero anunciando la celebración de la Fiesta Patronal en honor a la Virgen de la Cand;https://consultasenlinea.mincetur.gob.pe/fichaInventario/index.aspx?cod_Ficha=3779
3788;Festividad Patronal de la Virgen Purísima Concepción - Tucume;Fiestas;Fiestas religiosas-patronales;Lambayeque;Lambayeque;Tucume;25;-6.50964;-79.85957;fija 02-20;;exacta;texto_ficha;"Esta festividad se celebra 2 veces al año; el 20 de febrero (fiesta de año) y el 20 de agosto (fiesta de medio año) La Virgen esta represen";https://consultasenlinea.mincetur.gob.pe/fichaInventario/index.aspx?cod_Ficha=3788
3795;Fiesta Patronal San Pedro de Santa Rosa;Fiestas;Fiestas religiosas-patronales;Lambayeque;Chiclayo;Santa Rosa;99;-6.8792;-79.92243;fija 06-29;;exacta;texto_ficha;Esta Fiesta Patronal se realiza el día 29 de junio, donde la población de esta zona se alista muy temprano para asistir a la misa;https://consultasenlinea.mincetur.gob.pe/fichaInventario/index.aspx?cod_Ficha=3795
3799;Semana Santa de Lambayeque;Fiestas;Fiestas religiosas-patronales;Lambayeque;Lambayeque;Lambayeque;99;-6.70506;-79.90578;pascua -7..0;;aproximada;nombre_movil;semana santa;https://consultasenlinea.mincetur.gob.pe/fichaInventario/index.aspx?cod_Ficha=3799
3804;Festival del Carnaval Ucayalino;Fiestas;Fiestas Tradicionales(Herranza, carnavales, otros);Ucayali;Coronel Portillo;Calleria;202;-8.383202040015;-74.53231215476;pascua -50..-47;;aproximada;nombre_movil;carnaval;https://consultasenlinea.mincetur.gob.pe/fichaInventario/index.aspx?cod_Ficha=3804
3808;Festividad de San Pedro de Lambayeque;Fiestas;Fiestas religiosas-patronales;Lambayeque;Lambayeque;Lambayeque;99;-6.70506;-79.90578;fija 06-21..06-29;;exacta;texto_ficha;una fuerte motivación religiosa y turística, que desde hace tres siglos, la ciudad de Lambayeque celebra todos los años del 21 al 29 de junio, la fiesta de su Santo Patrón;https://consultasenlinea.mincetur.gob.pe/fichaInventario/index.aspx?cod_Ficha=3808
3809;Festividad del Corpus Christi;Fiestas;Fiestas religiosas-patronales;Lambayeque;Lambayeque;Lambayeque;99;-6.704066;-79.906112;pascua 60..63;;aproximada;nombre_movil;corpus christi;https://consultasenlinea.mincetur.gob.pe/fichaInventario/index.aspx?cod_Ficha=3809
3812;Fiesta de la Virgen del Carmen de Chachas;Fiestas;Fiestas religiosas-patronales;Arequipa;Castilla;Chachas;75;-15.50136718251566;-72.27017998695374;fija 07-12..07-19;07-16;exacta;texto_ficha;ismas tradiciones y costumbres desde épocas de antaño, se desarrolla del 12 al 19 de julio, tiene como día principal el 16 de julio y la realización de la fiesta está a cargo de los mayordomos, los cuales son en;https://consultasenlinea.mincetur.gob.pe/fichaInventario/index.aspx?cod_Ficha=3812
3848;Festividad de San Benito de Palermo;Fiestas;Fiestas religiosas-patronales;Lambayeque;Chiclayo;Monsefu;99;-6.87758;-79.87198;fija 01-02;;exacta;texto_ficha;Durante el segundo día de fiesta, festejado el 02 de enero, los visitantes pueden apreciar los juegos programados para estas fechas como e;https://consultasenlinea.mincetur.gob.pe/fichaInventario/index.aspx?cod_Ficha=3848
3851;El Kechcan Sicán;Fiestas;Otros;Lambayeque;Ferreñafe;Pitipo;25;-6.56566;-79.78086;fija 12-01..12-07;;aproximada;texto_ficha;l Kechcan Sicán que significa Fiesta de la luna, es una celebración anual organizada desde 1999 y durante la primera semana de Diciembre por el Grupo Pómac, conjunto artístico-cultural del centro poblado de Batán Gra;https://consultasenlinea.mincetur.gob.pe/fichaInventario/index.aspx?cod_Ficha=3851
3883;Festival Regional de la Naranja;Eventos;Festivales;San Martín;Mariscal Caceres;Juanjuí;47;-7.177651881750414;-76.72866879761898;fija 07-18..07-20;;exacta;texto_ficha;a naranja es uno de los principales productos de la provincia de Mariscal Cáceres, por tal motivo, cada año, entre el 18 y 20 de julio en la ciudad de Juanjui, se desarrolla el Festival Regional de la Naranja, orga;https://consultasenlinea.mincetur.gob.pe/fichaInventario/index.aspx?cod_Ficha=3883
3884;Fiesta Patronal Virgen de las Mercedes;Fiestas;Fiestas religiosas-patronales;San Martín;Mariscal Caceres;Juanjuí;47;-7.180271762950096;-76.72650396823883;fija 09-18..09-24;;exacta;texto_ficha;s una fiesta popular y patronal de la ciudad de Juanjui que se celebra del 18 al 24 de setiembre de cada año;https://consultasenlinea.mincetur.gob.pe/fichaInventario/index.aspx?cod_Ficha=3884
3917;Danza de Diablos de Ichocán;Artísticos;Danza;Cajamarca;San Marcos;Ichocan;92;-6.67051;-78.51749999999998;fija 05-15..05-21;;aproximada;texto_ficha;a danza de diablos se celebra cada año con una duración de tres días (viernes, sábado y domingo) la tercera semana del mes de mayo, en honor a San Isidro Labrador, a cargo de la Municipalidad Distrital de Ichoc;https://consultasenlinea.mincetur.gob.pe/fichaInventario/index.aspx?cod_Ficha=3917
3957;Fiesta del Tayta Niño – Chinchilpos y Gamonales;Fiestas;Fiestas religiosas-patronales;Junín;Huancayo;Huayucachi;33;-12.13825;-75.223083;nesimo 01 -1 dom;;exacta;texto_ficha;"iesta del Tayta Niño, es la principal fiesta patronal y expresión cultural de la población de Huayucachi; se realiza el último domingo de enero de cada año, momento en el que los fieles devotos sacan en procesión a la image";https://consultasenlinea.mincetur.gob.pe/fichaInventario/index.aspx?cod_Ficha=3957
3971;Fiesta Patronal Virgen del Rosario de Chiquinquirá;Fiestas;Fiestas religiosas-patronales;La Libertad;Gran Chimu;Cascas;67;-7.479229966360419;-78.8194893777255;fija 10-18..10-31;10-28;exacta;texto_ficha;e Chiquinquirá fue declarada patrona de Cascas, cuya festividad se celebra cada mes de octubre, la cual inicia desde el 18 de Octubre al 31 de Octubre, siendo el día central el 28 de octubre donde se inicia con izamiento en el pab;https://consultasenlinea.mincetur.gob.pe/fichaInventario/index.aspx?cod_Ficha=3971
3972;Feria Regional de la Uva;Eventos;Ferias (no Artesanales);La Libertad;Gran Chimu;Cascas;67;-7.478947095427214;-78.81923174260812;fija 07-25..07-29;07-28..07-29;exacta;texto_ficha;e lleva a cabo del 25 de Julio al 29 de Julio, siendo el 28 y 29 de julio el día central.;https://consultasenlinea.mincetur.gob.pe/fichaInventario/index.aspx?cod_Ficha=3972
4003;Semana Tradicional del King Kong - Lambayeque;Eventos;Festivales;Lambayeque;Lambayeque;Lambayeque;99;-6.70506;-79.90578;fija 07-25..07-31;;aproximada;texto_ficha;es una festividad gastronómica y cultural que se realiza anualmente en la ciudad de Lambayeque, generalmente durante la última semana de julio, en el marco de las celebraciones por Fiestas Patrias;https://consultasenlinea.mincetur.gob.pe/fichaInventario/index.aspx?cod_Ficha=4003
4008;Semana Santa de Lima;Fiestas;Fiestas religiosas-patronales;Lima;Lima;Lima;31;-12.045999174770827;-77.030548453331;pascua -7..0;;aproximada;nombre_movil;semana santa;https://consultasenlinea.mincetur.gob.pe/fichaInventario/index.aspx?cod_Ficha=4008
4009;Festividad de Santa Rosa de Lima;Fiestas;Fiestas religiosas-patronales;Lima;Lima;Lima;31;-12.045988055768166;-77.03049318252074;fija 08-30;;exacta;texto_ficha;El Día Central, el sábado 30 de agosto, declarado día de indulgencia plenaria, es la jornada de mayor solemnidad y fer;https://consultasenlinea.mincetur.gob.pe/fichaInventario/index.aspx?cod_Ficha=4009
4024;Feria del Señor de Maynay;Eventos;Ferias (no Artesanales);Ayacucho;Huanta;Huanta;98;-12.939899;-74.247894;mes 09;;aproximada;mes_texto;Se celebra desde hace 85 años, a mediados del mes de setiembre en la Pampa de Maynay, Centro Poblado de Maynay;https://consultasenlinea.mincetur.gob.pe/fichaInventario/index.aspx?cod_Ficha=4024
4036;Fiesta de San Isidro Labrador;Fiestas;Fiestas religiosas-patronales;La Libertad;Otuzco;Otuzco;108;-7.902350072242;-78.56524461447;fija 05-13..05-15;;exacta;texto_ficha;Esta fiesta se lleva a cabo anualmente en la provincia de Otuzco, se celebra del 13 al 15 de mayo de todos los años, en el Barrio de la Cruz Blanca;https://consultasenlinea.mincetur.gob.pe/fichaInventario/index.aspx?cod_Ficha=4036
4069;Escenificacion de la Muerte del Inca Huascar;Eventos;Otros;Ayacucho;Lucanas;Carmen Salcedo;167;-14.38757;-73.961987;mes 08;;aproximada;mes_texto;El evento se lleva a cabo en el mes de agosto, dentro de la semana turística.;https://consultasenlinea.mincetur.gob.pe/fichaInventario/index.aspx?cod_Ficha=4069
4088;Fiesta Patronal de Santa Rosa;Fiestas;Fiestas religiosas-patronales;San Martín;Bellavista;Bellavista;47;-7.066829496672592;-76.58481867784701;fija 08-22..08-31;08-30;exacta;texto_ficha;"diferentes actividades religiosas, como las peregrinaciones previas y la misa en honor a Santa Rosa en su día central (30 de agosto); además, eventos culturales y comerciales, como la Feria Agropecuaria (22 al 3";https://consultasenlinea.mincetur.gob.pe/fichaInventario/index.aspx?cod_Ficha=4088
4168;Festividad de Semana Santa de Omate;Fiestas;Fiestas religiosas-patronales;Moquegua;General Sanchez Cerro;Omate;176;-16.80910918570775;-70.69492558309051;pascua -7..0;;aproximada;nombre_movil;semana santa;https://consultasenlinea.mincetur.gob.pe/fichaInventario/index.aspx?cod_Ficha=4168
4198;Semana Santa Huancavelica;Fiestas;Fiestas religiosas-patronales;Huancavelica;Huancavelica;Huancavelica;54;-12.787058;-74.9732139;pascua -7..0;;aproximada;nombre_movil;semana santa;https://consultasenlinea.mincetur.gob.pe/fichaInventario/index.aspx?cod_Ficha=4198
4199;Fiesta de Cruces de Huancavelica;Fiestas;Fiestas religiosas-patronales;Huancavelica;Huancavelica;Huancavelica;54;-12.787058;-74.9732139;pascua 0;;aproximada;texto_movil;el inicio de la fiesta, se lleva despues de 50 dias del dia de pascua de resurreccion, participando personajes principales re;https://consultasenlinea.mincetur.gob.pe/fichaInventario/index.aspx?cod_Ficha=4199
4241;Herranza Comunal de Ovinos de Masajcancha;Fiestas;Fiestas Tradicionales(Herranza, carnavales, otros);Junín;Jauja;Paccha;172;-11.8562977;-75.4886933;;;por_confirmar;;;https://consultasenlinea.mincetur.gob.pe/fichaInventario/index.aspx?cod_Ficha=4241
4253;Carnaval del Tipaki Tipaki;Fiestas;Fiestas Tradicionales(Herranza, carnavales, otros);Huancavelica;Tayacaja;Acraquia;226;-12.3983491;-74.8685568;pascua -50..-47;;aproximada;nombre_movil;carnaval;https://consultasenlinea.mincetur.gob.pe/fichaInventario/index.aspx?cod_Ficha=4253
4264;Fiesta Patronal a San Jose Patriarca;Fiestas;Fiestas religiosas-patronales;Lambayeque;Lambayeque;San José;99;-6.77028;-79.9689;fija 03-19;;exacta;texto_ficha;Durante el día central, celebrado el 19 de marzo, desfilan las Instituciones Educativas acompañados con estampas típicas del Dis;https://consultasenlinea.mincetur.gob.pe/fichaInventario/index.aspx?cod_Ficha=4264
4265;Festividad de San Pedro Pescador - San José;Fiestas;Fiestas religiosas-patronales;Lambayeque;Lambayeque;San José;99;-6.76467;-79.96993;fija 06-29;;exacta;texto_ficha;"Para el gran día central, celebrado el 29 de junio; la banda de músicos hace su recorrido por las principales calles del distrito,";https://consultasenlinea.mincetur.gob.pe/fichaInventario/index.aspx?cod_Ficha=4265
4308;Los Huachanacos;Fiestas;Fiestas Tradicionales(Herranza, carnavales, otros);Arequipa;Camana;Mariscal Cáceres;106;-16.619469126375826;-72.7359848421766;pascua -46;;aproximada;texto_movil;s una festividad que se celebra los miercoles de ceniza de todos los anos, fecha que puede caer;https://consultasenlinea.mincetur.gob.pe/fichaInventario/index.aspx?cod_Ficha=4308
4309;Fiesta Costumbrista Escarbo de Acequia-Fiesta del Agua;Fiestas;Otros;Arequipa;La Union;Charcana;107;-15.240821993224593;-73.07016491889954;fija 07-27..07-31;07-30;exacta;texto_ficha;triángulo y se va acondicionado regalos como: conservas, papas, choclos, frutas como la naranja, chirimoya y otros, el 30 de julio es el día central, cada capitán, acompañado de su banda de músicos recorre la p;https://consultasenlinea.mincetur.gob.pe/fichaInventario/index.aspx?cod_Ficha=4309
4311;Fiesta Patronal San Pedro El Pescador;Fiestas;Fiestas religiosas-patronales;Arequipa;Camana;Mariscal Cáceres;106;-16.625389563448422;-72.7415174909576;fija 06-29..06-30;;exacta;texto_ficha;La fiesta de San Pedro Pescador se celebra las fechas de 29 y 30 de junio de cada año en el distrito de Mariscal Cáceres, en la Provincia de Camaná, regi;https://consultasenlinea.mincetur.gob.pe/fichaInventario/index.aspx?cod_Ficha=4311
4363;Fiesta Patronal Virgen de la Natividad de Tabalosos;Fiestas;Fiestas religiosas-patronales;San Martín;Lamas;Tabalosos;21;-6.389631618;-76.63426105;fija 09-08;;exacta;texto_ficha;Esta celebración se realiza cada año las 2 primeras semanas de septiembre, teniendo como fecha central el 8 de septiembre, día en que se conmemora la Natividad de la Virgen María, patrona espiritual de;https://consultasenlinea.mincetur.gob.pe/fichaInventario/index.aspx?cod_Ficha=4363
4600;Fiesta de San Juan Bautista;Fiestas;Fiestas religiosas-patronales;Arequipa;Caylloma;Sibayo;23;-15.486593144752147;-71.4570400487836;fija 06-24;;exacta;texto_ficha;El día central 24 de junio en horas de la madrugada se inicia llevando a cabo tradiciones y rituales entre;https://consultasenlinea.mincetur.gob.pe/fichaInventario/index.aspx?cod_Ficha=4600
4605;Festival Internacional de la Vendimia Iqueña;Eventos;Festivales;Ica;Ica;Ica;240;-14.075615;-75.731802;nesimo 03 2 vie;;exacta;texto_ficha;"ría el día 19 de marzo de cada año, tal como se estableció antes para este festival; sino que el día central sería cada segundo viernes del mes de marzo de cada año, por ser de carácter tradicional y costumbrista en toda la región";https://consultasenlinea.mincetur.gob.pe/fichaInventario/index.aspx?cod_Ficha=4605
4715;Festividad de San Francisco de Borja - Tata Pancho;Fiestas;Fiestas religiosas-patronales;Puno;Yunguyo;Yunguyo;46;-16.244149871606623;-69.0926045179367;fija 10-10;;exacta;texto_ficha;El día central de la festividad es el 10 de octubre, se inicia a las 8.00 am el Santo Patrón es escoltado en procesión por las call;https://consultasenlinea.mincetur.gob.pe/fichaInventario/index.aspx?cod_Ficha=4715
4895;Festival Gastronómico del Pato en Callanca;Eventos;Festivales;Lambayeque;Chiclayo;Monsefu;99;-6.87758;-79.87198;fija 07-28..07-29;;exacta;texto_ficha;ste Festival Gastronómico se realiza los días 28 y 29 de julio en el centro poblado de Callanca, distrito de Monsefú, teniendo como exponente;https://consultasenlinea.mincetur.gob.pe/fichaInventario/index.aspx?cod_Ficha=4895
4950;Festividad de las Cruces de Carumas;Fiestas;Fiestas religiosas-patronales;Moquegua;Mariscal Nieto;Carumas;97;-16.80912;-70.6949;fija 05-02..05-03;;exacta;texto_ficha;Desde entonces la Festividad de las Cruces de Carumas se celebra el 2 y 3 de mayo de cada año;https://consultasenlinea.mincetur.gob.pe/fichaInventario/index.aspx?cod_Ficha=4950
4951;Festividad de la Virgen Inmaculada Concepcion de Carumas;Fiestas;Fiestas religiosas-patronales;Moquegua;Mariscal Nieto;Carumas;97;-16.809367;-70.694936;fija 12-01..12-09;12-08;exacta;texto_ficha;l 8 de diciembre de cada año, se celebraba la festividad de la patrona de Carumas, la Inmaculada;https://consultasenlinea.mincetur.gob.pe/fichaInventario/index.aspx?cod_Ficha=4951
4980;Festividad de San Isidro Labrador de Carumas;Fiestas;Fiestas religiosas-patronales;Moquegua;Mariscal Nieto;Carumas;97;-16.80925672688;-70.69492590416;fija 05-15;;exacta;texto_ficha;"a festividad en honor a San Isidro Labrador es netamente de carácter religioso y agrario; se lleva a cabo el día 15 de mayo de cada año";https://consultasenlinea.mincetur.gob.pe/fichaInventario/index.aspx?cod_Ficha=4980
4991;Fiesta Patronal de San Juan - Caserío El Prado;Fiestas;Fiestas religiosas-patronales;Madre De Dios;Tambopata;Tambopata;62;-12.59422955363709;-69.17656302452087;fija 06-23..06-24;;exacta;texto_ficha;"patronal por el Vicariato de Puerto Maldonado; a partir de esta fecha la comunidad ha venido organizando el evento cada 23 y 24 de junio, en honor al Santo Patrono de la comunidad San Juan Bautista";https://consultasenlinea.mincetur.gob.pe/fichaInventario/index.aspx?cod_Ficha=4991
5057;Fiesta Mayor del Señor de Animas;Fiestas;Fiestas religiosas-patronales;Apurímac;Aymaraes;Chalhuanca;252;-14.29453543;-73.24428319;fija 07-30..07-31;07-31;exacta;texto_ficha;Y cuya procesión sale cada 31 de julio en recorrido por las calles de la ciudad;https://consultasenlinea.mincetur.gob.pe/fichaInventario/index.aspx?cod_Ficha=5057
5106;Feria Nacional Ganadera de Cuasimodo;Eventos;Ferias (no Artesanales);Junín;Huancayo;Chilca;33;-12.093496;-75.208082;pascua 7;;aproximada;nombre_movil;cuasimodo;https://consultasenlinea.mincetur.gob.pe/fichaInventario/index.aspx?cod_Ficha=5106
5313;Fiesta Religiosa Santa Rosa Raymi;Fiestas;Fiestas religiosas-patronales;San Martín;Lamas;Lamas;21;-6.421250251727788;-76.51629933782998;fija 08-20..08-31;;exacta;texto_ficha;Del 20 al 31 de agosto, centenares de personas participan de una programación que consta de exhibicion;https://consultasenlinea.mincetur.gob.pe/fichaInventario/index.aspx?cod_Ficha=5313
5321;La Santísima Cruz de los Motilones de Lamas;Fiestas;Fiestas religiosas-patronales;San Martín;Lamas;Lamas;21;-6.421250251727788;-76.51629933782998;fija 07-07..07-16;07-16;exacta;texto_ficha;Patrona de Lamas, una tradición instaurada en Lamas desde el momento de su fundación y que tiene como fecha central el 16 de julio en conmemoración del triunfo cristiano sobre los moros en la batalla de las Nav;https://consultasenlinea.mincetur.gob.pe/fichaInventario/index.aspx?cod_Ficha=5321
5568;Festival del Plátano de Isla Maleño;Eventos;Festivales;Lima;Cañete;Mala;199;-12.657757;-76.63239799999997;fija 02-15..03-15;;exacta;texto_ficha;Distrital de Mala junto con los productores de plátano maleño, este festival se desarrolla en 3 días, siendo las fechas entre el 15 de febrero y el 15 de marzo (dependiendo de la producción del plátano), desarrollando diversas actividades;https://consultasenlinea.mincetur.gob.pe/fichaInventario/index.aspx?cod_Ficha=5568
5651;Fiesta del Señor de Chacaylla;Fiestas;Fiestas religiosas-patronales;Arequipa;La Union;Cotahuasi;265;-15.212600344271085;-72.88937315767758;fija 09-13..09-16;09-15;exacta;texto_ficha;El día 15 de setiembre, que es el día central se da una misa a las 9:00 de la mañana donde concurren t;https://consultasenlinea.mincetur.gob.pe/fichaInventario/index.aspx?cod_Ficha=5651
5659;Carnaval de Pampamarca;Fiestas;Fiestas Tradicionales(Herranza, carnavales, otros);Arequipa;La Union;Pampamarca;265;-15.129077736298385;-72.90468469262123;pascua -50..-47;;aproximada;nombre_movil;carnaval;https://consultasenlinea.mincetur.gob.pe/fichaInventario/index.aspx?cod_Ficha=5659
5664;Fiesta Patronal de la Santísima Virgen del Rosario de Tomepampa;Fiestas;Fiestas religiosas-patronales;Arequipa;La Union;Tomepampa;265;-15.172665140808398;-72.83010779598928;fija 10-08;;exacta;texto_ficha;Desde su entronización, la Virgen del Rosario fue proclamada patrona del pueblo, y su festividad se celebra cada 8 de octubre con profundo fervor religioso;https://consultasenlinea.mincetur.gob.pe/fichaInventario/index.aspx?cod_Ficha=5664
5937;Carrera Internacional de Balsas sobre el Río Amazonas;Eventos;Concursos;Loreto;Maynas;Iquitos;150;-3.748691885716;-73.24439093784;fija 09-20..10-10;;exacta;texto_ficha;Cada año, la carrera de balsas se realiza en fechas distintas, normalmente entre el 20 de septiembre y el 10 de octubre, teniendo una duración de 4 días, con paradas intermedias para pernoctar;https://consultasenlinea.mincetur.gob.pe/fichaInventario/index.aspx?cod_Ficha=5937
6092;Fiesta Patronal Virgen de la Candelaria de Torata;Fiestas;Fiestas religiosas-patronales;Moquegua;Mariscal Nieto;Torata;249;-17.07658039605601;-70.84433095833587;fija 02-02;;exacta;texto_ficha;elaria es una de las representaciones más antiguas de la virgen María y la Iglesia Católica, donde se celebra su día el 2 de febrero;https://consultasenlinea.mincetur.gob.pe/fichaInventario/index.aspx?cod_Ficha=6092
6193;Fiesta del Chaccu de Vicuñas Yavi Yavi;Fiestas;Otros;Cusco;Chumbivilcas;Colquemarca;3;-14.2836;-72.0403;fija 08-08;;exacta;texto_ficha;ealiza en el distrito de Colquemarca en la comunidad campesina de Yanque Lacca Lacca , este evento se lleva a cabo cada 8 de Agosto, para ello la comunidad campesina con todos sus miembros se organizan y llevan;https://consultasenlinea.mincetur.gob.pe/fichaInventario/index.aspx?cod_Ficha=6193
6200;Festival de la Trucha en Jaen;Eventos;Festivales;Cajamarca;Jaen;Jaén;74;-5.78351;-78.87144;fija 07-20..07-21;;exacta;texto_ficha;l Festival de la trucha se realiza los días 20 y 21 de julio de cada año en el Caserío La Libertad de Jaén, este festival tiene amplia promo;https://consultasenlinea.mincetur.gob.pe/fichaInventario/index.aspx?cod_Ficha=6200
6201;Fiesta Patronal de la Mamacha Asunta de Langui;Fiestas;Fiestas religiosas-patronales;Cusco;Canas;Langui;138;-14.4311;-71.2736;fija 08-13..08-17;;exacta;texto_ficha;a Fiesta Patronal, en honor a la Virgen Asunta, tiene 5 días de duración, del 13 al 17 de agosto de cada año;https://consultasenlinea.mincetur.gob.pe/fichaInventario/index.aspx?cod_Ficha=6201
6229;Fiesta de San Isidro Labrador de Ichocán;Fiestas;Fiestas religiosas-patronales;Cajamarca;San Marcos;Ichocan;149;-7.368383;-78.13034500000003;nesimo 05 3 dom;;exacta;texto_ficha;bra durante los días viernes, sábado y domingo de la tercera semana del mes de mayo de cada año, cuyo día Central es el tercer domingo de mayo;https://consultasenlinea.mincetur.gob.pe/fichaInventario/index.aspx?cod_Ficha=6229
6247;Fiesta de la Santisima Virgen de la Natividad o Huanchaco;Fiestas;Fiestas religiosas-patronales;Cajamarca;Cajamarca;Los Baños del Inca;149;-7.16388;-78.464868;fija 09-08..09-14;09-08;exacta;texto_ficha;El día central 8 de setiembre de cada año, la Virgen de la Natividad es vestida con sus atuendos de gala, ofr;https://consultasenlinea.mincetur.gob.pe/fichaInventario/index.aspx?cod_Ficha=6247
6311;Bajada de Reyes y Tradicional Sacudida de Perales;Fiestas;Fiestas religiosas-patronales;Arequipa;Arequipa;Tiabaya;55;-16.44976;-71.59141;fija 01-06;;exacta;texto_ficha;Cada 06 de enero se realiza la tradicional bajada de los reyes magos y la sacudida de perales, e;https://consultasenlinea.mincetur.gob.pe/fichaInventario/index.aspx?cod_Ficha=6311
6342;Festividad de la Virgen del Carmen de Huarocondo;Fiestas;Fiestas religiosas-patronales;Cusco;Anta;Huarocondo;59;-13.4153;-72.2075;fija 07-15..07-20;07-15;exacta;texto_ficha;"El 15 de julio “DIA CENTRAL” está previsto la celebración de la víspera o ""tîka apaycuy"" en do";https://consultasenlinea.mincetur.gob.pe/fichaInventario/index.aspx?cod_Ficha=6342
6348;Festividad del Señor de la Buena Muerte de Chocan;Fiestas;Fiestas religiosas-patronales;Piura;Sullana;Querecotillo;218;-4.839727500200345;-80.64875653938904;fija 01-23..02-11;02-02;exacta;texto_ficha;"en el distrito de Querecotillo, provincia de Sullana, departamento de Piura; siendo el día central de la festividad el 02 de febrero, que cuenta con un programa que incluye: Quema de fuegos artificiales, Eucarist";https://consultasenlinea.mincetur.gob.pe/fichaInventario/index.aspx?cod_Ficha=6348
6370;Fiesta de San Isidro;Fiestas;Fiestas religiosas-patronales;Cusco;Urubamba;Yucay;173;-13.3183;-72.0872;fija 05-15;;exacta;texto_ficha;icha fiesta se realiza cada 15 de mayo de cada año, donde la gente el 14 en la noche realiza una víspera;https://consultasenlinea.mincetur.gob.pe/fichaInventario/index.aspx?cod_Ficha=6370
6421;Fiesta Patronal en Honor a San Mateo;Fiestas;Fiestas religiosas-patronales;Cajamarca;Contumaza;Contumaza;149;-7.36542;-78.8066;fija 09-19..09-23;09-21;exacta;texto_ficha;l día central el 21 de setiembre, se celebra en la plaza de armas de la provincia de Contumazá.;https://consultasenlinea.mincetur.gob.pe/fichaInventario/index.aspx?cod_Ficha=6421
6563;Festividad del Inca Tinkuy del Centro Poblado de San Cristóbal de Rapaz;Fiestas;Fiestas religiosas-patronales;Lima;Oyon;Oyon;110;-10.87399;-76.70454;fija 08-30;;exacta;texto_ficha;a fiesta costumbrista en homenaje al Inca Tinkuy Del Centro Poblado De San Cristóbal de Rapaz se realiza cada 30 de agosto, a través de un rosario de actividades programadas;https://consultasenlinea.mincetur.gob.pe/fichaInventario/index.aspx?cod_Ficha=6563
6665;Fiesta del Cuasimodo de Tiabaya;Fiestas;Fiestas religiosas-patronales;Arequipa;Arequipa;Tiabaya;55;-16.44980340435906;-71.59135264572382;pascua 7;;aproximada;nombre_movil;cuasimodo;https://consultasenlinea.mincetur.gob.pe/fichaInventario/index.aspx?cod_Ficha=6665
6766;Fiesta Religiosa Virgen de la Candelaria;Fiestas;Fiestas religiosas-patronales;Arequipa;Arequipa;Cayma;55;-16.381493201476676;-71.54556861317744;fija 02-02..02-12;;exacta;texto_ficha;to de Cayma y de la ciudad de Arequipa, tiene la participación de autoridades distritales y provinciales, se celebra el 2 de febrero y finaliza el día 12 de febrero, es la fiesta más antigua de la región, ya que;https://consultasenlinea.mincetur.gob.pe/fichaInventario/index.aspx?cod_Ficha=6766
6860;La Gran Semana de Guadalupe;Eventos;Otros;La Libertad;Pacasmayo;Guadalupe;161;-7.243209;-79.470338;fija 04-15..04-21;04-15;exacta;texto_ficha;egunda y tercera semana del mes de Abril, dependiendo de la programación de los organizadores, el día central es el día 15 de Abril.;https://consultasenlinea.mincetur.gob.pe/fichaInventario/index.aspx?cod_Ficha=6860
6928;Festival de la Huayligía y el Chacranegro de Tunan Marca;Eventos;Festivales;Junín;Jauja;Tunan Marca;114;-11.729711;-75.570379;fija 01-06;;exacta;texto_ficha;l Festival de la Huayligía y el Chacranegro se celebra cada 6 de enero en la plaza principal de Tunan Marca, como parte de las festividades en honor a;https://consultasenlinea.mincetur.gob.pe/fichaInventario/index.aspx?cod_Ficha=6928
6935;Festividad Navideña del Niñuchanchik;Fiestas;Fiestas religiosas-patronales;Apurímac;Andahuaylas;Andahuaylas;79;-13.656514;-73.389952;fija 01-05..01-07;;exacta;texto_ficha;el Niño Jesús de Año Nuevo de Andahuaylas entre el 01 y 02 de enero, continuando con la fiesta de Reyes de San Jerónimo desde el 5 hasta el 7 de enero, finalizando con la celebración del Niño Jesús de Praga en Chihuampata y Chumbi;https://consultasenlinea.mincetur.gob.pe/fichaInventario/index.aspx?cod_Ficha=6935
7063;Festival Selvámonos;Eventos;Festivales;Pasco;Oxapampa;Oxapampa;96;-10.5742906236775;-75.404661877025;mes 06;;aproximada;mes_texto;El festival se desarrolla en el mes de junio de cada año, tiene una duración de una semana aproximadamente, aperturando con;https://consultasenlinea.mincetur.gob.pe/fichaInventario/index.aspx?cod_Ficha=7063
7077;Aniversario de Fundación de Oxapampa;Fiestas;Fiestas religiosas-patronales;Pasco;Oxapampa;Oxapampa;96;-10.574725679935948;-75.40443509817123;fija 08-30;;exacta;texto_ficha;Cabe recalcar que la programación de actividades dura aproximadamente una semana, culminando el 30 de agosto de cada año con una fiesta bailable amenizada por agrupaciones del momento;https://consultasenlinea.mincetur.gob.pe/fichaInventario/index.aspx?cod_Ficha=7077
7082;Feria al Niño Dios de Reyes;Fiestas;Fiestas religiosas-patronales;Lambayeque;Lambayeque;Morrope;25;-6.54048;-80.01529;fija 01-08..01-15;;exacta;texto_ficha;Ya para el día 08 al 15 de Enero se realizarán concursos gastronómicos, de baile, declamación y recitales entre;https://consultasenlinea.mincetur.gob.pe/fichaInventario/index.aspx?cod_Ficha=7082
7083;Aniversario de la Reserva de Biósfera Oxapampa Asháninka Yánesha;Eventos;Otros;Pasco;Oxapampa;Oxapampa;96;-10.574264264886246;-75.4046630859375;fija 06-01..06-07;06-02;exacta;texto_ficha;e celebra el 02 de junio de cada año, conmemorando el aniversario de la inclusión de la Reserva de Biósf;https://consultasenlinea.mincetur.gob.pe/fichaInventario/index.aspx?cod_Ficha=7083
7085;Destreza Forestal;Artísticos;Otros;Pasco;Oxapampa;Oxapampa;96;-10.5741978974964;-75.4046729069603;;;por_confirmar;;;https://consultasenlinea.mincetur.gob.pe/fichaInventario/index.aspx?cod_Ficha=7085
7088;Rodeo Oxapampino;Artísticos;Otros;Pasco;Oxapampa;Oxapampa;96;-10.574264264886246;-75.4046630859375;mes 08;;aproximada;mes_texto;El rodeo oxapampino se celebra generalmente en agosto, coincidiendo con las Fiestas patronales de Oxapampa o en julio por fiestas Pat;https://consultasenlinea.mincetur.gob.pe/fichaInventario/index.aspx?cod_Ficha=7088
7089;Semana Turística de la Selva Central;Eventos;Festivales;Pasco;Oxapampa;Oxapampa;96;-10.5741978974964;-75.4046729069603;fija 06-16..06-30;;aproximada;texto_ficha;Esta celebración se lleva a cabo durante la segunda quincena de junio, destacando actividades deportivas, culturales y de promoción de productos trad;https://consultasenlinea.mincetur.gob.pe/fichaInventario/index.aspx?cod_Ficha=7089
7090;Torneo de Cintas a Caballo;Artísticos;Otros;Pasco;Oxapampa;Oxapampa;96;-10.5741978974964;-75.4046729069603;mes 08;;aproximada;mes_texto;El evento se celebra durante el aniversario de fundación y la fiesta patronal de Oxapampa en el mes de agosto de cada año;https://consultasenlinea.mincetur.gob.pe/fichaInventario/index.aspx?cod_Ficha=7090
7099;Oxapampa Country Fest;Eventos;Festivales;Pasco;Oxapampa;Chontabamba;96;-10.602781047005386;-75.43878078460693;fija 06-08..06-14;;aproximada;texto_ficha;Se realiza los días sábado y domingo de la segunda semana de junio de cada año;https://consultasenlinea.mincetur.gob.pe/fichaInventario/index.aspx?cod_Ficha=7099
7104;Fiesta de la Tunantada Jaujina en Honor a San Sebastián y San Fabián;Fiestas;Fiestas religiosas-patronales;Junín;Jauja;Jauja;33;-11.7753024;-75.5001588;fija 01-18..01-20;01-20;exacta;texto_ficha;El 20 de enero, día central de la celebración en honor a San Sebastián y San Fabián, inicia co;https://consultasenlinea.mincetur.gob.pe/fichaInventario/index.aspx?cod_Ficha=7104
7105;Festival de Telas Teñidas;Eventos;Festivales;Pasco;Oxapampa;Chontabamba;96;-10.54339270551;-75.44041156768;mes 10;;aproximada;mes_texto;Este evento tiene una duración de dos días sábado y domingo en el mes de octubre de cada año, previamente las artesanas de la Comunidad Nativa realizan las comi;https://consultasenlinea.mincetur.gob.pe/fichaInventario/index.aspx?cod_Ficha=7105
7115;Festival de la Granadilla - Mallampampa;Eventos;Ferias (no Artesanales);Pasco;Oxapampa;Huancabamba;96;-10.50250927792;-75.66878281973;fija 05-01..05-07;05-01;exacta;texto_ficha;El festival tiene una duración de 6 días teniendo como día principal el 01 de mayo;https://consultasenlinea.mincetur.gob.pe/fichaInventario/index.aspx?cod_Ficha=7115
7117;Fiesta Patronal en Honor a la Virgen del Carmen de Huancabamba;Fiestas;Fiestas religiosas-patronales;Pasco;Oxapampa;Huancabamba;96;-10.426449359225922;-75.52448809146881;fija 06-29..07-17;07-16;exacta;texto_ficha;Esta festividad se lleva a cabo desde el año 1983, entre el 29 de junio al 17 de julio de cada año, siendo el día 16 de julio el día central;https://consultasenlinea.mincetur.gob.pe/fichaInventario/index.aspx?cod_Ficha=7117
7152;Fiesta del Patron de San Jeronimo;Fiestas;Fiestas religiosas-patronales;Cusco;Cusco;San Jerónimo;36;-13.552051;-71.881313;fija 09-28..10-02;09-30;exacta;texto_ficha;l dia central es el 30 de Setiembre, se celebra en la plaza central del Distrito de San Jeronimo que se encuentra a;https://consultasenlinea.mincetur.gob.pe/fichaInventario/index.aspx?cod_Ficha=7152
7165;Fiesta Patronal de la Virgen de las Mercedes de Jangas;Fiestas;Fiestas religiosas-patronales;Áncash;Huaraz;Jangas;72;-9.400523359455969;-77.57743487389409;fija 09-24;;exacta;texto_ficha;El día 24 de septiembre las actividades continúan por parte del primer capitán;https://consultasenlinea.mincetur.gob.pe/fichaInventario/index.aspx?cod_Ficha=7165
7265;Festival del Café Villa Rica y Festival Nacional del Café.;Eventos;Festivales;Pasco;Oxapampa;Villa Rica;151;-10.73557862730882;-75.26784373591556;fija 07-25..07-31;;aproximada;texto_ficha;l Festival del Café Villa Rica y Festival Nacional del Café se celebra la última semana de julio en el marco de las fiestas patrias nacionales, en virtud de la excelente calida;https://consultasenlinea.mincetur.gob.pe/fichaInventario/index.aspx?cod_Ficha=7265
7285;Festival de la Guinda de Huamancaca Chico;Eventos;Festivales;Junín;Chupaca;Huamancaca Chico;33;-12.083447;-75.241569;mes 01;;aproximada;mes_texto;esde el año de 1993, el último fin de semana del mes de enero de cada año, la Municipalidad Distrital de Huamancaca Chico organiza el Festiva;https://consultasenlinea.mincetur.gob.pe/fichaInventario/index.aspx?cod_Ficha=7285
7313;Festividades del Señor Cautivo;Fiestas;Fiestas religiosas-patronales;Piura;Huancabamba;El Carmen de la Frontera;1;-5.14827944570558;-79.4280448221084;fija 10-13;;exacta;texto_ficha;"Esta comida es servida el día central,13 de octubre; y normalmente se ofrece el tradicional sancochado (caldo de papa, olluco, yuca";https://consultasenlinea.mincetur.gob.pe/fichaInventario/index.aspx?cod_Ficha=7313
7314;Festividad en Honor a la Santísima Virgen del Carmen;Fiestas;Fiestas religiosas-patronales;Piura;Huancabamba;Huancabamba;153;-5.2389111316714;-79.45060908794403;fija 07-07..07-19;07-16;exacta;texto_ficha;de julio de cada año, es la festividad religiosa más importante de la provincia de Huancabamba, cuyo día central es el 16 de julio;https://consultasenlinea.mincetur.gob.pe/fichaInventario/index.aspx?cod_Ficha=7314
7366;Danza de los Diablicos de Huancabamba;Artísticos;Danza;Piura;Huancabamba;Huancabamba;153;-5.2389111316714;-79.45060908794403;fija 07-16..07-19;;exacta;texto_ficha;Esta danza se realiza durante las procesiones de la Virgen del Carmen, del 16 al 19 de julio.;https://consultasenlinea.mincetur.gob.pe/fichaInventario/index.aspx?cod_Ficha=7366
7476;Fiesta Patronal San Juan de Mazamari;Fiestas;Fiestas religiosas-patronales;Junín;Satipo;Mazamari;111;-11.328724;-74.530535;fija 06-24;;exacta;texto_ficha;la cual preparan una programación que abarca toda una semana de actividades conmemorativas, siendo el día principal el 24 de junio, en honor a San Juan Bautista, patrono de la ciudad;https://consultasenlinea.mincetur.gob.pe/fichaInventario/index.aspx?cod_Ficha=7476
7512;Festividad Religiosa de la Virgen de Cocharcas o Mamacha Cocharcas;Fiestas;Fiestas religiosas-patronales;Apurímac;Chincheros;Cocharcas;17;-13.610074;-73.74012;fija 09-06..09-08;09-08;exacta;texto_ficha;de antigüedad conocida por la fidelidad religiosa de los lugareños con el nombre de “Mamacha Cocharcas”, se celebra el 08 de setiembre de todos los años en el Santuario y localidad del mismo nombre, al oeste de la;https://consultasenlinea.mincetur.gob.pe/fichaInventario/index.aspx?cod_Ficha=7512
7605;Fiesta Patronal San Martin de Pangoa;Fiestas;Fiestas religiosas-patronales;Junín;Satipo;Pangoa;111;-11.428272;-74.488454;fija 05-01..05-07;05-06;exacta;texto_ficha;, en la región Junín, se viste de gala para celebrar su Fiesta Patronal en honor a Fray San Martín de Porres, siendo el 6 de mayo su día principal;https://consultasenlinea.mincetur.gob.pe/fichaInventario/index.aspx?cod_Ficha=7605
7642;Fiesta del Warachikuy;Fiestas;Fiestas religiosas-patronales;Cusco;Cusco;Cusco;36;-13.52264;-71.96734;nesimo 09 3 dom;;exacta;texto_ficha;a fecha de la Fiesta del Warachikuy es el tercer domingo del mes de setiembre de cada año, en la explanada del Parque Arquelogico de Sacsayhuaman.;https://consultasenlinea.mincetur.gob.pe/fichaInventario/index.aspx?cod_Ficha=7642
7754;Festival de la Naranja;Eventos;Festivales;Ica;Palpa;Palpa;27;-14.53367;-75.185174;;;por_confirmar;;;https://consultasenlinea.mincetur.gob.pe/fichaInventario/index.aspx?cod_Ficha=7754
7874;Festival Sara Raymi;Eventos;Festivales;Cusco;Quispicanchi;Huaro;36;-13.6903;-71.6408;fija 03-28;;exacta;texto_ficha;al Regional Sara Raymi”, Culto al Maíz fiesta que se realiza en el distrito de Huaro, provincia de Quispicanchi, el día 28 de marzo;https://consultasenlinea.mincetur.gob.pe/fichaInventario/index.aspx?cod_Ficha=7874
8004;Carnaval Abanquino;Fiestas;Fiestas Tradicionales(Herranza, carnavales, otros);Apurímac;Abancay;Abancay;203;-13.639981372836278;-72.89016723632812;pascua -50..-47;;aproximada;nombre_movil;carnaval;https://consultasenlinea.mincetur.gob.pe/fichaInventario/index.aspx?cod_Ficha=8004
8050;Festividad de la Santisima Virgen de las Mercedes;Fiestas;Fiestas religiosas-patronales;Áncash;Carhuaz;Carhuaz;72;-9.281936866412742;-77.64563128352165;fija 09-24;;exacta;texto_ficha;El 24 de setiembre es el día central de la Festividad de la Virgen de las Mercedes, donde se reali;https://consultasenlinea.mincetur.gob.pe/fichaInventario/index.aspx?cod_Ficha=8050
8320;Carnaval de Sacclaya;Fiestas;Fiestas Tradicionales(Herranza, carnavales, otros);Apurímac;Andahuaylas;José María Arguedas;79;-13.767057;-73.37681;pascua -50..-47;;aproximada;nombre_movil;carnaval;https://consultasenlinea.mincetur.gob.pe/fichaInventario/index.aspx?cod_Ficha=8320
8377;Fiesta del Señor de Luren;Fiestas;Fiestas religiosas-patronales;Ica;Ica;Ica;240;-14.070958;-75.725656;nesimo 10 3 mar;;exacta;texto_ficha;al Señor de Luren, patrono de la ciudad de Ica se lleva a cabo desde la segunda semana del mes de octubre un jueves al tercer martes del mes de octubre, empieza con la celebración de sus novenas, la bajada de la imagen conjuntament;https://consultasenlinea.mincetur.gob.pe/fichaInventario/index.aspx?cod_Ficha=8377
8409;Festival del Chancho de Saña;Eventos;Festivales;Lambayeque;Chiclayo;Saña;99;-6.92395;-79.58365;;;por_confirmar;;;https://consultasenlinea.mincetur.gob.pe/fichaInventario/index.aspx?cod_Ficha=8409
8415;Fiesta de la Virgen del Rosario de Yauca;Fiestas;Fiestas religiosas-patronales;Ica;Ica;Yauca del Rosario;240;-14.140248;-75.575298;nesimo 10 1 dom;;exacta;texto_ficha;"En el día central, el primer domingo de octubre, se realizan misas cada hora; al medio día se lleva a cabo la misa de fiesta a";https://consultasenlinea.mincetur.gob.pe/fichaInventario/index.aspx?cod_Ficha=8415
8439;Festividad de la Virgen Chanca;Fiestas;Fiestas religiosas-patronales;Cusco;Paucartambo;Challabamba;227;-13.211963;-71.649907;fija 09-16;;exacta;texto_ficha;El día 16 de septiembre (Día central) se cumple la romería al cementerio general y terminan estos actos;https://consultasenlinea.mincetur.gob.pe/fichaInventario/index.aspx?cod_Ficha=8439
8634;Encuentro de Carnaval Originario del Perú - Pukllay Andahuaylas;Fiestas;Fiestas Tradicionales(Herranza, carnavales, otros);Apurímac;Andahuaylas;Andahuaylas;79;-13.6564;-73.3849;pascua -50..-47;;aproximada;nombre_movil;carnaval;https://consultasenlinea.mincetur.gob.pe/fichaInventario/index.aspx?cod_Ficha=8634
8869;Sóndor Raymi – La Epopeya Chanka;Fiestas;Fiestas religiosas-patronales;Apurímac;Andahuaylas;Pacucha;148;-14.223171;-73.06172;fija 06-19;;exacta;texto_ficha;a escenificación inicia en la localidad de Pacucha y culmina en el Complejo Arqueológico de Sondor y se realiza el 19 de junio, como parte de las actividades de Aniversario de Creación Política de la provin;https://consultasenlinea.mincetur.gob.pe/fichaInventario/index.aspx?cod_Ficha=8869
8877;Festividad Patronal de la Huaylia;Fiestas;Fiestas religiosas-patronales;Apurímac;Antabamba;Antabamba;148;-14.367695227086266;-72.87295818328857;fija 12-25;;exacta;texto_ficha;n la ciudad de Lima, también se celebra esta costumbre cada el 25 de diciembre, a cargo de la Institución regionalista representativa, Centro Social Antabamba;https://consultasenlinea.mincetur.gob.pe/fichaInventario/index.aspx?cod_Ficha=8877
8882;Fiesta Patronal San Juan Bautista de Pachaconas;Fiestas;Fiestas religiosas-patronales;Apurímac;Antabamba;Pachaconas;148;-14.222958;-73.016257;fija 06-24;;exacta;texto_ficha;DIA CENTRAL: 24 de junio, la festividad se inicia con la celebración de la misa religiosa en honor al Sa;https://consultasenlinea.mincetur.gob.pe/fichaInventario/index.aspx?cod_Ficha=8882
8883;Mayura Antabambina;Fiestas;Fiestas religiosas-patronales;Apurímac;Antabamba;Antabamba;148;-14.367821063780612;-72.87294643487245;fija 08-06;;exacta;texto_ficha;s una fiesta costumbrista, tradicional y popular que se celebra el 6 de agosto de cada año en honor al Santo Patrón San Salvador;https://consultasenlinea.mincetur.gob.pe/fichaInventario/index.aspx?cod_Ficha=8883
8908;Festival por el Día del Pisco Sour;Eventos;Festivales;Lambayeque;Lambayeque;Illimo;25;-6.47393;-79.85523;nesimo 02 1 sab;;exacta;texto_ficha;La fecha en la que se ejecuta dicha actividad es cada primer sábado de febrero, la cual tiene una duración de 12 horas;https://consultasenlinea.mincetur.gob.pe/fichaInventario/index.aspx?cod_Ficha=8908
9022;Tinkuy Curamba;Fiestas;Fiestas religiosas-patronales;Apurímac;Andahuaylas;Kishuara;79;-13.624408;-73.1362;;;por_confirmar;;;https://consultasenlinea.mincetur.gob.pe/fichaInventario/index.aspx?cod_Ficha=9022
9281;Festival del Día de la Sopa García - Huaral;Eventos;Festivales;Lima;Huaral;Huaral;214;-11.49538547140098;-77.20716118812561;nesimo 06 3 dom;;exacta;texto_ficha;La provincia se prepara todos los años para celebrar el día de la Sopa García, cada tercer domingo de junio;https://consultasenlinea.mincetur.gob.pe/fichaInventario/index.aspx?cod_Ficha=9281
9666;Festival de Comunidades Nativas Sampantuari;Eventos;Festivales;Cusco;La Convencion;Kimbiri;208;-12.602009;-73.773287;fija 06-19;;exacta;texto_ficha;Cada año el 19 de junio como parte del Festival de “San Juan” de Kimbiri, se realiza, el Festival de co;https://consultasenlinea.mincetur.gob.pe/fichaInventario/index.aspx?cod_Ficha=9666
9670;Aniversario de Creación Política de Kimbiri;Eventos;Festivales;Cusco;La Convencion;Quimbiri;208;-12.62004;-73.78908100000001;fija 04-28..05-04;;exacta;texto_ficha;idades por el aniversario de creación política del Distrito de Kimbiri, es una fecha institucionalizada, que se celebra del 28 de abril al 04 de mayo de cada año, como un justo homenaje a la tierra hermosa, ubérrima con su majest;https://consultasenlinea.mincetur.gob.pe/fichaInventario/index.aspx?cod_Ficha=9670
9678;Aniversario de Creación Política de Pichari y Festival Internacional de la Coca - Vrae;Eventos;Festivales;Cusco;La Convencion;Pichari;208;-12.506119;-73.82247;fija 08-03..08-09;;exacta;texto_ficha;aliza el: “Festival Internacional de la Coca”, y la “Feria Agropecuaria, Agroindustrial y Artesanal”, que se desarrolla del 03 al 09 de Agosto de cada año como una fecha institucionalizada, en la que se celebra el ANIVERSA;https://consultasenlinea.mincetur.gob.pe/fichaInventario/index.aspx?cod_Ficha=9678
9913;Festividad de la Virgen Asunta de Colquepata;Fiestas;Fiestas religiosas-patronales;Cusco;Paucartambo;Colquepata;227;-13.360274;-71.673381;fija 08-15;;exacta;texto_ficha;El 15 de agosto es el día central, a partir de las diez de la mañana cada comparsa se alista pa;https://consultasenlinea.mincetur.gob.pe/fichaInventario/index.aspx?cod_Ficha=9913
9984;Fiesta Patronal de Vitoc;Fiestas;Fiestas religiosas-patronales;Junín;Chanchamayo;Vitoc;151;-11.2100634;-75.3346128;fija 05-24;;exacta;texto_ficha;del distrito de Vitoc, el más antiguo distrito de la provincia de Chanchamayo y de toda la selva central, se celebra el 24 de mayo en honor al Señor de Amancaes, patrono del pueblo, al cual celebran con procesi;https://consultasenlinea.mincetur.gob.pe/fichaInventario/index.aspx?cod_Ficha=9984
9996;Fiesta de Año Nuevo de Huasicancha;Fiestas;Fiestas religiosas-patronales;Junín;Huancayo;Huasicancha;233;-12.3320429;-75.28208;fija 01-01..01-04;;exacta;texto_ficha;elebración tradicional, que se celebra del 1° al 4 de enero, está a cargo de los priostes, mayordomos, involucrando también a la totalidad;https://consultasenlinea.mincetur.gob.pe/fichaInventario/index.aspx?cod_Ficha=9996
10002;Fiesta Patronal del Santísimo Salvador de Pachacámac;Fiestas;Fiestas religiosas-patronales;Lima;Lima;Pachacamac;31;-12.22988671889501;-76.85940742492676;fija 08-06;;exacta;texto_ficha;se realiza entre los meses de julio y agosto, con una duración aproximada de dos semanas, teniendo como día central el 6 de agosto, coincidiendo con el aniversario del distrito;https://consultasenlinea.mincetur.gob.pe/fichaInventario/index.aspx?cod_Ficha=10002
10080;Tradicional Semana Santa de Pachacámac;Fiestas;Fiestas religiosas-patronales;Lima;Lima;Pachacamac;31;-12.229907689595796;-76.85940742492676;pascua -7..0;;aproximada;nombre_movil;semana santa;https://consultasenlinea.mincetur.gob.pe/fichaInventario/index.aspx?cod_Ficha=10080
10194;Fiesta Patronal de Santa Rosa de Ocopa;Fiestas;Fiestas religiosas-patronales;Junín;Concepcion;Santa Rosa de Ocopa;33;-11.876971;-75.295061;fija 08-30;;exacta;texto_ficha;e celebra cada 30 de Agosto de cada año en honor a Santa Rosa de Lima, Patrona del distrito de Santa Rosa d;https://consultasenlinea.mincetur.gob.pe/fichaInventario/index.aspx?cod_Ficha=10194
10245;Fiesta de la Octava del Santiago Sicaíno;Fiestas;Fiestas religiosas-patronales;Junín;Huancayo;Sicaya;33;-12.0141506;-75.279885;fija 07-31;;exacta;texto_ficha;La víspera comienza el 31 de julio por la tarde, cuando las familias santiagueras preparan un altar en sus hogares;https://consultasenlinea.mincetur.gob.pe/fichaInventario/index.aspx?cod_Ficha=10245
10327;Maratón Pacasmayo;Eventos;Deportivos;La Libertad;Pacasmayo;Pacasmayo;161;-7.40442;-79.57594;nesimo 07 1 dom;;exacta;texto_ficha;a Maratón Pacasmayo es una carrera anual celebrada el primer domingo de julio de cada año, que tiene como objetivos fomentar la práctica deportiva, promover;https://consultasenlinea.mincetur.gob.pe/fichaInventario/index.aspx?cod_Ficha=10327
10329;Pacasmayo Classic;Eventos;Deportivos;La Libertad;Pacasmayo;Pacasmayo;161;-7.4116;-79.58267;;;por_confirmar;;;https://consultasenlinea.mincetur.gob.pe/fichaInventario/index.aspx?cod_Ficha=10329
10333;Fiesta en Honor a la Virgen de Guadalupe de Pacasmayo;Fiestas;Fiestas religiosas-patronales;La Libertad;Pacasmayo;Guadalupe;161;-7.400738876169;-79.5721191433;fija 11-26..12-10;;exacta;texto_ficha;La fiesta se celebra anualmente entre el 26 de noviembre y el 10 de diciembre, con una duración de aproximadamente 15 días;https://consultasenlinea.mincetur.gob.pe/fichaInventario/index.aspx?cod_Ficha=10333
10357;Carnaval Tinkuy;Fiestas;Fiestas Tradicionales(Herranza, carnavales, otros);Huánuco;Huanuco;Churubamba;50;-9.826050746933;-76.13326907157;pascua -50..-47;;aproximada;nombre_movil;carnaval;https://consultasenlinea.mincetur.gob.pe/fichaInventario/index.aspx?cod_Ficha=10357
10384;Carnaval Huamachuquino;Fiestas;Fiestas Tradicionales(Herranza, carnavales, otros);La Libertad;Sanchez Carrion;Huamachuco;193;-7.816815475209498;-78.04737070532346;pascua -50..-47;;aproximada;nombre_movil;carnaval;https://consultasenlinea.mincetur.gob.pe/fichaInventario/index.aspx?cod_Ficha=10384
10388;Festividad en Honor a San Pedro y San Pablo;Fiestas;Fiestas religiosas-patronales;La Libertad;Sanchez Carrion;Huamachuco;193;-7.815486998266078;-78.04869919960021;fija 06-28..06-29;06-29;exacta;texto_ficha;En el día central que es cada 29 de junio se realiza la recepción de los integrantes de las danzas autóctonas, realizándo;https://consultasenlinea.mincetur.gob.pe/fichaInventario/index.aspx?cod_Ficha=10388
10390;Festividad Patronal en Honor a la Virgen de la Alta Gracia;Fiestas;Fiestas religiosas-patronales;La Libertad;Sanchez Carrion;Huamachuco;193;-7.816214757791988;-78.04924637023925;fija 07-29..08-30;08-15;exacta;texto_ficha;El día 15 de agosto, día central de la Festividad Patronal en honor a la Virgen de la Alta Gracia y;https://consultasenlinea.mincetur.gob.pe/fichaInventario/index.aspx?cod_Ficha=10390
10391;Festividad Patronal en Honor a San Francisco de Asis;Fiestas;Fiestas religiosas-patronales;La Libertad;Sanchez Carrion;Huamachuco;193;-7.815417570131085;-78.04843097869872;fija 09-15..10-04;10-04;exacta;texto_ficha;cotas, día de la caridad, pasacalle con carros alegóricos, comparsas y disfrazados, espectacular verbena y día central, 4 de octubre, con la procesión de San Francisco de Asís, razón por la que para ese día se co;https://consultasenlinea.mincetur.gob.pe/fichaInventario/index.aspx?cod_Ficha=10391
10699;Fiestival Taorino - Fiestas Patrias;Fiestas;Fiestas Tradicionales(Herranza, carnavales, otros);Cusco;Chumbivilcas;Livitaca;256;-14.311435;-71.69355776977629;fija 07-28..07-29;07-29;exacta;texto_ficha;29 de julio – Día central del festival: Lazo T’inka: ceremonia de ofrenda a la Pachamama, c;https://consultasenlinea.mincetur.gob.pe/fichaInventario/index.aspx?cod_Ficha=10699
10700;La Festividad de la Virgen de Natividad;Fiestas;Fiestas religiosas-patronales;Cusco;Paruro;Paruro;36;-13.76172477;-71.84714127;fija 09-01..09-16;;exacta;texto_ficha;TRONA DE LA PROVINCIA DE PARURO” iniciándose de esta manera la solemne Festividad a la santísima Virgen de la Natividad del 01 al 16 de setiembre;https://consultasenlinea.mincetur.gob.pe/fichaInventario/index.aspx?cod_Ficha=10700
10722;Festividad de la Virgen del Rosario de Taray;Fiestas;Fiestas religiosas-patronales;Cusco;Calca;Taray;227;-13.4272;-71.86720000000003;fija 09-26..10-05;;exacta;texto_ficha;La festividad comienza con las misas novenarias, que se celebran desde el 26 de septiembre hasta el 5 de octubre, con la participación de diversas comparsas de la comunidad;https://consultasenlinea.mincetur.gob.pe/fichaInventario/index.aspx?cod_Ficha=10722
10724;Fiesta Patronal Virgen de Cocharcas de Orcotuna;Fiestas;Fiestas religiosas-patronales;Junín;Concepcion;Orcotuna;33;-11.9689606;-75.3097351;fija 09-07..09-15;09-08;exacta;texto_ficha;El 8 de septiembre, día central de la festividad, empieza muy temprano con el saludo al alba en el;https://consultasenlinea.mincetur.gob.pe/fichaInventario/index.aspx?cod_Ficha=10724
10728;Festival Carnavalesco Checacupe;Fiestas;Fiestas Tradicionales(Herranza, carnavales, otros);Cusco;Canchis;Checacupe;256;-14.02518742;-71.45362034;pascua -50..-47;;aproximada;nombre_movil;carnaval;https://consultasenlinea.mincetur.gob.pe/fichaInventario/index.aspx?cod_Ficha=10728
10732;Fiesta de San Pedro de Ancón;Fiestas;Fiestas religiosas-patronales;Lima;Lima;Ancón;214;-11.77243;-77.17626;fija 06-27..06-29;;exacta;texto_ficha;San Pedro es considerado el protector de los pescadores, por tal motivo se celebra del 27 al 29 de junio de cada año con la finalidad de colmar de bendiciones el mar para un buen año d;https://consultasenlinea.mincetur.gob.pe/fichaInventario/index.aspx?cod_Ficha=10732
10734;Semana Santa de Chancay;Fiestas;Fiestas religiosas-patronales;Lima;Huaral;Chancay;214;-11.5627225;-77.26995971999997;pascua -7..0;;aproximada;nombre_movil;semana santa;https://consultasenlinea.mincetur.gob.pe/fichaInventario/index.aspx?cod_Ficha=10734
10736;Fiesta de la Virgen de la Asunción - Ancón;Fiestas;Fiestas religiosas-patronales;Lima;Lima;Ancón;214;-11.77377513101979;-77.17523821161255;fija 08-15;;exacta;texto_ficha;Por la mañana de 15 de agosto, día central, dirigentes y devotos de la virgen participan de la santa misa en;https://consultasenlinea.mincetur.gob.pe/fichaInventario/index.aspx?cod_Ficha=10736
10743;Festival Folclórico Warari;Eventos;Festivales;Cusco;Chumbivilcas;Livitaca;256;-14.3124257;-71.689363;fija 06-03..06-04;;exacta;texto_ficha;La festividad se celebra cada 3 y 4 de junio;https://consultasenlinea.mincetur.gob.pe/fichaInventario/index.aspx?cod_Ficha=10743
10751;Festividad en Honor al Señor de Áncara;Fiestas;Fiestas religiosas-patronales;Pasco;Pasco;Paucartambo;9;-10.763817;-75.820006;fija 05-26;;exacta;texto_ficha;Las celebraciones se inician cada 26 de mayo con el traslado procesional de la imagen del Señor de Áncara hacia la Capilla 3;https://consultasenlinea.mincetur.gob.pe/fichaInventario/index.aspx?cod_Ficha=10751
10774;Semana Turistica de Caraz;Eventos;Otros;Áncash;Huaylas;Caraz;72;-9.048564238017578;-77.81010897399902;fija 07-17..07-29;;exacta;texto_ficha;Se celebra anualmente del 17 al 29 de julio desde 1984, con el objetivo de promover el turismo, fortalecer la identidad cul;https://consultasenlinea.mincetur.gob.pe/fichaInventario/index.aspx?cod_Ficha=10774
10785;Carnaval de Bernal;Fiestas;Fiestas Tradicionales(Herranza, carnavales, otros);Piura;Sechura;Bernal;125;-5.47010128;-80.74765657;pascua -50..-47;;aproximada;nombre_movil;carnaval;https://consultasenlinea.mincetur.gob.pe/fichaInventario/index.aspx?cod_Ficha=10785
10786;Fiesta Patronal de San Pedro y San Pablo - La Cachuela;Fiestas;Fiestas religiosas-patronales;Madre De Dios;Tambopata;Tambopata;62;-12.529656;-69.169714;fija 06-28..06-30;;exacta;texto_ficha;a fiesta costumbrista y religiosa en homenaje a San pedro y San Pablo se realiza del 28 al 30 de junio de cada año, en la Comunidad La Cachuela, situada a 6 kilómetros de capital de;https://consultasenlinea.mincetur.gob.pe/fichaInventario/index.aspx?cod_Ficha=10786
10788;Escenificacion del Killarumiyoq Raymi;Fiestas;Fiestas Tradicionales(Herranza, carnavales, otros);Cusco;Anta;Ancahuasi;59;-13.52264;-71.96734;fija 08-31;;exacta;texto_ficha;a escenificación del Killarumiyoq Raymi se celebra cada 31 de agosto en el sitio arqueológico de Killarumiyoq, ubicado en la comunidad de San Martín;https://consultasenlinea.mincetur.gob.pe/fichaInventario/index.aspx?cod_Ficha=10788
10798;Carnaval Tradicional Julcanero;Fiestas;Fiestas Tradicionales(Herranza, carnavales, otros);La Libertad;Julcan;Julcan;69;-8.0425;-78.4867;pascua -50..-47;;aproximada;nombre_movil;carnaval;https://consultasenlinea.mincetur.gob.pe/fichaInventario/index.aspx?cod_Ficha=10798
10802;Festival de San Juan - Kimbiri;Eventos;Festivales;Cusco;La Convencion;Kimbiri;208;-12.620394;-73.788276;fija 06-24;;exacta;texto_ficha;l Festival de San Juan se celebra cada 24 de junio , en donde se le rinde homenaje al Santo Patrón del Distrito de Kimbiri;https://consultasenlinea.mincetur.gob.pe/fichaInventario/index.aspx?cod_Ficha=10802
10837;Carnaval de Belén;Fiestas;Fiestas Tradicionales(Herranza, carnavales, otros);Loreto;Maynas;Belén;150;-3.761726659890328;-73.2482260465622;pascua -50..-47;;aproximada;nombre_movil;carnaval;https://consultasenlinea.mincetur.gob.pe/fichaInventario/index.aspx?cod_Ficha=10837
10844;Feria Agropecuaria de Masma Chicche;Eventos;Ferias (no Artesanales);Junín;Jauja;Masma Chicche;172;-11.785565;-75.378355;fija 04-09..04-13;04-11;exacta;texto_ficha;abril de cada año, variando en duración y programación según la autoridad de turno, sin embargo, el día central es cada 11 de abril invariablemente ya que en esta fecha se conmemora el aniversario de la organiza;https://consultasenlinea.mincetur.gob.pe/fichaInventario/index.aspx?cod_Ficha=10844
10846;Escenificación del Mito de Unu Urqo;Artísticos;Otros;Cusco;Calca;Calca;227;-13.333330555555555;-71.94999999999999;nesimo 10 1 dom;;exacta;texto_ficha;ógica Inca de Urqo, en las faldas de cerro Qanqan en la Provincia de Calca en la región del Cusco, se lleva a cabo cada primer Domingo del mes de octubre, durante este día pobladores y visitantes se congregan en la explanada de la zo;https://consultasenlinea.mincetur.gob.pe/fichaInventario/index.aspx?cod_Ficha=10846
10854;Fiesta Patronal San Pedro y San Pablo;Fiestas;Fiestas religiosas-patronales;Áncash;Casma;Comandante Noel;32;-9.46095721296988;-78.38433980941774;fija 06-29;;exacta;texto_ficha;El 29 de junio, día central, se inicia con una nueva salva de 21 camaretazos;https://consultasenlinea.mincetur.gob.pe/fichaInventario/index.aspx?cod_Ficha=10854
10855;Watakallariy;Artísticos;Otros;Cusco;Urubamba;Maras;59;-13.3325;-72.1564;nesimo 08 1 dom;;exacta;texto_ficha;e dicho ritual está incorporado al calendario festivo de la localidad de Maras, teniendo como fecha de celebración cada primer domingo del mes de Agosto.;https://consultasenlinea.mincetur.gob.pe/fichaInventario/index.aspx?cod_Ficha=10855
10861;Fiesta Patronal en Honor a San Agustin de Marcac;Fiestas;Fiestas religiosas-patronales;Áncash;Huaraz;Independencia;213;-9.51664555221099;-77.5317872202682;fija 08-27..08-29;08-28;exacta;texto_ficha;El 28 de Agosto es considerado como el día central, que se da inicio con la distribución del de;https://consultasenlinea.mincetur.gob.pe/fichaInventario/index.aspx?cod_Ficha=10861
10876;Escenificación de la Rebelión de Manco Inca;Eventos;Otros;Cusco;La Convencion;Vilcabamba;4;-13.09832;-72.931651;fija 06-21;;exacta;texto_ficha;a escenificación de la Rebelión de Manco Inca se lleva a cabo cada 21 de junio en el sitio arqueológico de Vitkus-Rosaspata, en el distrito de Vilcabamba, pro;https://consultasenlinea.mincetur.gob.pe/fichaInventario/index.aspx?cod_Ficha=10876
10981;Festividad Patronal en Honor a Santo Toribio Alfonso de Mogrovejo;Fiestas;Fiestas religiosas-patronales;La Libertad;Pataz;Tayabamba;160;-8.275883;-77.296331;fija 04-20;;exacta;texto_ficha;"omienza con el izamiento del gallardete central en honor a santo Toribio Alfonso de Mogrovejo; siendo el día central el 20 de abril, donde se inicia con la quema de 21 camaretazos, anunciando el Día Central de l";https://consultasenlinea.mincetur.gob.pe/fichaInventario/index.aspx?cod_Ficha=10981
10987;Fiesta Patronal del Señor de Burgos;Fiestas;Fiestas religiosas-patronales;Áncash;Recuay;Recuay;213;-9.7196468;-77.4577203;fija 09-20;;exacta;texto_ficha;Las festividades de la octava: se celebra el 20 de setiembre, en la noche se realiza una víspera con baile general y quema fuegos artificial;https://consultasenlinea.mincetur.gob.pe/fichaInventario/index.aspx?cod_Ficha=10987
11040;Festividad y Procesión del Corpus Christi;Fiestas;Fiestas religiosas-patronales;Lima;Lima;Lurin;199;-12.2734497572775;-76.86891317367554;pascua 60..63;;aproximada;nombre_movil;corpus christi;https://consultasenlinea.mincetur.gob.pe/fichaInventario/index.aspx?cod_Ficha=11040
11049;Fiesta Patronal San Francisco de Asís;Fiestas;Fiestas religiosas-patronales;Lima;Huarochiri;San Damian;165;-12.0482;-76.37577;fija 10-04;;aproximada;santoral;san francisco de asis;https://consultasenlinea.mincetur.gob.pe/fichaInventario/index.aspx?cod_Ficha=11049
11050;Fiesta Patronal Cosme y San Damián;Fiestas;Fiestas religiosas-patronales;Lima;Huarochiri;San Damian;259;-12.01742;-76.3918;fija 09-26..09-30;09-27;exacta;texto_ficha;l día central de la fiesta patronal “Cosme y San Damián”, se celebra el 27 de setiembre en la plaza de armas del distrito de San Damián.;https://consultasenlinea.mincetur.gob.pe/fichaInventario/index.aspx?cod_Ficha=11050
11051;Leyenda de María Capiana y Pedro Batán;Fiestas;Otros;Lima;Huarochiri;San Damian;268;-12.03228;-76.35043;fija 02-03;;exacta;texto_ficha;neros deciden realizar la “tapada de la laguna” faena comunal de limpieza de los principales manantiales, se realiza el 03 de febrero para el riego de sus tierras de cultivo.;https://consultasenlinea.mincetur.gob.pe/fichaInventario/index.aspx?cod_Ficha=11051
11053;Qhapaq Raymi de Lurín;Eventos;Otros;Lima;Lima;Lurin;199;-12.276959627908132;-76.89840815958736;fija 12-21;;exacta;texto_ficha;Se celebra cada 21 de diciembre, coincidiendo con el solsticio de verano en el hemisferio sur, fecha en la que;https://consultasenlinea.mincetur.gob.pe/fichaInventario/index.aspx?cod_Ficha=11053
11063;Festividad del Florecimiento de Guayacanes en el Distrito de Casitas.;Eventos;Otros;Tumbes;Contralmirante Villar;Casitas;6;-3.94222;-80.6511;mes 12;;aproximada;mes_texto;En honor a este acontecimiento desde el mes de diciembre de cada año se llevan a cabo diferentes actividades como conferencia de prensa,;https://consultasenlinea.mincetur.gob.pe/fichaInventario/index.aspx?cod_Ficha=11063
11081;Festividad de San Pedro de Lurin;Fiestas;Fiestas religiosas-patronales;Lima;Lima;Lurin;199;-12.273570699920924;-76.8685901835688;fija 06-28..06-29;06-29;exacta;texto_ficha;El día central de la festividad es el 29 de junio, la primera actividad que se realiza es la solemne misa en la iglesia de Lurín,;https://consultasenlinea.mincetur.gob.pe/fichaInventario/index.aspx?cod_Ficha=11081
11084;Festividad La Rayada de San Juan de Jarpa;Fiestas;Fiestas Tradicionales(Herranza, carnavales, otros);Junín;Chupaca;San Juan de Jarpa;33;-12.126208;-75.43552;mes 10..11;;aproximada;mes_texto;cola, específicamente al “chacmeo” (remoción y preparación del terreno para la siembra) y siembra, desarrollada durante los meses de octubre y noviembre, en agradecimiento a la “Pachamama” y al Patrón “San Lucas”, protector de los “;https://consultasenlinea.mincetur.gob.pe/fichaInventario/index.aspx?cod_Ficha=11084
11158;Festividad de Cruz Velacuy;Fiestas;Fiestas Tradicionales(Herranza, carnavales, otros);Cusco;Cusco;San Jerónimo;227;-13.54449417878714;-71.88398748693866;fija 05-02;;exacta;texto_ficha;El inicio de la festividad es el día 2 de mayo con el traslado o bajada de la cruz desde las cumbres de los cerros o santuario;https://consultasenlinea.mincetur.gob.pe/fichaInventario/index.aspx?cod_Ficha=11158
11159;Festividad de las Santísimas Cruces de Jocohanca;Fiestas;Fiestas religiosas-patronales;Lima;Huarochiri;San Mateo;165;-11.7592;-76.3033;fija 05-11;;exacta;texto_ficha;El 11 de mayo es el día central de la festividad;https://consultasenlinea.mincetur.gob.pe/fichaInventario/index.aspx?cod_Ficha=11159
11160;Festividad de las Santísimas Cruces de Matakaka y Dos de Mayo;Fiestas;Fiestas religiosas-patronales;Lima;Huarochiri;San Mateo;165;-11.7592;-76.3033;fija 05-02;;exacta;texto_ficha;El 02 de mayo día central de la festividad a inicios de la medianoche en la zona de Cruz Pata;https://consultasenlinea.mincetur.gob.pe/fichaInventario/index.aspx?cod_Ficha=11160
11161;Fiesta Patronal de la Virgen Natividad de Lares;Fiestas;Fiestas religiosas-patronales;Cusco;Calca;Lares;173;-13.1056294933295;-72.0457909779338;fija 09-07..09-09;;exacta;texto_ficha;La fiesta de la Virgen Natividad patrona del Distrito de Lares se celebra los días 7, 8, 9 de setiembre participando de manera organizada 15 comparsas: Qhapaq Chileno, Qhapaq Qolla, k;https://consultasenlinea.mincetur.gob.pe/fichaInventario/index.aspx?cod_Ficha=11161
11163;Festividad de las Santísimas Cruz de Huamantanga - San Mateo;Fiestas;Fiestas religiosas-patronales;Lima;Huarochiri;San Mateo;165;-11.758285;-76.299875;fija 04-30;;exacta;texto_ficha;"El 30 de abril es el día central; se inicia a las 7.00 a.m";https://consultasenlinea.mincetur.gob.pe/fichaInventario/index.aspx?cod_Ficha=11163
11167;Festividad Patronal en Honor a Santa Rosa de Lima;Fiestas;Fiestas religiosas-patronales;La Libertad;Pataz;Santiago de Challas;160;-8.43907;-77.32037;fija 08-30;;exacta;texto_ficha;Siendo el día central el 30 de agosto, la fiesta tiene una duración de 11 días, tiempo en el cual luego de las novena;https://consultasenlinea.mincetur.gob.pe/fichaInventario/index.aspx?cod_Ficha=11167
11177;Fiesta Patronal en Honor a la Virgen del Rosario de Urpay;Fiestas;Fiestas religiosas-patronales;La Libertad;Pataz;Urpay;188;-8.348056;-77.389528;nesimo 10 1 dom;;exacta;texto_ficha;s la mayor festividad tradicional religiosa del distrito, la cual tiene como día central el primer domingo de octubre de cada año;https://consultasenlinea.mincetur.gob.pe/fichaInventario/index.aspx?cod_Ficha=11177
11198;Conmemoración del Sismo y Aluvión del Año 1970 - Yungay;Eventos;Otros;Áncash;Yungay;Yungay;72;-9.150030322896686;-77.73560535215049;fija 05-31;;exacta;texto_ficha;a ciudad de Yungay conmemora el 31 de mayo a las víctimas y desaparecidos en el fatídico suceso natural ocurrido del año 1;https://consultasenlinea.mincetur.gob.pe/fichaInventario/index.aspx?cod_Ficha=11198
11204;Festival de la Manzana Delicia - Calango;Eventos;Festivales;Lima;Cañete;Calango;199;-12.5263;-76.54381;fija 11-02..11-04;;exacta;texto_ficha;l festival de la manzana delicia en el distrito de Calango, es un evento realizado desde el 02 hasta el 04 de noviembre como parte de las actividades programadas por el aniversario del Distrito de Ca;https://consultasenlinea.mincetur.gob.pe/fichaInventario/index.aspx?cod_Ficha=11204
11205;Festividad en Honor a la Virgen de la Candelaria - Calango;Fiestas;Fiestas religiosas-patronales;Lima;Cañete;Calango;199;-12.526245717961514;-76.54376390651234;nesimo 02 3 dom;;exacta;texto_ficha;gunda festividad, está a cargo de la Segunda Sociedad Virgen de la Candelaria – Mala –Calango, siendo el día central el tercer domingo de febrero;https://consultasenlinea.mincetur.gob.pe/fichaInventario/index.aspx?cod_Ficha=11205
11213;Fiesta Patronal en Homenaje al Señor de los Milagros-Ranrahirca-Yungay.;Fiestas;Fiestas religiosas-patronales;Áncash;Yungay;Ranrahirca;72;-9.173034537138692;-77.72274648719302;fija 09-28;;exacta;texto_ficha;Continuando con la festividad, el 23 se realiza la Misa y Procesión de colocación, finalmente el 28 de setiembre se celebra la Octava con la Santa Misa y Procesión en honor al Señor de los Mil;https://consultasenlinea.mincetur.gob.pe/fichaInventario/index.aspx?cod_Ficha=11213
11224;Festividad de San Isidro Labrador de Hualmay;Fiestas;Fiestas religiosas-patronales;Lima;Huaura;Hualmay;70;-11.09647;-77.61288;fija 05-15;;exacta;texto_ficha;es, seguida de una emotiva procesión nocturna que recorre las principales calles del distrito y culmina con el Alba del 15 de mayo;https://consultasenlinea.mincetur.gob.pe/fichaInventario/index.aspx?cod_Ficha=11224
11226;Festividad de San Juan Bautista de Végueta;Fiestas;Fiestas religiosas-patronales;Lima;Huaura;Vegueta;70;-11.02321;-77.64382;fija 06-22..06-25;;exacta;texto_ficha;"o como Santo Patrón de Végueta inicia el día 14 de junio con el oficio de las misas de novena, siendo la semana jubilar desde el 22 hasta el 25 de junio; y durante la primera semana del mes de julio se celebra la octava o fin de fie";https://consultasenlinea.mincetur.gob.pe/fichaInventario/index.aspx?cod_Ficha=11226
11234;Feria Turística y Productiva de la Pitahaya;Eventos;Ferias (no Artesanales);Lima;Huaral;Huaral;214;-11.495382178207592;-77.20716353094393;fija 03-22..03-28;;aproximada;texto_ficha;a Feria de la Pitahaya es un evento turístico y productivo que se realiza en la cuarta semana del mes de marzo con una duración de 3 a 4 días, debido a que es el mes de mayor producción del;https://consultasenlinea.mincetur.gob.pe/fichaInventario/index.aspx?cod_Ficha=11234
11257;Fiesta Patronal del Señor Crucificado de Santa;Fiestas;Fiestas religiosas-patronales;Áncash;Santa;Santa;32;-8.98799531951459;-78.61323079066104;fija 08-01..08-07;;aproximada;texto_ficha;a Fiesta patronal del señor Crucificado de Santa se celebra en el distrito de Santa durante la primera semana del mes de agosto entre el primero y segundo domingo, este último constituye el día central;https://consultasenlinea.mincetur.gob.pe/fichaInventario/index.aspx?cod_Ficha=11257
11260;Cheqoq Raymi;Artísticos;Otros;Cusco;Urubamba;Maras;59;-13.346145;-72.150087;fija 10-08;;exacta;texto_ficha;Este evento se desarrolla cada 8 de octubre de cada año;https://consultasenlinea.mincetur.gob.pe/fichaInventario/index.aspx?cod_Ficha=11260
11261;Fiesta Patronal de la Virgen de las Nieves - Sihuas;Fiestas;Fiestas religiosas-patronales;Áncash;Sihuas;Sihuas;188;-8.55741821731955;-77.62537310626061;fija 07-25..08-12;08-05;exacta;texto_ficha;El 5 de agosto, día central de la festividad, a las 5:00 se da la salva de los 21 camaretazos;https://consultasenlinea.mincetur.gob.pe/fichaInventario/index.aspx?cod_Ficha=11261
11265;Fiesta Patronal de San Pedrito;Fiestas;Fiestas religiosas-patronales;Áncash;Santa;Chimbote;32;-9.0744966;-78.593609;fija 06-23..06-29;06-29;exacta;texto_ficha;"El día central de la festividad es el 29 de junio de cada año; sin embargo, debido al crecimiento de la popularidad, la festivida";https://consultasenlinea.mincetur.gob.pe/fichaInventario/index.aspx?cod_Ficha=11265
11287;Aniversario de Pozuzo - Día del Colono;Fiestas;Fiestas Tradicionales(Herranza, carnavales, otros);Pasco;Oxapampa;Pozuzo;201;-10.070791631284338;-75.5506998279394;fija 07-24..07-30;07-25;exacta;texto_ficha;Desde el año 1993, cada 25 de julio, se celebra con mayor algarabía el aniversario de la provincia con un programa;https://consultasenlinea.mincetur.gob.pe/fichaInventario/index.aspx?cod_Ficha=11287
11290;T´Ikapallana;Fiestas;Fiestas Tradicionales(Herranza, carnavales, otros);Apurímac;Cotabambas;Tambobamba;36;-13.946151296271818;-72.17451632022858;pascua -50..-47;;aproximada;texto_movil;esta fiesta costumbrista conocida tambien como carnaval tambobambino, se realiza en la semana d;https://consultasenlinea.mincetur.gob.pe/fichaInventario/index.aspx?cod_Ficha=11290
11296;Danza Sara Tarpuypi Tusuna;Artísticos;Danza;Moquegua;General Sanchez Cerro;Chojata;26;-16.38916550800621;-70.7300685934377;mes 08;;aproximada;mes_texto;e origen ancestral cuyo significado en español es la “Danza de la siembra de maíz”, dicha actividad agrícola se realiza en agosto y setiembre generando en los comuneros un trabajo recíproco (ayni);https://consultasenlinea.mincetur.gob.pe/fichaInventario/index.aspx?cod_Ficha=11296
11304;Concurso Nacional Oficial del Caballo Peruano de Paso;Eventos;Concursos;Lima;Lima;Lurin;31;-12.260648946564949;-76.90820217132568;nesimo 04 3 dom;;exacta;texto_ficha;diante Resolución Ministerial N°106-2013-MINCETUR/DM, instituye a nivel nacional el Día del Caballo Peruano de Paso, el tercer domingo del mes de abril de cada año, siendo ese el mes de cada año para celebrar a nuestro embajador si;https://consultasenlinea.mincetur.gob.pe/fichaInventario/index.aspx?cod_Ficha=11304
11312;Fiesta Patronal Encuentro de Cruces;Fiestas;Fiestas religiosas-patronales;Áncash;Huaraz;Huaraz;213;-9.531608335572756;-77.5229921740417;pascua -50..-47;;aproximada;texto_movil;hoy en dia, cada ano en el mes de los carnavales, la poblacion inspirada por sus creen;https://consultasenlinea.mincetur.gob.pe/fichaInventario/index.aspx?cod_Ficha=11312
11319;Carnaval de Chachas;Fiestas;Otros;Arequipa;Castilla;Chachas;75;-15.501457515412334;-72.27011278334885;pascua -50..-47;;aproximada;nombre_movil;carnaval;https://consultasenlinea.mincetur.gob.pe/fichaInventario/index.aspx?cod_Ficha=11319
11322;Expo Feria Villa Kintiarina;Eventos;Ferias (no Artesanales);Cusco;La Convencion;Villa Kintiarina;257;-12.915619;-73.526207;fija 07-03..07-09;;exacta;texto_ficha;a Expo Feria Villa Kintiarina se celebra entre los días 03 al 09 de julio de cada año en el estadio municipal de la capital del distrito;https://consultasenlinea.mincetur.gob.pe/fichaInventario/index.aspx?cod_Ficha=11322
11323;Festividad de San Pedro y San Pablo Cerro Azul;Fiestas;Fiestas religiosas-patronales;Lima;Cañete;Cerro Azul;105;-13.0249;-76.4792;fija 06-28..06-29;06-29;exacta;texto_ficha;Posteriormente, se realiza una misa como víspera al día central (29 de junio) aproximadamente a las 8 de la noche;https://consultasenlinea.mincetur.gob.pe/fichaInventario/index.aspx?cod_Ficha=11323
11325;Festividad del Corpus Christi - Chinchero;Fiestas;Fiestas religiosas-patronales;Cusco;Urubamba;Chinchero;59;-13.332556;-72.155947;pascua 60..63;;aproximada;nombre_movil;corpus christi;https://consultasenlinea.mincetur.gob.pe/fichaInventario/index.aspx?cod_Ficha=11325
11331;Carnaval de Huarín;Fiestas;Fiestas Tradicionales(Herranza, carnavales, otros);Huánuco;Lauricocha;San Francisco de Asís;126;-9.975164542100586;-76.67643332253164;pascua -50..-47;;aproximada;nombre_movil;carnaval;https://consultasenlinea.mincetur.gob.pe/fichaInventario/index.aspx?cod_Ficha=11331
11336;Festividad La Soltera de la Comunidad de Lucco;Fiestas;Fiestas Tradicionales(Herranza, carnavales, otros);Moquegua;General Sanchez Cerro;Lloque;26;-16.3011256346369;-70.74274652090149;mes 07;;aproximada;mes_texto;n el Centro Poblado de Lucco del distrito de Lloque, en el mes de julio se festeja la festividad de La Soltera, esta se realiza desde tiempos remotos;https://consultasenlinea.mincetur.gob.pe/fichaInventario/index.aspx?cod_Ficha=11336
11361;Mujun Muyuy (Linderaje) - Chinchero;Fiestas;Fiestas religiosas-patronales;Cusco;Urubamba;Chinchero;103;-13.332556;-72.155947;fija 02-25;;exacta;texto_ficha;La festividad del “Mujun Muyuy” tiene como día central el 25 de febrero después de Comadres);https://consultasenlinea.mincetur.gob.pe/fichaInventario/index.aspx?cod_Ficha=11361
11362;Celebración Virgen de Natividad Chinchero;Fiestas;Fiestas religiosas-patronales;Cusco;Urubamba;Chinchero;59;-13.3905594;-72.0481162;fija 09-07..09-10;;exacta;texto_ficha;"La celebración principal se lleva a cabo durante cuatro días consecutivos (07, 08, 09 y 10 de setiembre), a donde acuden las distintas instituciones del distrito; como son las comunid";https://consultasenlinea.mincetur.gob.pe/fichaInventario/index.aspx?cod_Ficha=11362
11371;Festividad de la Santisima Virgen de Rosario de Combapata;Fiestas;Fiestas religiosas-patronales;Cusco;Canchis;Combapata;256;-14.1023231;-71.431088;fija 10-06..10-09;10-07;exacta;texto_ficha;a festividad de la Santísima Virgen de Rosario, se realiza en el distrito de Combapata, se lleva a cabo los días 6, 7, 8, 9 de octubre de cada año, teniendo como día central el día 7 de octubre;https://consultasenlinea.mincetur.gob.pe/fichaInventario/index.aspx?cod_Ficha=11371
11407;Fiesta de Aniversario de la Batalla de Zarumilla;Fiestas;Fiestas Tradicionales(Herranza, carnavales, otros);Tumbes;Zarumilla;Zarumilla;121;-3.500849568786326;-80.2751849034245;fija 07-24;;exacta;texto_ficha;a Fiesta de Aniversario de la Batalla de Zarumilla se celebra el 24 de julio de cada año, conmemorándose como un acto de patriotismo y orgullo nacional, ya;https://consultasenlinea.mincetur.gob.pe/fichaInventario/index.aspx?cod_Ficha=11407
11443;Festival de la Sopa Huachana;Eventos;Festivales;Lima;Huaura;Huacho;70;-11.108298579958555;-77.6102844580312;pascua 39;;aproximada;texto_movil;esta festividad se lleva a cabo en el mes de mayo como parte del programa en homenaje al senor de la ascension, patrono del lugar, y en el mes de agos;https://consultasenlinea.mincetur.gob.pe/fichaInventario/index.aspx?cod_Ficha=11443
11457;Festividad de la Cruz de Pucará;Fiestas;Fiestas religiosas-patronales;Lima;Lima;Lurin;199;-12.230594718572029;-76.80471176696776;fija 09-15..09-21;;aproximada;texto_ficha;Esta fiesta religiosa es celebrada en la tercera semana del mes de setiembre y la organización está a cargo de la asociación del Santísimo Madero de la Cruz;https://consultasenlinea.mincetur.gob.pe/fichaInventario/index.aspx?cod_Ficha=11457
11464;Fiesta Patronal Santa Clarita-Zorritos.;Fiestas;Fiestas religiosas-patronales;Tumbes;Contralmirante Villar;Zorritos;121;-3.6801158318056535;-80.67475318908691;fija 08-12..08-13;;exacta;texto_ficha;La festividad se celebra en los días 12 y 13 de agosto de cada año;https://consultasenlinea.mincetur.gob.pe/fichaInventario/index.aspx?cod_Ficha=11464
11468;Danza de Diablos de Shirac;Artísticos;Danza;Cajamarca;San Marcos;José Manuel Quiroz;149;-7.349217;-78.0477;fija 05-22..05-28;;aproximada;texto_ficha;a danza de diablos se celebra cada año con una duración de tres días (viernes, sábado y domingo) la cuarta semana del mes de mayo, en honor a San Isidro Labrador, a cargo de los mayordomos y apoyo de la Munici;https://consultasenlinea.mincetur.gob.pe/fichaInventario/index.aspx?cod_Ficha=11468
11482;Fiesta Patronal en Honor al Santo Patrón Corpus Christi del Centro Poblado de Picoy;Fiestas;Fiestas religiosas-patronales;Lima;Huaura;Santa Leonor;219;-10.927661113867744;-76.74211831970214;pascua 60..63;;aproximada;nombre_movil;corpus christi;https://consultasenlinea.mincetur.gob.pe/fichaInventario/index.aspx?cod_Ficha=11482
11483;Festividad de Santa Rosa de Yurayacu;Fiestas;Fiestas religiosas-patronales;Lima;Huaura;Santa Leonor;219;-10.805102829210462;-76.66465480957031;fija 08-25;;exacta;texto_ficha;a fiesta costumbrista en homenaje a santo patrón Santa Rosa de Yurayacu realiza cada 25 de agosto, a través de un rosario de actividades programadas;https://consultasenlinea.mincetur.gob.pe/fichaInventario/index.aspx?cod_Ficha=11483
11484;Festividad de San Bartolomé de Picoy;Fiestas;Fiestas religiosas-patronales;Lima;Huaura;Santa Leonor;219;-10.927616343117531;-76.74209954423904;fija 08-24;;exacta;texto_ficha;a fiesta costumbrista en homenaje a santo patrón San Bartolomé se realiza cada 24 de agosto, a través de un rosario de actividades programadas;https://consultasenlinea.mincetur.gob.pe/fichaInventario/index.aspx?cod_Ficha=11484
11494;Carnaval de Punta de Bombón;Fiestas;Fiestas Tradicionales(Herranza, carnavales, otros);Arequipa;Islay;Punta de Bombón;177;-17.172522612975925;-71.7904407351346;pascua -50..-47;;aproximada;nombre_movil;carnaval;https://consultasenlinea.mincetur.gob.pe/fichaInventario/index.aspx?cod_Ficha=11494
11495;Festividad del Señor de la Soledad - Huaraz;Fiestas;Fiestas religiosas-patronales;Áncash;Huaraz;Huaraz;213;-9.531692981306575;-77.5229921740417;fija 05-01..05-12;05-03;exacta;texto_ficha;El 3 de mayo, Día Central, se lleva a cabo la gran procesión por las principales calles de H;https://consultasenlinea.mincetur.gob.pe/fichaInventario/index.aspx?cod_Ficha=11495
11497;Festividad Señor de los Desamparados;Fiestas;Fiestas religiosas-patronales;Arequipa;Islay;Punta de Bombón;177;-17.17254719662382;-71.79047367446472;fija 01-01;;exacta;texto_ficha;Siendo el día central el 1º de enero de cada año;https://consultasenlinea.mincetur.gob.pe/fichaInventario/index.aspx?cod_Ficha=11497
11504;Fiesta Patronal en Honor al Niño Jesus del Centro Poblado de Picoy;Fiestas;Fiestas religiosas-patronales;Lima;Huaura;Santa Leonor;219;-10.927669631937516;-76.7421476369433;fija 12-24;;exacta;texto_ficha;a fiesta costumbrista en homenaje al niño Jesús del centro poblado de Picoy se realiza cada 24 de diciembre, a través de un rosario de actividades programadas;https://consultasenlinea.mincetur.gob.pe/fichaInventario/index.aspx?cod_Ficha=11504
11517;Escenificacion de la Rebelion de Juan Santos Atahualpa;Artísticos;Teatro;Junín;Chanchamayo;Pichanaqui;94;-10.925882828695007;-74.87343310356327;fija 06-24;;exacta;texto_ficha;a ”Escenificación de la Rebelión de Juan santos Atahualpa”, se realiza del 24 de junio de cada año y se basa en:1- Juan Santos Atahualpa, fue un mestizo nacido en el;https://consultasenlinea.mincetur.gob.pe/fichaInventario/index.aspx?cod_Ficha=11517
11523;Mi Carnaval Veguetano;Fiestas;Fiestas Tradicionales(Herranza, carnavales, otros);Lima;Huaura;Vegueta;70;-11.02336717263236;-77.64409533107334;pascua -50..-47;;aproximada;nombre_movil;carnaval;https://consultasenlinea.mincetur.gob.pe/fichaInventario/index.aspx?cod_Ficha=11523
11535;Costumbre Ancestral Champeria de Chaucalla;Fiestas;Otros;Lima;Huarochiri;San Damian;259;-12.01742;-76.3918;fija 05-08..05-14;;aproximada;texto_ficha;or la junta de regantes de Chaucalla, la actividad se inicia en el término de lluvias de la temporada de invierno en la segunda semana del mes de mayo, cuya programación consta de tres actividades, el 14 de mayo en horas de la noc;https://consultasenlinea.mincetur.gob.pe/fichaInventario/index.aspx?cod_Ficha=11535
11536;Fiesta Patronal Virgen del Pilar de Ticapampa;Fiestas;Fiestas religiosas-patronales;Áncash;Recuay;Ticapampa;213;-9.75874250425266;-77.4436564120897;fija 10-11..10-15;10-12;exacta;texto_ficha;La fiesta Patronal, celebrada en honor a la virgen del Pilar de Ticapampa, se realiza desde el 11 al 15 de octubre, teniendo como día central el 12 de octubre;https://consultasenlinea.mincetur.gob.pe/fichaInventario/index.aspx?cod_Ficha=11536
11542;Danzantes de Tijeras-Lucanas;Artísticos;Danza;Ayacucho;Lucanas;Carmen Salcedo;264;-14.6940630288325;-74.12425565490723;;;por_confirmar;;;https://consultasenlinea.mincetur.gob.pe/fichaInventario/index.aspx?cod_Ficha=11542
11546;Pata Tarpuy Raymi;Eventos;Otros;Ayacucho;Lucanas;Carmen Salcedo;167;-14.39051834100463;-73.95564059777503;mes 09;;aproximada;mes_texto;s una fiesta de rehabilitación de andenes agrícolas y siembra de maíz y cereales andinos, se realiza en el mes de setiembre a octubre se espera el momento de llegada de agua por los canales de riego para;https://consultasenlinea.mincetur.gob.pe/fichaInventario/index.aspx?cod_Ficha=11546
11560;Carnaval de Pampamarca;Fiestas;Fiestas Tradicionales(Herranza, carnavales, otros);Apurímac;Aymaraes;Cotaruse;148;-14.427647;-73.206719;pascua -50..-46;;aproximada;nombre_movil;a fiesta del carnaval se inicia oficialmente un domingo y dura cuatro dias, hasta el miercoles de ceniza, la semana del carnaval es precedida po;https://consultasenlinea.mincetur.gob.pe/fichaInventario/index.aspx?cod_Ficha=11560
11565;Festival Ticapampa Pisco Sour Town;Eventos;Festivales;Áncash;Recuay;Ticapampa;213;-9.758314273500378;-77.44396218391739;fija 07-27..07-28;;exacta;texto_ficha;El festival se realiza los días 27 y 28 de julio, en el frontis de la plaza principal de la ciudad de Ticapampa;https://consultasenlinea.mincetur.gob.pe/fichaInventario/index.aspx?cod_Ficha=11565
11566;Festividad de la Santisima Cruz de Malpazo;Fiestas;Fiestas religiosas-patronales;Lima;Huaura;Huacho;70;-11.10852;-77.61034;pascua -7..0;;aproximada;texto_movil;a santa cruz de malpazo se celebra 40 dias antes de semana santa, teniendo como fecha principal el mierc;https://consultasenlinea.mincetur.gob.pe/fichaInventario/index.aspx?cod_Ficha=11566
11567;Fiesta Patronal Virgen del Perpetuo Socorro.;Fiestas;Fiestas religiosas-patronales;Tumbes;Zarumilla;Zarumilla;121;-3.50077;-80.27516879092467;fija 08-16..09-14;09-08;exacta;texto_ficha;r a ella y de acuerdo con la tradición se celebran numerosas actividades, culturales, religiosas y artísticas, desde el 16 de agosto al 14 de setiembre de cada año, siendo el día central de la festividad del 08 de Setiembre;https://consultasenlinea.mincetur.gob.pe/fichaInventario/index.aspx?cod_Ficha=11567
11599;Fiesta Patronal Virgen de Asunta;Fiestas;Fiestas religiosas-patronales;Amazonas;Chachapoyas;Chachapoyas;207;-6.229411699618617;-77.8723737678848;fija 08-01..08-15;;exacta;texto_ficha;sta festividad se celebra cada año, del 1 al 15 de agosto, en el distrito de Chachapoyas, provincia del mismo nombre en la región Amazona;https://consultasenlinea.mincetur.gob.pe/fichaInventario/index.aspx?cod_Ficha=11599
11600;Fiesta Patronal de Santa María de Nieva;Fiestas;Fiestas religiosas-patronales;Amazonas;Condorcanqui;Nieva;-1;-4.592662209505439;-77.8661521496718;fija 06-24;;exacta;texto_ficha;tro evento festivo de gran importancia en la provincia de Condorcanqui, es la fiesta de San Juan, que se celebra cada 24 de Junio y que al igual que la fiesta patronal, participan instituciones públicas y priv;https://consultasenlinea.mincetur.gob.pe/fichaInventario/index.aspx?cod_Ficha=11600
11601;Fiesta del Señor de Gualamita;Fiestas;Fiestas religiosas-patronales;Amazonas;Luya;Lamud;207;-6.138973633361981;-77.9519876790496;fija 09-01..09-14;;exacta;texto_ficha;"sta fiesta patronal de carácter religioso se celebra del 1 al 14 de septiembre, en el distrito de Lamud, provincia de Luya, región Amazonas; en la que se conm";https://consultasenlinea.mincetur.gob.pe/fichaInventario/index.aspx?cod_Ficha=11601
11602;Raymi Llaqta de los Chachapoya;Eventos;Festivales;Amazonas;Chachapoyas;Chachapoyas;207;-6.229411699618617;-77.8723737678848;nesimo 06 1 vie;;exacta;texto_ficha;Cada año, durante el primer viernes de junio, más de 60 camiones llegan a Chachapoyas trayendo la esencia de cada pueblo de;https://consultasenlinea.mincetur.gob.pe/fichaInventario/index.aspx?cod_Ficha=11602
11636;Fiesta Patronal de San Pedro y San Pablo de Matara;Fiestas;Fiestas religiosas-patronales;Apurímac;Antabamba;Huaquirca;148;-14.35134;-72.91764;fija 06-25..06-30;06-29;exacta;texto_ficha;a, provincia de Antabamba, inicia del 25 al 30 de junio con diferentes actividades turísticas, siendo el día central el 29 de junio;https://consultasenlinea.mincetur.gob.pe/fichaInventario/index.aspx?cod_Ficha=11636
11645;Festival del Choclo y la Pachamanca;Eventos;Festivales;Ayacucho;Huanta;Iguain;98;-12.9924220307557;-74.20834753589583;mes 04;;aproximada;mes_texto;val de la pachamanca se da inicio en el año del 2006, desde entonces ambas temáticas se juntan y realizan este festival en el mes de abril de todos los años en Macachacra que es la capital del distrito de Iguain;https://consultasenlinea.mincetur.gob.pe/fichaInventario/index.aspx?cod_Ficha=11645
11646;Yarqa Aspiy de Luricocha;Fiestas;Fiestas Tradicionales(Herranza, carnavales, otros);Ayacucho;Huanta;Luricocha;98;-12.89943948196447;-74.27399027435831;fija 10-25..10-31;;aproximada;texto_ficha;Esta singular manifestación podría iniciar la última semana del mes de octubre en la localidad de Santa Rosa de Ocana, continuando el 31 de octubre en el Cent;https://consultasenlinea.mincetur.gob.pe/fichaInventario/index.aspx?cod_Ficha=11646
11648;Villancicos de Navidad Luricochana;Eventos;Concursos;Ayacucho;Huanta;Luricocha;98;-12.899366469078394;-74.27396505418034;fija 12-24..12-25;;exacta;texto_ficha;El 24 y 25 de diciembre Luricocha se dibuja con muchos colores, bailes y cantos, pues los villancicos c;https://consultasenlinea.mincetur.gob.pe/fichaInventario/index.aspx?cod_Ficha=11648
11650;Carnaval de Luricocha;Fiestas;Fiestas Tradicionales(Herranza, carnavales, otros);Ayacucho;Huanta;Luricocha;98;-12.899385363529827;-74.2739889571923;pascua -50..-47;;aproximada;nombre_movil;carnaval;https://consultasenlinea.mincetur.gob.pe/fichaInventario/index.aspx?cod_Ficha=11650
11652;Fiesta de las Cruces de Luricocha;Fiestas;Fiestas religiosas-patronales;Ayacucho;Huanta;Luricocha;98;-12.899389511547566;-74.27395695072698;fija 04-30..05-03;;exacta;texto_ficha;"La festividad tiene lugar entre el 30 de abril y el 3 de mayo; aunque los preparativos empiezan, pues la organización de la Fiesta muestra un";https://consultasenlinea.mincetur.gob.pe/fichaInventario/index.aspx?cod_Ficha=11652
11653;Semana Santa Huantina;Fiestas;Fiestas religiosas-patronales;Ayacucho;Huanta;Huanta;98;-12.939882524148883;-74.24783165316795;pascua -7..0;;aproximada;nombre_movil;semana santa;https://consultasenlinea.mincetur.gob.pe/fichaInventario/index.aspx?cod_Ficha=11653
11654;Carnaval Huantino;Fiestas;Fiestas Tradicionales(Herranza, carnavales, otros);Ayacucho;Huanta;Huanta;98;-12.939876827110105;-74.24783967864106;pascua -50..-46;;aproximada;nombre_movil;dias, normalmente se celebra entre febrero y marzo todos los anos, empezando con el jueves de compadres y culminando el miercoles de ceniza con la quema del no carnavalon con lo q;https://consultasenlinea.mincetur.gob.pe/fichaInventario/index.aspx?cod_Ficha=11654
11655;Tradicional Corrida de Toros de Huanta por Aniversario Patrio;Fiestas;Fiestas Tradicionales(Herranza, carnavales, otros);Ayacucho;Huanta;Huanta;98;-12.93989294931003;-74.24783304281442;;;por_confirmar;;;https://consultasenlinea.mincetur.gob.pe/fichaInventario/index.aspx?cod_Ficha=11655
11656;Hatun Tinkuy Carnaval Originario de Huanta;Fiestas;Fiestas Tradicionales(Herranza, carnavales, otros);Ayacucho;Huanta;Huanta;98;-12.939887435781506;-74.24785780967848;pascua -50..-46;;aproximada;nombre_movil;egun el calendario, el miercoles de ceniza acaba y finaliza los carnavales, pero c;https://consultasenlinea.mincetur.gob.pe/fichaInventario/index.aspx?cod_Ficha=11656
11657;Día de la Gratuidad de la Educación;Eventos;Otros;Ayacucho;Huanta;Huanta;98;-12.939898109461296;-74.24785011589495;fija 06-22;;exacta;texto_ficha;Bajo este tenor, Huanta es considerada como “La Cuna de la Gratuidad de la Educación “y todos los 22 de junio de cada año las instituciones públicas, organismos de base y sociedad civil par;https://consultasenlinea.mincetur.gob.pe/fichaInventario/index.aspx?cod_Ficha=11657
11658;Festival de la Palta - Luricocha;Eventos;Festivales;Ayacucho;Huanta;Luricocha;98;-12.899413409822673;-74.27393810390534;fija 05-01;;exacta;texto_ficha;l Festival de la Palta de Luricocha es un evento de rango nacional que se realiza todos los 01 de mayo de todos los años;https://consultasenlinea.mincetur.gob.pe/fichaInventario/index.aspx?cod_Ficha=11658
11659;Semana Santa de Luricocha;Fiestas;Fiestas religiosas-patronales;Ayacucho;Huanta;Luricocha;98;-12.899319543672917;-74.27386340271805;pascua -7..0;;aproximada;nombre_movil;semana santa;https://consultasenlinea.mincetur.gob.pe/fichaInventario/index.aspx?cod_Ficha=11659
11660;Wawa Pampay;Fiestas;Fiestas religiosas-patronales;Ayacucho;Huanta;Luricocha;98;-12.899387953404934;-74.27399130145645;fija 11-01;;exacta;texto_ficha;Es una costumbre ancestral que se manifiesta el primero de noviembre de todos los años, esta práctica se lleva a cabo desde los años antiguos, donde;https://consultasenlinea.mincetur.gob.pe/fichaInventario/index.aspx?cod_Ficha=11660
11661;Día de la Canción Huantina;Artísticos;Música;Ayacucho;Huanta;Huanta;98;-12.939957377857407;-74.2479144003645;fija 09-15;;exacta;texto_ficha;Dicho esto, a finales del año 2020 se declaró el 15 de setiembre como el día de la canción huantina bajo Ordenanza Municipal N.º 06-2021-MPH/CM,;https://consultasenlinea.mincetur.gob.pe/fichaInventario/index.aspx?cod_Ficha=11661
11677;Festividad Niño Víctor Todo Poderoso;Fiestas;Fiestas religiosas-patronales;Ayacucho;Lucanas;Carmen Salcedo;167;-14.387574;-73.961954;fija 12-14..12-26;12-25;exacta;texto_ficha;"ulados a religiosidad devotan al patrono de la Ciudad al Niño Víctor Todopoderoso fecha que se conmemora todos los años del 14 al 26 de diciembre siendo el día central el 25 de diciembre; sin embargo, con el tiempo, la emoció";https://consultasenlinea.mincetur.gob.pe/fichaInventario/index.aspx?cod_Ficha=11677
11681;Feria Nacional Agropecuaria “Meseta del Bombom” - Ninacaca;Eventos;Ferias (no Artesanales);Pasco;Pasco;Ninacaca;30;-10.864087853019702;-76.11281917063904;fija 06-25..07-02;;exacta;texto_ficha;Actualmente, la feria se lleva a cabo todos los años entre el 25 junio al 2 de julio en conmemoración de los santos patronos de San Pedro y San Pablo y se realiza e;https://consultasenlinea.mincetur.gob.pe/fichaInventario/index.aspx?cod_Ficha=11681
11682;Festival del Arte Negro;Eventos;Festivales;Lima;Cañete;San Vicente de Cañete;105;-13.077803;-76.387687;fija 08-12;;exacta;texto_ficha;El Programa de Actividades da inicio cada 12 de agosto de cada año, con una misa proseguido por una ceremonia protocolar y a medio día;https://consultasenlinea.mincetur.gob.pe/fichaInventario/index.aspx?cod_Ficha=11682
11688;Concurso de Llamas de Carga – Ninacaca Pasco;Eventos;Concursos;Pasco;Pasco;Ninacaca;30;-10.855639121711109;-76.11276950239467;fija 06-29;;exacta;texto_ficha;El concurso se lleva a cabo todos los años el 29 de junio como día central de la celebración del patrón del pueblo San Pedro y San Pablo,;https://consultasenlinea.mincetur.gob.pe/fichaInventario/index.aspx?cod_Ficha=11688
11707;Fiesta de San Pedro y San Pablo-Piscobamba;Fiestas;Fiestas religiosas-patronales;Áncash;Mariscal Luzuriaga;Piscobamba;244;-8.864994341197347;-77.3573581965117;fija 06-24..07-02;06-30;exacta;texto_ficha;El 30 de junio es el día central de San Pablo, se inicia con la salva de 21 de camaretazos y n;https://consultasenlinea.mincetur.gob.pe/fichaInventario/index.aspx?cod_Ficha=11707
11832;Festividad del Señor de la Ascensión de Amay;Fiestas;Fiestas religiosas-patronales;Lima;Huaura;Huacho;70;-11.11085;-77.60267;pascua 39;;aproximada;nombre_movil;senor de la ascension;https://consultasenlinea.mincetur.gob.pe/fichaInventario/index.aspx?cod_Ficha=11832
11833;Festividad de la Santísima Virgen del Carmen;Fiestas;Fiestas religiosas-patronales;Lima;Huaura;Huaura;70;-11.07059;-77.59926;fija 07-16;;exacta;texto_ficha;Para el día 16 de julio los fuegos artificiales dan inicio al día central, luego desde las 7:00 am se r;https://consultasenlinea.mincetur.gob.pe/fichaInventario/index.aspx?cod_Ficha=11833
11839;Festival del Camarón, Pisco y Vinos-Corire;Eventos;Festivales;Arequipa;Castilla;Uraca;136;-16.2235013550831;-72.4701449852848;;;por_confirmar;;;https://consultasenlinea.mincetur.gob.pe/fichaInventario/index.aspx?cod_Ficha=11839
11840;Fiesta San Leopoldo de Huancash;Fiestas;Fiestas religiosas-patronales;Áncash;Mariscal Luzuriaga;Piscobamba;244;-8.865084390198867;-77.35739617323885;pascua 0;;aproximada;texto_movil;la festividad en honor a este santo se desarrolla durante el lunes de pascua, dia siguiente del domingo de resurreccion, suele ser muy acudida por los poblador;https://consultasenlinea.mincetur.gob.pe/fichaInventario/index.aspx?cod_Ficha=11840
11858;Festividad de Cruz Velacuy en el Distrito de San Jeronimo;Fiestas;Fiestas religiosas-patronales;Cusco;Cusco;San Jerónimo;227;-13.54416;-71.897789;fija 05-03;;exacta;texto_ficha;a festividad se desarrolla cada 03 de mayo de cada año.;https://consultasenlinea.mincetur.gob.pe/fichaInventario/index.aspx?cod_Ficha=11858
11863;Festividad en Honor a la Cruz de Canta Gallo;Fiestas;Fiestas religiosas-patronales;Lima;Huaura;Caleta de Carquin;70;-11.0917;-77.6281;fija 02-22..02-23;;exacta;texto_ficha;de la “Cruz de Canta Gallo” inicia el día 22 de febrero con el oficio de las misas de novena, siendo la semana jubilar desde el 22 hasta el 23 de febrero;https://consultasenlinea.mincetur.gob.pe/fichaInventario/index.aspx?cod_Ficha=11863
11876;Festival del Cacao;Eventos;Festivales;Ucayali;Padre Abad;Irazola;82;-8.828704;-75.213358;fija 07-24..07-27;07-27;exacta;texto_ficha;capital del Distrito de Irazola, Región Ucayali, se celebra el día del Cacao Peruano, donde se desarrollan actividades del 24 al 27 de julio, siendo su día central el 27 de julio, vísperas del aniversario patrio;https://consultasenlinea.mincetur.gob.pe/fichaInventario/index.aspx?cod_Ficha=11876
11893;Festival Gastronomico del Paco Salvaje y Aniversario de Creacion Politica de Quisto Central;Eventos;Festivales;Cusco;La Convencion;Pichari;48;-12.400585;-73.890452;fija 09-27..09-29;;exacta;texto_ficha;AL GASTRONÓMICO DEL PACO SALVAJE Y ANIVERSARIO DE CREACIÓN POLÍTICA DE QUISTO CENTRAL, el cual se lleva a cabo desde el 27 al 29 de setiembre de cada año, con la finalidad de promover las potencialidades gastronómicas con;https://consultasenlinea.mincetur.gob.pe/fichaInventario/index.aspx?cod_Ficha=11893
11896;Festival del Coco de Puerto Mayo;Eventos;Festivales;Cusco;La Convencion;Pichari;208;-12.455898;-73.869949;fija 07-07..07-10;;exacta;texto_ficha;n el centro poblado de Puerto Mayo se realiza el FESTIVAL DEL COCO DE PUERTO MAYO, el cual se lleva a cabo desde el 7 al 10 de julio de cada año, con la finalidad de promover las potencialidades y derivados del c;https://consultasenlinea.mincetur.gob.pe/fichaInventario/index.aspx?cod_Ficha=11896
11899;Carnavales en Pichari -Vrae;Fiestas;Fiestas Tradicionales(Herranza, carnavales, otros);Cusco;La Convencion;Pichari;208;-12.504916;-73.822475;pascua -50..-47;;aproximada;nombre_movil;carnaval;https://consultasenlinea.mincetur.gob.pe/fichaInventario/index.aspx?cod_Ficha=11899
11900;Festival de la Vendimia - Castilla;Eventos;Festivales;Arequipa;Castilla;Aplao;136;-16.07626576674066;-72.49206725044237;nesimo 02 2 sab;;exacta;texto_ficha;El festival se realiza el segundo sábado de febrero, teniendo lugar en el Estadio Municipal de Aplao desde las 10 am hasta las 6 pm;https://consultasenlinea.mincetur.gob.pe/fichaInventario/index.aspx?cod_Ficha=11900
11904;Procesión del Santo Sepulcro del Templo de Santo Domingo;Fiestas;Fiestas religiosas-patronales;Arequipa;Arequipa;Arequipa;55;-16.39880974087157;-71.53690513839557;pascua -2;;aproximada;texto_movil;requipa caracterizada por la semana santa arequipena, donde la conservacion de los usos y costumbres de las tradiciones religiosas y civiles aun perduran a traves de los anos y de los siglos, en especial la conmemoracion de viernes santo, llevada a cabo en el centro historico;https://consultasenlinea.mincetur.gob.pe/fichaInventario/index.aspx?cod_Ficha=11904
11907;Semana Santa de Cabana;Fiestas;Fiestas religiosas-patronales;Áncash;Pallasca;Cabana;52;-8.39294575321764;-78.00863742828369;pascua -7..0;;aproximada;nombre_movil;semana santa;https://consultasenlinea.mincetur.gob.pe/fichaInventario/index.aspx?cod_Ficha=11907
11910;Carnaval Ecológico del Achiote;Fiestas;Fiestas Tradicionales(Herranza, carnavales, otros);Loreto;Alto Amazonas;Yurimaguas;61;-5.897214891984095;-76.1130447050665;pascua -50..-47;;aproximada;nombre_movil;carnaval;https://consultasenlinea.mincetur.gob.pe/fichaInventario/index.aspx?cod_Ficha=11910
11912;Carnaval en Pampas;Fiestas;Fiestas Tradicionales(Herranza, carnavales, otros);Áncash;Pallasca;Pampas;52;-8.195082604922778;-77.89567051697502;pascua -50..-47;;aproximada;nombre_movil;carnaval;https://consultasenlinea.mincetur.gob.pe/fichaInventario/index.aspx?cod_Ficha=11912
11914;Encuentro Interetnico de Comunidades Nativas y Aniversario de Creacion Politica de la Comunidad de Otari Nativos;Eventos;Festivales;Cusco;La Convencion;Pichari;208;-12.46047;-73.856395;fija 06-24..06-25;;exacta;texto_ficha;De Comunidades Nativas Y Aniversario De Creación Política De La Comunidad De Otari Nativos, el cual se lleva a cabo el 24 y 25 junio de cada año, este encuentro interétnico de las comunidades nativas y festival d;https://consultasenlinea.mincetur.gob.pe/fichaInventario/index.aspx?cod_Ficha=11914
11915;Festival de la Piña Organica de Omaya;Eventos;Festivales;Cusco;La Convencion;Pichari;208;-12.560157;-73.807866;fija 10-28..10-31;;exacta;texto_ficha;n el centro poblado de Omaya se realiza el FESTIVAL DE LA PIÑA ORGÁNICA DE OMAYA, desde el 28 al 31 de octubre de cada año, Esta festividad se realiza con la finalidad de promover las potenc;https://consultasenlinea.mincetur.gob.pe/fichaInventario/index.aspx?cod_Ficha=11915
11921;Festividad de San Andrés en Chuñuño;Fiestas;Fiestas religiosas-patronales;Arequipa;Caraveli;Caravelí;113;-15.73679129930663;-73.39073181152344;fija 11-30;;aproximada;santoral;san andres;https://consultasenlinea.mincetur.gob.pe/fichaInventario/index.aspx?cod_Ficha=11921
11923;Festival de la Trucha y Yunka Papa de Tarancato Alto;Eventos;Festivales;Cusco;La Convencion;Pichari;208;-12.510702;-73.779825;fija 07-28..07-29;;exacta;texto_ficha;ión Tarancato Alto se realiza el FESTIVAL DE LA TRUCHA Y YUNKA PAPA DE TARANCATO ALTO, el cual se lleva a cabo los días 28 y 29 de julio de cada año, con la finalidad de promover las potencialidades agrícolas, ictiol;https://consultasenlinea.mincetur.gob.pe/fichaInventario/index.aspx?cod_Ficha=11923
11924;Domingo de Cuasimodo - Carhuaz;Fiestas;Fiestas religiosas-patronales;Áncash;Carhuaz;Carhuaz;72;-9.281140146487363;-77.64625894147882;pascua 7;;aproximada;nombre_movil;cuasimodo;https://consultasenlinea.mincetur.gob.pe/fichaInventario/index.aspx?cod_Ficha=11924
11925;Festival Gastronomico y Aniversario de Creacion Politica de Ccatunrumi;Eventos;Festivales;Cusco;La Convencion;Pichari;208;-12.521119;-73.843457;fija 07-15..07-17;;exacta;texto_ficha;se realiza el FESTIVAL GASTRONÓMICO Y ANIVERSARIO DE CREACIÓN POLÍTICA DE CCATUNRUMI, el cual se lleva a cabo desde el 15 al 17 de julio de cada año, con la finalidad de poner en valor las cualidades agropecuarias, y;https://consultasenlinea.mincetur.gob.pe/fichaInventario/index.aspx?cod_Ficha=11925
11926;Festival del Cacao Organico y la Fiesta Patronal de la Virgen de Natividad;Eventos;Festivales;Cusco;La Convencion;Pichari;48;-12.255549;-73.955131;fija 09-05..09-08;09-08;exacta;texto_ficha;so de los pobladores, se expresa en la celebración de la fiesta patronal de la Virgen de Natividad, que se celebra cada 8 de setiembre, acompañado del Festival del Cacao Orgánico que se desarrolla días anteriores;https://consultasenlinea.mincetur.gob.pe/fichaInventario/index.aspx?cod_Ficha=11926
11929;Semana Santa Huambo;Fiestas;Fiestas religiosas-patronales;Arequipa;Caylloma;Huambo;71;-15.73044251028568;-72.10803404028941;pascua -7..0;;aproximada;nombre_movil;semana santa;https://consultasenlinea.mincetur.gob.pe/fichaInventario/index.aspx?cod_Ficha=11929
11932;Festival Agroecoturistico de las Cataratas y Aniversario de Creacion Politica del Centro Poblado de Catarata;Eventos;Festivales;Cusco;La Convencion;Pichari;208;-12.53859;-73.78078;fija 09-22..09-25;;exacta;texto_ficha;CO DE LAS CATARATAS y ANIVERSARIO DE CREACIÓN POLÍTICA DEL CENTRO POBLADO DE CATARATA, el cual se lleva a cabo desde el 22 al 25 de setiembre de cada año, coincidiendo con el Día de la Juventud y el Aniversario de Creació;https://consultasenlinea.mincetur.gob.pe/fichaInventario/index.aspx?cod_Ficha=11932
11933;Pisa de Uvas en Caravelí;Eventos;Otros;Arequipa;Caraveli;Caravelí;113;-15.772218579518364;-73.36552327568126;mes 03;;aproximada;mes_texto;Esta actividad se realiza en época de vendimias, que en Caravelí se da inicio a mediados de marzo hasta mediados de abril, esta es una actividad abierta a todo público a donde p;https://consultasenlinea.mincetur.gob.pe/fichaInventario/index.aspx?cod_Ficha=11933
11936;Festividad del Señor de Locumba;Fiestas;Fiestas religiosas-patronales;Tacna;Jorge Basadre;Locumba;206;-17.61345;-70.76243;fija 09-14;;exacta;texto_ficha;En este lugar apacible, cada 14 de septiembre, día central, llegan miles de fieles devotos que reverentes se posan ante el mi;https://consultasenlinea.mincetur.gob.pe/fichaInventario/index.aspx?cod_Ficha=11936
11938;Festividad del Señor del Mar;Fiestas;Fiestas religiosas-patronales;Callao;Callao;Callao;31;-12.062651801592557;-77.142910974901;fija 10-28;;exacta;texto_ficha;eligiosa de más de 200 años de antigüedad que se mantiene vigente hasta la actualidad convocando a miles de fieles cada 28 de octubre, fecha central del culto, que conmemora el terremoto-tsunami de 1746;https://consultasenlinea.mincetur.gob.pe/fichaInventario/index.aspx?cod_Ficha=11938
11939;Festividad de la Virgen del Carmen de la Legua;Fiestas;Fiestas religiosas-patronales;Callao;Callao;Carmen de la Legua Reynoso;31;-12.053017881983008;-77.09741717020391;fija 07-16;;exacta;texto_ficha;En la noche de víspera del día 16 de julio, se celebra la verbena en honor de la Virgen del Carmen de La Legua, en la cual;https://consultasenlinea.mincetur.gob.pe/fichaInventario/index.aspx?cod_Ficha=11939
11940;Semana Santa de Pampas;Fiestas;Fiestas religiosas-patronales;Áncash;Pallasca;Pampas;52;-8.195185313240966;-77.89593136180171;pascua -7..0;;aproximada;nombre_movil;semana santa;https://consultasenlinea.mincetur.gob.pe/fichaInventario/index.aspx?cod_Ficha=11940
11963;Semana Santa Pampacolca;Fiestas;Fiestas religiosas-patronales;Arequipa;Castilla;Pampacolca;75;-15.713245267931894;-72.57409527251463;pascua -7..0;;aproximada;nombre_movil;semana santa;https://consultasenlinea.mincetur.gob.pe/fichaInventario/index.aspx?cod_Ficha=11963
11968;Fiesta Patronal San Luis Rey de Francia - Anta;Fiestas;Fiestas religiosas-patronales;Áncash;Carhuaz;Anta;72;-9.357695537237833;-77.59875567872056;fija 08-25;;exacta;texto_ficha;de cada noche la población acude a la iglesia a orar y cantar alabanzas al señor, el día central de la festividad es el 25 de agosto y concluye el 27;https://consultasenlinea.mincetur.gob.pe/fichaInventario/index.aspx?cod_Ficha=11968
11976;Festividad de la Exaltación de la Santa Cruz u Orqu Phista;Fiestas;Fiestas religiosas-patronales;Puno;Chucuito;Juli;140;-16.21335731;-69.45916183;fija 09-14;;exacta;texto_ficha;a festividad de la Exaltación de la Santa Cruz u Orqu Phista, se celebra el 14 de setiembre de cada año, las actividades se desarrollan del 13 al 16, fiesta con caracterís;https://consultasenlinea.mincetur.gob.pe/fichaInventario/index.aspx?cod_Ficha=11976
11991;Carnaval Chumbivilcano;Fiestas;Fiestas Tradicionales(Herranza, carnavales, otros);Cusco;Chumbivilcas;Santo Tomas;3;-14.452073;-72.082264;pascua -50..-47;;aproximada;nombre_movil;carnaval;https://consultasenlinea.mincetur.gob.pe/fichaInventario/index.aspx?cod_Ficha=11991
11995;Festividad de la Santísima Cruz de Tilca;Fiestas;Fiestas religiosas-patronales;Cusco;Anta;Mollepata;18;-13.5086;-72.5275;fija 05-02..05-04;;exacta;texto_ficha;antísima Cruz de Tilca se realiza en el Distrito de Mollepata, desde hace muchos años se viene rindiendo culto los días 2,3,4 de mayo de cada año, en donde los feligreses realizan peregrinaje a la cima del cerro T;https://consultasenlinea.mincetur.gob.pe/fichaInventario/index.aspx?cod_Ficha=11995
12004;Festividad de la Virgen del Rosario de Huallhua;Fiestas;Fiestas religiosas-patronales;Cusco;Calca;San Salvador;227;-13.4818053;-71.794088;fija 10-07;;exacta;texto_ficha;La Festividad de la Virgen del Rosario de Huallhua en San Salvador, se celebra el 7 de octubre;https://consultasenlinea.mincetur.gob.pe/fichaInventario/index.aspx?cod_Ficha=12004
12005;Festividad del Señor de la Exaltación;Fiestas;Fiestas religiosas-patronales;Cusco;Anta;Mollepata;18;-13.509101;-72.527871;fija 09-14;;exacta;texto_ficha;l dia central es el 14 de Setiembre, la fiesta se celebra en la plaza central de Mollepata.;https://consultasenlinea.mincetur.gob.pe/fichaInventario/index.aspx?cod_Ficha=12005
12006;Festividad de Santa Úrsula de Viraco;Fiestas;Fiestas religiosas-patronales;Arequipa;Castilla;Viraco;75;-15.6581028367113;-72.52451657213864;fija 10-21;;exacta;texto_ficha;El día 21 de octubre, día central, se lleva a cabo la misa y procesión de la “Virgen del Sombrero”,;https://consultasenlinea.mincetur.gob.pe/fichaInventario/index.aspx?cod_Ficha=12006
12029;Festividad de la Virgen Asunta de Cusipata;Fiestas;Fiestas religiosas-patronales;Cusco;Quispicanchi;Cusipata;256;-13.9092462;-71.4996923;fija 08-14..08-16;;exacta;texto_ficha;a festividad en honor a la patrona de Cusipata se lleva a cabo los días 14, 15 y 16 de agosto en el centro poblado de Cusipata, la iglesia y en la plaza de Armas, esta es la;https://consultasenlinea.mincetur.gob.pe/fichaInventario/index.aspx?cod_Ficha=12029
12030;Festival del Mururaymi;Eventos;Ferias (no Artesanales);Huánuco;Huanuco;Quisqui;15;-9.90467;-76.39249;fija 06-24;;exacta;texto_ficha;en el distrito de Quisqui Las actividades son una celebración anual que se lleva a cabo el fin de semana más próximo al 24 de junio en la plaza principal de Huancapallac, con aproximadamente 250 stands que muest;https://consultasenlinea.mincetur.gob.pe/fichaInventario/index.aspx?cod_Ficha=12030
12032;Capulí Raymi;Fiestas;Fiestas Tradicionales(Herranza, carnavales, otros);Cusco;Quispicanchi;Cusipata;256;-13.9092462;-71.4996923;pascua -50..-47;;aproximada;texto_movil;e lleva a cabo en la plaza de armas del distrito de cusipata, provincia de quispicanchi, region del cusco, entre los meses de febrero y marzo segun puntualice el calendario la celebracion del tradicional domingo de carnaval, como evento principal de esta fiesta q;https://consultasenlinea.mincetur.gob.pe/fichaInventario/index.aspx?cod_Ficha=12032
12035;Festividad de San Antonio de Yaucat;Fiestas;Fiestas religiosas-patronales;Cusco;Quispicanchi;Cusipata;256;-13.942831;-71.506725;fija 01-17;;exacta;texto_ficha;a fiesta patronal de la Comunidad Campesina de Yaucat, distrito de Cusipata en la región Cusco, se lleva a cabo el día 17 de enero de cada año en honor al Patrón San Antonio Abad de Yaucat, el centro poblado re;https://consultasenlinea.mincetur.gob.pe/fichaInventario/index.aspx?cod_Ficha=12035
12040;Gayadu K'Asuy;Eventos;Deportivos;Cusco;Quispicanchi;Cusipata;256;-13.9092462;-71.4996923;fija 01-11;;exacta;texto_ficha;"n el distrito de Cusipata, se celebra el 11 de enero, la conservación de un juego tradicional llamado Gayadu K'asuy o ""Futbol Inca"",";https://consultasenlinea.mincetur.gob.pe/fichaInventario/index.aspx?cod_Ficha=12040
12055;Aniversario del Distrito de Kumpirushiato;Eventos;Otros;Cusco;La Convencion;Kumpirushiato;257;-12.639264;-73.204599;fija 06-13;;exacta;texto_ficha;y por decisión unánime de la población y autoridades, Kumpirushiato celebrará su aniversario de creación política cada 13 de junio, como una fecha institucionalizada.;https://consultasenlinea.mincetur.gob.pe/fichaInventario/index.aspx?cod_Ficha=12055
12060;Fiesta de la Virgen de Belen;Fiestas;Fiestas Tradicionales(Herranza, carnavales, otros);Cusco;Canchis;San Pablo;256;-14.201986;-71.316247;nesimo 01 2 dom;;exacta;texto_ficha;a Fiesta de la Virgen de Belen, se festeja a partir del segundo domingo del mes de enero, con las misas novenarios organizadas por las autoridades de las diferentes com;https://consultasenlinea.mincetur.gob.pe/fichaInventario/index.aspx?cod_Ficha=12060
12061;Bajada de los Tres Reyes Magos;Fiestas;Fiestas Tradicionales(Herranza, carnavales, otros);Cusco;Canchis;San Pablo;256;-14.201986;-71.316247;fija 01-06;;exacta;texto_ficha;l origen de la Bajada de los Tres Reyes Magos fue instaurado a mediados del siglo XVIII hacia 1750, desde ese año, cada 06 de enero, se organiza una carrera emblemática de tres jinetes, vestidos como los tres re;https://consultasenlinea.mincetur.gob.pe/fichaInventario/index.aspx?cod_Ficha=12061
12087;Semana Santa Vilcaina;Fiestas;Fiestas religiosas-patronales;Lima;Yauyos;Huancaya;104;-12.114663;-75.826669;pascua -7..0;;aproximada;nombre_movil;semana santa;https://consultasenlinea.mincetur.gob.pe/fichaInventario/index.aspx?cod_Ficha=12087
12095;Herranza Vilcaina;Fiestas;Fiestas Tradicionales(Herranza, carnavales, otros);Lima;Yauyos;Huancaya;104;-12.114663;-75.826669;mes 08;;aproximada;mes_texto;ionales, pueden durar de dos días a más, según la cantidad de ganados que posea la familia y se celebran principalmente en el mes de agosto de cada año;https://consultasenlinea.mincetur.gob.pe/fichaInventario/index.aspx?cod_Ficha=12095
12116;Fiesta Tradicional de San Juan Grande y San Juan Chico de Soritor;Fiestas;Fiestas religiosas-patronales;San Martín;Moyobamba;Soritor;86;-6.139152433260978;-77.10225212967194;fija 06-24;;exacta;texto_ficha;an Juan es una fiesta tradicional y costumbrista que se celebra cada 24 de junio en todos los pueblos de la Amazonía peruana, donde se genera gran movilización;https://consultasenlinea.mincetur.gob.pe/fichaInventario/index.aspx?cod_Ficha=12116
12120;Fiestas de las Cruces de Carabayllo;Fiestas;Fiestas religiosas-patronales;Lima;Lima;Carabayllo;31;-11.87460599170207;-77.01681757114602;nesimo 05 3 dom;;exacta;texto_ficha;La celebración principal se lleva acabo cada tercer domingo de mayo, no obstante, cada cruz tiene su propia fecha de celebración durante el mes de;https://consultasenlinea.mincetur.gob.pe/fichaInventario/index.aspx?cod_Ficha=12120
12122;Festival Miss Playa de Ubiato;Eventos;Festivales;Cusco;La Convencion;Quimbiri;208;-12.578606813568332;-73.80306243896484;fija 09-11..09-14;;exacta;texto_ficha;"l Festival de “Miss Playa"" de Ubiato se desarrolla cada año del 11 al 14 de septiembre en conmemoración al santo Patrón del ""Señor de Quinuapata"", en los días de vísp";https://consultasenlinea.mincetur.gob.pe/fichaInventario/index.aspx?cod_Ficha=12122
12123;Festival de Chaka Raymi;Eventos;Festivales;Cusco;Canas;Langui;138;-14.4311;-71.2736;nesimo 11 -1 dom;;exacta;texto_ficha;El festival se lleva a cabo el último domingo del mes Noviembre de cada año;https://consultasenlinea.mincetur.gob.pe/fichaInventario/index.aspx?cod_Ficha=12123
12124;Aniversario de Fundación Política de Soritor;Otros;Otros;San Martín;Moyobamba;Soritor;86;-6.139127298497026;-77.10227189291085;fija 01-02;;exacta;texto_ficha;mpas en calles y barrios, el concurso de muñecos o “pilatos” de fin de año y la velada artística cultural que recibe el 02 de enero como día central;https://consultasenlinea.mincetur.gob.pe/fichaInventario/index.aspx?cod_Ficha=12124
12128;Festival de Machupitumarca;Eventos;Festivales;Cusco;Canchis;Pitumarca;256;-13.967719;-71.399117;nesimo 06 2 dom;;exacta;texto_ficha;ste festival folclórico, que se lleva a cabo generalmente cada segundo domingo del mes de junio de todos los años, congrega a exponentes nativos en canto música y danza de la;https://consultasenlinea.mincetur.gob.pe/fichaInventario/index.aspx?cod_Ficha=12128
12129;Fiesta Patronal en Homenaje a San Roque - Mancos - Yungay;Fiestas;Fiestas religiosas-patronales;Áncash;Yungay;Mancos;112;-9.190299887669935;-77.71232306957245;fija 08-05..08-25;08-16;exacta;texto_ficha;s la fiesta patronal más importante del Distrito de Mancos, el día Central de la festividad es el 16 de agosto.;https://consultasenlinea.mincetur.gob.pe/fichaInventario/index.aspx?cod_Ficha=12129
12154;Festival de la Palta;Eventos;Festivales;Lambayeque;Lambayeque;Motupe;135;-6.15446;-79.71705;fija 05-29;;exacta;texto_ficha;El Festival de la Palta se viene desarrollando desde el año 2012, siendo el día central el 29 de mayo, en el parque principal del distrito;https://consultasenlinea.mincetur.gob.pe/fichaInventario/index.aspx?cod_Ficha=12154
12166;Carnaval Inclaíno;Fiestas;Fiestas Tradicionales(Herranza, carnavales, otros);Tacna;Tacna;Inclan;68;-17.791328;-70.499108;pascua -50..-46;;aproximada;nombre_movil;los inclainos acostumbraban celebrar la fiesta de carnaval el miercoles de ceniza. durante este dia, la poblacion comienz;https://consultasenlinea.mincetur.gob.pe/fichaInventario/index.aspx?cod_Ficha=12166
12167;Fiesta Patronal de la Virgen de la Candelaria;Fiestas;Fiestas religiosas-patronales;Tacna;Tacna;Inclan;68;-17.791101;-70.49956909;fija 02-02;;exacta;texto_ficha;El 2 de febrero, es el principal día;https://consultasenlinea.mincetur.gob.pe/fichaInventario/index.aspx?cod_Ficha=12167
12168;Feria Agropecuaria, Ganadera y Gastronomica de Inclán;Eventos;Ferias (no Artesanales);Tacna;Tacna;Inclan;68;-17.791971;-70.49798;fija 11-24;;exacta;texto_ficha;n, duró entre 4 y 5 días, y se celebraba siempre una semana antes del aniversario del distrito, el cual se festeja cada 24 de noviembre;https://consultasenlinea.mincetur.gob.pe/fichaInventario/index.aspx?cod_Ficha=12168
12187;Festival de la Parihuana;Eventos;Festivales;Arequipa;Islay;Mejia;177;-17.104553356910568;-71.9020188231541;fija 07-28;;exacta;texto_ficha;a en el Santuario Nacional Laguna de Mejía, inspira a la población y autoridades del distrito de Mejía, a realizar cada 28 de julio el Festival de la Parihuana;https://consultasenlinea.mincetur.gob.pe/fichaInventario/index.aspx?cod_Ficha=12187
12194;Festividad Señor de los Milagros de Lunahuaná;Fiestas;Fiestas religiosas-patronales;Lima;Cañete;Lunahuana;105;-12.9624782;-76.1408756;fija 01-25;;exacta;texto_ficha;La festividad del Señor de los Milagros se celebra el 25 de enero de cada año, en la parroquia de Santiago Apóstol del distrito de Lunahuaná;https://consultasenlinea.mincetur.gob.pe/fichaInventario/index.aspx?cod_Ficha=12194
12195;Festival de la Sopa Chola;Eventos;Festivales;Lima;Cañete;Lunahuana;105;-12.9624782;-76.1408756;;;por_confirmar;;;https://consultasenlinea.mincetur.gob.pe/fichaInventario/index.aspx?cod_Ficha=12195
12198;Fiesta Patronal San Juan Bautista de Lahuaytambo;Fiestas;Fiestas religiosas-patronales;Lima;Huarochiri;Lahuaytambo;259;-12.09651;-76.38882;fija 06-23..06-25;06-24;exacta;texto_ficha;El 24 de junio (día central) a las cinco horas se apertura con el albazo de salutación en su h;https://consultasenlinea.mincetur.gob.pe/fichaInventario/index.aspx?cod_Ficha=12198
12201;Festival del Níspero de Lunahuaná;Eventos;Festivales;Lima;Cañete;Lunahuana;105;-12.9624782;-76.1408756;fija 10-01..10-07;;aproximada;texto_ficha;Se celebra la primera semana del mes de octubre de cada año, ante el esplendor y fragancia de sus huertos repletos de frutos de;https://consultasenlinea.mincetur.gob.pe/fichaInventario/index.aspx?cod_Ficha=12201
12202;Festividad Virgen de la Inmaculada Concepción;Fiestas;Fiestas religiosas-patronales;Puno;Chucuito;Juli;140;-16.21295240007873;-69.4597636205703;fija 12-08;;aproximada;santoral;inmaculada concepcion;https://consultasenlinea.mincetur.gob.pe/fichaInventario/index.aspx?cod_Ficha=12202
12207;Festival de la Uva, Vino y Canotaje de Lunahuaná;Eventos;Festivales;Lima;Cañete;Lunahuana;105;-12.9624782;-76.1408756;fija 03-15..03-21;;aproximada;texto_ficha;canotaje en las aguas cristalinas del río Cañete, es por ello que se celebra el Festival de la Uva, Vino y Canotaje, la tercera semana de marzo de cada año;https://consultasenlinea.mincetur.gob.pe/fichaInventario/index.aspx?cod_Ficha=12207
12227;Festividad a San Pedro El Pescador - Morrope;Fiestas;Fiestas religiosas-patronales;Lambayeque;Lambayeque;Morrope;25;-6.54157;-80.01517;fija 06-29;;exacta;texto_ficha;Su festividad se celebra el 29 de junio;https://consultasenlinea.mincetur.gob.pe/fichaInventario/index.aspx?cod_Ficha=12227
12231;Camino de los Colonos y Arrieros;Eventos;Otros;Huánuco;Pachitea;Chaglla;50;-9.932211;-76.236572;fija 07-21..07-26;;exacta;texto_ficha;Cada año, entre el 21 y 26 de julio, se llevan a cabo diversas actividades que conmemoran los caminos y rutas que t;https://consultasenlinea.mincetur.gob.pe/fichaInventario/index.aspx?cod_Ficha=12231
12260;Festival del Chaku de Vicuñas;Eventos;Festivales;Arequipa;Caylloma;San Antonio de Chuca;162;-15.928976674520111;-71.10555410385132;fija 05-15;;exacta;texto_ficha;La actividad se realiza 3 veces al año, empezando cada 15 de mayo, luego se realiza los días 29, 30 y 31 de julio y finalmente se lleva a cabo, e;https://consultasenlinea.mincetur.gob.pe/fichaInventario/index.aspx?cod_Ficha=12260
12272;Festival de Wamanmarka;Eventos;Festivales;Cusco;Chumbivilcas;Santo Tomas;3;-14.452073;-72.082264;fija 06-11;;exacta;texto_ficha;L Festival de Wamanmarka se lleva a cabo 11 de junio de cada año , es una actividad cultural genuina que fue institucionalizada hace;https://consultasenlinea.mincetur.gob.pe/fichaInventario/index.aspx?cod_Ficha=12272
12274;Festividad del Señor de la Joya;Fiestas;Fiestas religiosas-patronales;Arequipa;Arequipa;La Joya;195;-16.42360019046722;-71.81792657802806;fija 09-14;;exacta;texto_ficha;Actualmente, su fiesta tiene lugar cada 14 de setiembre, siempre que sea domingo o cada tercer o cuarto domingo de setiembre y se desar;https://consultasenlinea.mincetur.gob.pe/fichaInventario/index.aspx?cod_Ficha=12274
12278;Feria Religiosa, Comercial y Turística Niño Dios de Reyes - Illimo;Fiestas;Fiestas religiosas-patronales;Lambayeque;Lambayeque;Illimo;25;-6.473982;-79.855166;fija 01-04..01-09;;exacta;texto_ficha;Este suceso fue interpretado como el deseo del Niño Dios de que su fiesta se realice entre los días 4 y 9 de enero, como ocurre desde entonces;https://consultasenlinea.mincetur.gob.pe/fichaInventario/index.aspx?cod_Ficha=12278
12298;Festividad de la Cruz de Yanahuanca;Fiestas;Fiestas religiosas-patronales;Lambayeque;Lambayeque;Salas;-1;-6.27398;-79.60578;fija 08-20;;exacta;texto_ficha;El día 20 de agosto es el día central de la festividad, donde con el tronar de cohetes y gran albaz;https://consultasenlinea.mincetur.gob.pe/fichaInventario/index.aspx?cod_Ficha=12298
12302;Fiesta Patronal de Santiago Apostol de Vitis;Fiestas;Fiestas religiosas-patronales;Lima;Yauyos;Vitis;104;-12.224245;-75.80827;fija 08-01;;exacta;texto_ficha;A la una de la madrugada del día 01 de agosto, se realiza el anuncio del inicio de la fiesta con la explosión de cohetones y;https://consultasenlinea.mincetur.gob.pe/fichaInventario/index.aspx?cod_Ficha=12302
12303;Fiesta Tradicional de Herranza en Tambo La Mar;Fiestas;Fiestas Tradicionales(Herranza, carnavales, otros);Ayacucho;La Mar;Tambo;10;-12.948195;-74.020559;fija 08-30;;exacta;texto_ficha;s, la coca, cintas, canchas, sodas, panes, etc.) Esta tradición lo celebran cada año todos los primeros, quincenas y el 30 de agosto de cada año, donde al ritmo a los cánticos netamente alusivos al ganado, los Ap;https://consultasenlinea.mincetur.gob.pe/fichaInventario/index.aspx?cod_Ficha=12303
12314;Fiesta La Negrería en Vitis;Fiestas;Fiestas religiosas-patronales;Lima;Yauyos;Vitis;104;-12.224245;-75.80827;fija 01-01;;exacta;texto_ficha;n Vitis desde tiempos inmemoriales se celebra la Fiesta de la Negrería el día 01 de enero de todos los años con motivo del adviniendo del Año Nuevo y en homenaje al Niño;https://consultasenlinea.mincetur.gob.pe/fichaInventario/index.aspx?cod_Ficha=12314
12319;Feria Agropecuaria, Agroforestal y Artesanal de Codo del Pozuzo;Eventos;Ferias (no Artesanales);Huánuco;Puerto Inca;Codo del Pozuzo;230;-9.67484;-75.46876;nesimo 08 3 dom;;exacta;texto_ficha;Se inicia con la inauguración el sábado y culmina el domingo de cada tercer domingo del mes de agosto;https://consultasenlinea.mincetur.gob.pe/fichaInventario/index.aspx?cod_Ficha=12319
12325;Fiesta de la Patrona de Cosos y del Valle de Majes- Santísima María de la Asunta;Fiestas;Fiestas religiosas-patronales;Arequipa;Castilla;Aplao;136;-16.05817169991331;-72.48674774072265;fija 08-16;;exacta;texto_ficha;tividad se realiza en el Distrito de Aplao, Anexo de Cosos en las fechas del 14 día de vísperas, el 15 día central y el 16 de agosto, día de cierre o remate.;https://consultasenlinea.mincetur.gob.pe/fichaInventario/index.aspx?cod_Ficha=12325
12343;Fiesta de Carnavales Caperos;Fiestas;Fiestas Tradicionales(Herranza, carnavales, otros);Arequipa;Islay;Mejia;177;-17.10177;-71.9047;pascua -50..-47;;aproximada;nombre_movil;carnaval;https://consultasenlinea.mincetur.gob.pe/fichaInventario/index.aspx?cod_Ficha=12343
12348;Fiesta de la Limpia Acequia de Vitis;Fiestas;Fiestas Tradicionales(Herranza, carnavales, otros);Lima;Yauyos;Vitis;104;-12.224245;-75.80827;nesimo 04 1 lun;;exacta;texto_ficha;La festividad tiene una duración de dos días, los trabajos se inician el primer lunes del mes de abril, con la “tapa laguna” para lo cual la comunidad en pleno se dirige a las laguna;https://consultasenlinea.mincetur.gob.pe/fichaInventario/index.aspx?cod_Ficha=12348
12353;Festividad de la Virgen de las Peñas;Fiestas;Fiestas religiosas-patronales;Arequipa;Castilla;Aplao;136;-16.07641993718525;-72.49198341271972;fija 09-08;;exacta;texto_ficha;El día 8 de setiembre es el día central, donde se celebra la misa solemne a la Virgen de las Peñas, a;https://consultasenlinea.mincetur.gob.pe/fichaInventario/index.aspx?cod_Ficha=12353
12356;Fiesta Patronal del Señor de Amancaes y la Virgen Dolorosa;Fiestas;Fiestas religiosas-patronales;Ayacucho;Huamanga;Andrés Avelino Cáceres Dorregaray;98;-13.1630132217261;-74.2174449563026;fija 09-14..09-28;09-25;exacta;texto_ficha;El 25 setiembre es el día central, se realiza la misa a las 11 de la mañana, culminada la misa;https://consultasenlinea.mincetur.gob.pe/fichaInventario/index.aspx?cod_Ficha=12356
12357;Fiesta Patronal en Honor a Santa Elena;Fiestas;Fiestas religiosas-patronales;Ayacucho;Huamanga;Andrés Avelino Cáceres Dorregaray;98;-13.170036081707952;-74.19976115226746;fija 08-18..08-20;;exacta;texto_ficha;Los festejos inician desde el 18 al 20 de agosto, el primer día de la festividad comienza con la decoración del Anda de la patro;https://consultasenlinea.mincetur.gob.pe/fichaInventario/index.aspx?cod_Ficha=12357
12358;Feria de Todos Los Santos;Eventos;Ferias (no Artesanales);Ayacucho;Huamanga;Andrés Avelino Cáceres Dorregaray;98;-13.167338219934877;-74.21204164624214;fija 11-01..11-02;;exacta;texto_ficha;acontecimiento tradicional que se realiza por la festividad de todos los santos y todos los difuntos que se festejan el 1 y 2 de noviembre, en el distrito de Andrés Avelino Cáceres Dorregaray, provincia de Huamanga, de;https://consultasenlinea.mincetur.gob.pe/fichaInventario/index.aspx?cod_Ficha=12358
12361;Fiesta en Honor a San Jóse y Virgen de las Mercedes;Fiestas;Fiestas religiosas-patronales;Ayacucho;Huamanga;Andrés Avelino Cáceres Dorregaray;98;-13.15405577610725;-74.19765403247776;fija 09-16..09-17;;exacta;texto_ficha;Los festejos se desarrollan desde el 16 hasta el 17 de setiembre, el primer día de la festividad se inicia con el tradicional Trono Huatay que c;https://consultasenlinea.mincetur.gob.pe/fichaInventario/index.aspx?cod_Ficha=12361
12383;Semana Santa en Pallasca;Fiestas;Fiestas religiosas-patronales;Áncash;Pallasca;Pallasca;52;-8.253469068217704;-77.99902150993982;pascua -7..0;;aproximada;nombre_movil;semana santa;https://consultasenlinea.mincetur.gob.pe/fichaInventario/index.aspx?cod_Ficha=12383
12384;Fiesta Patronal San Juan Bautista;Fiestas;Fiestas religiosas-patronales;Áncash;Pallasca;Pallasca;52;-8.253469068217704;-77.99902150993982;fija 06-10..06-28;;exacta;texto_ficha;estividad celebrada del 10 al 28 de junio, donde se aprecia, el colorido y coreografía de las estampas costumbristas;https://consultasenlinea.mincetur.gob.pe/fichaInventario/index.aspx?cod_Ficha=12384
12399;Festividad de San Pedro de San Bartolo;Fiestas;Fiestas religiosas-patronales;Lima;Lima;San Bartolo;199;-12.3935;-76.777534;fija 06-29;;exacta;texto_ficha;El día central es el 29 de junio, cuando se da lugar a la llegada de turistas locales y la población en general;https://consultasenlinea.mincetur.gob.pe/fichaInventario/index.aspx?cod_Ficha=12399
12400;Carnaval de Illimo y Sus Yunzas;Fiestas;Fiestas Tradicionales(Herranza, carnavales, otros);Lambayeque;Lambayeque;Illimo;25;-6.47366;-79.85521;pascua -50..-47;;aproximada;nombre_movil;carnaval;https://consultasenlinea.mincetur.gob.pe/fichaInventario/index.aspx?cod_Ficha=12400
12406;Semana Santa Surcana;Fiestas;Fiestas religiosas-patronales;Lima;Lima;Santiago de Surco;31;-12.145323424598704;-77.00470084902261;pascua -7..0;;aproximada;nombre_movil;semana santa;https://consultasenlinea.mincetur.gob.pe/fichaInventario/index.aspx?cod_Ficha=12406
12407;Festival de la Vendimia Surcana;Eventos;Festivales;Lima;Lima;Santiago de Surco;31;-12.1453524;-77.0046239;fija 03-07..03-14;;exacta;texto_ficha;Al año siguiente, en 1937, se llevó a cabo la segunda vendimia, del 7 al 14 de marzo en la Plaza de Armas de Surco;https://consultasenlinea.mincetur.gob.pe/fichaInventario/index.aspx?cod_Ficha=12407
12408;Festival del Pisco Sour;Eventos;Festivales;Lima;Lima;Santiago de Surco;31;-12.145323424598704;-77.00470084902261;nesimo 02 1 sab;;exacta;texto_ficha;"n el año 2004, el Ministerio de la Producción del Perú estableció el primer sábado de febrero como el ""Día del Pisco Sour""";https://consultasenlinea.mincetur.gob.pe/fichaInventario/index.aspx?cod_Ficha=12408
12429;Festividad Negrería Caranina;Fiestas;Fiestas religiosas-patronales;Lima;Yauyos;Carania;104;-12.345299061973025;-75.8671693359375;fija 05-02..05-03;;exacta;texto_ficha;sta festividad se celebra el 02 y 03 de mayo en adoración a las cruces de 04 barrios del Pueblo de Carania, en la que se pre;https://consultasenlinea.mincetur.gob.pe/fichaInventario/index.aspx?cod_Ficha=12429
12443;Festividad Patronal San Martín de Tours de Sechura;Fiestas;Fiestas religiosas-patronales;Piura;Sechura;Sechura;125;-5.557631441766622;-80.82231019180189;fija 11-11;;exacta;texto_ficha;El día central, 11 de noviembre, se celebra una solemne misa con la participación de autoridades eclesiásticas;https://consultasenlinea.mincetur.gob.pe/fichaInventario/index.aspx?cod_Ficha=12443
12447;Aniversario del Distrito de Surco;Fiestas;Otros;Lima;Huarochiri;Surco;53;-11.88404;-76.44026;fija 09-15;;exacta;texto_ficha;Celebra su aniversario el 15 de setiembre de cada año, en mérito al gestor de noble acción Ascencio Sedano;https://consultasenlinea.mincetur.gob.pe/fichaInventario/index.aspx?cod_Ficha=12447
12457;Fiesta Tradicional en Honor al Padre San Roque;Fiestas;Fiestas religiosas-patronales;Junín;Huancayo;Quilcas;33;-11.940236;-75.258803;fija 08-22..08-27;08-23;exacta;texto_ficha;sta fiesta se lleva a cabo del 22 al 27 de Agosto, en la Plaza de Principal del distrito de Quilcas.;https://consultasenlinea.mincetur.gob.pe/fichaInventario/index.aspx?cod_Ficha=12457
12469;Fiesta Tradicional de San Pedro y San Pablo;Fiestas;Fiestas religiosas-patronales;Arequipa;Islay;Islay;246;-17.0004;-72.0979;fija 06-28..06-29;;exacta;texto_ficha;"de Islay, Matarani, se celebra el ""Día del Pescador"" en el marco de la festividad de ""San Pedro y San Pablo"", los días 28 y 29 de junio, día central de su festividad";https://consultasenlinea.mincetur.gob.pe/fichaInventario/index.aspx?cod_Ficha=12469
12476;Festividad de Santa Rosa de Lima y San Antonio de Padua;Fiestas;Fiestas religiosas-patronales;Lima;Yauyos;Tanta;268;-12.1224;-76.0135;fija 08-28..09-02;08-30;exacta;texto_ficha;s una fiesta religiosa que se celebra del 28 de agosto al 02 de septiembre de cada año en el distrito de Tanta, provincia de Yauyos, departamento de Lima;https://consultasenlinea.mincetur.gob.pe/fichaInventario/index.aspx?cod_Ficha=12476
12479;Festival del Maíz Morado de Pacarán;Eventos;Festivales;Lima;Cañete;Pacaran;105;-12.866158;-76.054673;mes 11;;aproximada;mes_texto;La festividad, desde su inicio 2013 a la fecha, se desarrolla en los primeros días sábados o domingos de mes de noviembre, variando por el calendario y el día festivo del 1 de noviembre;https://consultasenlinea.mincetur.gob.pe/fichaInventario/index.aspx?cod_Ficha=12479
12480;Carnaval Chilquino;Fiestas;Fiestas Tradicionales(Herranza, carnavales, otros);Ayacucho;La Mar;Chilcas;164;-13.17132;-73.90671;pascua -50..-47;;aproximada;nombre_movil;carnaval;https://consultasenlinea.mincetur.gob.pe/fichaInventario/index.aspx?cod_Ficha=12480
12498;Festival Folklorico de Waqrapukara;Eventos;Festivales;Cusco;Acomayo;Acos;83;-14.019905;-71.693915;mes 08;;aproximada;mes_texto;Este Festival de Waqrapukara es una actividad programada que se realiza en el mes de agosto ya que en esta fecha es el aniversario y fiestas patronales de la comunidad de;https://consultasenlinea.mincetur.gob.pe/fichaInventario/index.aspx?cod_Ficha=12498
12499;Fiesta de la Pichunchada;Fiestas;Fiestas Tradicionales(Herranza, carnavales, otros);Cusco;Acomayo;Acos;36;-13.95146;-71.7383367;pascua -50..-47;;aproximada;texto_movil;iesta que se celebra durante la cuaresma en la fiesta de carnavales, puesto que, desde la antiguedad, los;https://consultasenlinea.mincetur.gob.pe/fichaInventario/index.aspx?cod_Ficha=12499
12527;Festividad de la Virgen Natividad de Acos;Fiestas;Fiestas religiosas-patronales;Cusco;Acomayo;Acos;36;-13.95146;-71.7383367;fija 09-08;;exacta;texto_ficha;El día central (8 de setiembre) inicia con la tradicional qaswa de alva y lucero, recorriendo las principales;https://consultasenlinea.mincetur.gob.pe/fichaInventario/index.aspx?cod_Ficha=12527
12554;Festividad de San Pedro de Catas;Fiestas;Fiestas religiosas-patronales;Arequipa;Islay;Punta de Bombón;177;-17.17233;-71.82655;fija 06-28..06-30;06-29;exacta;texto_ficha;El día 29 de junio, se desarrolla la Misa de Fiesta con la participación de todos los cateños fina;https://consultasenlinea.mincetur.gob.pe/fichaInventario/index.aspx?cod_Ficha=12554
12556;Fiesta Nuestra Señora de la Asunta - Andagua;Fiestas;Fiestas religiosas-patronales;Arequipa;Castilla;Andagua;75;-15.498333;-72.344936;fija 08-15;;exacta;texto_ficha;"tra Santísima Virgen de la Asunción"", conmemorando la creencia cristiana de la ascensión de la Virgen María al cielo el 15 de agosto, una celebración arraigada desde el siglo VI";https://consultasenlinea.mincetur.gob.pe/fichaInventario/index.aspx?cod_Ficha=12556
12559;Fiesta de San Isidro Labrador - Andagua;Fiestas;Fiestas religiosas-patronales;Arequipa;Castilla;Andagua;75;-15.498870612562175;-72.35540734399414;fija 05-15;;exacta;texto_ficha;a fiesta de San Isidro Labrador es una fiesta patronal en su honor, celebrada el 15 de mayo;https://consultasenlinea.mincetur.gob.pe/fichaInventario/index.aspx?cod_Ficha=12559
12560;Fiesta de San Antonio de Padua - Andagua;Fiestas;Fiestas religiosas-patronales;Arequipa;Castilla;Andagua;75;-15.49899467680094;-72.35564337838746;fija 06-13;;exacta;texto_ficha;Cada 13 de junio la Iglesia Católica celebra la fiesta de uno de los santos más queridos y vener;https://consultasenlinea.mincetur.gob.pe/fichaInventario/index.aspx?cod_Ficha=12560
12562;Festividad del Señor de Pacaypampa;Fiestas;Fiestas religiosas-patronales;Puno;Sandia;Sandia;-1;-14.288006232490892;-69.4119644165039;fija 09-14;;exacta;texto_ficha;Esta festividad empieza el 14 de setiembre de cada año se venera a la imagen del Señor de la Exaltación en un crucifijo pi;https://consultasenlinea.mincetur.gob.pe/fichaInventario/index.aspx?cod_Ficha=12562
12568;Festividad del Señor de Exaltación Pataza;Fiestas;Fiestas religiosas-patronales;Puno;Puno;Acora;274;-15.96388667578087;-69.68215657480263;fija 09-21..09-23;09-22;exacta;texto_ficha;stividad del Señor de Santa Cruz Exaltación Pataza, se celebra los días 21, 22 y 23 de setiembre de cada año, siendo el 22 de setiembre el día central, la fiesta se desarrolla con características muy especiales que;https://consultasenlinea.mincetur.gob.pe/fichaInventario/index.aspx?cod_Ficha=12568
12593;Fiesta Patronal de la Purisima de Punchana;Fiestas;Fiestas religiosas-patronales;Loreto;Maynas;Punchana;245;-3.729444;-73.244449;fija 12-01..12-08;;exacta;texto_ficha;icado al norte de la ciudad de Iquitos (segundo distrito más importante), celebra esta fiesta patronal durante los días del 1 al 8 de diciembre de todos los años, en los alrededores de la histórica plaza Almirante Miguel Gr;https://consultasenlinea.mincetur.gob.pe/fichaInventario/index.aspx?cod_Ficha=12593
12597;Fiesta del Señor de la Ascensión Puquio - Fiesta de Mayo;Fiestas;Fiestas religiosas-patronales;Ayacucho;Lucanas;Puquio;-1;-14.6942;-74.1242;pascua 39;;aproximada;nombre_movil;senor de la ascension;https://consultasenlinea.mincetur.gob.pe/fichaInventario/index.aspx?cod_Ficha=12597
12606;Festividad Octava de la Virgen de la Natividad de Acora;Fiestas;Fiestas religiosas-patronales;Puno;Puno;Acora;274;-15.97333333;-69.79944444;fija 09-08..09-20;;exacta;texto_ficha;Es una festividad religiosa de gran acogida, que se celebra cada año del 8 al 20 de setiembre, se festeja a la Virgen María bajo la advocación de la Virgen de la Natividad,;https://consultasenlinea.mincetur.gob.pe/fichaInventario/index.aspx?cod_Ficha=12606
12611;Festividad de “San Martín de Porres”;Fiestas;Fiestas religiosas-patronales;La Libertad;Santiago De Chuco;Cachicadan;52;-8.094428181072804;-78.14893087571338;fija 10-28..11-11;11-07..11-09;exacta;texto_ficha;e celebra durante los días 28 de octubre al 11 de noviembre de cada año, siendo los días principales el 07, 08 y 09 de noviembre y este últ;https://consultasenlinea.mincetur.gob.pe/fichaInventario/index.aspx?cod_Ficha=12611
12614;Fiestas Patronales en Honor a San Pedro y San Pablo;Fiestas;Fiestas religiosas-patronales;Pasco;Oxapampa;Chontabamba;96;-10.602770501348788;-75.43882369995117;fija 06-19..07-01;06-29;exacta;texto_ficha;Samuel Ruffner Aranda, mediante sesión de consejo se elige como fecha cada 29 de junio la celebración de las fiestas patronales en Honor a San Pedro y San Pablo del d;https://consultasenlinea.mincetur.gob.pe/fichaInventario/index.aspx?cod_Ficha=12614
12639;Festival de Todos Los Santos de Tinco;Eventos;Festivales;Ayacucho;Huamanga;Vinchos;194;-13.290572;-74.377806;fija 11-01..11-02;;exacta;texto_ficha;"l festival se celebra los días 01 y 02 de noviembre de cada año, aprovechando el Día de Todos los Santos; en el cementerio del anex";https://consultasenlinea.mincetur.gob.pe/fichaInventario/index.aspx?cod_Ficha=12639
12640;Festival Navideño de Vinchos;Eventos;Festivales;Ayacucho;Huamanga;Vinchos;98;-13.24195;-74.35355;fija 12-23..12-27;;exacta;texto_ficha;l Festival Navideño de Vinchos se desarrolla a partir del 23 al 27 de diciembre de cada año, este festival cristiano tiene por objetivo conmemorar el nacimient;https://consultasenlinea.mincetur.gob.pe/fichaInventario/index.aspx?cod_Ficha=12640
12641;Fiesta Patronal del Señor de Ricra – Vinchos Bajo;Fiestas;Fiestas religiosas-patronales;Ayacucho;Huamanga;Vinchos;98;-13.24195;-74.35355;fija 05-02..05-06;05-04;exacta;texto_ficha;El día central es el 4 de mayo, donde se desarrolla la misa central, la recolección de chamisa acompañado de u;https://consultasenlinea.mincetur.gob.pe/fichaInventario/index.aspx?cod_Ficha=12641
12663;Aniversario de Cachicadán – Semana Cachicadanense;Fiestas;Fiestas Tradicionales(Herranza, carnavales, otros);La Libertad;Santiago De Chuco;Cachicadan;52;-8.094381821341875;-78.14897602004824;fija 10-28..11-03;11-03;exacta;texto_ficha;El 03 de noviembre, “Día Central” se empieza con la quema de la cantidad de años que cumple del di;https://consultasenlinea.mincetur.gob.pe/fichaInventario/index.aspx?cod_Ficha=12663
12669;Fiesta Patronal Virgen del Carmen de Ongón;Fiestas;Fiestas religiosas-patronales;La Libertad;Pataz;Ongon;101;-8.164181530143042;-76.9939517320491;fija 07-13..07-18;;exacta;texto_ficha;e celebra desde el 13 hasta el 18 de julio, siendo el 16 el día central de la fiesta.;https://consultasenlinea.mincetur.gob.pe/fichaInventario/index.aspx?cod_Ficha=12669
12671;Carnaval de Santiago de Chuco;Eventos;Otros;La Libertad;Santiago De Chuco;Santiago de Chuco;52;-8.14528;-78.1733;pascua -50..-47;;aproximada;nombre_movil;carnaval;https://consultasenlinea.mincetur.gob.pe/fichaInventario/index.aspx?cod_Ficha=12671
12672;Fiesta Patronal Virgen del Carmen;Fiestas;Fiestas religiosas-patronales;La Libertad;Ascope;Rázuri;161;-7.700295558671058;-79.43844437599184;fija 07-16;;exacta;texto_ficha;Los festejos se desarrollan desde el 16 de julio, pero inicia desde el 1 Julio hasta el 18, comienza con las novenas;https://consultasenlinea.mincetur.gob.pe/fichaInventario/index.aspx?cod_Ficha=12672
12673;Festival del Chicharon;Eventos;Festivales;Cusco;Cusco;Saylla;227;-13.5322196;-71.8549383;fija 07-28..07-29;;exacta;texto_ficha;istrito de Saylla, a poco más de 30 minutos al sureste de la ciudad de Cusco, se realiza el Festival del Chicharon cada 28 y 29 de Julio, durante la celebración de las fiestas patrias;https://consultasenlinea.mincetur.gob.pe/fichaInventario/index.aspx?cod_Ficha=12673
12684;Festividad Patronal de la Virgen Inmaculada Concepción;Fiestas;Fiestas religiosas-patronales;Puno;Carabaya;Macusani;181;-14.068606077991705;-70.4313399325409;fija 12-08..12-09;12-08;exacta;texto_ficha;provincia de Carabaya, por su trascendencia no solo local, también regional, nacional e internacional, se celebra cada 8 de diciembre en honor a la virgen, conocida como la Virgen Purísima Concepción - Mamita Conc;https://consultasenlinea.mincetur.gob.pe/fichaInventario/index.aspx?cod_Ficha=12684
12700;Carnaval Bujama Negro;Fiestas;Fiestas Tradicionales(Herranza, carnavales, otros);Lima;Cañete;Mala;199;-12.69837;-76.64181;pascua -50..-47;;aproximada;nombre_movil;carnaval;https://consultasenlinea.mincetur.gob.pe/fichaInventario/index.aspx?cod_Ficha=12700
12704;Festividad Virgen del Carmen Espinar;Fiestas;Fiestas religiosas-patronales;Cusco;Espinar;Espinar;29;-14.792982;-71.412845;fija 07-16;;exacta;texto_ficha;l Carmen reconocida como patrona de la provincia de Espinar en honor a ello realizan una festividad que se celebra cada 16 de julio en la plaza de armas a una altitud 3924, esta festividad se realiza desde la ép;https://consultasenlinea.mincetur.gob.pe/fichaInventario/index.aspx?cod_Ficha=12704
12706;Fiesta de San Pedro;Fiestas;Fiestas religiosas-patronales;Lima;Cañete;Mala;199;-12.69837;-76.64181;fija 06-27..06-30;06-29;exacta;texto_ficha;El día central, el 29 de junio, inicia con salva de 21 camaretazos y retreta, continua con la Misa Tedeum en l;https://consultasenlinea.mincetur.gob.pe/fichaInventario/index.aspx?cod_Ficha=12706
12720;Carnaval Vinchino;Fiestas;Fiestas Tradicionales(Herranza, carnavales, otros);Ayacucho;Huamanga;Vinchos;98;-13.24195;-74.35355;pascua -50..-47;;aproximada;nombre_movil;carnaval;https://consultasenlinea.mincetur.gob.pe/fichaInventario/index.aspx?cod_Ficha=12720
12726;Festividad de las Santísimas Cruces de Chancayllo;Fiestas;Fiestas religiosas-patronales;Lima;Huaral;Chancay;214;-11.562949;-77.269884;nesimo 06 3 sab;;exacta;texto_ficha;"El tercer sábado de junio marca el comienzo de la festividad con el tradicional ""Alva de 4"", que da inici";https://consultasenlinea.mincetur.gob.pe/fichaInventario/index.aspx?cod_Ficha=12726
12733;Tradicional Quema de Judas en Yanahuara;Fiestas;Fiestas Tradicionales(Herranza, carnavales, otros);Arequipa;Arequipa;Yanahuara;55;-16.387046505267023;-71.54288367178344;pascua -7..0;;aproximada;texto_movil;en yanahuara esta tradicion se realiza desde 1950, el evento congrega a miles de espectadores, y visitantes que motivados por la curiosidad, desde tempranas horas se apersonan al mirador para apreciar la tradicional quema de judas, donde la hermandad del santo sepulcro de yanahuara junto con la municipalidad distrital de yanahuara son los encargados de realizar esta tradicion que cierra la semana santa. el mirador de yanahuara es el escenari;https://consultasenlinea.mincetur.gob.pe/fichaInventario/index.aspx?cod_Ficha=12733
12753;Carnaval Pomacanchano Uwish Kuchuy;Fiestas;Fiestas Tradicionales(Herranza, carnavales, otros);Junín;Jauja;Pomacancha;172;-11.739106;-75.62367;pascua -50..-46;;aproximada;nombre_movil;el miercoles de ceniza y jueves se lleva a cabo el pasacalle d;https://consultasenlinea.mincetur.gob.pe/fichaInventario/index.aspx?cod_Ficha=12753
12756;Carnaval Lamarino;Fiestas;Fiestas Tradicionales(Herranza, carnavales, otros);Ayacucho;La Mar;San Miguel;98;-13.01267;-73.980904;pascua -50..-47;;aproximada;nombre_movil;carnaval;https://consultasenlinea.mincetur.gob.pe/fichaInventario/index.aspx?cod_Ficha=12756
12767;Expo La Mar Vraem;Eventos;Festivales;Ayacucho;La Mar;San Miguel;98;-13.01267;-73.980904;fija 09-23..09-27;;exacta;texto_ficha;La duración del evento es de 5 días, del 23 al 27 de setiembre, iniciando el día 1 con la ambientación general del distrito, decorando balcone;https://consultasenlinea.mincetur.gob.pe/fichaInventario/index.aspx?cod_Ficha=12767
12774;Festividad del Patron de San Sebastian;Fiestas;Fiestas religiosas-patronales;Cusco;Cusco;San Sebastian;227;-13.5301;-71.937634;fija 01-19..01-20;01-20;exacta;texto_ficha;El 20 de enero, día central, la festividad inicia con una misa a las 6:00 a;https://consultasenlinea.mincetur.gob.pe/fichaInventario/index.aspx?cod_Ficha=12774
12786;Expo Feria Reyes Espinar;Eventos;Ferias (no Artesanales);Cusco;Espinar;Espinar;29;-14.78441;-71.421377;fija 01-09;;exacta;texto_ficha;La feria Reyes da comienzo el 03 de enero y siendo el 6 de enero el día central de dicha feria y culmina el 09 de enero, este evento tiene una masiva concurrencia con más de 50 mil asistentes de dist;https://consultasenlinea.mincetur.gob.pe/fichaInventario/index.aspx?cod_Ficha=12786
12790;Festividad de la Santisima Cruz de Coporaque;Fiestas;Fiestas religiosas-patronales;Cusco;Espinar;Coporaque;29;-14.800777;-71.531759;fija 05-03..05-04;;exacta;texto_ficha;a de cruz velacuy inicia la noche del 02 de mayo como víspera de ahí la denominación Cruz Velacuy, su día central es el 03 de mayo, pero se extiende hasta el 04 de mayo a más, lo hacen en honor a la “Cruz de Je;https://consultasenlinea.mincetur.gob.pe/fichaInventario/index.aspx?cod_Ficha=12790
12791;Aniversario Provincial de Espinar;Eventos;Otros;Cusco;Espinar;Espinar;29;-14.793046;-71.41279;;;por_confirmar;;;https://consultasenlinea.mincetur.gob.pe/fichaInventario/index.aspx?cod_Ficha=12791
12792;Festival Ecoturistico Chaku de Vicuñas Tahuapalcca;Eventos;Otros;Cusco;Espinar;Coporaque;29;-14.859245;-71.701085;mes 09;;aproximada;mes_texto;Este escenario se realiza en el mes de septiembre, Esta actividad inicia días antes con una previa reunión comunal donde la junta;https://consultasenlinea.mincetur.gob.pe/fichaInventario/index.aspx?cod_Ficha=12792
12796;Fiesta Tradicional en Honor al Patrón San Jerónimo;Fiestas;Fiestas religiosas-patronales;Junín;Huancayo;San Jerónimo de Tunan;33;-11.94861;-75.2825;fija 09-29..10-05;09-30;exacta;texto_ficha;El día central es el 30 de setiembre se inicia con una salva de 21 camaretazos, posteriormente en la Iglesia Matriz;https://consultasenlinea.mincetur.gob.pe/fichaInventario/index.aspx?cod_Ficha=12796
12797;Fiesta Patronal San Roque;Fiestas;Fiestas religiosas-patronales;Junín;Huancayo;San Jerónimo de Tunan;33;-11.94861;-75.2825;fija 08-15..08-21;08-16;exacta;texto_ficha;El 16 de agosto, día central de la festividad, el pueblo participa de las celebraciones litúrgi;https://consultasenlinea.mincetur.gob.pe/fichaInventario/index.aspx?cod_Ficha=12797
12802;Aniversario Distrital de Suyckutambo;Eventos;Otros;Cusco;Espinar;Suyckutambo;-1;-15.062284;-71.8204569;fija 08-12..08-26;08-24;exacta;texto_ficha;ata la ‘’Noche Suyckutambeña‘’ en el que participan artistas locales del distrito acompañado de fuegos artificiales, el 24 de agosto el día central de la conmemoración se lleva a cabo la misa y el Tedeum, paseo d;https://consultasenlinea.mincetur.gob.pe/fichaInventario/index.aspx?cod_Ficha=12802
12803;Aniversario Distrital de Condoroma;Eventos;Otros;Cusco;Espinar;Condoroma;29;-15.300466;-71.138065;fija 08-29;;exacta;texto_ficha;elebración del aniversario de creación del distrito de Condoroma, se realiza desde la segunda semana de agosto hasta el 29 de agosto, siendo el día central de la conmemoración, la primera semana se inicia con la;https://consultasenlinea.mincetur.gob.pe/fichaInventario/index.aspx?cod_Ficha=12803
12805;Festividad de la Virgen Natividad de Sillota;Fiestas;Fiestas religiosas-patronales;Cusco;Espinar;Pichigua;29;-14.685517;-71.435412;fija 09-15;;exacta;texto_ficha;e, posteriormente se construyó un templo y luego vino la peregrinación al santuario, que por tradición lo realizaban el 15 de septiembre que es la octava;https://consultasenlinea.mincetur.gob.pe/fichaInventario/index.aspx?cod_Ficha=12805
12806;Festival Cultural Carnavalesco Chaka Sabado Coporaque;Fiestas;Fiestas Tradicionales(Herranza, carnavales, otros);Cusco;Espinar;Coporaque;29;-14.8007736;-71.531982;pascua -50..-47;;aproximada;nombre_movil;carnaval;https://consultasenlinea.mincetur.gob.pe/fichaInventario/index.aspx?cod_Ficha=12806
12807;Aniversario Distrital de Pallpata;Eventos;Otros;Cusco;Espinar;Pallpata;29;-14.89056;-71.209717;fija 12-21;;exacta;texto_ficha;de creación del distrito Pallpata coincide con de la provincia de Espinar, debido a ello en la actualidad se celebra el 21 de diciembre de cada año, días antes del día central, se presentan convenciones de diferente;https://consultasenlinea.mincetur.gob.pe/fichaInventario/index.aspx?cod_Ficha=12807
12812;Bajada de Reyes Chacasino;Fiestas;Fiestas Tradicionales(Herranza, carnavales, otros);Áncash;Asuncion;Chacas;244;-9.16210224;-77.36603187;fija 01-06;;exacta;texto_ficha;e celebra el 6 de enero de todos los años, cuya duración es de un día, lo trascendental de esta celebra;https://consultasenlinea.mincetur.gob.pe/fichaInventario/index.aspx?cod_Ficha=12812
12819;Fiesta Patronal Mama Ashu;Fiestas;Fiestas religiosas-patronales;Áncash;Asuncion;Chacas;244;-9.16210224;-77.36603187;fija 08-15;;exacta;texto_ficha;a fiesta patronal en homenaje a la Virgen de la Asunción, se celebra el 15 de agosto de todos los años en el distrito de Chacas, provincia de Asunción;https://consultasenlinea.mincetur.gob.pe/fichaInventario/index.aspx?cod_Ficha=12819
12821;Navidad Chacasina;Fiestas;Fiestas religiosas-patronales;Áncash;Asuncion;Chacas;244;-9.16210224;-77.36603187;fija 12-25;;exacta;texto_ficha;El día central es el 25 de diciembre, se realiza una misa general en la iglesia Virgen de Asunción o Mama Ashu de la;https://consultasenlinea.mincetur.gob.pe/fichaInventario/index.aspx?cod_Ficha=12821
12827;Fiesta Patronal en Honor a las Patronas Virgen del Carmen y Santa Rosa de Lima;Fiestas;Fiestas religiosas-patronales;Cajamarca;San Miguel;Catilluc;92;-6.801476;-78.779177;fija 08-18..08-22;;exacta;texto_ficha;La celebración de la Fiesta Patronal se realiza desde el día 18 al 22 de agosto, considerándose como días principales los días 20, 21 y 22 de este mes;https://consultasenlinea.mincetur.gob.pe/fichaInventario/index.aspx?cod_Ficha=12827
12830;Fiesta Patronal San Miguel Arcangel de Chinchurajra;Fiestas;Fiestas religiosas-patronales;Áncash;Asuncion;Acochaca;244;-9.13541511;-77.3763147;fija 09-29;;exacta;texto_ficha;El 29 de setiembre es el día central, en horas de la mañana la población organiza 3 misas, el prim;https://consultasenlinea.mincetur.gob.pe/fichaInventario/index.aspx?cod_Ficha=12830
12833;Herranza Tradicional de Alpacas de Yauli;Fiestas;Fiestas Tradicionales(Herranza, carnavales, otros);Junín;Jauja;Yauli;172;-11.713104;-75.474476;fija 06-24;;exacta;texto_ficha;Se celebra desde la fundación de la comunidad campesina de Yauli por el año de 1933, todos los 24 de junio, como un homenaje al día del campesino;https://consultasenlinea.mincetur.gob.pe/fichaInventario/index.aspx?cod_Ficha=12833
12866;Los Wamachukos y la Doncella Xauxa;Artísticos;Teatro;La Libertad;Sanchez Carrion;Huamachuco;193;-7.81548583;-78.04867443;fija 08-10;;exacta;texto_ficha;e lleva a cabo cada 10 de agosto.;https://consultasenlinea.mincetur.gob.pe/fichaInventario/index.aspx?cod_Ficha=12866
12868;Festividad de la Virgen de la Candelaria-Quilca;Fiestas;Fiestas religiosas-patronales;Arequipa;Camana;Quilca;246;-16.716836;-72.425498;fija 02-02;;exacta;texto_ficha;Durante el día central, el 2 de febrero, tras la celebración de la misa festiva, al mediodía se lleva a cabo la misa so;https://consultasenlinea.mincetur.gob.pe/fichaInventario/index.aspx?cod_Ficha=12868
12869;Campeonato de Tabla Hawaiana;Eventos;Deportivos;La Libertad;Ascope;Rázuri;161;-7.701998629322313;-79.43729875053052;pascua -7..0;;aproximada;texto_movil;ste evento se realiza todos los anos en las fechas de semana santa y asisten competidores de diferentes pa;https://consultasenlinea.mincetur.gob.pe/fichaInventario/index.aspx?cod_Ficha=12869
12874;Carnaval Cachicadanense;Fiestas;Fiestas Tradicionales(Herranza, carnavales, otros);La Libertad;Santiago De Chuco;Cachicadan;52;-8.094183489273233;-78.14874866149597;pascua -50..-45;;aproximada;nombre_movil;el carnaval termina el “miercoles de ceniza”, aunque muchos lo extienden un dia mas hasta el “jueves de tornaboda” o hasta el fin de semana. actualmente,;https://consultasenlinea.mincetur.gob.pe/fichaInventario/index.aspx?cod_Ficha=12874
12875;Festival del Camarón de José María Quimper;Eventos;Festivales;Arequipa;Camana;José María Quimper;106;-16.602509;-72.726952;nesimo 11 3 sab 1;;exacta;texto_ficha;El festival es de 2 días, se realiza el tercer sábado y domingo de noviembre, los 2 días incluyen la presentación de grupos musicales locales y nacionales a;https://consultasenlinea.mincetur.gob.pe/fichaInventario/index.aspx?cod_Ficha=12875
12880;Festival del Camarón de Urasqui;Eventos;Festivales;Arequipa;Camana;Mariano Nicolás Valcárcel;49;-16.028444;-73.174484;fija 11-03;;exacta;texto_ficha;Dicha actividad se realiza en 03 de noviembre acorde al aniversario del distrito de Urasqui y llegar a tener una duración de;https://consultasenlinea.mincetur.gob.pe/fichaInventario/index.aspx?cod_Ficha=12880
12881;Festival del Camarón de Ocoña;Eventos;Festivales;Arequipa;Camana;Ocoña;49;-16.42397;-73.117022;nesimo 12 3 sab;;exacta;texto_ficha;Es entonces que a partir del año 2015 aproximadamente se modificó la fecha del festival estableciéndose el tercer sábado de diciembre de todos los años en el sector El Puente, lugar por donde atraviesa el río Ocoñ;https://consultasenlinea.mincetur.gob.pe/fichaInventario/index.aspx?cod_Ficha=12881
12909;Fiesta de la Inmaculada Concepción de la Comunidad Campesina de Huacho;Fiestas;Fiestas religiosas-patronales;Lima;Oyon;Pachangara;5;-10.7811586;-76.8144643;fija 12-06..12-11;12-08;exacta;texto_ficha;Se celebra cada 8 de diciembre en honor a la Virgen, conocida como la Virgen Purísima Concepción;https://consultasenlinea.mincetur.gob.pe/fichaInventario/index.aspx?cod_Ficha=12909
12912;Fiesta del Agua Comunidad Campesina de Huacho;Fiestas;Fiestas Tradicionales(Herranza, carnavales, otros);Lima;Oyon;Pachangara;5;-10.7811586;-76.8144643;fija 05-19..05-21;;exacta;texto_ficha;a todos los años, de forma consecutiva, en la comunidad campesina de Huacho, distrito de Pachangara, provincia de Oyón, desde el 19 de mayo al 21 del mismo mes;https://consultasenlinea.mincetur.gob.pe/fichaInventario/index.aspx?cod_Ficha=12912
12919;Día de la Herencia Oxapampina;Fiestas;Fiestas Tradicionales(Herranza, carnavales, otros);Pasco;Oxapampa;Oxapampa;96;-10.5742272340862;-75.4046523939845;fija 10-25;;aproximada;texto_ficha;El 25 de octubre de 2018, se aprobó mediante una ordenanza municipal institucionalizar la primer;https://consultasenlinea.mincetur.gob.pe/fichaInventario/index.aspx?cod_Ficha=12919
12921;Festividad de las Santisimas Cruces de Jerusalén, Salvador y Sus Niños de Chicla;Fiestas;Fiestas religiosas-patronales;Lima;Huarochiri;Chicla;217;-11.70503;-76.26876;fija 05-04;;exacta;texto_ficha;l 04 de mayo, día central de la festividad, en horas de la mañana se lleva a cabo la romería;https://consultasenlinea.mincetur.gob.pe/fichaInventario/index.aspx?cod_Ficha=12921
12931;Fiesta del Señor de Tres Cruces;Fiestas;Fiestas religiosas-patronales;Ayacucho;Huanta;Llochegua;208;-12.414526;-73.964572;fija 05-01;;exacta;texto_ficha;La tradición se festeja caja 1 de mayo, dura 3 días, las cuales comienzan con las novenas de antesala y la decoración;https://consultasenlinea.mincetur.gob.pe/fichaInventario/index.aspx?cod_Ficha=12931
12935;Aniversario del Distrito de Chicla;Otros;Otros;Lima;Huarochiri;Chicla;217;-11.70503;-76.26876;fija 03-04;;exacta;texto_ficha;El día 04 de marzo, día central, a las nueve horas se realiza la Misa Solemne y Tedeum en homenaje;https://consultasenlinea.mincetur.gob.pe/fichaInventario/index.aspx?cod_Ficha=12935
12953;Huamanmarca Raymi;Fiestas;Otros;Cusco;La Convencion;Huayopata;152;-13.020743;-72.495436;nesimo 06 2 dom;;exacta;texto_ficha;a festividad del Huamanmarca Raymi se desarrolla cada segundo domingo de junio con motivo de conmemorar el legado histórico que tiene el distrito de Huayopata;https://consultasenlinea.mincetur.gob.pe/fichaInventario/index.aspx?cod_Ficha=12953
12957;Fiesta Patronal de la Virgen de Encarnación;Fiestas;Fiestas religiosas-patronales;Ayacucho;Huanca Sancos;Santiago de Lucanamarca;93;-13.843666270152928;-74.37219513038823;pascua 60..63;;aproximada;texto_movil;la festividad se lleva a cabo una semana despues del corpus christi, anteriormente solo se realizaba el enc;https://consultasenlinea.mincetur.gob.pe/fichaInventario/index.aspx?cod_Ficha=12957
12958;Fiesta Atipanakuy Navideño;Fiestas;Fiestas religiosas-patronales;Ayacucho;Huanca Sancos;Santiago de Lucanamarca;93;-13.843666270152928;-74.37219513038823;fija 12-24;;exacta;texto_ficha;"La noche del 24 de diciembre se realiza el ""Cascorral"" o Nochebuena, donde se representa el atipanakuy frent";https://consultasenlinea.mincetur.gob.pe/fichaInventario/index.aspx?cod_Ficha=12958
12965;Aniversario del Distrito de Lahuaytambo;Fiestas;Otros;Lima;Huarochiri;Lahuaytambo;259;-12.09617;-76.38887;fija 12-31;;exacta;texto_ficha;ahuaytambo, cuna de la libertad de América y del precursor Francisco Inca, celebra su aniversario el 31 de diciembre de cada año;https://consultasenlinea.mincetur.gob.pe/fichaInventario/index.aspx?cod_Ficha=12965
12969;Festival de la Primavera;Eventos;Festivales;Cusco;La Convencion;Kimbiri;208;-12.63529;-73.775127;fija 09-21..09-23;;exacta;texto_ficha;l Festival de la Primavera se lleva a cabo entre los dias 21 al 23 de septiembre , en el balneario “Las Sirenitas” a 5 minutos de la plaza principal del distrit;https://consultasenlinea.mincetur.gob.pe/fichaInventario/index.aspx?cod_Ficha=12969
12970;Fiesta de las Santísimas Cruces de Mayo de Huaripampa;Fiestas;Fiestas religiosas-patronales;Junín;Jauja;Huaripampa;33;-11.807378;-75.47084;fija 05-02..05-05;;exacta;texto_ficha;En los próximos días, en torno a ambas cruces se desarrollan diversas actividades, es así que del 2 al 5 de mayo se cuenta con un programa de festividades para la Cruz de Monte Calvario y del;https://consultasenlinea.mincetur.gob.pe/fichaInventario/index.aspx?cod_Ficha=12970
12976;Fiesta Patronal de la Inmaculada Concepción;Fiestas;Fiestas religiosas-patronales;Junín;Concepcion;Concepción;33;-11.91849;-75.31298;fija 11-28..12-10;12-08;exacta;texto_ficha;a Fiesta Patronal de la Inmaculada Concepción, se celebra cada 08 de diciembre en homenaje a la santa patrona del distrito capital de Concepción, esta festivi;https://consultasenlinea.mincetur.gob.pe/fichaInventario/index.aspx?cod_Ficha=12976
12977;Carnaval de Kimbiri - Vraem;Fiestas;Fiestas Tradicionales(Herranza, carnavales, otros);Cusco;La Convencion;Kimbiri;208;-12.620364;-73.788552;pascua -50..-47;;aproximada;nombre_movil;carnaval;https://consultasenlinea.mincetur.gob.pe/fichaInventario/index.aspx?cod_Ficha=12977
12978;Festival de la Siega de Huaripampa;Eventos;Festivales;Junín;Jauja;Huaripampa;33;-11.807378;-75.47084;fija 06-24;;exacta;texto_ficha;l Festival de la Siega, se lleva a cabo el 24 de junio de cada año en honor al Día del Campesino;https://consultasenlinea.mincetur.gob.pe/fichaInventario/index.aspx?cod_Ficha=12978
12991;Festividad Señor de la Exaltacion de Moho;Fiestas;Fiestas religiosas-patronales;Puno;Moho;Moho;128;-15.360774;-69.499836;fija 09-13..09-15;;exacta;texto_ficha;urante los días 13, 14 y 15 de setiembre de cada año, en la ciudad de Moho se celebra la fiesta patronal en honor al Señ;https://consultasenlinea.mincetur.gob.pe/fichaInventario/index.aspx?cod_Ficha=12991
12992;Festividad de Bajada de Reyes de San Damián de Checa;Fiestas;Fiestas religiosas-patronales;Lima;Huarochiri;San Damian;259;-12.01747;-76.39199;fija 01-06;;aproximada;santoral;bajada de reyes;https://consultasenlinea.mincetur.gob.pe/fichaInventario/index.aspx?cod_Ficha=12992
13004;Festividad Virgen del Carmen;Fiestas;Otros;Cusco;La Convencion;Huayopata;24;-13.00691;-72.554103;fija 07-16;;exacta;texto_ficha;a festividad del Virgen del Carmen se lleva a cabo cada 16 de Julio en el distrito de Huayopata, donde es considerada como la patrona local y alcal;https://consultasenlinea.mincetur.gob.pe/fichaInventario/index.aspx?cod_Ficha=13004
13014;Festival de la Papa Nativa de Chicla;Eventos;Ferias (no Artesanales);Lima;Huarochiri;Chicla;217;-11.70503;-76.26832;fija 06-15..06-21;;aproximada;texto_ficha;rito viene desarrollando este importante evento que se realiza todos los años desde el 2003 y que se lleva a cabo en la tercera semana de junio, (21 de junio) donde pobladores de la comunidad, empresas privadas, empresa com;https://consultasenlinea.mincetur.gob.pe/fichaInventario/index.aspx?cod_Ficha=13014
13021;Fiestas Patronales de Chicla;Fiestas;Fiestas religiosas-patronales;Lima;Huarochiri;Chicla;217;-11.70503;-76.26832;fija 06-22..06-29;;exacta;texto_ficha;elebración religiosa, cultural y social más importante del distrito, realizado desde el 22 de junio hasta el 29 de junio, en el marco de las celebraciones de fiestas patronales en Honor a San Juan Bau;https://consultasenlinea.mincetur.gob.pe/fichaInventario/index.aspx?cod_Ficha=13021
13023;Unu Raymi;Fiestas;Otros;Cusco;La Convencion;Huayopata;235;-13.024654;-72.61919;fija 03-22;;exacta;texto_ficha;El evento está organizado por la municipalidad distrital en conmemoración del Día Mundial del Agua, que se celebra el 22 de marzo, y lo encabeza la Municipalidad Distrital de Huayopata, la Autoridad Nacional d;https://consultasenlinea.mincetur.gob.pe/fichaInventario/index.aspx?cod_Ficha=13023
13024;Expoferia Huayopata;Eventos;Ferias (no Artesanales);Cusco;La Convencion;Huayopata;24;-13.009453;-72.556566;;;por_confirmar;;;https://consultasenlinea.mincetur.gob.pe/fichaInventario/index.aspx?cod_Ficha=13024
13038;Semana Santa Quinteña;Fiestas;Fiestas religiosas-patronales;Lima;Huarochiri;San Lorenzo de Quinti;259;-12.149766;-76.210784;pascua -7..0;;aproximada;nombre_movil;semana santa;https://consultasenlinea.mincetur.gob.pe/fichaInventario/index.aspx?cod_Ficha=13038
13040;Tradicional Entrada de Ccapo del Distrito de Cayma;Eventos;Otros;Arequipa;Arequipa;Cayma;55;-16.38124;-71.54586;fija 08-14;;exacta;texto_ficha;blos tradicionales del distrito de Cayma al centro de la ciudad de Arequipa, esta tradición es llevada a cabo todos los 14 de agosto de cada año, se realiza como un homenaje a la Fundación Española de Arequipa y;https://consultasenlinea.mincetur.gob.pe/fichaInventario/index.aspx?cod_Ficha=13040
13048;Corpus Crhisti de Hongos;Fiestas;Fiestas religiosas-patronales;Lima;Yauyos;Hongos;56;-12.810354;-75.765094;fija 05-28..06-02;;aproximada;texto_ficha;sta festividad se celebra después de 40 días de Semana Santa del 28 mayo al 02 de junio del 2024, con una duración de 6 días por año en homenaje al Patrón San Pablo, o;https://consultasenlinea.mincetur.gob.pe/fichaInventario/index.aspx?cod_Ficha=13048
13051;Carnaval Loncco Caymeño;Fiestas;Fiestas Tradicionales(Herranza, carnavales, otros);Arequipa;Arequipa;Cayma;55;-16.381486416774234;-71.54557301720673;pascua -50..-47;;aproximada;nombre_movil;carnaval;https://consultasenlinea.mincetur.gob.pe/fichaInventario/index.aspx?cod_Ficha=13051
13055;Cruces del Señor de San Cristobal;Fiestas;Fiestas religiosas-patronales;Huánuco;Huanuco;Amarilis;50;-9.912894332771767;-76.2304186820984;fija 07-23;;exacta;texto_ficha;Tradicionalmente, cada 23 de julio al promediar de las 7:00pm se inicia la misa previa a la peregrinación nocturna;https://consultasenlinea.mincetur.gob.pe/fichaInventario/index.aspx?cod_Ficha=13055
13063;Festival Jala Jala;Eventos;Festivales;Huánuco;Huanuco;Amarilis;50;-9.912894332771767;-76.2304186820984;nesimo 08 2 dom;;exacta;texto_ficha;El encuentro se lleva a cabo el segundo domingo de agosto de cada año, comenzando a las nueve de la mañana con la recepción de los asiste;https://consultasenlinea.mincetur.gob.pe/fichaInventario/index.aspx?cod_Ficha=13063
13072;Fiesta Patronal Virgen de las Nieves - Yurimaguas;Fiestas;Fiestas religiosas-patronales;Loreto;Alto Amazonas;Yurimaguas;61;-5.89389;-76.1069;fija 08-05..08-15;;exacta;texto_ficha;evento significativo que atrae a muchos turistas nacionales e internacionales, donde la festividad religiosa se celebra del 05 al 15 de agosto de todos los años y ofrece una variedad de actividades religiosas y tradiciones;https://consultasenlinea.mincetur.gob.pe/fichaInventario/index.aspx?cod_Ficha=13072
13074;Festividad de Santiago de Apóstol;Fiestas;Fiestas religiosas-patronales;Arequipa;Caraveli;Acarí;120;-15.427845;-74.610672;fija 07-15..07-24;;exacta;texto_ficha;La Fiesta se inicia con un novenario del 15 al 24 de Julio, una víspera con quema de fuegos artificiales y bombardas, presentación de núme;https://consultasenlinea.mincetur.gob.pe/fichaInventario/index.aspx?cod_Ficha=13074
13099;Fiesta de la Santísima Virgen de la Puerta Patrona de los Mineros;Fiestas;Fiestas religiosas-patronales;La Libertad;Santiago De Chuco;Quiruvilca;193;-8.001750305763398;-78.30993725566613;fija 07-27..08-01;07-28;exacta;texto_ficha;Actualmente la fiesta se realiza del 27 de julio al 01 de agosto, siendo 28 de julio el día central;https://consultasenlinea.mincetur.gob.pe/fichaInventario/index.aspx?cod_Ficha=13099
13118;Festival de Danzas Allinqhapaq Raymi;Eventos;Festivales;Puno;Carabaya;Macusani;181;-13.929341;-70.427244;mes 06;;aproximada;mes_texto;l festival de danzas se desarrolla en mes de junio, festejo de año nuevo andino.;https://consultasenlinea.mincetur.gob.pe/fichaInventario/index.aspx?cod_Ficha=13118
13136;Festividad de la Octava del Niño Jesús;Fiestas;Fiestas religiosas-patronales;Puno;Azangaro;Azángaro;-1;-12.65746;-76.63232;fija 01-01;;exacta;texto_ficha;El 1 de enero es el día principal de la festividad, por la mañana se inicia con la misa centr;https://consultasenlinea.mincetur.gob.pe/fichaInventario/index.aspx?cod_Ficha=13136
13138;Festividad del Señor de Exaltacion de Sani;Fiestas;Fiestas religiosas-patronales;Cusco;Paucartambo;Huancarani;83;-13.51271;-71.658125;fija 09-13..09-15;09-14;exacta;texto_ficha;Esta festividad se lleva a cabo anualmente del 13 al 15 de septiembre, con su día central el 14 de septiembre;https://consultasenlinea.mincetur.gob.pe/fichaInventario/index.aspx?cod_Ficha=13138
13148;Fiesta Costumbrista Wata Cosecha;Fiestas;Fiestas Tradicionales(Herranza, carnavales, otros);Cusco;Quispicanchi;Ocongate;227;-13.6270343;-71.388385;fija 08-13..08-16;08-15;exacta;texto_ficha;a fiesta costumbrista Wata Cosecha se celebra cada 13 al 16 de agosto de cada año en honor a la virgen Asunta, el cual inicia el día 13 de agosto con;https://consultasenlinea.mincetur.gob.pe/fichaInventario/index.aspx?cod_Ficha=13148
13150;Festividad Patronal de San Juan Bautista de Churín;Fiestas;Fiestas religiosas-patronales;Lima;Oyon;Pachangara;238;-10.811;-76.87504;fija 06-22..06-25;;exacta;texto_ficha;Se realiza del 22 al 25 de junio de cada año, en el cual se desarrolla un programa especial: Comienza el día 22;https://consultasenlinea.mincetur.gob.pe/fichaInventario/index.aspx?cod_Ficha=13150
13160;Festividad Patronal de San Pedro de Palpas;Fiestas;Fiestas religiosas-patronales;Lima;Oyon;Pachangara;5;-10.7924;-76.83364;fija 06-27..07-02;;exacta;texto_ficha;vidad patronal de San Pedro de Palpas es organizada por la comunidad el cual se elige un capitán cada año, y se realiza del 27 de junio al 02 de julio, que comprende actividades de tipo religioso, social y cultural, el cual congre;https://consultasenlinea.mincetur.gob.pe/fichaInventario/index.aspx?cod_Ficha=13160
13171;Festividad del Señor Justo Juez de Illanya;Fiestas;Fiestas religiosas-patronales;Apurímac;Abancay;Abancay;203;-13.6508682096;-72.90106558819;fija 09-14;;exacta;texto_ficha;La segunda gran festividad del Señor Justo Juez de Illanya se celebra el 14 de septiembre de cada año, en conmemoración de su aniversario patronal;https://consultasenlinea.mincetur.gob.pe/fichaInventario/index.aspx?cod_Ficha=13171
13172;Fiesta de Pascua de Uripa;Fiestas;Fiestas religiosas-patronales;Apurímac;Chincheros;Anco-Huallo;164;-13.52942691974;-73.67389798164;pascua -7..0;;aproximada;texto_movil;la celebracion de la semana santa y la pascua en todo el mundo catolico s;https://consultasenlinea.mincetur.gob.pe/fichaInventario/index.aspx?cod_Ficha=13172
13204;Escenificacion Quespiwanca Tinkuy;Artísticos;Teatro;Cusco;Urubamba;Urubamba;173;-13.29838;-72.11272;fija 11-05;;exacta;texto_ficha;Se realiza cada 5 de noviembre como parte del programa de festejos por el título de benemérita ciudad, a parti;https://consultasenlinea.mincetur.gob.pe/fichaInventario/index.aspx?cod_Ficha=13204
13222;Festividad del Señor de Torrechayoc;Fiestas;Fiestas religiosas-patronales;Cusco;Urubamba;Urubamba;173;-13.30116;-72.1181;mes 05..06;;aproximada;mes_texto;Esta festividad se desarrolla entre los meses de mayo y junio, el cual puede variar su fecha según la Semana Santa;https://consultasenlinea.mincetur.gob.pe/fichaInventario/index.aspx?cod_Ficha=13222
13224;Semana Santa en Urubamba;Fiestas;Fiestas religiosas-patronales;Cusco;Urubamba;Urubamba;173;-13.30535;-72.11591;pascua -7..0;;aproximada;nombre_movil;semana santa;https://consultasenlinea.mincetur.gob.pe/fichaInventario/index.aspx?cod_Ficha=13224
13232;Festividad del Señor de los Milagros de Huaral;Fiestas;Fiestas religiosas-patronales;Lima;Huaral;Huaral;214;-11.4953437857;-77.2071501044;fija 10-28;;exacta;texto_ficha;En la actualidad, la tradición persiste y cada 28 de octubre se lleva a cabo el tradicional concurso en conjunto con la municipalidad, en el;https://consultasenlinea.mincetur.gob.pe/fichaInventario/index.aspx?cod_Ficha=13232
13234;Fiesta de Pascua de Reyes de Huancaya;Fiestas;Fiestas religiosas-patronales;Lima;Yauyos;Huancaya;104;-12.2033688;-75.7993144;fija 01-05..01-08;;exacta;texto_ficha;e celebra los días 5 a 8 de enero de cada año, en honor a la Virgen Acepciona, conmemoración que se relaciona con;https://consultasenlinea.mincetur.gob.pe/fichaInventario/index.aspx?cod_Ficha=13234
13237;Festividad Patronal de la Virgen del Carmen de Ayarpongo;Fiestas;Fiestas religiosas-patronales;Lima;Oyon;Pachangara;238;-10.81107;-76.875;fija 07-15..07-16;;exacta;texto_ficha;Se realiza los 15 y 16 de julio de cada año, en la cual se desarrolla un programa: el día 15, un concurso de ba;https://consultasenlinea.mincetur.gob.pe/fichaInventario/index.aspx?cod_Ficha=13237
13245;Festival del Choclo;Eventos;Festivales;Cusco;Quispicanchi;Andahuaylillas;36;-13.673779;-71.677512;nesimo 02 -1 dom;;exacta;texto_ficha;ste festival costumbrista se celebra el último domingo de febrero en la Plaza de Armas del distrito de Andahuaylillas, provincia de Quispicanchi,;https://consultasenlinea.mincetur.gob.pe/fichaInventario/index.aspx?cod_Ficha=13245
13267;Carnavales de Machaguay;Fiestas;Fiestas Tradicionales(Herranza, carnavales, otros);Arequipa;Castilla;Machaguay;75;-15.650519788372904;-72.50566906204598;pascua -50..-46;;aproximada;nombre_movil;todos los anos tiene una fecha de calendario distinta, y todo depende de la fecha miercoles de ceniza. con una duracion de tres dias, se da i;https://consultasenlinea.mincetur.gob.pe/fichaInventario/index.aspx?cod_Ficha=13267
13280;Festival Pulun Huaylarsh de Chicche “Joya del Canipaco”.;Eventos;Festivales;Junín;Huancayo;Chicche;233;-12.310812;-75.34463;fija 03-18..03-19;;exacta;texto_ficha;Este festival, que se lleva a cabo los días 18 y 19 de marzo, coincide con la temporada de chacmeo o pulun paqui que significa “preparación;https://consultasenlinea.mincetur.gob.pe/fichaInventario/index.aspx?cod_Ficha=13280
13289;Negrillos de Andahuaylas;Artísticos;Danza;Apurímac;Andahuaylas;Andahuaylas;79;-13.656947;-73.389506;fija 12-24..01-25;;exacta;texto_ficha;Los Negrillos tienen lugar entre la víspera de Navidad, 24 de diciembre, hasta el 25 de enero, y su presencia es notable en los centros poblados de la;https://consultasenlinea.mincetur.gob.pe/fichaInventario/index.aspx?cod_Ficha=13289
13309;Fiesta Patronal de la Virgen Purificada de Saylla;Fiestas;Fiestas religiosas-patronales;Cusco;Cusco;Saylla;227;-13.5699647;-71.8285807;fija 02-01..02-04;02-02;exacta;texto_ficha;a Fiesta de la Virgen Purificada de Saylla se celebra desde el 01 hasta el 04 de febrero de cada año, en el Distrito de Saylla, Provincia y región del Cusco, es una de;https://consultasenlinea.mincetur.gob.pe/fichaInventario/index.aspx?cod_Ficha=13309
13327;Festividad de la Santísima Cruz de San Antonio de Padua - San Antonio;Fiestas;Fiestas religiosas-patronales;Moquegua;Mariscal Nieto;San Antonio;115;-17.210824;-70.952825;nesimo 06 1 dom;;exacta;texto_ficha;Dicha festividad es celebrada anualmente durante tres días, siendo su día central el primer domingo del mes de junio;https://consultasenlinea.mincetur.gob.pe/fichaInventario/index.aspx?cod_Ficha=13327
13330;Fiesta Patronal en Honor a Santa Maria Magdalena;Fiestas;Fiestas religiosas-patronales;Cajamarca;Cajamarca;Magdalena;67;-7.25075;-78.659255;fija 07-21;;exacta;texto_ficha;l día Central es el 21 de julio, se celebra en la Plaza de Armas del distrito de Magdalena;https://consultasenlinea.mincetur.gob.pe/fichaInventario/index.aspx?cod_Ficha=13330
13339;Navidad Chavina;Fiestas;Fiestas Tradicionales(Herranza, carnavales, otros);Áncash;Huari;Chavin de Huantar;213;-9.5887219;-77.1780119;fija 12-25;;exacta;texto_ficha;a Navidad Chavina, se celebra el 25 de diciembre en el distrito de Chavín;https://consultasenlinea.mincetur.gob.pe/fichaInventario/index.aspx?cod_Ficha=13339
13341;Danza de los Diablicos de Frías;Artísticos;Danza;Piura;Ayabaca;Frias;51;-4.931249011704;-79.94720655416;fija 11-30;;exacta;texto_ficha;Asimismo, es protagonista en la fiesta patronal del distrito, dedicada a San Andrés de Frías, que se celebra cada 30 de noviembre;https://consultasenlinea.mincetur.gob.pe/fichaInventario/index.aspx?cod_Ficha=13341
13352;Fiesta Patronal en Homenaje a San Andres de Frias;Fiestas;Fiestas religiosas-patronales;Piura;Ayabaca;Frias;51;-4.931294815505;-79.94716101257;fija 11-30;;exacta;texto_ficha;Los días donde hay mayor afluencia de feligreses y turistas en durante el día central (30 de noviembre);https://consultasenlinea.mincetur.gob.pe/fichaInventario/index.aspx?cod_Ficha=13352
13358;Festividad de la Santísima Cruz de el Puñuño;Fiestas;Fiestas religiosas-patronales;Piura;Ayabaca;Frias;51;-4.931301;-79.947049;fija 10-04;;exacta;texto_ficha;El 4 de octubre, desde muy temprano, se da inicio al día central con la tradicional quema de bo;https://consultasenlinea.mincetur.gob.pe/fichaInventario/index.aspx?cod_Ficha=13358
13362;Festividad de la Virgen de la Merced de Churín;Fiestas;Fiestas religiosas-patronales;Lima;Oyon;Pachangara;238;-10.7827211;-76.81091308;fija 09-22..09-27;;exacta;texto_ficha;ntigua provincia de Cajatambo, y en la actualidad se desarrolla en la plaza mayor de Churín y calles aledañas, desde el 22 al 27 de setiembre de cada año, comprendiendo actividades religiosas, deportivas, rituales, artíst;https://consultasenlinea.mincetur.gob.pe/fichaInventario/index.aspx?cod_Ficha=13362
13368;Festividad Patronal de San Bartolomé de Curay;Fiestas;Fiestas religiosas-patronales;Lima;Oyon;Pachangara;5;-10.84074;-76.81515;fija 08-23..08-28;;exacta;texto_ficha;Y se realiza cada año del 23 al 28 de agosto, el cual es organizada por la Comunidad Campesina de Curay por transmisión de c;https://consultasenlinea.mincetur.gob.pe/fichaInventario/index.aspx?cod_Ficha=13368
13369;Festividad Patronal de San Francisco de Huacho;Fiestas;Fiestas religiosas-patronales;Lima;Oyon;Pachangara;5;-10.7811586;-76.8144643;fija 10-04..10-05;;exacta;texto_ficha;a fiesta patronal de San Francisco de Huacho se realiza los días 4 y 5 de octubre de cada año;https://consultasenlinea.mincetur.gob.pe/fichaInventario/index.aspx?cod_Ficha=13369
13372;Festival de la Danza de los Negritos de Huánuco Huánuco de Colores;Eventos;Festivales;Huánuco;Huanuco;Amarilis;50;-9.938399429981;-76.2423944115;nesimo 01 2 dom;;exacta;texto_ficha;Desde 2022, cada segundo domingo de enero, el Coliseo cerrado 15 de Agosto del distrito de Amarilis se convierte en el es;https://consultasenlinea.mincetur.gob.pe/fichaInventario/index.aspx?cod_Ficha=13372
13376;Ritual del Agua del Agua de la Comunidad Campesina de Acain;Fiestas;Fiestas religiosas-patronales;Lima;Oyon;Pachangara;5;-10.89447;-76.79899;fija 11-10..11-12;;exacta;texto_ficha;Solo se realiza los días 10, 11 y 12 de noviembre, de cada año, utilizando cantos de harauis en quechua ligados a prácticas agríc;https://consultasenlinea.mincetur.gob.pe/fichaInventario/index.aspx?cod_Ficha=13376
13380;Festividad de la Santísima Cruz del Cerro Chalpón de Olmos;Fiestas;Fiestas religiosas-patronales;Lambayeque;Lambayeque;Olmos;135;-5.988404;-79.747041;fija 08-25;;exacta;texto_ficha;Después venía con cuadrillas de aviones cada 25 de agosto para venerar al sagrado madero;https://consultasenlinea.mincetur.gob.pe/fichaInventario/index.aspx?cod_Ficha=13380
13381;Festival del Limón y la Agroexportación;Eventos;Festivales;Lambayeque;Lambayeque;Olmos;135;-5.98756;-79.74722;fija 06-23..06-30;;exacta;texto_ficha;Por acuerdo, se dio a conocer iniciar los actos celebratorios del 23 al 30 de junio, formando parte de las celebraciones de Aniversario de la Fundación Española de;https://consultasenlinea.mincetur.gob.pe/fichaInventario/index.aspx?cod_Ficha=13381
13382;Aniversario de la Ciudad de Lima;Eventos;Festivales;Lima;Lima;Lima;31;-12.045900325835166;-77.03055815160174;fija 01-18;;exacta;texto_ficha;o, se celebra el aniversario de la ciudad capital de Perú con una serie de actividades que tienen como fecha central el 18 de enero;https://consultasenlinea.mincetur.gob.pe/fichaInventario/index.aspx?cod_Ficha=13382
13396;Fiesta Patronal en Homenaje a Cristo Rey;Fiestas;Fiestas religiosas-patronales;La Libertad;Otuzco;Mache;69;-8.030654;-78.535169;fija 08-04..08-08;;exacta;texto_ficha;Esta festividad se lleva a cabo anualmente del 4 al 8 de agosto y combina actividades religiosas, culturales, deportivas y sociales que refleja;https://consultasenlinea.mincetur.gob.pe/fichaInventario/index.aspx?cod_Ficha=13396
13398;Festival del Carnaval Machino;Fiestas;Fiestas Tradicionales(Herranza, carnavales, otros);La Libertad;Otuzco;Mache;69;-8.030336;-78.534928;pascua -50..-45;;aproximada;nombre_movil;a santa (de acuerdo al calendario bristol), considerando que el dia central es el dia siguiente al miercoles de ceniza (jueves de carnaval). incluido en el calendario turistico d;https://consultasenlinea.mincetur.gob.pe/fichaInventario/index.aspx?cod_Ficha=13398
13406;Festival del Pisco Sour;Eventos;Festivales;Lima;Lima;Lima;31;-12.046;-77.0305;nesimo 02 1 sab;;exacta;texto_ficha;e la Resolución Ministerial N° 161-2004-PRODUCE, la celebración del Día Nacional del Pisco Sour, el cual tiene lugar el primer sábado de febrero de cada año;https://consultasenlinea.mincetur.gob.pe/fichaInventario/index.aspx?cod_Ficha=13406
13410;Festividad en Honor a la Virgen de Fátima;Fiestas;Fiestas religiosas-patronales;Lima;Huaura;Sayan;168;-11.13459;-77.19157;fija 05-12..05-13;05-13;exacta;texto_ficha;El 13 de mayo, día central, la festividad continúa con el Rosario de la Aurora y la Misa de F;https://consultasenlinea.mincetur.gob.pe/fichaInventario/index.aspx?cod_Ficha=13410
13412;Feria Religiosa y Comercial del Apóstol San Pablo de Pacora;Fiestas;Fiestas religiosas-patronales;Lambayeque;Lambayeque;Pacora;25;-6.4281;-79.83908;fija 01-22..01-26;01-25..01-26;exacta;texto_ficha;Esta feria se realiza dos veces al año, del 22 al 26 de enero (Feria de Medio año), los días 25 y 26 de enero, sus días centrales, y del 19 de junio al 1 de julio (Feria de Año), con sus dí;https://consultasenlinea.mincetur.gob.pe/fichaInventario/index.aspx?cod_Ficha=13412
13414;Celebración del Año Nuevo Chino;Eventos;Otros;Lima;Lima;Lima;31;-12.05137089057;-77.02514275865;fija 01-21..02-20;;exacta;texto_ficha;En Lima, el Año Nuevo Chino se celebra entre el 21 de enero y el 20 de febrero de cada año (las fechas varían según el calendario lunar chino);https://consultasenlinea.mincetur.gob.pe/fichaInventario/index.aspx?cod_Ficha=13414
13416;Festividad en Honor al Santo Patrón de Sayán San Jerónimo;Fiestas;Fiestas religiosas-patronales;Lima;Huaura;Sayan;168;-11.13459;-77.19157;fija 09-29..09-30;09-30;exacta;texto_ficha;ad patronal en honor a San Jerónimo abarca una serie de eventos sobresalientes que comenzarán antes del día central, el 30 de septiembre;https://consultasenlinea.mincetur.gob.pe/fichaInventario/index.aspx?cod_Ficha=13416
13418;Carnaval Los Qarasacos de Huarataca;Fiestas;Fiestas Tradicionales(Herranza, carnavales, otros);Apurímac;Andahuaylas;Talavera;79;-13.5063208913;-73.45764756202;pascua -50..-46;;aproximada;nombre_movil;dia central (miercoles de ceniza): el miercoles es el dia mas esperado d;https://consultasenlinea.mincetur.gob.pe/fichaInventario/index.aspx?cod_Ficha=13418
13422;Festividad de Santa Ana de Huaycahuacho;Fiestas;Fiestas religiosas-patronales;Ayacucho;Lucanas;Santa Ana de Huaycahuacho;167;-14.22677778;-73.95716667;fija 07-26;;exacta;texto_ficha;festividad más importante y concurrida en el Distrito de Huaycahuacho por la fe en “Santa Ana”, la cual se celebra cada 26 de julio, donde participan los 4 barrios (Itoncca, Pampa, Pumaranra y Cocharcas);https://consultasenlinea.mincetur.gob.pe/fichaInventario/index.aspx?cod_Ficha=13422
13424;Carnaval de San Antonio de Cachi;Fiestas;Fiestas Tradicionales(Herranza, carnavales, otros);Apurímac;Andahuaylas;San Antonio de Cachi;79;-13.773347;-73.60316;pascua -50..-47;;aproximada;nombre_movil;carnaval;https://consultasenlinea.mincetur.gob.pe/fichaInventario/index.aspx?cod_Ficha=13424
13425;Fiesta Patronal de San Bartolomé;Fiestas;Fiestas religiosas-patronales;Cusco;Canchis;Tinta;256;-14.144995;-71.407159;fija 08-22..08-26;08-24;exacta;texto_ficha;El 24 de agosto, día central, se celebra una misa solemne en el templo San Bartolomé, un evento;https://consultasenlinea.mincetur.gob.pe/fichaInventario/index.aspx?cod_Ficha=13425
13426;Fiesta de la Virgen de las Nieves;Fiestas;Fiestas religiosas-patronales;Cusco;Canchis;Tinta;256;-14.144995;-71.407159;fija 08-04..08-06;;exacta;texto_ficha;Las festividades en homenaje a la Virgen de las Nieves se desarrollan cada año del 4 al 6 de agosto, cuando la población de Tinta baila con profunda fe y devoción;https://consultasenlinea.mincetur.gob.pe/fichaInventario/index.aspx?cod_Ficha=13426
13427;Festividad de la Santísima Virgen de Rosario de Combapata;Fiestas;Fiestas religiosas-patronales;Cusco;Canchis;Combapata;256;-14.101662;-71.429545;fija 10-06..10-09;10-07;exacta;texto_ficha;a festividad de la Santísima Virgen de Rosario se realiza en el distrito de Combapata, se lleva a cabo los días 6, 7, 8, 9 de octubre de cada año, teniendo como día central el día 7 de octubre;https://consultasenlinea.mincetur.gob.pe/fichaInventario/index.aspx?cod_Ficha=13427
13430;Tradicional Pamplonada de Pachacámac;Fiestas;Fiestas Tradicionales(Herranza, carnavales, otros);Lima;Lima;Pachacamac;31;-12.2299276406;-76.85939058676;nesimo 10 1 lun;;exacta;texto_ficha;e Pachacámac se realiza en el contexto de la Fiesta Patronal de la Santísima Virgen María del Rosario, tiene lugar cada primer lunes de octubre, luego del primer domingo del mes, y es organizado por la Hermandad de la Virge;https://consultasenlinea.mincetur.gob.pe/fichaInventario/index.aspx?cod_Ficha=13430
13431;Carnaval Amazonico de Loreto;Fiestas;Fiestas Tradicionales(Herranza, carnavales, otros);Loreto;Maynas;Iquitos;150;-3.75484;-73.25016;pascua -50..-47;;aproximada;nombre_movil;carnaval;https://consultasenlinea.mincetur.gob.pe/fichaInventario/index.aspx?cod_Ficha=13431
13432;Festividad del Señor de Pampacucho;Fiestas;Fiestas religiosas-patronales;Cusco;Canchis;Sicuani;256;-14.268205;-71.225026;fija 08-15..08-17;;exacta;texto_ficha;"ampesinas del distrito de Colcha y la Peregrinación al Santuario del Señor de Pampacucho, que tiene como días centrales del 15 al 17 de agosto y cuyo alcance trasciende incluso a la provincia de Paruro; La historia del Señ";https://consultasenlinea.mincetur.gob.pe/fichaInventario/index.aspx?cod_Ficha=13432
13440;Festividad en Honor a San Martin de Thours de Reque;Fiestas;Fiestas religiosas-patronales;Lambayeque;Chiclayo;Reque;99;-6.865331;-79.818633;mes 05;;aproximada;mes_texto;"na de las más importantes y tradicionales del distrito, que se celebra dos veces al año: la primera fiesta de medio año en el mes de mayo del 01 al 31 y; la segunda celebración es la fiesta de año en el mes de noviemb";https://consultasenlinea.mincetur.gob.pe/fichaInventario/index.aspx?cod_Ficha=13440
13443;Carnaval de San Pablo;Fiestas;Fiestas Tradicionales(Herranza, carnavales, otros);Cusco;Canchis;San Pablo;256;-14.12648;-71.18528;pascua -50..-46;;aproximada;nombre_movil;el 5 de marzo, miercoles de ceniza, se realiza el “chakra muyuy”, donde vi;https://consultasenlinea.mincetur.gob.pe/fichaInventario/index.aspx?cod_Ficha=13443
13458;Festividad Patronal en Honor al Señor de los Milagros;Fiestas;Fiestas religiosas-patronales;Lambayeque;Chiclayo;Chiclayo;99;-6.77155;-79.83889;fija 10-21..11-01;;exacta;texto_ficha;En los días centrales celebrados desde el 21 de octubre al 1° de noviembre, se desarrolla entrada de banda de músicos, misa con la presencia de autoridade;https://consultasenlinea.mincetur.gob.pe/fichaInventario/index.aspx?cod_Ficha=13458
13468;Fiesta Patronal del Señor de Mayo;Fiestas;Fiestas religiosas-patronales;Huánuco;Lauricocha;Baños;254;-10.077419;-76.734616;fija 05-03;;exacta;texto_ficha;"o de Baños y sobre la noche es la quema de los vistosos castillos ofrecidos por los barrios de Quinchas y Yanán; El día 3 de mayo es el día central de la fiesta patronal de Señor de Mayo, por ello las principa";https://consultasenlinea.mincetur.gob.pe/fichaInventario/index.aspx?cod_Ficha=13468
13486;Carnaval Costeño Pacorano Antiguo;Fiestas;Fiestas Tradicionales(Herranza, carnavales, otros);Lambayeque;Lambayeque;Pacora;25;-6.42826;-79.83911;pascua -50..-47;;aproximada;nombre_movil;carnaval;https://consultasenlinea.mincetur.gob.pe/fichaInventario/index.aspx?cod_Ficha=13486
13493;Caporalia Festividad del Niño Jesús de la Comunidad Campesina de Pachangara;Fiestas;Fiestas religiosas-patronales;Lima;Oyon;Pachangara;-1;-10.7811586;-76.8144643;fija 12-24..12-29;12-24;exacta;texto_ficha;El día 24 de diciembre por la tarde, la población se prepara para realizar la víspera del día central;https://consultasenlinea.mincetur.gob.pe/fichaInventario/index.aspx?cod_Ficha=13493
13505;Festicausa;Eventos;Festivales;Lambayeque;Ferreñafe;Ferreñafe;25;-6.63924;-79.78802;fija 07-29;;exacta;texto_ficha;El comité organizador de turno, presenta una serie de actividades previas al día central, que se desarrolla cada 29 de julio, entre las actividades que se pueden disfrutar tenemos la coronación de la Rein;https://consultasenlinea.mincetur.gob.pe/fichaInventario/index.aspx?cod_Ficha=13505
13511;Festival de la Cosecha de Arroz;Eventos;Festivales;Arequipa;Islay;Cocachacra;177;-17.09123;-71.757897;mes 05;;aproximada;mes_texto;El festival se lleva a cabo entre finales de mayo y comienzos de junio, son tres días consecutivos, es organizado por la municipa;https://consultasenlinea.mincetur.gob.pe/fichaInventario/index.aspx?cod_Ficha=13511
13517;Festividad del Rey Choclo – Comunidad Campesina de Pasac;Eventos;Festivales;Lima;Huaral;Atavillos Alto;219;-11.250934;-76.673942;fija 07-27..07-29;;exacta;texto_ficha;Se celebra del 27 al 29 de julio de cada año siendo el primer día 27 se inicia con el embanderamiento del pueblo;https://consultasenlinea.mincetur.gob.pe/fichaInventario/index.aspx?cod_Ficha=13517
13522;Fiesta del Carnaval Muquino;Fiestas;Fiestas Tradicionales(Herranza, carnavales, otros);Junín;Jauja;Muqui;33;-11.833213;-75.43444;pascua -50..-47;;aproximada;nombre_movil;carnaval;https://consultasenlinea.mincetur.gob.pe/fichaInventario/index.aspx?cod_Ficha=13522
13525;Festividad Costumbrista en Honor al Niño Jesús Centro Poblado de Parquin;Fiestas;Fiestas religiosas-patronales;Lima;Huaura;Santa Leonor;5;-10.9645371;-76.7201311;fija 12-24..12-29;;exacta;texto_ficha;nizada independientemente por las comunidades de Parquin del distrito de Santa Leonor, que tiene una duración de 6 días del 24 al 29 de diciembre siendo el 25 el día principal de la festividad, así mismo es considerada una de;https://consultasenlinea.mincetur.gob.pe/fichaInventario/index.aspx?cod_Ficha=13525
13528;Fiesta Patronal en Honor a Nuestro Patron San José;Fiestas;Fiestas religiosas-patronales;Lima;Huarochiri;Cuenca;259;-12.13223;-76.4352;fija 03-19;;exacta;texto_ficha;ada 19 de marzo se celebra en San José de los Chorrillos la festividad en honor a San José, con;https://consultasenlinea.mincetur.gob.pe/fichaInventario/index.aspx?cod_Ficha=13528
13529;Fiesta Patronal de la Santisima Virgen Natividad y San José;Fiestas;Fiestas religiosas-patronales;Lima;Huarochiri;Cuenca;259;-12.13223;-76.4352;fija 09-07..09-10;09-08;exacta;texto_ficha;El 8 de septiembre, día central dedicado a la Virgen Natividad, comienza con el albazo a las 5 a;https://consultasenlinea.mincetur.gob.pe/fichaInventario/index.aspx?cod_Ficha=13529
13533;Festividad Costumbrista de la Virgen Inmaculada Concepción;Fiestas;Fiestas religiosas-patronales;Lima;Huaura;Santa Leonor;5;-10.9593937;-76.7721659;fija 12-07..12-12;12-08;exacta;texto_ficha;El día central, 8 de diciembre, a las 6 a;https://consultasenlinea.mincetur.gob.pe/fichaInventario/index.aspx?cod_Ficha=13533
13547;Fiesta de las Cruces 3 de Mayo de Langa;Fiestas;Fiestas religiosas-patronales;Lima;Huarochiri;Langa;259;-12.1256616;-76.4212701;fija 05-03;;exacta;texto_ficha;La Fiesta de Las Cruces del 3 de mayo atrae a visitantes para ser parte de esta expresión cultural que se manifiesta;https://consultasenlinea.mincetur.gob.pe/fichaInventario/index.aspx?cod_Ficha=13547
13551;Tradicional Festividad Religiosa Patronal en Honor a la “Santisima Cruz ” de Lanchi;Fiestas;Fiestas religiosas-patronales;Lima;Huarochiri;Cuenca;259;-12.1324905;-76.4353768;fija 05-03;;exacta;texto_ficha;El día central, 3 de mayo, comienza a las 5 a;https://consultasenlinea.mincetur.gob.pe/fichaInventario/index.aspx?cod_Ficha=13551
13554;Festividad de la Virgen de la Asunción de Langa;Fiestas;Fiestas religiosas-patronales;Lima;Huarochiri;Langa;259;-12.1256616;-76.4212701;fija 08-14..08-21;;exacta;texto_ficha;Se celebra del 14 al 21 de agosto de cada año;https://consultasenlinea.mincetur.gob.pe/fichaInventario/index.aspx?cod_Ficha=13554
13558;Fiesta en Honor al Patron San Miguel Arcángel;Fiestas;Fiestas religiosas-patronales;Cajamarca;San Miguel;San Miguel;42;-7.00056;-78.85139;fija 09-17..10-01;09-29;exacta;texto_ficha;• 29 de septiembre: Día central con misa solemne, procesión y festival de danzas;https://consultasenlinea.mincetur.gob.pe/fichaInventario/index.aspx?cod_Ficha=13558
13567;Festival del Pisco y Cabalcata de Pachacámac;Eventos;Festivales;Lima;Lima;Pachacamac;31;-12.22982;-76.85929;nesimo 07 4 sab 1;;exacta;texto_ficha;l Festival del Pisco y Cabal-Cata de Pachacámac es un evento que se celebra anualmente el cuarto sábado y domingo del mes de julio, en el marco de las Fiestas Patrias y el Día Nacional del Pisco;https://consultasenlinea.mincetur.gob.pe/fichaInventario/index.aspx?cod_Ficha=13567
13571;Festividad del Señor de la Buena Muerte;Fiestas;Fiestas religiosas-patronales;Piura;Paita;Arenal;117;-4.883845524513;-81.0264173656;fija 01-20;;exacta;texto_ficha;La festividad del Señor de la Buena Muerte se celebra cada 20 de enero y, en sus inicios, estuvo organizada por una Mayordomía;https://consultasenlinea.mincetur.gob.pe/fichaInventario/index.aspx?cod_Ficha=13571
13572;Festividad de San Juan Bautista de Illimo;Fiestas;Fiestas religiosas-patronales;Lambayeque;Lambayeque;Illimo;25;-6.47385;-79.85506;fija 06-24;;exacta;texto_ficha;El 24 de junio, día central de la festividad, se celebra la Santa Misa, donde los fieles devot;https://consultasenlinea.mincetur.gob.pe/fichaInventario/index.aspx?cod_Ficha=13572
13574;Festividad del Santo Patrón San Pedro de Chancay;Fiestas;Fiestas religiosas-patronales;Lima;Huaral;Chancay;214;-11.562711;-77.269962;fija 06-29;;exacta;texto_ficha;Se celebra el 29 de junio como día central;https://consultasenlinea.mincetur.gob.pe/fichaInventario/index.aspx?cod_Ficha=13574
13577;Semana Santa en Huaral;Fiestas;Fiestas religiosas-patronales;Lima;Huaral;Huaral;214;-11.4954006;-77.2071781;pascua -7..0;;aproximada;nombre_movil;semana santa;https://consultasenlinea.mincetur.gob.pe/fichaInventario/index.aspx?cod_Ficha=13577
13580;Festival de Apertura de Temporada de Avistamiento de Ballenas;Eventos;Otros;Piura;Talara;Los Organos;85;-4.177986656156;-81.1335369224;nesimo 07 2 dom;;exacta;texto_ficha;ada segundo domingo de julio, el distrito de Los Órganos se convierte en el epicentro de la emoción y el tur;https://consultasenlinea.mincetur.gob.pe/fichaInventario/index.aspx?cod_Ficha=13580
13581;Fiesta Patronal Nuestra Señora de la Natividad - Virgen de Cocharcas;Fiestas;Fiestas religiosas-patronales;Junín;Jauja;Apata;33;-11.8550681;-75.3540238;fija 09-08;;exacta;texto_ficha;sa costumbrista, se inicia el 30 de agosto y se prolonga hasta el 13 de setiembre de cada año, siendo el día central el 8 de setiembre, donde se desarrollan diversas actividades culturales, sociales y religiosas qu;https://consultasenlinea.mincetur.gob.pe/fichaInventario/index.aspx?cod_Ficha=13581
13583;Festival de Repoblamiento de Tortugas de Agua Dulce;Eventos;Festivales;Loreto;Maynas;Iquitos;150;-3.76449;-73.25669;mes 11;;aproximada;mes_texto;De este modo, en el mes de noviembre, en el día central del “Festival de Repoblamiento de Tortugas de agua dulce”, s;https://consultasenlinea.mincetur.gob.pe/fichaInventario/index.aspx?cod_Ficha=13583
13587;La Herranza de San José, Nueva Esperanza y Chicche Auquicancha;Fiestas;Fiestas Tradicionales(Herranza, carnavales, otros);Junín;Jauja;Apata;172;-11.8233635;-75.2981336;fija 07-28..09-07;;exacta;texto_ficha;"Herranza, se practica en las estancias de los pueblos de San José, Nueva Esperanza y Chicche Auquicancha; se inicia el 28 de julio, prolongándose hasta el 7 de setiembre; representa una de las más importantes e";https://consultasenlinea.mincetur.gob.pe/fichaInventario/index.aspx?cod_Ficha=13587
13593;La Fiesta de San Juan en Tingo Maria;Fiestas;Fiestas Tradicionales(Herranza, carnavales, otros);Huánuco;Leoncio Prado;Rupa-Rupa;0;-9.301508;-76.00278686111;fija 06-22..06-24;06-24;exacta;texto_ficha;a Fiesta de San Juan en Tingo Maria, celebrada cada 24 de junio, es una de las expresiones culturales más emblemáticas y coloridas de Tingo Mar;https://consultasenlinea.mincetur.gob.pe/fichaInventario/index.aspx?cod_Ficha=13593
13594;Semana Santa en Huánuco;Fiestas;Fiestas religiosas-patronales;Huánuco;Huanuco;Huanuco;50;-9.929243643559;-76.23966693878;pascua -7..0;;aproximada;nombre_movil;semana santa;https://consultasenlinea.mincetur.gob.pe/fichaInventario/index.aspx?cod_Ficha=13594
13595;Semana Santa en Churubamba;Fiestas;Fiestas religiosas-patronales;Huánuco;Huanuco;Churubamba;170;-9.82578;-76.13401;pascua -7..0;;aproximada;nombre_movil;semana santa;https://consultasenlinea.mincetur.gob.pe/fichaInventario/index.aspx?cod_Ficha=13595
13597;Festival de los Negritos de Huánuco “La Navidad Más Grande del Mundo”;Eventos;Festivales;Huánuco;Huanuco;Huanuco;50;-9.941470745657;-76.24273538589;nesimo 01 3 dom;;exacta;texto_ficha;e la Ordenanza Regional N.º 035-2024-GRH-CR, el 5 de diciembre de 2024, ha sido institucionalizado para celebrarse cada tercer domingo de enero de cada año, dando inicio el 24 de diciembre hasta el tercer domingo de enero e;https://consultasenlinea.mincetur.gob.pe/fichaInventario/index.aspx?cod_Ficha=13597
13599;Fiesta del Sol Huánuco Pampa;Fiestas;Otros;Huánuco;Dos De Mayo;La Unión;126;-9.8740479;-76.8171989;fija 06-24;;exacta;texto_ficha;a Fiesta del Sol o Inti Raymi es una imponente representación cultural y turística que se celebra cada 24 de junio en el complejo arqueológico de Huánuco Pampa, ubicado en el distrito de La Unió;https://consultasenlinea.mincetur.gob.pe/fichaInventario/index.aspx?cod_Ficha=13599
13600;Día de la Identidad Cultural Huanuqueña;Fiestas;Fiestas Tradicionales(Herranza, carnavales, otros);Huánuco;Huanuco;Huanuco;50;-9.99049080307;-76.26708984375;fija 08-15;;exacta;texto_ficha;Esta fecha de celebración se da solo el primer viernes después del 15 de agosto y fue institucionalizado en 2016 mediante Ordenanza Regional N.º 053-2016-GRHCO;https://consultasenlinea.mincetur.gob.pe/fichaInventario/index.aspx?cod_Ficha=13600
13601;Festival de la Shacta;Eventos;Festivales;Huánuco;Huanuco;Huanuco;50;-9.92941273365;-76.23958110809;nesimo 09 2 sab;;exacta;texto_ficha;l segundo sábado de setiembre se celebra el Festival de la Shacta, mediante la Ordenanza Regional N.º 033-201;https://consultasenlinea.mincetur.gob.pe/fichaInventario/index.aspx?cod_Ficha=13601
13602;Aniversario de la Ciudad de Huánuco;Fiestas;Otros;Huánuco;Huanuco;Huanuco;50;-9.92941273365;-76.23958110809;fija 08-01..08-18;08-15;exacta;texto_ficha;El 15 de agosto, día central, se vive el momento culminante de las festividades, con el gran de;https://consultasenlinea.mincetur.gob.pe/fichaInventario/index.aspx?cod_Ficha=13602
13604;Festival Regional del Queso de Baños;Eventos;Festivales;Huánuco;Lauricocha;Baños;134;-10.077419;-76.734616;mes 09;;aproximada;mes_texto;N.º 046-2008-CR-GRH, de fecha 15 de julio del 2008, que establece Institucionalizar dicho festival y a llevarse a cabo en el mes de setiembre de todos los años, como un reconocimiento al producto ganador de varios premios;https://consultasenlinea.mincetur.gob.pe/fichaInventario/index.aspx?cod_Ficha=13604
13605;Carnaval Huanuqueño;Fiestas;Fiestas Tradicionales(Herranza, carnavales, otros);Huánuco;Huanuco;Huanuco;50;-9.929602959905;-76.23973131179;pascua -50..-47;;aproximada;nombre_movil;carnaval;https://consultasenlinea.mincetur.gob.pe/fichaInventario/index.aspx?cod_Ficha=13605
13606;Señor de Chacos San Rafael;Fiestas;Fiestas religiosas-patronales;Huánuco;Ambo;San Rafael;22;-10.3594388;-76.169074;fija 05-01..05-06;05-03;exacta;texto_ficha;La Fiesta del Señor de Chacos, celebrada con fervor del 1 al 6 de mayo, siendo el 3 de mayo el día central, este evento reúne a miles de devotos de diferentes partes del P;https://consultasenlinea.mincetur.gob.pe/fichaInventario/index.aspx?cod_Ficha=13606
13608;Aniversario de la Ciudad de Tingo María;Fiestas;Otros;Huánuco;Leoncio Prado;Rupa-Rupa;0;-9.2983713;-76.0003034;fija 10-15;;exacta;texto_ficha;ada 15 de octubre, Tingo María celebra con gran orgullo el aniversario de su fundación política,;https://consultasenlinea.mincetur.gob.pe/fichaInventario/index.aspx?cod_Ficha=13608
13609;Festival Folclórica de Huamalies;Artísticos;Danza;Huánuco;Huamalies;Llata;8;-9.550031967745;-76.81554427889;fija 07-22..08-02;;exacta;texto_ficha;Se celebra anualmente entre el 22 de julio y el 2 de agosto, coincidiendo con las celebraciones por las Fiestas Patrias del Perú y la festi;https://consultasenlinea.mincetur.gob.pe/fichaInventario/index.aspx?cod_Ficha=13609
13613;Aniversario de la Provincia de Puerto Inca;Eventos;Otros;Huánuco;Puerto Inca;Puerto Inca;183;-9.3965671;-75.143911;fija 11-19;;exacta;texto_ficha;"El día central, se lleva a cabo el 19 de noviembre, comienza con el tradicional camaretazo en la Plaza de Armas; se lleva a cabo l";https://consultasenlinea.mincetur.gob.pe/fichaInventario/index.aspx?cod_Ficha=13613
13635;Fiesta Patronal San Juan Bautista;Fiestas;Fiestas religiosas-patronales;Cajamarca;Chota;Chota;92;-6.55;-78.65;fija 06-13..06-28;;exacta;texto_ficha;ta patronal de San Juan Bautista en Chota, región Cajamarca, es una tradición religiosa patronal chotana que se celebra del 13 al 28 de junio de cada año;https://consultasenlinea.mincetur.gob.pe/fichaInventario/index.aspx?cod_Ficha=13635
13641;Fiesta Patronal de San Pedro Pescador;Fiestas;Fiestas religiosas-patronales;Loreto;Maynas;Punchana;245;-3.704106522062;-73.24870358153;fija 06-18..06-29;06-29;exacta;texto_ficha;Se realiza cada 29 de junio en honor a San Pedro, patrón de los pescadores, figura clave para las comunidad;https://consultasenlinea.mincetur.gob.pe/fichaInventario/index.aspx?cod_Ficha=13641
13647;Aniversario del Distrito de San Juan de Miraflores;Eventos;Festivales;Lima;Lima;San Juan de Miraflores;31;-12.16283;-76.96327;fija 01-12;;exacta;texto_ficha;er gobierno del Presidente Fernando Belaunde, mediante Ley Nº 15382, el distrito de San Juan de Miraflores celebra cada 12 de enero su aniversario de creación con actividades programadas donde participan organiz;https://consultasenlinea.mincetur.gob.pe/fichaInventario/index.aspx?cod_Ficha=13647
13660;Semana Santa de Churín;Fiestas;Fiestas religiosas-patronales;Lima;Oyon;Pachangara;238;-10.8112779;-76.8750748;pascua -7..0;;aproximada;nombre_movil;semana santa;https://consultasenlinea.mincetur.gob.pe/fichaInventario/index.aspx?cod_Ficha=13660
13670;Festival Apícola de Illimo;Eventos;Festivales;Lambayeque;Lambayeque;Illimo;25;-6.47385;-79.85506;fija 11-22;;exacta;texto_ficha;Apicultores de Illimo, en el marco del aniversario de creación política del distrito de Illimo, cuyo día central es el 22 de noviembre;https://consultasenlinea.mincetur.gob.pe/fichaInventario/index.aspx?cod_Ficha=13670
13673;Fiesta de Amancaes;Eventos;Festivales;Lima;Lima;Lima;31;-12.045945108876731;-77.03052863501058;fija 06-24;;exacta;texto_ficha;La festividad se desarrolla durante tres días, siendo el 24 de junio su día central;https://consultasenlinea.mincetur.gob.pe/fichaInventario/index.aspx?cod_Ficha=13673
13717;Festival Gastronómico del Cuy en el Distrito de Carmen Alto;Eventos;Festivales;Ayacucho;Huamanga;Carmen Alto;98;-13.175645867549088;-74.22477006912233;nesimo 10 2 vie;;exacta;texto_ficha;Festival Gastronómico del Cuy en el distrito de Carmen Alto, provincia de Huamanga, región Ayacucho, se desarrolla cada segundo viernes del mes de octubre de todos los años, conforme a lo declarado por la Resolución Ministerial N.º 03;https://consultasenlinea.mincetur.gob.pe/fichaInventario/index.aspx?cod_Ficha=13717
13719;Fiesta Tradicional de Toro Velay y Pascua Toro;Fiestas;Fiestas Tradicionales(Herranza, carnavales, otros);Ayacucho;Huamanga;Carmen Alto;98;-13.189392955398787;-74.22472715377809;pascua -7..0;;aproximada;texto_movil;l “toro velay” y “pascua toro” es un elemento cultural de la fiesta religiosa pascua de resurreccion de la semana santa ayacuchana, exactamente el viernes sant;https://consultasenlinea.mincetur.gob.pe/fichaInventario/index.aspx?cod_Ficha=13719
13729;La Fiesta del Agua / Farich Lap;Eventos;Festivales;Lambayeque;Chiclayo;Chiclayo;99;-6.77166;-79.83876;;;por_confirmar;;;https://consultasenlinea.mincetur.gob.pe/fichaInventario/index.aspx?cod_Ficha=13729
13732;Festividad de la Mayordomía en Honor al Señor Ánimas de Paca;Fiestas;Fiestas religiosas-patronales;Junín;Jauja;Paca;172;-11.7089591;-75.5183511;pascua -50..-47;;aproximada;texto_movil;"empieza con dos dias de vispera, la primera se da el domingo previo al “jueves de comadres” y es donde se realiza el ancestral “lavado de mote” en las orillas del rio mayupata, momento propicio para que los nueve mayordomos junto a sus comitivas se mojen en una ludica vispera del carnaval; para luego al dia siguiente pasar a la";https://consultasenlinea.mincetur.gob.pe/fichaInventario/index.aspx?cod_Ficha=13732
13743;Festividad de la Santísima Cruz del Camal;Fiestas;Fiestas religiosas-patronales;Lambayeque;Lambayeque;Jayanca;135;-6.39216;-79.82275;fija 05-24..05-26;05-25;exacta;texto_ficha;a festividad se celebra en el distrito de Jayanca entre los días 24 al 26 de mayo, siendo el 25 de mayo el día central y es un momento significativo para los habitantes de la zona qui;https://consultasenlinea.mincetur.gob.pe/fichaInventario/index.aspx?cod_Ficha=13743
13746;Festival del Charquikanka;Eventos;Festivales;Ayacucho;Huamanga;Carmen Alto;98;-13.175938366822583;-74.22514557838441;fija 07-26..07-28;;exacta;texto_ficha;El festival del Charquikanka se desarrolla en el Estadio Municipal de Carmen Alto, los días 26, 27 y 28 de julio de cada año que coincide con la celebración de las fiestas patrias de la indepe;https://consultasenlinea.mincetur.gob.pe/fichaInventario/index.aspx?cod_Ficha=13746
13753;Festividad en Honor a la Venerada Madre Santa Ana;Fiestas;Fiestas religiosas-patronales;Pasco;Daniel Alcides Carrion;Santa Ana de Tusi;204;-10.472355311758946;-76.35367020961554;fija 07-24..07-29;;exacta;texto_ficha;en honor a la Venerada Madre Santa Ana se desarrolla en el Distrito de Santa Ana de Tusi, teniendo como fechas festivas desde el 24 hasta el 29 de Julio de cada año;https://consultasenlinea.mincetur.gob.pe/fichaInventario/index.aspx?cod_Ficha=13753
13757;Festival de la Vendimia de Cachipampa;Eventos;Festivales;Áncash;Casma;Yautan;37;-9.5163117;-78.0525753;mes 06;;aproximada;mes_texto;te en el centro poblado de Cachipampa, ubicado en el distrito de Yaután, esta celebración comprende 2 días y se realiza en el mes de junio, este evento es la relación simbiótica entre clima, cultura y comunidad y repre;https://consultasenlinea.mincetur.gob.pe/fichaInventario/index.aspx?cod_Ficha=13757
13775;Festividad Dulce Nombre de Jesús;Fiestas;Fiestas religiosas-patronales;Cajamarca;Cajamarca;Jesús;149;-7.2490307;-78.3795503;nesimo 01 3 dom;;exacta;texto_ficha;vidad en honor al “Dulce Nombre de Jesús”, conocida como “Zarquito” por los Jesuenses y devotos, se celebra cada año el tercer domingo de enero, marcando así una de las primeras celebraciones del calendario distrital;https://consultasenlinea.mincetur.gob.pe/fichaInventario/index.aspx?cod_Ficha=13775
13778;Akshu Tatay de Pucará;Fiestas;Fiestas Tradicionales(Herranza, carnavales, otros);Junín;Huancayo;Pucara;226;-12.1723568;-75.1453884;mes 02;;aproximada;mes_texto;"cultivo y la fertilidad de la tierra; tiene sus raíces en las prácticas agrícolas ancestrales de la región; se realiza durante el mes de febrero, cuando las lluvias son intensas y las plantas de papa están en plena floración";https://consultasenlinea.mincetur.gob.pe/fichaInventario/index.aspx?cod_Ficha=13778
13804;Feria Internacional en Honor al Señor del Costado - Santa Cruz;Eventos;Ferias (no Artesanales);Cajamarca;Santa Cruz;Santa Cruz;166;-6.626045;-78.944335;fija 09-24..09-26;;exacta;texto_ficha;Luego, entre el 24 y el 26 de septiembre se lleva a cabo la feria artesanal, agropecuaria, folclórica, Gastronómica y tu;https://consultasenlinea.mincetur.gob.pe/fichaInventario/index.aspx?cod_Ficha=13804
13815;Aniversario del Distrito de Pítipo;Fiestas;Otros;Lambayeque;Ferreñafe;Pitipo;25;-6.564684955938657;-79.7809825836214;fija 02-17;;exacta;texto_ficha;Es por ello, que desde esa fecha la Municipalidad Distrital de Pítipo celebra la fiesta de aniversario cada 17 de Febrero, para lo cual programa una serie de actividades, dando inicio con la elección d;https://consultasenlinea.mincetur.gob.pe/fichaInventario/index.aspx?cod_Ficha=13815
13816;Tinkuy Carnaval de Ccatcca;Fiestas;Fiestas Tradicionales(Herranza, carnavales, otros);Cusco;Quispicanchi;Ccatca;83;-13.605077;-71.563567;pascua -50..-47;;aproximada;nombre_movil;carnaval;https://consultasenlinea.mincetur.gob.pe/fichaInventario/index.aspx?cod_Ficha=13816
13826;Festival Gastronómico de San Juan de Miraflores;Eventos;Festivales;Lima;Lima;San Juan de Miraflores;31;-12.16283;-76.96327;fija 07-27..07-28;;exacta;texto_ficha;Miraflores tiene lugar la cuarta semana de julio, en el marco de las celebraciones de fiestas patrias, durante los días 27 y 28 de julio, donde se destacan la preparación, venta y consumo de platos y dulces típicos q;https://consultasenlinea.mincetur.gob.pe/fichaInventario/index.aspx?cod_Ficha=13826
13827;Festival del Pisco;Eventos;Festivales;Lima;Lima;Lima;31;-12.046025551971953;-77.03055366874311;nesimo 07 4 dom;;exacta;texto_ficha;En este contexto, la Municipalidad Metropolitana de Lima organiza, promueve y celebra el Festival del Pisco, cada cuarto domingo de julio, con el objetivo de difundir y promover nuestra bebida bandera y patrimonio tur;https://consultasenlinea.mincetur.gob.pe/fichaInventario/index.aspx?cod_Ficha=13827
13836;Carnaval Chavino;Fiestas;Fiestas Tradicionales(Herranza, carnavales, otros);Áncash;Huari;Chavin de Huantar;213;-9.588662;-77.177908;pascua -50..-47;;aproximada;nombre_movil;carnaval;https://consultasenlinea.mincetur.gob.pe/fichaInventario/index.aspx?cod_Ficha=13836
13841;Semana Santa en Castilla;Fiestas;Fiestas religiosas-patronales;Piura;Piura;Castilla;218;-5.202715453522994;-80.61824426055524;pascua -7..0;;aproximada;nombre_movil;semana santa;https://consultasenlinea.mincetur.gob.pe/fichaInventario/index.aspx?cod_Ficha=13841
13852;Festival de la Vendimia Sayán;Eventos;Festivales;Lima;Huaura;Sayan;168;-11.1334544;-77.1933953;fija 03-29..03-30;;exacta;texto_ficha;El evento se desarrolló los días 29 y 30 de marzo en la emblemática Plaza de Armas de Sayán, y reunió a locales y visitantes en t;https://consultasenlinea.mincetur.gob.pe/fichaInventario/index.aspx?cod_Ficha=13852
13853;Fiesta Patronal Santísimo Santiago de Carampoma;Fiestas;Fiestas religiosas-patronales;Lima;Huarochiri;Carampoma;217;-11.65595;-76.51682;fija 07-22..07-28;;aproximada;texto_ficha;Las actividades inician cada año en la cuarta semana del mes de julio, La programación se inicia el día veinticuatro de julio, a las cinco horas se a;https://consultasenlinea.mincetur.gob.pe/fichaInventario/index.aspx?cod_Ficha=13853
13854;Festividad Patronal de la Virgen Maria Magdalena de la Comunidad Campesina de Pachangara;Fiestas;Fiestas religiosas-patronales;Lima;Oyon;Pachangara;-1;-10.7811586;-76.8144643;fija 07-21..07-26;07-22;exacta;texto_ficha;El día 22 de julio es el día central, se inicia a las 7.00 a.m;https://consultasenlinea.mincetur.gob.pe/fichaInventario/index.aspx?cod_Ficha=13854
13855;Festival de la Naranja;Eventos;Festivales;Lima;Huaura;Sayan;168;-11.1334544;-77.1933953;fija 08-27..09-01;;exacta;texto_ficha;En su edición 2024, desarrollada del 27 de agosto al 1 de septiembre, ofreció un programa variado con actividades culturales, técnicas, gastronómica;https://consultasenlinea.mincetur.gob.pe/fichaInventario/index.aspx?cod_Ficha=13855
13859;Festival Apícola de Sayán;Eventos;Festivales;Lima;Huaura;Sayan;168;-11.1334544;-77.1933953;mes 05;;aproximada;mes_texto;l Festival Apícola de Sayán es un evento anual que se celebra tradicionalmente a fines de mayo en la emblemática Plaza de Armas del distrito de Sayán, en la provincia de Huau;https://consultasenlinea.mincetur.gob.pe/fichaInventario/index.aspx?cod_Ficha=13859
13861;Festival Gastronómico Irrigación Santa Rosa;Eventos;Festivales;Lima;Huaura;Sayan;168;-11.1334544;-77.1933953;nesimo 10 -1 dom;;exacta;texto_ficha;l Festival Gastronómico de Irrigación Santa Rosa, celebrado cada año el último domingo de octubre en el Centro Poblado 9 de Octubre, distrito de Sayán, se ha consolidado como un;https://consultasenlinea.mincetur.gob.pe/fichaInventario/index.aspx?cod_Ficha=13861
13872;Ceremonia de Ofrenda a la Pachamama en el Qhapaq Ñan de Ayarpongo;Eventos;Otros;Lima;Oyon;Pachangara;238;-10.79879;-76.87812;fija 06-23;;exacta;texto_ficha;Oyón fue abierto al público en junio del 2015, por lo que cada año se realizan actividades de acuerdo a un programa: el 23 de junio se brinda un taller sobre el Qhapaq Ñan dirigido al público en general ofrecido;https://consultasenlinea.mincetur.gob.pe/fichaInventario/index.aspx?cod_Ficha=13872
13873;Festividad Patronal de San Pablo de Acaín;Fiestas;Fiestas religiosas-patronales;Lima;Oyon;Pachangara;5;-10.893663;-76.800208;fija 06-30..07-01;;exacta;texto_ficha;Se realiza solo dos días, el 30 de junio y el 1 de julio de cada año;https://consultasenlinea.mincetur.gob.pe/fichaInventario/index.aspx?cod_Ficha=13873
13877;Festival del Conejo en Rocoto;Eventos;Festivales;Lima;Huaura;Sayan;168;-11.1334544;-77.1933953;nesimo 06 -1 sab;;exacta;texto_ficha;Institucionalizado para celebrarse el último sábado del mes de junio de cada año, es organizado por la Asociación de Restaurantes y Afines de Sayán,;https://consultasenlinea.mincetur.gob.pe/fichaInventario/index.aspx?cod_Ficha=13877
13889;La Herranza de Pasco;Fiestas;Fiestas Tradicionales(Herranza, carnavales, otros);Pasco;Pasco;Simon Bolívar;204;-10.703781169520775;-76.31150722503664;mes 12..02;;aproximada;mes_texto;En Pasco, este ritual se celebra principalmente entre los meses de diciembre y febrero, coincidiendo con el ciclo de reproducción de los camélidos;https://consultasenlinea.mincetur.gob.pe/fichaInventario/index.aspx?cod_Ficha=13889
13892;El Lishtay;Fiestas;Fiestas Tradicionales(Herranza, carnavales, otros);Pasco;Daniel Alcides Carrion;Tapuc;204;-10.455116957904153;-76.46159291267395;fija 02-15..02-21;;aproximada;texto_ficha;El Lishtay tiene como fecha principal el domingo de carnaval y suele darse en la tercera semana de febrero;https://consultasenlinea.mincetur.gob.pe/fichaInventario/index.aspx?cod_Ficha=13892
13914;Festividad de San Pedro de Pucusana;Fiestas;Fiestas religiosas-patronales;Lima;Lima;Pucusana;199;-12.48159802318634;-76.79778086487204;fija 06-29;;exacta;texto_ficha;la Fiesta Patronal de San Pedro es la festividad más representativa del distrito de Pucusana, tiene como día central el 29 de junio, fecha en que se rinde homenaje al santo patrono de los pescadores;https://consultasenlinea.mincetur.gob.pe/fichaInventario/index.aspx?cod_Ficha=13914
13921;Carnaval de Cupisa;Fiestas;Fiestas Tradicionales(Herranza, carnavales, otros);Apurímac;Andahuaylas;San Jerónimo;79;-13.65207550981;-73.36652755737;pascua -50..-46;;aproximada;nombre_movil;marzo, en la semana previa al inicio de la cuaresma, comenzando el martes de carnaval y extendiendose hasta despues del miercoles de ceniza esta festividad tiene raices ancestrale;https://consultasenlinea.mincetur.gob.pe/fichaInventario/index.aspx?cod_Ficha=13921
13924;Semana Santa de Lahuaytambo;Fiestas;Fiestas religiosas-patronales;Lima;Huarochiri;Lahuaytambo;259;-12.0974215;-76.399537;pascua -7..0;;aproximada;nombre_movil;semana santa;https://consultasenlinea.mincetur.gob.pe/fichaInventario/index.aspx?cod_Ficha=13924
13929;Fiesta de la Virgen del Rosario de Uñon;Fiestas;Fiestas religiosas-patronales;Arequipa;Castilla;Uñon;75;-15.72768;-72.432369;fija 10-08..10-14;;aproximada;texto_ficha;a Festividad de la Virgen del Rosario del Santuario de Uñón, se celebra cada segunda semana del mes de octubre (del 10 al 13) en la provincia de Castilla, a seis horas de la ciudad de Arequi;https://consultasenlinea.mincetur.gob.pe/fichaInventario/index.aspx?cod_Ficha=13929
13932;Fiesta Patronal Señor de Cuasimodo;Fiestas;Fiestas religiosas-patronales;Ayacucho;Huamanga;Carmen Alto;98;-13.17581301003389;-74.22637939453126;pascua 7;;aproximada;nombre_movil;cuasimodo;https://consultasenlinea.mincetur.gob.pe/fichaInventario/index.aspx?cod_Ficha=13932
13935;Festival Regional del Mango de Yapatera;Eventos;Festivales;Piura;Morropon;Chulucanas;60;-5.061357660467;-80.13877090037;fija 02-15;;exacta;texto_ficha;Curtis, comunicación personal, 15 de febrero 2025);https://consultasenlinea.mincetur.gob.pe/fichaInventario/index.aspx?cod_Ficha=13935
13938;Festividad de la Virgen del Tránsito;Fiestas;Fiestas religiosas-patronales;Piura;Piura;Castilla;218;-5.201612649769263;-80.62240934385046;fija 08-06..08-15;08-15;exacta;texto_ficha;El día central, 15 de agosto, representa el punto culminante de la festividad;https://consultasenlinea.mincetur.gob.pe/fichaInventario/index.aspx?cod_Ficha=13938
13939;Travesía en Nado de Aguas Abiertas;Eventos;Otros;Piura;Talara;Los Organos;85;-4.1755556;-81.1294444;nesimo 09 -1 sab;;exacta;texto_ficha;ada último sábado de septiembre, las aguas cristalinas del Pacífico en Playa Vichayito, en el distrito de Los Ó;https://consultasenlinea.mincetur.gob.pe/fichaInventario/index.aspx?cod_Ficha=13939
13941;Festividad Religiosa de la Virgen del Carmen;Fiestas;Fiestas religiosas-patronales;Ayacucho;Huamanga;Carmen Alto;98;-13.175823456435417;-74.22634720802309;fija 07-16;;exacta;texto_ficha;"a Virgen del Carmen, patrona del distrito del mismo nombre, en la provincia de Huamanga, región Ayacucho, se celebra el 16 de julio de todos los años; su organización está cargo del mayordomo, once novenantes, e";https://consultasenlinea.mincetur.gob.pe/fichaInventario/index.aspx?cod_Ficha=13941
13964;Festividad Ancestral del Takanacuy-Tinkunacuy;Fiestas;Fiestas Tradicionales(Herranza, carnavales, otros);Junín;Jauja;Huertas;172;-11.7563781;-75.478842;pascua -50..-47;;aproximada;texto_movil;l dia en que se realiza esta festividad coincide con el ingreso del “no carnavalon” que se realiza en tarma, huancayo y;https://consultasenlinea.mincetur.gob.pe/fichaInventario/index.aspx?cod_Ficha=13964
13970;Marcona Wind Trail;Eventos;Deportivos;Ica;Nazca;Marcona;146;-15.437795920240932;-75.17395019531251;mes 11;;aproximada;mes_texto;El Marcona Wind Trail se desarrolla una vez al año, durante el mes de noviembre, en una sola jornada que inicia de madrugada con las distancias más largas y co;https://consultasenlinea.mincetur.gob.pe/fichaInventario/index.aspx?cod_Ficha=13970
13971;Fiesta Patronal Virgen de los Remedios;Fiestas;Fiestas religiosas-patronales;San Martín;San Martin;La Banda de Shilcayo;21;-6.49054;-76.35435;fija 09-15;;exacta;texto_ficha;Albazo, el pueblo despierta al son de las bandas típicas y comienza un ciclo de celebraciones que se extiende hasta el 15 de septiembre, día central en honor a la Virgen;https://consultasenlinea.mincetur.gob.pe/fichaInventario/index.aspx?cod_Ficha=13971
13973;Festividad del Señor de Exaltación de Tamburco;Fiestas;Fiestas religiosas-patronales;Apurímac;Abancay;Tamburco;203;-13.62157106691;-72.87327162818;fija 09-14;;exacta;texto_ficha;al distrito de Tamburco, donde se consolidó como su patrono espiritual, y desde entonces, la festividad se celebra cada 14 de septiembre con profundo fervor religioso y tradición popular;https://consultasenlinea.mincetur.gob.pe/fichaInventario/index.aspx?cod_Ficha=13973
13974;Festividad de la Virgen de Rosario;Fiestas;Fiestas religiosas-patronales;Apurímac;Abancay;Abancay;203;-13.63738956109;-72.87845822232;fija 10-07;;exacta;texto_ficha;Esta festividad, de profunda devoción popular, se celebra durante el mes de octubre, teniendo como fecha central el 7 de octubre, día en que se rinde homenaje a la Virgen del Rosario, considerada protectora d;https://consultasenlinea.mincetur.gob.pe/fichaInventario/index.aspx?cod_Ficha=13974
14002;Carnaval de las Comunidades Campesinas de Huancabamba, Checcche, Huaraccopata y Ñahuinpuquio;Fiestas;Fiestas Tradicionales(Herranza, carnavales, otros);Apurímac;Andahuaylas;José María Arguedas;79;-13.73361215488;-73.35032843768;pascua -50..-47;;aproximada;nombre_movil;carnaval;https://consultasenlinea.mincetur.gob.pe/fichaInventario/index.aspx?cod_Ficha=14002
14003;Carnaval de la Comunidad Campesiona de Huinchos - Pataccocha;Fiestas;Fiestas Tradicionales(Herranza, carnavales, otros);Apurímac;Andahuaylas;Andahuaylas;79;-13.71451495428;-73.3484601805;pascua -50..-47;;aproximada;nombre_movil;carnaval;https://consultasenlinea.mincetur.gob.pe/fichaInventario/index.aspx?cod_Ficha=14003
14004;Carnaval de Turpo;Fiestas;Fiestas Tradicionales(Herranza, carnavales, otros);Apurímac;Andahuaylas;Turpo;79;-13.78547896047;-73.47409855643;pascua -50..-47;;aproximada;nombre_movil;carnaval;https://consultasenlinea.mincetur.gob.pe/fichaInventario/index.aspx?cod_Ficha=14004
14009;Festival de Yuntas con Arado en Honor a San Isidro Labrador;Eventos;Festivales;La Libertad;Sanchez Carrion;Chugay;193;-7.7818;-77.86862;fija 05-01..05-16;05-14;exacta;texto_ficha;l Festival de Yuntas con Arado se celebra cada año del 1 al 16 de mayo en el distrito de Chugay, provincia de Sánchez Carrión, en honor a San Isidro L;https://consultasenlinea.mincetur.gob.pe/fichaInventario/index.aspx?cod_Ficha=14009
14020;Aniversario de la Provincia de Huaral;Eventos;Festivales;Lima;Huaral;Huaral;214;-11.4946921572;-77.20569389836;fija 05-11;;exacta;texto_ficha;ada 11 de mayo, desde el año 1976, la provincia de Huaral celebra su aniversario de creación p;https://consultasenlinea.mincetur.gob.pe/fichaInventario/index.aspx?cod_Ficha=14020
14025;Dia de la Amazonia Peruana y Descubrimiento del Rio Amazonas;Eventos;Otros;Loreto;Maynas;Iquitos;150;-3.74729;-73.24237;fija 02-12;;exacta;texto_ficha;l Día de la Amazonía Peruana se celebra cada 12 de febrero, donde se conmemora la inmensa biodiversidad de la selva y el hito histórico de;https://consultasenlinea.mincetur.gob.pe/fichaInventario/index.aspx?cod_Ficha=14025
14038;Aniversario del Galardón del Río Amazonas Como Maravilla Natural del Mundo;Eventos;Otros;Loreto;Maynas;Iquitos;245;-3.71661;-73.23841;fija 08-13;;exacta;texto_ficha;También las fechas y duración se centran en el 13 de agosto de cada año, con actividades que se extienden generalmente por tres días (del 1;https://consultasenlinea.mincetur.gob.pe/fichaInventario/index.aspx?cod_Ficha=14038
14046;Festival del Mijano;Fiestas;Fiestas Tradicionales(Herranza, carnavales, otros);San Martín;Picota;Picota;47;-6.9197653;-76.330626;fija 06-23..06-29;06-29;exacta;texto_ficha;Se realiza todos los años del 23 al 29 de junio, teniendo como día central el 29 de junio, en honor a los cardúmenes de peces (;https://consultasenlinea.mincetur.gob.pe/fichaInventario/index.aspx?cod_Ficha=14046
14047;Fiesta Patronal Virgen del Perpetuo Socorro;Fiestas;Fiestas religiosas-patronales;San Martín;Picota;Picota;47;-6.9197653;-76.330626;fija 10-01..10-12;;exacta;texto_ficha;La fiesta “Virgen del Perpetuo Socorro” es una fiesta patronal-religiosa de la ciudad de Picota, que se celebra del 01 al 12 de octubre de cada año;https://consultasenlinea.mincetur.gob.pe/fichaInventario/index.aspx?cod_Ficha=14047
14050;Fiesta Patronal de Santa Clara - San Juan Bautista;Fiestas;Fiestas religiosas-patronales;Loreto;Maynas;San Juan Bautista;150;-3.78482;-73.33919;fija 08-08;;exacta;texto_ficha;"centro de alegría, color y fervor; asimismo, en cuanto a las fechas y duración, la festividad se celebra anualmente el 08 de agosto, extendiéndose por más de cinco días (del 04 al 08), siendo el día central el m";https://consultasenlinea.mincetur.gob.pe/fichaInventario/index.aspx?cod_Ficha=14050
14053;Herranza en la Comunidad Campesina de Vinchos;Fiestas;Fiestas Tradicionales(Herranza, carnavales, otros);Ayacucho;Huamanga;Vinchos;98;-13.242566;-74.355262;;;por_confirmar;;;https://consultasenlinea.mincetur.gob.pe/fichaInventario/index.aspx?cod_Ficha=14053
14061;Festividades de la Virgen del Rosario - Patrona de Jauja;Fiestas;Fiestas religiosas-patronales;Junín;Jauja;Jauja;172;-11.77515;-75.50058;nesimo 10 1 dom;;exacta;texto_ficha;as fechas festivas son de carácter movible, ya que se determinan a partir del primer domingo de octubre de cada año, considerado como el día central de la celebración;https://consultasenlinea.mincetur.gob.pe/fichaInventario/index.aspx?cod_Ficha=14061
14069;Aniversario Fundación del Puerto Fluvial de Iquitos sobre el Río Amazonas;Fiestas;Otros;Loreto;Maynas;Iquitos;150;-3.7491;-73.2445;fija 01-02..01-05;;exacta;texto_ficha;Asimismo, la festividad se extiende por un período de 3 a 4 días en torno a la fecha central (02 al 05 enero);https://consultasenlinea.mincetur.gob.pe/fichaInventario/index.aspx?cod_Ficha=14069
14071;Festival del Camu Camu;Eventos;Festivales;Loreto;Maynas;Iquitos;150;-3.74923;-73.24362;fija 11-13..11-15;;exacta;texto_ficha;"ica de la selva y una vía para probar sabores únicos y saludables; además, las fechas y duración se centran en los días 13, 14 y 15 de noviembre de cada año.";https://consultasenlinea.mincetur.gob.pe/fichaInventario/index.aspx?cod_Ficha=14071
14079;Festividad Patronal de la Virgen del Carmen Machupicchu;Fiestas;Fiestas religiosas-patronales;Cusco;Urubamba;Machupicchu;4;-13.15494;-72.524228;fija 07-15..07-17;07-16;exacta;texto_ficha;amente arraigada en la identidad del distrito, que se realiza cada año en el mes de julio, teniendo como día central el 16 de julio;https://consultasenlinea.mincetur.gob.pe/fichaInventario/index.aspx?cod_Ficha=14079
14093;La Herranza Junina;Fiestas;Fiestas Tradicionales(Herranza, carnavales, otros);Junín;Junín;Junín;261;-11.1612418;-75.9979764;pascua -50..-47;;aproximada;texto_movil;se celebra en fechas movibles, entre febrero y marzo, coincidiendo con los carnavales. su origen se remonta a los ritos pre;https://consultasenlinea.mincetur.gob.pe/fichaInventario/index.aspx?cod_Ficha=14093
14111;Escenificación del Juramento de los Tres Ríos;Eventos;Otros;La Libertad;Santiago De Chuco;Cachicadan;234;-8.09465;-78.14892;fija 07-07;;exacta;texto_ficha;¡VIVA EL PERÚ!” La ceremonia se realiza cada 7 de julio en la pampa de Tres Ríos;https://consultasenlinea.mincetur.gob.pe/fichaInventario/index.aspx?cod_Ficha=14111
14114;Semana Santa Sicaina;Fiestas;Fiestas religiosas-patronales;Junín;Huancayo;Sicaya;33;-12.0141506;-75.279885;pascua -7..0;;aproximada;nombre_movil;semana santa;https://consultasenlinea.mincetur.gob.pe/fichaInventario/index.aspx?cod_Ficha=14114
14124;Fiestas Patronales de Surco;Fiestas;Fiestas religiosas-patronales;Lima;Huarochiri;Surco;53;-11.88384;-76.44022;fija 09-28..10-04;10-03;exacta;texto_ficha;El 3 de octubre, día central, se celebra la santa misa en su honor y se lleva a cabo el tradici;https://consultasenlinea.mincetur.gob.pe/fichaInventario/index.aspx?cod_Ficha=14124
14125;Festividad de las Santísimas Cruces de Surco;Fiestas;Fiestas religiosas-patronales;Lima;Huarochiri;Surco;53;-11.88384;-76.44022;nesimo 06 1 sab;;exacta;texto_ficha;Así también es celebrada la Santísima Cruz de Lúcumo y Santísima Cruz de la Lechera, que tiene lugar cada primer sábado de junio, realizando actividades religiosas;https://consultasenlinea.mincetur.gob.pe/fichaInventario/index.aspx?cod_Ficha=14125
14132;Torneo de Cintas a Caballo;Artísticos;Otros;Huánuco;Puerto Inca;Puerto Inca;183;-9.37942;-74.96592;fija 11-18;;exacta;texto_ficha;El evento se celebra durante el aniversario de creación política de Puerto Inca el 18 de noviembre desde el 2007 que se volvió a incentivar esta tradición;https://consultasenlinea.mincetur.gob.pe/fichaInventario/index.aspx?cod_Ficha=14132
14134;Fiesta Patronal en Honor al Apostol Santiago El Mayor;Fiestas;Fiestas religiosas-patronales;La Libertad;Santiago De Chuco;Santiago de Chuco;52;-8.14698;-78.17069;fija 07-25;;exacta;texto_ficha;l día central de la fiesta en honor al Apóstol Santiago “El Mayor” es el 25 de julio y patrón tutelar de la provincia, festividad que se celebra desde 1610, año de;https://consultasenlinea.mincetur.gob.pe/fichaInventario/index.aspx?cod_Ficha=14134
14138;Tradicional Semana Santa de Santiago de Chuco;Fiestas;Fiestas religiosas-patronales;La Libertad;Santiago De Chuco;Santiago de Chuco;193;-7.80729;-78.05636;pascua -7..0;;aproximada;nombre_movil;semana santa;https://consultasenlinea.mincetur.gob.pe/fichaInventario/index.aspx?cod_Ficha=14138
14140;Rodeo Puertoinquino;Artísticos;Otros;Huánuco;Puerto Inca;Puerto Inca;183;-9.37942;-74.96592;mes 11;;aproximada;mes_texto;El rodeo Puertoinquino se celebra generalmente en noviembre, coincidiendo con las Fiestas de Creación Política de Puerto Inca;https://consultasenlinea.mincetur.gob.pe/fichaInventario/index.aspx?cod_Ficha=14140
14144;Festividad en Honor al Santo Patrón San Antonio de Padua;Fiestas;Fiestas religiosas-patronales;Lima;Cañete;San Antonio;31;-11.8064482;-76.7874076;fija 06-13;;exacta;texto_ficha;en honor al santo patrón tiene una duración de 17 días iniciando el 31 de mayo y finalizando el 16 de junio, siendo el 13 de junio día central;https://consultasenlinea.mincetur.gob.pe/fichaInventario/index.aspx?cod_Ficha=14144
14154;Trueque de Kaqra Manqachas;Eventos;Ferias (no Artesanales);Cusco;Quispicanchi;Oropesa;227;-13.592572;-71.756208;fija 08-15;;exacta;texto_ficha;ebraciones de agosto en Oropesa, un mes de profunda relevancia cultural que coincide con la Fiesta de la Virgen Asunta (15 de agosto) y, más importante aún, con el Día de la Pachamama (1 de agosto);https://consultasenlinea.mincetur.gob.pe/fichaInventario/index.aspx?cod_Ficha=14154
14164;Carnaval Puertoinquino;Fiestas;Fiestas Tradicionales(Herranza, carnavales, otros);Huánuco;Puerto Inca;Puerto Inca;183;-9.37934;-74.96594;pascua -50..-47;;aproximada;nombre_movil;carnaval;https://consultasenlinea.mincetur.gob.pe/fichaInventario/index.aspx?cod_Ficha=14164
14168;Escenificación de los Hechos Heroicos del 11 de Julio en Matahuasi;Eventos;Otros;Junín;Concepcion;Matahuasi;33;-11.8937623;-75.3439694;fija 07-11;;exacta;texto_ficha;La conmemoración los hechos heroicos se realiza cada 11 de julio, por Acuerdo de Concejo Municipal del año 2000, que declara como Día Cívico Pat;https://consultasenlinea.mincetur.gob.pe/fichaInventario/index.aspx?cod_Ficha=14168
14169;Festividad en Honor al Niño Jesús de Matahuasi;Fiestas;Fiestas religiosas-patronales;Junín;Concepcion;Matahuasi;33;-11.8937623;-75.3439694;fija 12-24..12-25;12-24;exacta;texto_ficha;Las actividades se inician el 24 de diciembre en horas de la tarde, cuando las pandillas o cuadrillas de danzantes, convocada;https://consultasenlinea.mincetur.gob.pe/fichaInventario/index.aspx?cod_Ficha=14169
14185;Tradicional Festividad de la Champeria de la Comunidad de Acurana y Avichuca;Fiestas;Fiestas religiosas-patronales;Lima;Huarochiri;Cuenca;259;-12.1324905;-76.4353768;;;por_confirmar;;;https://consultasenlinea.mincetur.gob.pe/fichaInventario/index.aspx?cod_Ficha=14185
14186;Aniversario de Fundacion Politica de Picota;Eventos;Otros;San Martín;Picota;Picota;47;-6.9197653;-76.3306926;fija 11-21..11-29;11-29;exacta;texto_ficha;El 29 de noviembre, día central, se desarrollan actos religiosos y cívicos como la misa, el izamie;https://consultasenlinea.mincetur.gob.pe/fichaInventario/index.aspx?cod_Ficha=14186
14196;Escenificación de la Travesía y Desembargo de Ñaimlap;Artísticos;Otros;Lambayeque;Lambayeque;San José;99;-6.76467;-79.96993;fija 11-01;;exacta;texto_ficha;ste evento se realiza el 1 de noviembre en las playas de San José, recrea al personaje emblemático y fundador mítico de;https://consultasenlinea.mincetur.gob.pe/fichaInventario/index.aspx?cod_Ficha=14196
14208;Semana Santa de Jauja;Fiestas;Fiestas religiosas-patronales;Junín;Jauja;Jauja;172;-11.7752;-75.50055;pascua -7..0;;aproximada;nombre_movil;semana santa;https://consultasenlinea.mincetur.gob.pe/fichaInventario/index.aspx?cod_Ficha=14208
14210;Carnaval Jaujino;Fiestas;Fiestas Tradicionales(Herranza, carnavales, otros);Junín;Jauja;Jauja;172;-11.77173;-75.49384;pascua -50..-46;;aproximada;nombre_movil;braciones carnavalescas en los distintos barrios se establecian entre los 03 dias precedentes y los 03 subsiguientes al miercoles de ceniza, fecha que marca el inicio de la tempor;https://consultasenlinea.mincetur.gob.pe/fichaInventario/index.aspx?cod_Ficha=14210
14239;Festival Carnavalesco Miercoles de Ceniza;Fiestas;Fiestas Tradicionales(Herranza, carnavales, otros);Cusco;Canas;Langui;138;-14.43194;-71.27306;pascua -46;;aproximada;nombre_movil;miercoles de ceniza;https://consultasenlinea.mincetur.gob.pe/fichaInventario/index.aspx?cod_Ficha=14239
14249;Batalla Campal de Chiaraje Langui;Otros;Otros;Cusco;Canas;Langui;138;-14.4291421;-71.2733746;fija 01-20;;exacta;texto_ficha;l Chiaraje es una antigua ceremonia andina que se celebra cada 20 de enero en la pampa del cerro Chiaraje, ubicada en la provincia de Canas, región Cusco,;https://consultasenlinea.mincetur.gob.pe/fichaInventario/index.aspx?cod_Ficha=14249
14256;Carnaval Intercultural de la Selva Central - Pichanaqui;Artísticos;Teatro;Junín;Chanchamayo;Pichanaqui;94;-10.9265054;-74.8729763;pascua -50..-47;;aproximada;nombre_movil;carnaval;https://consultasenlinea.mincetur.gob.pe/fichaInventario/index.aspx?cod_Ficha=14256
14258;Certamen Hipico Nacional Langui;Eventos;Concursos;Cusco;Canas;Langui;138;-14.433416220511369;-71.27890929609408;pascua 0;;aproximada;texto_movil;el certamen principal se realiza en los meses de marzo y abril, alcanzando su punto maximo durante la festividad de pascuas de resurreccion y la gran feria nacional, eventos que a;https://consultasenlinea.mincetur.gob.pe/fichaInventario/index.aspx?cod_Ficha=14258
14259;Festividad de la Virgen del Carmen de Ccatca;Fiestas;Fiestas religiosas-patronales;Cusco;Quispicanchi;Ccatca;83;-13.6060139;-71.5660014;fija 07-15..07-17;;exacta;texto_ficha;Esta celebración se realiza cada año del 15 al 17 de julio y constituye una manifestación profunda de fe, identidad cultural y tradición a;https://consultasenlinea.mincetur.gob.pe/fichaInventario/index.aspx?cod_Ficha=14259
14260;Festividad Pachamama Raymi;Fiestas;Fiestas Tradicionales(Herranza, carnavales, otros);Cusco;Quispicanchi;Ccatca;83;-13.606758841914056;-71.56326398210355;mes 08;;aproximada;mes_texto;a Pachamama Raymi es una festividad ancestral que se celebra cada año a inicios del mes de agosto en el distrito de Ccatcca, provincia de Quispicanchi, departamento de Cusco, en;https://consultasenlinea.mincetur.gob.pe/fichaInventario/index.aspx?cod_Ficha=14260
14265;Festividad “Alcalde Chayamuy”;Fiestas;Fiestas Tradicionales(Herranza, carnavales, otros);Cusco;Quispicanchi;Ccatca;83;-13.6054884;-71.5638185;nesimo 12 -1 dom;;exacta;texto_ficha;a Festividad del Alcalde Chayamuy se celebra cada año el último domingo de diciembre en el distrito de Ccatca, provincia de Quispicanchi, departamento de Cusco;https://consultasenlinea.mincetur.gob.pe/fichaInventario/index.aspx?cod_Ficha=14265
14267;Festival del Cacao Orgánico;Eventos;Festivales;Cusco;Quispicanchi;Camanti;131;-13.2311298;-70.7547657;fija 12-18;;exacta;texto_ficha;l Festival del Cacao Orgánico se celebra cada 18 de diciembre en el distrito de Camanti, uno de los valles amazónicos más representativos de;https://consultasenlinea.mincetur.gob.pe/fichaInventario/index.aspx?cod_Ficha=14267
14268;Qocha Raymi – Culto al Agua;Fiestas;Otros;Cusco;Quispicanchi;Urcos;36;-13.6893852;-71.6313864;mes 09;;aproximada;mes_texto;Tradicionalmente, la escenificación se realiza a fines de septiembre u octubre, según la estación de la luna;https://consultasenlinea.mincetur.gob.pe/fichaInventario/index.aspx?cod_Ficha=14268
14282;Apu Tusuy - Encuentro Regional de las Cultural Vivas;Fiestas;Fiestas Tradicionales(Herranza, carnavales, otros);Apurímac;Abancay;Abancay;203;-13.637333091180032;-72.87869811058046;mes 03;;aproximada;mes_texto;te la Ordenanza Regional N° 001-2026-GR-APURÍMAC/CR, se declara de interés regional y se establece su realización anual en el mes de marzo, consolidándose como una política cultural permanente orientada a la promoción;https://consultasenlinea.mincetur.gob.pe/fichaInventario/index.aspx?cod_Ficha=14282
14287;Festividad de la Virgen del Carmen Huaro;Fiestas;Fiestas religiosas-patronales;Cusco;Quispicanchi;Huaro;83;-13.68833;-71.63583;fija 07-16;;exacta;texto_ficha;a Festividad de la Virgen del Carmen, que se celebra cada 16 de julio en el distrito de Huaro, constituye una de las manifestaciones religiosas, cult;https://consultasenlinea.mincetur.gob.pe/fichaInventario/index.aspx?cod_Ficha=14287
14288;Festival del Durazno;Eventos;Festivales;Cusco;Quispicanchi;Lucre;36;-13.63184;-71.73368;fija 02-22..02-28;;aproximada;texto_ficha;Generalmente, las actividades principales se concentran en la última semana de febrero o la primera de marzo, dependiendo del calendario de carnavales de cada año;https://consultasenlinea.mincetur.gob.pe/fichaInventario/index.aspx?cod_Ficha=14288
14295;Festival Cacao Orgánico y Expo Feria Sur Vraem;Eventos;Festivales;Cusco;La Convencion;Villa Virgen;257;-13.00060721;-73.51020511;fija 06-03..06-05;06-05;exacta;texto_ficha;El 5 de junio, fecha central, se realizan actividades protocolares y comunitarias como la sal;https://consultasenlinea.mincetur.gob.pe/fichaInventario/index.aspx?cod_Ficha=14295
14297;Festival de la Yuca de Nueva Arica;Eventos;Festivales;Lambayeque;Chiclayo;Nueva Arica;99;-6.87371;-79.34376;fija 11-03..11-04;;exacta;texto_ficha;eque y la empresa privada, decidieron organizar el “Primer Festival Agropecuario de la Yuca” que se realizó en los días 3 y 4 de noviembre;https://consultasenlinea.mincetur.gob.pe/fichaInventario/index.aspx?cod_Ficha=14297
14300;Concurso Nor Peruano de Caballos Peruanos de Paso de Chiclayo;Eventos;Concursos;Lambayeque;Chiclayo;Chiclayo;99;-6.77166;-79.83876;mes 10;;aproximada;mes_texto;de Paso de Chiclayo (ACPCPPCH), con más de ocho décadas de tradición en la región, durante el segundo fin de semana del mes de octubre de cada año, pudiendo variar la sede dentro de la provincia de Chiclayo constit;https://consultasenlinea.mincetur.gob.pe/fichaInventario/index.aspx?cod_Ficha=14300
14306;Chaccu de Vicuñas de San Miguel de Mestizas;Eventos;Otros;Apurímac;Aymaraes;Cotaruse;88;-14.525413;-73.465802;mes 08;;aproximada;mes_texto;l Chaccu de Vicuña es una festividad ancestral de origen precolombino que se desarrolla anualmente durante el mes de agosto en la Comunidad de San Miguel de Mestizas, distrito de Cotaruse, provincia de A;https://consultasenlinea.mincetur.gob.pe/fichaInventario/index.aspx?cod_Ficha=14306
14308;Carnaval Hatun Pukllay Villa Virgen Sur Vraem;Fiestas;Fiestas Tradicionales(Herranza, carnavales, otros);Cusco;La Convencion;Villa Virgen;257;-13.002662140450926;-73.51300120331872;pascua -50..-47;;aproximada;nombre_movil;carnaval;https://consultasenlinea.mincetur.gob.pe/fichaInventario/index.aspx?cod_Ficha=14308
14326;Fiesta Patronal en Honor a la Santísima Virgen de la Asunción;Fiestas;Fiestas religiosas-patronales;Arequipa;Islay;Cocachacra;177;-17.089505;-71.759236;fija 08-15;;exacta;texto_ficha;Esta celebración se realiza anualmente durante el mes de agosto, teniendo como fecha central el 15 de agosto, día en que la Iglesia Católica conmemora la solemnidad de la Virgen de la Asun;https://consultasenlinea.mincetur.gob.pe/fichaInventario/index.aspx?cod_Ficha=14326
14341;Festival de la Manzana Sanantoniana;Fiestas;Fiestas Tradicionales(Herranza, carnavales, otros);Lima;Cañete;San Antonio;199;-12.6422586;-76.6498877;fija 04-03..04-09;;exacta;texto_ficha;El evento se realiza de manera anual durante la temporada de cosecha, entre el 3 y el 9 de abril, periodo en el que la producción de manzana alcanza su mayor nivel en la zona;https://consultasenlinea.mincetur.gob.pe/fichaInventario/index.aspx?cod_Ficha=14341
14342;La Q’Ocha Fiesta;Fiestas;;Arequipa;Caylloma;Coporaque;71;-15.6270159;-71.6455756;fija 08-11..08-14;;exacta;texto_ficha;La celebración se lleva a cabo anualmente del 11 al 14 de agosto, periodo en el cual la población se organiza de manera comunitaria bajo el sist;https://consultasenlinea.mincetur.gob.pe/fichaInventario/index.aspx?cod_Ficha=14342
14345;Festividad de la Santisima Virgen de Natividad de Culta;Fiestas;Fiestas religiosas-patronales;Puno;Puno;Acora;274;-16.027232433667134;-69.74127531051637;fija 09-07..09-10;09-08;exacta;texto_ficha;El 8 de setiembre se realiza el día central, dedicado a la veneración de la Santísima Virgen de l;https://consultasenlinea.mincetur.gob.pe/fichaInventario/index.aspx?cod_Ficha=14345
14355;Festividad Religiosa Patronal del Via Crucis;Fiestas;Fiestas religiosas-patronales;Ayacucho;Huamanga;San Juan Bautista;98;-13.16626481264904;-74.22349918957481;;;por_confirmar;;;https://consultasenlinea.mincetur.gob.pe/fichaInventario/index.aspx?cod_Ficha=14355
14356;Festividad de San Antonio de Padua - San Antonio;Fiestas;Fiestas religiosas-patronales;Moquegua;Mariscal Nieto;San Antonio;115;-17.208995;-70.950266;fija 06-01..06-13;06-13;exacta;texto_ficha;La festividad se celebra anualmente, teniendo como fecha central el 13 de junio, y su realización en el distrito se remonta a varias décadas atrás, asociada al;https://consultasenlinea.mincetur.gob.pe/fichaInventario/index.aspx?cod_Ficha=14356
14357;Carnaval Sanjosefino;Eventos;Festivales;Lambayeque;Lambayeque;San José;99;-6.76917;-79.9667;pascua -50..-47;;aproximada;nombre_movil;carnaval;https://consultasenlinea.mincetur.gob.pe/fichaInventario/index.aspx?cod_Ficha=14357
14360;Festividad del Pachamama Raymi en el Distrito de Ccatcca;Fiestas;Fiestas Tradicionales(Herranza, carnavales, otros);Cusco;Quispicanchi;Ccatca;83;-13.605077;-71.563567;fija 07-24;;exacta;texto_ficha;a Festividad del Pachamama Raymi se celebra cada 24 de julio en el distrito de Ccatcca, provincia de Quispicanchi, Cusco, como una expresión;https://consultasenlinea.mincetur.gob.pe/fichaInventario/index.aspx?cod_Ficha=14360
14361;Festividad del Chakachutay en el Distrito de Ccatcca;Fiestas;Fiestas Tradicionales(Herranza, carnavales, otros);Cusco;Quispicanchi;Ccatca;83;-13.605077;-71.563567;fija 06-24;;exacta;texto_ficha;l Chakachutay es una festividad ancestral que se celebra cada 24 de junio en el distrito de Ccatcca, provincia de Quispicanchi, Cusco, organizada por la;https://consultasenlinea.mincetur.gob.pe/fichaInventario/index.aspx?cod_Ficha=14361
14364;Semana Santa Chacasina;Fiestas;Fiestas religiosas-patronales;Áncash;Asuncion;Chacas;244;-9.16210224;-77.36603187;pascua -7..0;;aproximada;nombre_movil;semana santa;https://consultasenlinea.mincetur.gob.pe/fichaInventario/index.aspx?cod_Ficha=14364
14367;Feria Regional Sábado de Gloria;Eventos;Ferias (no Artesanales);Ayacucho;Huamanga;Carmen Alto;98;-13.171717986300113;-74.22203421592714;pascua -1;;aproximada;nombre_movil;sabado de gloria;https://consultasenlinea.mincetur.gob.pe/fichaInventario/index.aspx?cod_Ficha=14367
14369;Fiesta Patronal San Gerónimo;Fiestas;Fiestas religiosas-patronales;Áncash;Huaraz;Pampas;213;-9.65567996484696;-77.82648324966432;fija 09-29..10-02;;exacta;texto_ficha;a festividad patronal en honor a San Jerónimo, en el distrito de Pampas Grande, se celebra anualmente del 29 de septiembre al 2 de octubre, constituyendo una de las principales manifestaciones religiosas y culturales d;https://consultasenlinea.mincetur.gob.pe/fichaInventario/index.aspx?cod_Ficha=14369
14371;Fiesta Patronal San Fransisco de Asís;Fiestas;Fiestas religiosas-patronales;Áncash;Sihuas;Chingalpo;251;-8.339012619870797;-77.59765180620889;fija 10-04;;exacta;texto_ficha;El 4 de octubre, día central, se realizan las ceremonias litúrgicas principales en honor a San;https://consultasenlinea.mincetur.gob.pe/fichaInventario/index.aspx?cod_Ficha=14371
14376;Sachatalpuy del Carnaval Muquino;Fiestas;Fiestas Tradicionales(Herranza, carnavales, otros);Junín;Jauja;Muqui;33;-11.833217;-75.434449;pascua -50..-47;;aproximada;nombre_movil;carnaval;https://consultasenlinea.mincetur.gob.pe/fichaInventario/index.aspx?cod_Ficha=14376
14377;Concurso Regional de Enfrenadura de Caballos Peruanos de Paso de Muqui;Eventos;Concursos;Junín;Jauja;Muqui;33;-11.833217;-75.434449;mes 07;;aproximada;mes_texto;Melo Parraguéz, hijo de Gregorio Melo —criador de caballos y reconocido docente—, el evento se celebraba originalmente en el mes de julio, en el marco de Fiestas Patrias;https://consultasenlinea.mincetur.gob.pe/fichaInventario/index.aspx?cod_Ficha=14377
14396;Fiesta Patronal de San Isidro Labrador Patron de Agricultores del Valle Cascajal-Olmos;Fiestas;Fiestas religiosas-patronales;Lambayeque;Lambayeque;Olmos;135;-5.988404;-79.747041;fija 05-15;;exacta;texto_ficha;Según registros, la festividad se celebra formalmente desde 1940, teniendo como día central el 15 de mayo, fecha en la que se realiza la tradicional misa de campaña y diversas actividad;https://consultasenlinea.mincetur.gob.pe/fichaInventario/index.aspx?cod_Ficha=14396
14433;Fiesta Patronal de Santa Rosa de Sacco;Fiestas;Fiestas religiosas-patronales;Junín;Yauli;Santa Rosa de Sacco;114;-11.549299;-75.9407476;fija 08-28..08-31;08-30;exacta;texto_ficha;provincia de Yauli, se desarrolla anualmente con rigor ceremonial del 28 al 31 de agosto, teniendo como día central el 30 de agosto en honor a Santa Rosa de Lima, conocida localmente como Santa Rosa de Shacoj;https://consultasenlinea.mincetur.gob.pe/fichaInventario/index.aspx?cod_Ficha=14433
14434;Aniversario de Creación de Santa Rosa de Sacco;Fiestas;Otros;Junín;Yauli;Santa Rosa de Sacco;114;-11.549299;-75.9407476;fija 06-01;;exacta;texto_ficha;ada primero de junio, el distrito de Santa Rosa de Sacco, ubicado en la provincia de Yauli, conmemor;https://consultasenlinea.mincetur.gob.pe/fichaInventario/index.aspx?cod_Ficha=14434
14437;Fiesta Patronal en Honor a la Santísima Virgen María Inmaculada Concepción, Reina, Patrona y Alcaldesa Perpetua de Salaverry;Fiestas;Fiestas religiosas-patronales;La Libertad;Trujillo;Salaverry;139;-8.224243;-78.976401;fija 11-03..12-09;12-08;exacta;texto_ficha;El 8 de diciembre, día central, se celebran la Misa de Comunión y la Solemne Misa de Fiesta al me;https://consultasenlinea.mincetur.gob.pe/fichaInventario/index.aspx?cod_Ficha=14437
14441;Fiesta del Agua de la Comunidad Campesina de Curay;Fiestas;Fiestas Tradicionales(Herranza, carnavales, otros);Lima;Oyon;Pachangara;-1;-10.7811586;-76.8144643;mes 09;;aproximada;mes_texto;"Esta práctica se realiza una vez al año, en el mes de setiembre; comprende tres días con participación de todos los comuneros";https://consultasenlinea.mincetur.gob.pe/fichaInventario/index.aspx?cod_Ficha=14441
14446;Huarachikoc: Festividad La Virgen de la Natividad de la Comunidad Campesina de Curay;Fiestas;Fiestas religiosas-patronales;Lima;Oyon;Pachangara;-1;-10.7811586;-76.8144643;fija 12-24..12-25;;exacta;texto_ficha;"en el distrito de Pachangara; la Festividad de la Virgen de la Natividad se celebra desde el periodo del virreinato el 24 y 25 de diciembre de cada año";https://consultasenlinea.mincetur.gob.pe/fichaInventario/index.aspx?cod_Ficha=14446
14449;Festividad de la Virgen del Carmen de Barrios Altos;Fiestas;Fiestas religiosas-patronales;Lima;Lima;Lima;31;-12.051222542537957;-77.01897595289896;fija 07-16;;exacta;texto_ficha;stividad de la Virgen del Carmen de Barrios Altos es una tradicional celebración religiosa y cívica que se realiza cada 16 de julio;https://consultasenlinea.mincetur.gob.pe/fichaInventario/index.aspx?cod_Ficha=14449
14457;Carnaval y Marcación de Ganado de la Comunidad Campesina San Pedro de Palpas;Fiestas;Fiestas Tradicionales(Herranza, carnavales, otros);Lima;Oyon;Pachangara;-1;-10.7811586;-76.8144643;pascua -50..-47;;aproximada;nombre_movil;carnaval;https://consultasenlinea.mincetur.gob.pe/fichaInventario/index.aspx?cod_Ficha=14457
14474;Fiesta Patronal en Honor a la Virgen Nuestra Señora de Guadalupe;Fiestas;Fiestas religiosas-patronales;La Libertad;Pacasmayo;Guadalupe;161;-7.243306;-79.47033;fija 11-26..12-10;;exacta;texto_ficha;rimonio Cultural de la Nación, motiva un importante flujo de turismo religioso e histórico que se desarrolla anualmente del 26 de noviembre al 10 de diciembre, con una duración ininterrumpida de 15 días;https://consultasenlinea.mincetur.gob.pe/fichaInventario/index.aspx?cod_Ficha=14474
14482;Fiesta Patronal de la Virgen de los Remedios;Fiestas;Fiestas religiosas-patronales;Cajamarca;Santa Cruz;Pulan;166;-6.738013;-78.918339;fija 11-10..11-22;;exacta;texto_ficha;La celebración de la fiesta patronal se extiende del 10 al 22 de noviembre, siendo el 21, el día central de la festividad;https://consultasenlinea.mincetur.gob.pe/fichaInventario/index.aspx?cod_Ficha=14482
14484;Fiesta Patronal de San Pedro;Fiestas;Fiestas religiosas-patronales;Tumbes;Contralmirante Villar;Canoas de Punta Sal;6;-3.944853;-80.939449;fija 06-28..06-30;;exacta;texto_ficha;Las actividades se desarrollan en los días 28, 29 y 30 de junio;https://consultasenlinea.mincetur.gob.pe/fichaInventario/index.aspx?cod_Ficha=14484
14503;Festival de la Sencca;Eventos;Festivales;Arequipa;Arequipa;Sachaca;55;-16.424878592672915;-71.56651854515077;nesimo 08 3 dom;;exacta;texto_ficha;El Festival de la Sencca se celebra el tercer domingo de agosto de cada año y tiene una duración de un día.;https://consultasenlinea.mincetur.gob.pe/fichaInventario/index.aspx?cod_Ficha=14503
14505;Aniversario del Distrito de Frias;Eventos;Otros;Piura;Ayabaca;Frias;60;-4.93161;-79.94724;fija 06-15..06-22;06-21;exacta;texto_ficha;Se celebra anualmente del 15 al 22 de junio, teniendo como día central el 21 de junio, fecha en la que se conmemora el aniv;https://consultasenlinea.mincetur.gob.pe/fichaInventario/index.aspx?cod_Ficha=14505
14506;Semana Santa del Distrito de Frías;Fiestas;Fiestas religiosas-patronales;Piura;Ayabaca;Frias;51;-4.93167;-79.9472;pascua -7..0;;aproximada;nombre_movil;semana santa;https://consultasenlinea.mincetur.gob.pe/fichaInventario/index.aspx?cod_Ficha=14506
14514;Los Carnavales de Cancas;Fiestas;Fiestas Tradicionales(Herranza, carnavales, otros);Tumbes;Contralmirante Villar;Canoas de Punta Sal;6;-3.948116;-80.943968;pascua -50..-47;;aproximada;nombre_movil;carnaval;https://consultasenlinea.mincetur.gob.pe/fichaInventario/index.aspx?cod_Ficha=14514
14526;Pasacalle Regional de Arequipa Cantemos, Bailemos por Nuestra Arequipa;Artísticos;Otros;Arequipa;Arequipa;Arequipa;-1;-16.398805;-70.36922;nesimo 08 1 dom;;exacta;texto_ficha;nte la Ordenanza Regional N° 372-AREQUIPA en el año 2017, norma que institucionalizó su realización obligatoria para el primer domingo de agosto de cada año dentro del sistema turístico regional, como una expresión fundament;https://consultasenlinea.mincetur.gob.pe/fichaInventario/index.aspx?cod_Ficha=14526
14527;Festividad en Honor a la Santísima Virgen del Carmen de Canchaque;Fiestas;Fiestas religiosas-patronales;Piura;Huancabamba;Canchaque;1;-5.376352071593;-79.60629615002;fija 07-16;;exacta;texto_ficha;izada por la Hermandad Virgen del Carmen en coordinación con el párroco local y la Municipalidad Distrital, inicia cada 16 de julio con las novenas en la Iglesia Matriz, un tiempo de preparación espiritual que c;https://consultasenlinea.mincetur.gob.pe/fichaInventario/index.aspx?cod_Ficha=14527
14530;Carnaval o Pukllay de Pomacocha;Fiestas;Fiestas Tradicionales(Herranza, carnavales, otros);Apurímac;Andahuaylas;Pomacocha;252;-14.084007;-73.590957;pascua -50..-46;;aproximada;nombre_movil;e inicia despues del dia de todos los santos (02 de noviembre) y culmina con el carnaval, el fin de semana posterior al miercoles de ceniza, teniendo como dias centrales las celeb;https://consultasenlinea.mincetur.gob.pe/fichaInventario/index.aspx?cod_Ficha=14530
14538;Festividad de la Virgen Inmaculada Concepción de Samegua;Fiestas;Fiestas religiosas-patronales;Moquegua;Mariscal Nieto;Samegua;115;-17.1796835372;-70.89932441711;fija 12-08;;exacta;texto_ficha;La celebración se desarrolla anualmente durante los primeros días del mes de diciembre, teniendo como fecha central el 8 de diciembre;https://consultasenlinea.mincetur.gob.pe/fichaInventario/index.aspx?cod_Ficha=14538
14551;Fiesta Patronal San Juan Bautista de Canchaque;Fiestas;Fiestas religiosas-patronales;Piura;Huancabamba;Canchaque;1;-5.37634075;-79.60605989;fija 06-24;;exacta;texto_ficha;olclórica, de gran importancia que comprende celebraciones en todo el pueblo de Canchaque, teniendo como día central el 24 de junio, donde se dan cita turistas nacionales y locales, y la población en general;https://consultasenlinea.mincetur.gob.pe/fichaInventario/index.aspx?cod_Ficha=14551
14554;Festividad de San Isidro Labrador de Yahuay - Moquegua;Fiestas;Fiestas religiosas-patronales;Moquegua;Mariscal Nieto;Moquegua;115;-17.16485610821;-70.93365624612;fija 06-15;;exacta;texto_ficha;El día central, 15 de junio, se desarrolla la ceremonia religiosa en el pequeño atrio de la capilla San Isi;https://consultasenlinea.mincetur.gob.pe/fichaInventario/index.aspx?cod_Ficha=14554
14575;Fiesta Costumbrista de San Juan;Fiestas;Fiestas Tradicionales(Herranza, carnavales, otros);Huánuco;Puerto Inca;Puerto Inca;183;-9.374991;-74.965971;fija 06-22..06-24;06-24;exacta;texto_ficha;El 24 de junio es el día central, las familias Puertoinquinas acostumbran realizar paseos camp;https://consultasenlinea.mincetur.gob.pe/fichaInventario/index.aspx?cod_Ficha=14575
14576;La Festividad del Apóstol Santiago de San Lucas de Colán;Fiestas;Fiestas religiosas-patronales;Piura;Paita;Colan;117;-5.004936;-81.058121;fija 06-25;;exacta;texto_ficha;de identidad, música, cabalgatas, gastronomía y organización comunitaria donde el día central de esta festividad es el 25 de Junio;https://consultasenlinea.mincetur.gob.pe/fichaInventario/index.aspx?cod_Ficha=14576
14604;Feria de Museos de Lima;Eventos;Ferias (no Artesanales);Lima;Lima;Lima;31;-12.045941588474095;-77.03051077667625;fija 05-18;;exacta;texto_ficha;La feria se realiza en el marco de la celebración del Día Internacional de los Museos, conmemorado cada 18 de mayo y promovido por el Consejo Internacional de Museos (ICOM);https://consultasenlinea.mincetur.gob.pe/fichaInventario/index.aspx?cod_Ficha=14604
14608;Carnaval de Achoma;Fiestas;Fiestas Tradicionales(Herranza, carnavales, otros);Arequipa;Caylloma;Achoma;71;-15.66153192958249;-71.69991016387941;pascua -50..-47;;aproximada;nombre_movil;carnaval;https://consultasenlinea.mincetur.gob.pe/fichaInventario/index.aspx?cod_Ficha=14608
14610;Festividad del Cruz Chulkuy o Cruz Shullkuy de Tunan Marca;Fiestas;Fiestas Tradicionales(Herranza, carnavales, otros);Junín;Jauja;Tunan Marca;172;-11.729711;-75.570379;pascua -50..-46;;aproximada;texto_movil;as celebraciones del carnaval en el valle de yanamarca presentan cara;https://consultasenlinea.mincetur.gob.pe/fichaInventario/index.aspx?cod_Ficha=14610
14630;La Fiesta de la Chicha;Fiestas;Otros;Arequipa;Arequipa;Arequipa;55;-16.398892066163878;-71.5368962287903;fija 08-15;;exacta;texto_ficha;a Plaza de Armas de Arequipa, desarrollándose en el marco de las actividades oficiales por el aniversario de la ciudad (15 de agosto);https://consultasenlinea.mincetur.gob.pe/fichaInventario/index.aspx?cod_Ficha=14630
14632;Festividad de la Virgen de la Asunción;Fiestas;Fiestas religiosas-patronales;Piura;Ayabaca;Pacaipampa;60;-4.9955202;-79.66800801;fija 08-04..08-16;08-15;exacta;texto_ficha;El día central, 15 de agosto, marca el punto culminante de la festividad;https://consultasenlinea.mincetur.gob.pe/fichaInventario/index.aspx?cod_Ficha=14632
14651;Semana Santa en Ciudad Eten;Fiestas;Fiestas religiosas-patronales;Lambayeque;Chiclayo;Eten;99;-6.90757;-79.86279;pascua -7..0;;aproximada;nombre_movil;semana santa;https://consultasenlinea.mincetur.gob.pe/fichaInventario/index.aspx?cod_Ficha=14651
14658;Festival Regional del Cacao y Chocolate de San Martín;Eventos;Festivales;San Martín;Mariscal Caceres;Juanjuí;258;-7.180319664090187;-76.72647714614868;fija 06-26..07-03;;exacta;texto_ficha;e la provincia de Mariscal Cáceres – Juanjuí y disponiendo su realización en el marco de la Semana Turística, celebrada entre el 26 de junio y el 3 de julio de cada año;https://consultasenlinea.mincetur.gob.pe/fichaInventario/index.aspx?cod_Ficha=14658
14661;Festividad del Sagrado Corazón de Jesús;Fiestas;Fiestas religiosas-patronales;Piura;Ayabaca;Pacaipampa;132;-4.9955202;-79.66800801;mes 06;;aproximada;mes_texto;sta festividad en honor al Sagrado Corazón de Jesús de Pacaipampa se realiza anualmente en el distrito durante el mes de junio, con una duración de nueve días comprendidos habitualmente entre el 14 y el 22;https://consultasenlinea.mincetur.gob.pe/fichaInventario/index.aspx?cod_Ficha=14661
14678;Fiesta Patronal del Señor Crucificado de Orongo;Fiestas;Fiestas religiosas-patronales;Ica;Ica;Parcona;240;-14.065502;-75.69977;fija 11-22;;exacta;texto_ficha;Cumplida la promesa con admirable esfuerzo comunitario, la primera misa se celebró el domingo 22 de noviembre de ese mismo año con la presencia de dos sacerdotes de la Orden de San Agustín;https://consultasenlinea.mincetur.gob.pe/fichaInventario/index.aspx?cod_Ficha=14678
14681;Aniversario del Distrito de Huaral;Otros;Otros;Lima;Huaral;Huaral;214;-11.3003;-77.1233;nesimo 10 3 dom;;exacta;texto_ficha;Cada tercer domingo de octubre se celebra la emblemática feria en conmemoración del Día del Chancho al Palo, e;https://consultasenlinea.mincetur.gob.pe/fichaInventario/index.aspx?cod_Ficha=14681
14686;Chaccu de Vicuña de Huay Huay;Fiestas;Fiestas Tradicionales(Herranza, carnavales, otros);Junín;Yauli;Huay-Huay;77;-11.6803552;-75.9243971;mes 07;;aproximada;mes_texto;ccu de Vicuña de Huay Huay es una celebración anual de trascendencia cultural y ecológica, la cual se lleva a cabo cada mes de julio, en fecha determinada por el Comité de Vicuñas de la Comunidad Campesina;https://consultasenlinea.mincetur.gob.pe/fichaInventario/index.aspx?cod_Ficha=14686
14687;Festividad del Ylla Raymi de Huay-Huay;Fiestas;Fiestas Tradicionales(Herranza, carnavales, otros);Junín;Yauli;Huay-Huay;77;-11.7551533;-75.9891233;fija 06-22;;exacta;texto_ficha;l Ylla Raymi de Huay Huay, se realiza cada 22 de junio en la antigua Fundición Colonial de Callapampa;https://consultasenlinea.mincetur.gob.pe/fichaInventario/index.aspx?cod_Ficha=14687
14688;Carnaval de Tarata;Fiestas;Fiestas Tradicionales(Herranza, carnavales, otros);Tacna;Tarata;Tarata;211;-17.474166;-70.031388;pascua -50..-42;;aproximada;nombre_movil;el miercoles de ceniza, aunque determinadas actividades pueden desarrollarse tambien durante el martes de carnaval, el domingo de tentacion y, en algunos sectores, el denominado d;https://consultasenlinea.mincetur.gob.pe/fichaInventario/index.aspx?cod_Ficha=14688
14693;Retorno o Bajada del Dr. Patron San Jeronimo;Fiestas;Fiestas religiosas-patronales;Cusco;Cusco;San Jerónimo;227;-13.544472;-71.883999;pascua 67..68;;aproximada;texto_movil;l retorno del patron san jeronimo es una manifestacion religiosa y cultural tradicional del distrito de san jeronimo, provincia y departamento del cusco, que se realiza anualmente un dia despues de la octava de corpus christi. la actividad comprende el tras;https://consultasenlinea.mincetur.gob.pe/fichaInventario/index.aspx?cod_Ficha=14693
14699;Festival Internacional del Arándano de Olmos;Eventos;Festivales;Lambayeque;Lambayeque;Olmos;135;-5.988404;-79.747041;fija 06-29;;exacta;texto_ficha;Desde su institucionalización, el festival se celebra cada 29 de junio, en el marco de las actividades por el aniversario del distrito, integrando una;https://consultasenlinea.mincetur.gob.pe/fichaInventario/index.aspx?cod_Ficha=14699
14714;Canchaque Trail Fest;Eventos;Deportivos;Piura;Huancabamba;Canchaque;1;-5.376147898551;-79.60631916259;fija 09-27..09-29;;aproximada;texto_ficha;Desde su primera edición, realizada del 27 al 29 de septiembre de 2024, y su segunda edición, del 10 al 13 de octubre de 2025 como parte del C;https://consultasenlinea.mincetur.gob.pe/fichaInventario/index.aspx?cod_Ficha=14714
14726;Aniversario de Santa Teresa;Eventos;Otros;Cusco;La Convencion;Santa Teresa;152;-13.1301506;-72.5943751;fija 10-08..10-11;10-11;exacta;texto_ficha;El 11 de octubre, considerado el día central, la celebración se inicia con los tradicionales 21;https://consultasenlinea.mincetur.gob.pe/fichaInventario/index.aspx?cod_Ficha=14726
