codigo;polo;metros_a_la_red;lejos_de_la_red;capa
16;-1;46;False;vial
17;7;263;False;vial
22;22;537;False;vial
25;78;4919;False;vial
29;148;763;False;vial
30;3;30;False;vial
31;203;20;False;vial
32;18;35;False;vial
33;252;104;False;vial
34;17;84;False;vial
36;252;393;False;vial
37;178;179;False;vial
42;184;262;False;vial
48;125;18;False;vial
49;125;43;False;vial
50;125;175;False;vial
61;-1;5034;True;vial
62;125;926;False;vial
63;125;3332;False;vial
66;125;751;False;vial
68;-1;184;False;vial
69;60;9;False;vial
70;117;72;False;vial
72;85;263;False;vial
74;86;357;False;vial
85;-1;3612;False;vial
87;74;847;False;vial
88;21;47;False;vial
90;21;2018;False;vial
93;21;447;False;vial
94;21;251;False;vial
96;139;12;False;vial
99;139;21;False;vial
100;72;92;False;vial
101;139;40;False;vial
109;-1;249;False;vial
113;139;71;False;vial
114;139;43;False;vial
115;139;84;False;vial
118;139;54;False;vial
120;139;20;False;vial
122;139;53;False;vial
125;161;377;False;vial
126;52;16;False;vial
127;19;20;False;vial
128;193;449;False;vial
132;161;424;False;vial
134;161;25;False;vial
136;161;26;False;vial
140;161;26;False;vial
141;86;844;False;vial
143;86;15;False;vial
147;150;33;False;vial
148;150;16;False;vial
149;150;35;False;vial
150;150;103;False;vial
151;150;359;False;vial
152;150;13;False;vial
155;99;17;False;vial
159;135;655;False;vial
161;99;87;False;vial
163;99;67;False;vial
167;158;7068;True;vial
169;133;487;False;vial
179;133;116;False;vial
196;33;44;False;vial
197;33;58;False;vial
198;33;24;False;vial
200;96;1154;False;vial
201;96;36;False;vial
202;96;33;False;vial
203;96;48;False;vial
215;201;16;False;vial
219;96;229;False;vial
223;37;387;False;vial
224;37;430;False;vial
230;240;16;False;vial
231;240;12;False;vial
237;240;19;False;vial
238;240;313;False;vial
239;240;22;False;vial
241;178;133;False;vial
242;178;6;False;vial
243;178;41;False;vial
245;27;515;False;vial
246;27;238;False;vial
247;27;181;False;vial
250;27;24;False;vial
251;27;203;False;vial
254;27;4007;False;vial
257;180;1739;False;vial
258;37;57;False;vial
260;213;139;False;vial
261;99;36;False;vial
262;99;10;False;vial
263;99;34;False;vial
269;99;61;False;vial
270;25;39;False;vial
271;25;34;False;vial
272;99;33;False;vial
274;99;97;False;vial
276;99;120;False;vial
278;99;83;False;vial
279;25;163;False;vial
282;11;32;False;vial
283;99;49;False;vial
284;99;19;False;vial
287;245;29;False;vial
289;150;23;False;vial
290;150;18;False;vial
291;150;30;False;vial
314;11;61;False;vial
321;33;24;False;vial
322;115;15;False;vial
327;115;21;False;vial
330;249;381;False;vial
332;97;7;False;vial
333;26;5518;True;vial
334;249;25;False;vial
335;34;932;False;vial
338;34;56;False;vial
339;249;239;False;vial
342;176;21;False;vial
343;176;167;False;vial
344;40;68;False;vial
345;26;110;False;vial
348;187;78;False;vial
350;115;35;False;vial
351;187;39;False;vial
352;187;844;False;vial
353;187;92;False;vial
354;187;101;False;vial
357;187;46;False;vial
358;187;110;False;vial
361;125;19;False;vial
362;125;18;False;vial
364;125;90;False;vial
366;125;21;False;vial
367;125;5;False;vial
370;132;1468;False;vial
374;132;991;False;vial
376;122;219;False;vial
377;153;250;False;vial
386;98;71;False;vial
394;60;1272;False;vial
397;117;44;False;vial
398;218;139;False;vial
400;218;25;False;vial
402;6;618;False;vial
403;218;19;False;vial
405;85;132;False;vial
407;85;53;False;vial
408;11;29;False;vial
409;11;46;False;vial
410;11;42;False;vial
411;274;17;False;vial
412;11;5824;True;vial
413;274;19009;True;vial
419;274;267;False;vial
420;274;35;False;vial
422;3;19;False;vial
423;148;46;False;vial
424;11;40;False;vial
425;274;33;False;vial
426;274;43;False;vial
427;274;86;False;vial
428;274;12;False;vial
429;46;26;False;vial
430;140;220;False;vial
431;38;26;False;vial
432;38;381;False;vial
433;38;1211;False;vial
434;38;37;False;vial
435;38;25;False;vial
436;181;96;False;vial
438;-1;26;False;vial
439;129;14994;True;vial
441;140;42;False;vial
442;140;40;False;vial
443;140;44;False;vial
444;140;36;False;vial
446;46;24;False;vial
447;46;569;False;vial
449;46;23;False;vial
450;46;1104;False;vial
451;128;37;False;vial
454;11;21;False;vial
455;148;29;False;vial
456;11;14;False;vial
457;87;44;False;vial
459;11;19;False;vial
460;38;131;False;vial
461;38;42;False;vial
462;38;231;False;vial
463;128;23;False;vial
464;128;245;False;vial
466;128;114;False;vial
468;232;16;False;vial
475;68;31;False;vial
478;68;29;False;vial
481;68;41;False;vial
482;68;30;False;vial
483;68;13;False;vial
484;68;69;False;vial
494;-1;10;False;vial
500;20;297;False;vial
507;34;57;False;vial
513;249;20;False;vial
515;206;1687;False;vial
518;211;32;False;vial
526;211;91;False;vial
529;148;435;False;vial
530;-1;9153;True;vial
534;-1;13077;True;vial
535;202;78;False;vial
536;202;6;False;vial
548;82;248;False;vial
549;82;103;False;vial
554;169;1628;False;vial
557;-1;74;False;vial
558;169;6715;True;vial
559;169;6116;True;vial
562;213;36;False;vial
565;72;280;False;vial
566;169;407;False;vial
567;100;284;False;vial
569;72;96;False;vial
571;18;136;False;vial
573;3;41;False;vial
575;152;12;False;vial
576;124;84;False;vial
577;18;35;False;vial
578;79;67;False;vial
580;148;102;False;vial
583;3;268;False;vial
584;95;1499;False;vial
585;3;35;False;vial
587;55;20;False;vial
589;55;48;False;vial
595;265;270;False;vial
596;55;156;False;vial
597;55;14;False;vial
598;162;1395;False;vial
600;213;12;False;vial
601;3;20;False;vial
602;18;692;False;vial
606;55;20;False;vial
609;75;30;False;vial
610;162;604;False;vial
611;136;46;False;vial
612;71;86;False;vial
615;71;169;False;vial
616;71;41;False;vial
617;147;834;False;vial
628;162;136;False;vial
629;23;12;False;vial
631;71;38;False;vial
633;177;18;False;vial
635;149;31;False;vial
636;149;34;False;vial
637;149;110;False;vial
638;149;52;False;vial
639;149;68;False;vial
641;2;297;False;vial
642;149;43;False;vial
643;149;40;False;vial
646;2;102;False;vial
647;2;21;False;vial
648;149;76;False;vial
650;79;39;False;vial
651;3;34;False;vial
652;-1;5;False;vial
653;3;22;False;vial
654;8;148;False;vial
655;150;537;False;bote
656;42;173;False;vial
659;149;17;False;vial
662;193;88;False;vial
663;193;2585;False;vial
665;89;442;False;vial
668;42;673;False;vial
671;-1;15;False;vial
674;42;22;False;vial
675;42;269;False;vial
676;50;23;False;vial
677;50;17;False;vial
678;50;30;False;vial
679;50;39;False;vial
680;50;22;False;vial
682;50;13;False;vial
683;50;147;False;vial
685;170;1128;False;vial
687;15;15;False;vial
688;126;675;False;vial
698;0;776;False;vial
702;33;46;False;vial
703;33;44;False;vial
704;33;33;False;vial
708;254;1522;False;vial
712;128;397;False;vial
713;33;46;False;vial
714;33;2;False;vial
715;172;358;False;vial
717;33;12;False;vial
718;129;12308;True;vial
720;129;21303;True;vial
721;129;10304;True;vial
722;62;18724;True;vial
724;129;5051;True;vial
726;129;8992;True;vial
727;129;16700;True;vial
729;-1;14933;True;vial
730;221;5475;True;vial
731;221;4265;False;vial
733;-1;68156;True;vial
736;115;40;False;vial
739;7;300;False;vial
740;-1;1684;False;vial
742;7;30;False;vial
743;7;1133;False;vial
744;7;38;False;vial
745;207;356;False;vial
746;207;1011;False;vial
748;89;3659;False;vial
749;41;1053;False;vial
750;41;1912;False;vial
753;7;862;False;vial
754;7;1000;False;vial
756;14;1781;False;vial
757;14;430;False;vial
765;213;60;False;vial
766;213;25;False;vial
767;213;108;False;vial
768;213;36;False;vial
770;207;277;False;vial
771;121;57;False;vial
774;121;23;False;vial
775;121;12;False;vial
778;121;33;False;vial
781;121;35;False;vial
790;121;417;False;vial
794;33;33;False;vial
795;33;165;False;vial
797;33;196;False;vial
798;33;345;False;vial
800;33;22;False;vial
802;121;24;False;vial
803;33;50;False;vial
804;121;12;False;vial
805;6;115;False;vial
806;6;543;False;vial
807;121;31;False;vial
808;121;3;False;vial
809;121;74;False;vial
810;121;54;False;vial
815;121;405;False;vial
816;121;2666;False;vial
817;121;16;False;vial
818;121;320;False;vial
819;121;1184;False;vial
820;33;64;False;vial
821;33;17;False;vial
822;33;35;False;vial
823;33;83;False;vial
824;33;54;False;vial
826;172;22;False;vial
827;172;101;False;vial
828;172;302;False;vial
830;261;330;False;vial
831;30;2612;False;vial
832;151;42;False;vial
833;151;41;False;vial
834;151;320;False;vial
837;151;305;False;vial
838;172;109;False;vial
840;33;35;False;vial
841;114;24;False;vial
843;114;450;False;vial
844;15;75;False;vial
845;169;6117;True;vial
852;151;215;False;vial
855;94;269;False;vial
861;94;371;False;vial
863;110;1515;False;vial
866;22;526;False;vial
871;30;13;False;vial
882;204;57;False;vial
883;204;476;False;vial
884;204;32;False;vial
885;36;11;False;vial
886;36;28;False;vial
889;38;37;False;vial
894;36;17;False;vial
895;32;170;False;vial
896;36;62;False;vial
897;36;33;False;vial
898;36;34;False;vial
899;36;15;False;vial
902;36;38;False;vial
903;36;32;False;vial
904;59;184;False;vial
905;59;68;False;vial
906;59;60;False;vial
907;59;65;False;vial
910;36;44;False;vial
912;36;56;False;vial
915;36;13;False;vial
916;32;56;False;vial
917;4;354;False;vial
921;36;323;False;vial
926;36;61;False;vial
929;59;709;False;vial
930;227;568;False;vial
933;256;209;False;vial
935;256;74;False;vial
937;59;142;False;vial
938;173;29;False;vial
939;36;33;False;vial
943;36;204;False;vial
944;36;44;False;vial
945;207;19;False;vial
952;11;9;False;vial
953;140;20;False;vial
954;11;4;False;vial
955;11;14;False;vial
956;11;157;False;vial
957;274;22;False;vial
958;274;330;False;vial
959;274;760;False;bote
960;11;213;False;bote
962;213;16;False;vial
968;188;186;False;vial
970;213;25;False;vial
972;55;69;False;vial
973;55;60;False;vial
974;55;8;False;vial
975;55;31;False;vial
976;55;52;False;vial
977;55;35;False;vial
980;55;44;False;vial
982;55;41;False;vial
983;55;54;False;vial
985;55;48;False;vial
989;55;8;False;vial
993;55;26;False;vial
995;23;171;False;vial
998;245;25;False;vial
999;150;51;False;vial
1000;150;3928;False;bote
1002;189;2687;False;bote
1005;45;52;False;vial
1006;-1;30;False;vial
1007;109;50;False;vial
1008;109;237;False;vial
1009;109;4748;False;bote
1011;125;18;False;vial
1015;125;86;False;vial
1018;125;3878;False;vial
1021;60;36;False;vial
1031;134;36;False;vial
1036;213;157;False;vial
1041;169;1334;False;vial
1046;8;627;False;vial
1058;134;199;False;vial
1059;32;108;False;vial
1070;37;141;False;vial
1076;244;360;False;vial
1092;98;43;False;vial
1094;98;18;False;vial
1095;98;38;False;vial
1098;98;37;False;vial
1099;98;69;False;vial
1100;98;24;False;vial
1101;98;52;False;vial
1102;98;20;False;vial
1107;98;57;False;vial
1108;98;51;False;vial
1110;98;5;False;vial
1113;98;19;False;vial
1114;98;41;False;vial
1115;98;44;False;vial
1116;98;25;False;vial
1117;98;576;False;vial
1118;98;3;False;vial
1122;93;21;False;vial
1125;98;314;False;vial
1128;10;41;False;vial
1132;98;201;False;vial
1133;171;291;False;vial
1137;17;63;False;vial
1138;17;43;False;vial
1143;54;97;False;vial
1145;54;24;False;vial
1146;54;50;False;vial
1147;226;15;False;vial
1148;54;6;False;vial
1149;54;168;False;vial
1150;54;33;False;vial
1152;54;118;False;vial
1153;54;209;False;vial
1155;54;1109;False;vial
1156;54;97;False;vial
1157;-1;26;False;vial
1158;73;1938;False;vial
1167;-1;24;False;vial
1173;68;48;False;vial
1174;68;20;False;vial
1175;68;16;False;vial
1179;33;12;False;vial
1180;33;23;False;vial
1183;33;235;False;vial
1192;33;40;False;vial
1194;33;27;False;vial
1198;33;23;False;vial
1205;31;127;False;vial
1208;214;90;False;vial
1221;5;1641;False;vial
1232;70;16;False;vial
1234;70;7;False;vial
1237;70;43;False;vial
1238;70;142;False;vial
1253;99;6;False;vial
1254;99;99;False;vial
1259;-1;332;False;vial
1261;-1;141;False;vial
1262;-1;37;False;vial
1265;264;1789;False;vial
1266;167;28;False;vial
1267;167;80;False;vial
1268;264;2451;False;vial
1269;167;94;False;vial
1287;31;47;False;vial
1292;72;267;False;vial
1295;149;38;False;vial
1296;72;195;False;vial
1298;70;125;False;vial
1302;31;4842;False;vial
1305;180;324;False;bote
1306;31;48;False;vial
1307;31;8;False;vial
1308;31;42;False;vial
1309;31;41;False;vial
1310;31;20;False;vial
1312;31;38;False;vial
1313;31;43;False;vial
1315;19;45;False;vial
1316;79;79;False;vial
1336;169;6119;True;vial
1337;23;18;False;vial
1360;31;93;False;vial
1362;31;53;False;vial
1374;31;57;False;vial
1379;31;30;False;vial
1384;31;67;False;vial
1393;31;3;False;vial
1396;31;23;False;vial
1402;31;119;False;vial
1404;31;106;False;vial
1409;0;108;False;vial
1421;97;163;False;vial
1438;43;1476;False;vial
1441;43;279;False;vial
1443;8;162;False;vial
1449;274;11;False;vial
1458;125;24;False;vial
1465;98;28;False;vial
1469;125;133;False;vial
1482;132;801;False;vial
1508;98;24;False;vial
1512;98;34;False;vial
1515;17;26;False;vial
1519;98;46;False;vial
1521;99;56;False;vial
1530;1;2953;False;vial
1537;-1;4;False;vial
1566;86;0;False;vial
1570;86;689;False;vial
1576;86;436;False;vial
1577;21;1844;False;vial
1591;86;782;False;vial
1592;86;100;False;vial
1593;21;20;False;vial
1598;86;44;False;vial
1599;178;61;False;vial
1610;240;5;False;vial
1613;27;505;False;vial
1614;27;99;False;vial
1615;27;108;False;vial
1648;274;36;False;vial
1652;274;71;False;vial
1655;273;109;False;vial
1674;274;40;False;vial
1681;46;14366;True;vial
1686;8;97;False;vial
1694;8;71;False;vial
1701;63;1546;False;vial
1704;160;276;False;vial
1707;100;473;False;vial
1714;169;120;False;vial
1719;50;27;False;vial
1729;50;60;False;vial
1734;161;68;False;vial
1735;19;63;False;vial
1736;86;205;False;vial
1738;25;73;False;vial
1739;23;55;False;vial
1740;23;33;False;vial
1742;71;43;False;vial
1747;54;130;False;vial
1749;258;1808;False;vial
1754;258;15213;True;vial
1755;-1;17683;True;vial
1756;258;13;False;vial
1760;47;1820;False;vial
1763;47;82;False;vial
1765;121;50;False;vial
1771;256;12;False;vial
1779;173;326;False;vial
1790;36;44;False;vial
1792;36;34;False;vial
1795;7;731;False;vial
1797;95;246;False;vial
1799;18;16;False;vial
1800;79;53;False;vial
1801;148;19;False;vial
1802;218;26;False;vial
1805;129;4671;False;vial
1812;59;52;False;vial
1813;173;126;False;vial
1814;59;122;False;vial
1818;59;68;False;vial
1821;36;40;False;vial
1822;36;64;False;vial
1828;83;1876;False;vial
1830;59;29;False;vial
1837;161;225;False;vial
1843;19;189;False;vial
1849;149;3;False;vial
1850;31;128;False;vial
1851;5;409;False;vial
1853;86;67;False;vial
1854;105;270;False;vial
1859;50;34;False;vial
1869;30;35;False;vial
1870;204;289;False;vial
1872;204;187;False;vial
1873;86;419;False;vial
1874;204;370;False;vial
1876;176;4;False;vial
1878;176;2;False;vial
1879;241;9424;True;vial
1888;65;326;False;vial
1890;31;26;False;vial
1896;31;47;False;vial
1908;34;129;False;vial
1910;211;320;False;vial
1913;31;33;False;vial
1914;115;38;False;vial
1931;31;41;False;vial
1937;31;39;False;vial
1939;14;1747;False;vial
1943;238;125;False;vial
1944;-1;266;False;vial
1945;-1;30639;True;vial
1946;52;23;False;vial
1947;10;69;False;vial
1952;92;1716;False;vial
1953;86;38;False;vial
1955;-1;12521;True;vial
1961;25;2042;False;vial
1965;31;70;False;vial
1967;140;428;False;vial
1969;-1;45456;True;vial
1971;150;11660;True;vial
1978;31;211;False;vial
1981;31;40;False;vial
1991;31;46;False;vial
1993;31;62;False;vial
2008;31;46;False;vial
2018;31;44;False;vial
2030;177;2;False;vial
2032;177;20;False;vial
2033;177;68;False;vial
2034;177;45;False;vial
2039;18;42;False;vial
2043;203;386;False;vial
2044;99;53;False;vial
2054;70;1426;False;vial
2056;70;95;False;vial
2057;70;137;False;vial
2059;70;1506;False;vial
2070;31;48;False;vial
2089;169;3966;False;vial
2093;33;60;False;vial
2110;31;182;False;vial
2112;31;81;False;vial
2114;31;29;False;vial
2118;31;22;False;vial
2133;33;8;False;vial
2136;108;26;False;vial
2139;22;101;False;vial
2140;22;112;False;vial
2146;166;225;False;vial
2154;85;203;False;vial
2156;117;22;False;vial
2173;213;342;False;vial
2175;169;145;False;vial
2176;32;3181;False;vial
2177;213;6;False;vial
2178;100;439;False;vial
2180;8;22;False;vial
2186;139;50;False;vial
2191;41;3683;False;vial
2194;30;77;False;vial
2195;31;18;False;vial
2200;214;122;False;vial
2210;86;1738;False;vial
2230;36;38;False;vial
2234;84;4050;False;vial
2235;36;11;False;vial
2238;59;37;False;vial
2239;36;76;False;vial
2248;142;409;False;vial
2249;87;194;False;vial
2271;68;19;False;vial
2272;34;294;False;vial
2283;15;197;False;vial
2295;149;2;False;vial
2298;2;219;False;vial
2302;121;90;False;vial
2303;149;29;False;vial
2304;149;50;False;vial
2328;149;12;False;vial
2335;19;54;False;vial
2338;19;327;False;vial
2339;25;7783;True;vial
2344;193;658;False;vial
2345;99;37;False;vial
2346;99;11;False;vial
2347;99;23;False;vial
2348;25;10;False;vial
2349;99;272;False;vial
2350;25;6;False;vial
2352;99;19;False;vial
2356;25;24;False;vial
2368;15;160;False;vial
2389;89;45;False;vial
2400;-1;188;False;vial
2405;202;612;False;vial
2409;115;27;False;vial
2410;115;10;False;vial
2413;206;145;False;vial
2414;54;58;False;vial
2415;54;39;False;vial
2416;16;1807;False;vial
2418;54;196;False;vial
2419;202;820;False;vial
2420;202;7;False;vial
2427;149;41;False;vial
2429;30;23;False;vial
2431;11;750;False;vial
2432;149;61;False;vial
2433;149;35;False;vial
2445;22;104;False;vial
2447;30;23;False;vial
2450;30;25;False;vial
2453;72;71;False;vial
2454;37;1234;False;vial
2457;92;17;False;vial
2460;169;88;False;vial
2461;73;3458;False;vial
2462;54;94;False;vial
2466;213;51;False;vial
2467;-1;938;False;vial
2468;27;162;False;vial
2469;92;121;False;vial
2473;19;160;False;vial
2486;30;25;False;vial
2489;66;68;False;vial
2493;96;72;False;vial
2497;139;56;False;vial
2499;-1;64;False;vial
2500;52;562;False;vial
2505;0;902;False;vial
2506;192;5822;True;vial
2508;202;3215;False;vial
2511;202;30;False;vial
2515;82;62;False;vial
2516;139;341;False;vial
2517;82;98;False;vial
2521;100;2279;False;vial
2526;31;44;False;vial
2528;139;83;False;vial
2543;54;24;False;vial
2544;206;1073;False;vial
2545;20;97;False;vial
2549;205;209;False;vial
2554;274;638;False;vial
2555;227;85;False;vial
2569;69;69;False;vial
2573;187;97;False;vial
2575;235;404;False;vial
2576;36;70;False;vial
2579;18;5186;True;vial
2580;173;200;False;vial
2583;29;14;False;vial
2585;139;75;False;vial
2596;29;216;False;vial
2600;36;80;False;vial
2630;256;30;False;vial
2644;126;133;False;vial
2657;15;508;False;vial
2664;202;3345;False;vial
2668;256;29;False;vial
2675;59;97;False;vial
2682;59;748;False;vial
2684;4;619;False;vial
2697;36;14;False;vial
2698;3;65;False;vial
2706;42;143;False;vial
2708;42;31;False;vial
2718;27;34;False;vial
2725;205;166;False;vial
2730;-1;21837;True;vial
2734;75;528;False;vial
2735;55;48;False;vial
2737;-1;1586;False;vial
2742;120;59;False;vial
2743;71;26;False;vial
2744;55;74;False;vial
2747;120;25;False;vial
2754;23;60;False;vial
2761;113;174;False;vial
2763;113;170;False;vial
2764;55;18;False;vial
2766;136;132;False;vial
2768;40;13;False;vial
2771;87;1363;False;vial
2775;55;27;False;vial
2776;55;45;False;vial
2777;11;209;False;vial
2786;31;17;False;vial
2788;31;26;False;vial
2805;31;294;False;vial
2813;10;261;False;vial
2826;185;1936;False;vial
2829;113;213;False;vial
2836;42;520;False;vial
2837;55;40;False;vial
2844;75;24;False;vial
2869;183;175;False;vial
2872;183;1213;False;vial
2876;230;31;False;vial
2880;69;1110;False;vial
2882;22;287;False;vial
2887;22;240;False;vial
2906;100;479;False;vial
2915;100;308;False;vial
2917;8;408;False;vial
2921;170;316;False;vial
2923;100;413;False;vial
2926;106;297;False;vial
2928;246;62;False;vial
2930;246;40;False;vial
2931;106;1120;False;vial
2934;106;85;False;vial
2937;106;151;False;vial
2938;246;13;False;vial
2944;246;1;False;vial
2946;246;161;False;vial
2947;106;166;False;vial
2955;21;47;False;vial
2969;42;7;False;vial
2972;213;45;False;vial
2973;43;12;False;vial
2974;21;2735;False;vial
2975;21;1663;False;vial
2977;72;20;False;vial
2978;42;418;False;vial
2980;72;24;False;vial
2988;86;289;False;vial
2989;21;46;False;vial
2993;100;161;False;vial
3001;92;10;False;vial
3004;21;10;False;vial
3010;125;388;False;vial
3016;22;134;False;vial
3023;21;8;False;vial
3031;202;58;False;vial
3033;46;20;False;vial
3034;11;26;False;vial
3046;86;72;False;vial
3047;117;1102;False;vial
3048;82;3365;False;vial
3055;18;661;False;vial
3061;11;46;False;vial
3071;31;64;False;vial
3076;87;1421;False;vial
3085;75;375;False;vial
3087;75;530;False;vial
3088;75;229;False;vial
3094;133;202;False;vial
3102;244;30;False;vial
3105;158;7698;True;vial
3107;86;70;False;vial
3108;86;40;False;vial
3111;47;99;False;vial
3120;238;30;False;vial
3124;86;79;False;vial
3137;31;294;False;vial
3146;32;89;False;vial
3147;86;223;False;vial
3151;31;45;False;vial
3153;125;38;False;vial
3162;125;14;False;vial
3163;125;52;False;vial
3165;125;38;False;vial
3183;218;81;False;vial
3185;31;13;False;vial
3189;121;163;False;vial
3194;60;6;False;vial
3198;86;114;False;vial
3212;86;181;False;vial
3238;19;294;False;vial
3248;53;103;False;vial
3265;218;45;False;vial
3271;31;75;False;vial
3273;31;56;False;vial
3285;31;86;False;vial
3290;31;29;False;vial
3292;31;35;False;vial
3309;31;47;False;vial
3311;31;33;False;vial
3314;31;48;False;vial
3318;31;23;False;vial
3319;31;27;False;vial
3321;31;56;False;vial
3329;121;119;False;vial
3344;117;95;False;vial
3348;31;66;False;vial
3349;31;45;False;vial
3350;31;52;False;vial
3351;31;19;False;vial
3353;31;51;False;vial
3354;31;52;False;vial
3367;117;61;False;vial
3368;70;123;False;vial
3369;70;252;False;vial
3373;70;23;False;vial
3375;70;28;False;vial
3378;70;76;False;vial
3379;70;45;False;vial
3382;214;796;False;vial
3392;199;61;False;vial
3404;199;47;False;vial
3405;199;54;False;vial
3429;5;26;False;vial
3439;70;41;False;vial
3456;70;34;False;vial
3461;105;68;False;vial
3463;168;28;False;vial
3471;274;21;False;vial
3473;11;1680;False;vial
3474;46;497;False;vial
3475;140;26;False;vial
3477;38;21;False;vial
3478;129;43128;True;vial
3479;102;224;False;vial
3482;70;26;False;vial
3484;70;123;False;vial
3485;70;178;False;vial
3486;70;243;False;vial
3495;105;76;False;vial
3499;70;33;False;vial
3509;199;36;False;vial
3510;258;17170;True;vial
3513;96;60;False;vial
3533;-1;21078;True;vial
3547;96;61;False;vial
3553;96;1152;False;vial
3554;96;51;False;vial
3573;86;65;False;vial
3582;170;933;False;vial
3593;59;120;False;vial
3595;235;68;False;vial
3596;235;74;False;vial
3597;235;38;False;vial
3612;28;1513;False;vial
3618;36;382;False;vial
3628;152;28;False;vial
3632;55;15;False;vial
3644;256;38;False;vial
3646;36;167;False;vial
3653;59;48;False;vial
3655;36;63;False;vial
3661;59;439;False;vial
3662;36;104;False;vial
3665;173;349;False;vial
3668;24;1224;False;vial
3674;4;1580;False;vial
3678;235;75;False;vial
3680;235;37;False;vial
3687;4;155;False;vial
3688;173;7;False;vial
3690;173;44;False;vial
3698;59;25;False;vial
3700;103;220;False;vial
3702;59;234;False;vial
3704;59;669;False;vial
3705;59;27;False;vial
3707;59;70;False;vial
3723;172;1087;False;vial
3742;99;201;False;vial
3743;99;36;False;vial
3744;99;30;False;vial
3746;135;397;False;vial
3747;99;797;False;vial
3749;99;24;False;vial
3752;99;92;False;vial
3753;99;4;False;vial
3754;99;44;False;vial
3755;99;28;False;vial
3756;99;64;False;vial
3771;135;31;False;vial
3781;99;29;False;vial
3782;99;213;False;vial
3783;82;251;False;vial
3786;25;42;False;vial
3787;25;23;False;vial
3792;25;368;False;vial
3800;258;14478;True;vial
3802;258;17529;True;vial
3815;140;319;False;vial
3820;71;40;False;vial
3824;71;46;False;vial
3825;71;6;False;vial
3827;71;31;False;vial
3828;71;17;False;vial
3831;71;17;False;vial
3836;105;28;False;vial
3838;11;31;False;vial
3839;11;23;False;vial
3840;190;952;False;vial
3841;128;129;False;vial
3842;140;296;False;vial
3845;25;32;False;vial
3849;25;1468;False;vial
3862;19;1072;False;vial
3867;2;31;False;vial
3877;259;198;False;vial
3878;25;814;False;vial
3880;54;7;False;vial
3881;33;64;False;vial
3890;42;21;False;vial
3897;92;887;False;vial
3899;105;225;False;vial
3910;238;47;False;vial
3918;92;60;False;vial
3919;92;190;False;vial
3923;92;243;False;vial
3924;52;1480;False;vial
3937;31;34;False;vial
3938;39;7844;True;vial
3941;55;7;False;vial
3942;18;27;False;vial
3943;21;46;False;vial
3948;21;21;False;vial
3954;33;50;False;vial
3955;33;19;False;vial
3956;33;36;False;vial
3958;33;35;False;vial
3959;233;34;False;vial
3960;33;2;False;vial
3961;33;11;False;vial
3962;33;11;False;vial
3963;101;443;False;vial
3965;31;94;False;vial
3966;90;254;False;vial
3969;101;2453;False;vial
3970;67;37;False;vial
3973;101;697;False;vial
3974;101;755;False;vial
3976;177;26;False;vial
3980;-1;308;False;vial
3993;99;5;False;vial
4002;17;48;False;vial
4014;67;404;False;vial
4019;98;2;False;vial
4020;98;7;False;vial
4026;108;1;False;vial
4027;108;25;False;vial
4028;108;8;False;vial
4033;31;129;False;vial
4037;69;162;False;vial
4046;98;15;False;vial
4047;38;626;False;vial
4048;38;636;False;vial
4053;30;59;False;vial
4061;98;37;False;vial
4065;98;30;False;vial
4066;98;11;False;vial
4090;265;33;False;vial
4096;151;240;False;vial
4098;151;147;False;vial
4100;94;50;False;vial
4107;38;823;False;vial
4108;38;812;False;vial
4109;38;133;False;vial
4110;181;854;False;vial
4111;181;998;False;vial
4113;38;16;False;vial
4132;31;48;False;vial
4151;63;1027;False;vial
4163;0;51;False;vial
4165;176;7;False;vial
4167;115;245;False;vial
4172;40;589;False;vial
4195;54;62;False;vial
4202;38;151;False;vial
4214;31;83;False;vial
4216;258;21182;True;vial
4229;86;26;False;vial
4230;86;30;False;vial
4234;94;118;False;vial
4236;151;937;False;vial
4237;172;63;False;vial
4239;172;396;False;vial
4240;172;273;False;vial
4242;172;27;False;vial
4243;184;257;False;vial
4244;184;732;False;vial
4252;226;296;False;vial
4263;99;162;False;vial
4267;92;221;False;vial
4271;2;386;False;vial
4278;92;297;False;vial
4281;54;114;False;vial
4285;54;32;False;vial
4290;31;46;False;vial
4298;31;45;False;vial
4302;31;5;False;vial
4303;-1;45;False;vial
4326;133;507;False;vial
4335;96;266;False;vial
4337;96;81;False;vial
4339;21;27;False;vial
4351;31;8;False;vial
4353;31;121;False;vial
4356;31;54;False;vial
4359;31;27;False;vial
4367;31;68;False;vial
4376;133;23;False;vial
4391;133;55;False;vial
4396;133;87;False;vial
4398;226;37;False;vial
4402;-1;17;False;vial
4407;-1;21;False;vial
4414;54;19;False;vial
4416;226;43;False;vial
4423;133;73;False;vial
4427;54;261;False;vial
4442;61;27;False;vial
4443;55;22;False;vial
4451;31;10;False;vial
4458;239;129;False;vial
4459;111;546;False;vial
4464;31;53;False;vial
4465;31;34;False;vial
4481;31;98;False;vial
4484;31;83;False;vial
4545;70;217;False;vial
4548;31;1;False;vial
4577;75;220;False;vial
4592;75;277;False;vial
4606;106;22;False;vial
4614;31;42;False;vial
4627;31;46;False;vial
4631;70;274;False;vial
4640;161;93;False;vial
4651;213;208;False;vial
4665;244;1036;False;vial
4667;43;3676;False;vial
4669;100;898;False;vial
4670;62;471;False;vial
4673;203;13;False;vial
4675;203;12;False;vial
4677;18;189;False;vial
4678;18;157;False;vial
4679;105;14;False;vial
4685;203;59;False;vial
4687;105;102;False;vial
4688;223;573;False;vial
4695;147;823;False;vial
4697;55;26;False;vial
4701;71;850;False;vial
4703;71;64;False;vial
4712;46;1633;False;vial
4727;105;71;False;vial
4730;46;356;False;vial
4732;46;86;False;vial
4736;46;378;False;vial
4737;46;133;False;vial
4740;71;45;False;vial
4744;71;66;False;vial
4745;71;338;False;vial
4746;71;456;False;vial
4753;23;85;False;vial
4757;38;28;False;vial
4758;-1;85;False;vial
4759;102;768;False;vial
4760;142;53;False;vial
4761;273;1991;False;vial
4762;-1;585;False;vial
4763;38;113;False;vial
4771;23;25;False;vial
4775;55;119;False;vial
4777;274;34;False;vial
4780;140;191;False;vial
4782;54;13;False;vial
4784;233;172;False;vial
4788;31;48;False;vial
4790;46;315;False;vial
4809;131;56;False;vial
4811;31;15;False;vial
4813;62;11;False;vial
4818;0;52;False;vial
4820;0;46;False;vial
4834;0;1236;False;vial
4836;0;55;False;vial
4838;0;212;False;vial
4842;0;3349;False;vial
4843;0;867;False;vial
4844;0;67;False;vial
4846;0;300;False;vial
4854;0;397;False;vial
4855;0;338;False;vial
4858;0;139;False;vial
4859;0;75;False;vial
4863;0;35;False;vial
4875;60;24;False;vial
4876;-1;470;False;vial
4896;25;46;False;vial
4897;99;40;False;vial
4898;99;174;False;vial
4899;99;17;False;vial
4915;22;536;False;vial
4941;22;261;False;vial
4946;22;182;False;vial
4954;62;24;False;vial
4969;187;113;False;vial
4982;92;483;False;vial
4983;149;39;False;vial
4994;115;38;False;vial
5002;33;167;False;vial
5005;33;30;False;vial
5006;33;67;False;vial
5007;33;48;False;vial
5008;172;28;False;vial
5010;33;212;False;vial
5011;33;13;False;vial
5018;274;574;False;vial
5019;46;174;False;vial
5020;140;94;False;vial
5021;190;238;False;vial
5022;11;239;False;vial
5023;87;317;False;vial
5025;38;82;False;vial
5028;232;937;False;vial
5029;128;277;False;vial
5030;128;17;False;vial
5031;128;640;False;vial
5032;128;153;False;vial
5034;232;118;False;vial
5035;150;1664;False;vial
5038;62;65;False;vial
5040;31;6;False;vial
5041;31;56;False;vial
5066;74;168;False;vial
5107;33;28;False;vial
5112;74;356;False;vial
5129;171;615;False;vial
5147;33;260;False;vial
5161;27;154;False;vial
5166;86;6;False;vial
5181;73;1258;False;vial
5185;178;742;False;vial
5191;226;53;False;vial
5193;226;204;False;vial
5194;226;105;False;vial
5195;226;8;False;vial
5198;54;115;False;vial
5210;54;62;False;vial
5218;54;45;False;vial
5229;54;161;False;vial
5234;73;5641;True;vial
5236;31;83;False;vial
5240;131;766;False;vial
5245;31;67;False;vial
5247;207;19;False;vial
5249;207;28;False;vial
5264;-1;10;False;vial
5265;-1;42;False;vial
5267;7;227;False;vial
5272;-1;17330;True;vial
5275;33;27;False;vial
5280;62;2062;False;vial
5282;62;2723;False;vial
5283;62;822;False;vial
5298;62;2964;False;vial
5301;151;52;False;vial
5317;21;1082;False;vial
5342;47;49;False;vial
5355;60;85;False;vial
5358;38;693;False;vial
5369;60;3027;False;vial
5374;85;54;False;vial
5375;85;164;False;vial
5376;117;202;False;vial
5379;85;89;False;vial
5380;117;326;False;vial
5398;172;47;False;vial
5415;25;528;False;vial
5417;1;670;False;vial
5421;1;215;False;vial
5438;31;57;False;vial
5493;-1;18212;True;vial
5531;214;217;False;vial
5537;199;198;False;vial
5538;105;204;False;vial
5539;199;123;False;vial
5547;105;127;False;vial
5548;199;605;False;vial
5557;214;73;False;vial
5559;28;275;False;vial
5560;5;82;False;vial
5572;214;33;False;vial
5573;105;124;False;vial
5579;238;59;False;vial
5581;5;22;False;vial
5584;238;37;False;vial
5585;31;27;False;vial
5591;55;89;False;vial
5593;34;246;False;vial
5597;1;274;False;vial
5599;1;133;False;vial
5621;115;244;False;vial
5623;105;42;False;vial
5637;114;86;False;vial
5643;33;8;False;vial
5645;33;193;False;vial
5647;265;23;False;vial
5665;167;780;False;vial
5668;167;140;False;vial
5669;167;520;False;vial
5677;149;137;False;vial
5726;31;47;False;vial
5727;31;53;False;vial
5731;31;597;False;vial
5769;207;616;False;vial
5773;7;56;False;vial
5778;7;243;False;vial
5787;7;31;False;vial
5804;7;242;False;vial
5811;207;14;False;vial
5829;41;112;False;vial
5831;207;43;False;vial
5843;207;185;False;vial
5855;99;424;False;vial
5861;202;17;False;vial
5864;7;27;False;vial
5872;131;1029;False;vial
5878;70;58;False;vial
5882;41;1909;False;vial
5889;98;57;False;vial
5902;95;2945;False;vial
5909;105;115;False;vial
5920;207;290;False;vial
5922;7;684;False;vial
5926;115;37;False;vial
5933;115;20;False;vial
5949;42;186;False;vial
5957;150;441;False;vial
5958;150;244;False;vial
5966;115;405;False;vial
5994;150;4598;False;bote
5995;222;228;False;vial
6004;41;735;False;vial
6006;31;105;False;vial
6008;31;18;False;vial
6009;205;48;False;vial
6018;59;16;False;vial
6021;115;16;False;vial
6029;4;2176;False;vial
6031;256;126;False;vial
6094;97;526;False;vial
6096;97;21;False;vial
6116;198;15792;True;vial
6117;198;46575;True;vial
6118;198;39227;True;vial
6120;198;55511;True;vial
6121;39;898;False;vial
6123;39;16987;True;vial
6158;7;2343;False;vial
6175;172;485;False;vial
6176;172;308;False;vial
6184;59;37;False;vial
6187;149;414;False;vial
6189;2;430;False;vial
6211;24;1608;False;vial
6216;24;56;False;vial
6223;40;36;False;vial
6235;55;28;False;vial
6236;55;30;False;vial
6240;104;5;False;vial
6248;149;190;False;vial
6249;89;57;False;vial
6250;56;13;False;vial
6255;42;24;False;vial
6258;116;3561;False;vial
6262;104;22;False;vial
6275;56;611;False;vial
6276;56;251;False;vial
6277;42;23;False;vial
6278;133;32;False;vial
6279;67;30;False;vial
6290;133;309;False;vial
6291;133;218;False;vial
6292;104;13;False;vial
6294;149;7;False;vial
6298;149;176;False;vial
6313;133;722;False;vial
6315;149;25;False;vial
6322;133;569;False;vial
6336;184;3694;False;vial
6344;59;112;False;vial
6388;249;103;False;vial
6390;135;1120;False;vial
6395;92;51;False;vial
6399;89;56;False;vial
6405;218;228;False;vial
6406;149;64;False;vial
6436;53;36;False;vial
6463;31;9;False;vial
6464;31;39;False;vial
6477;31;30;False;vial
6478;31;44;False;vial
6489;59;506;False;vial
6537;180;143;False;vial
6539;104;17;False;vial
6540;259;1298;False;vial
6541;104;6;False;vial
6543;104;583;False;vial
6550;116;398;False;vial
6551;56;157;False;vial
6556;56;79;False;vial
6585;151;525;False;vial
6650;31;50;False;vial
6654;43;113;False;vial
6655;151;24;False;vial
6658;55;209;False;vial
6659;55;108;False;vial
6660;55;241;False;vial
6662;55;10;False;vial
6663;-1;35;False;vial
6664;55;91;False;vial
6666;74;60;False;vial
6687;43;102;False;vial
6688;43;30;False;vial
6692;166;70;False;vial
6693;151;462;False;vial
6710;151;21;False;vial
6719;63;57;False;vial
6738;40;116;False;vial
6758;55;36;False;vial
6768;161;55;False;vial
6774;2;22;False;vial
6776;100;4169;False;vial
6794;36;15;False;vial
6809;62;253;False;vial
6815;31;50;False;vial
6818;8;277;False;vial
6819;31;19;False;vial
6821;31;67;False;vial
6822;31;96;False;vial
6850;42;94;False;vial
6861;99;8;False;vial
6865;161;60;False;vial
6871;114;235;False;vial
6872;114;543;False;vial
6875;74;433;False;vial
6891;33;37;False;vial
6893;33;100;False;vial
6894;33;422;False;vial
6899;36;53;False;vial
6905;114;118;False;vial
6906;114;918;False;vial
6907;114;643;False;vial
6911;4;255;False;vial
6913;43;161;False;vial
6915;152;279;False;vial
6916;4;1469;False;vial
6927;172;177;False;vial
6942;187;172;False;vial
6947;33;39;False;vial
6949;240;4;False;vial
6952;151;234;False;vial
6953;240;56;False;vial
6954;187;267;False;vial
6960;204;452;False;vial
6961;33;32;False;vial
6964;33;24;False;vial
6968;22;21;False;vial
6970;240;21;False;vial
6972;240;95;False;vial
6976;240;29;False;vial
6980;204;536;False;vial
6983;204;277;False;vial
6989;96;803;False;vial
6990;96;235;False;vial
6993;96;325;False;vial
6999;62;78;False;vial
7014;22;717;False;vial
7042;265;26;False;vial
7046;33;170;False;vial
7047;33;104;False;vial
7050;33;59;False;vial
7051;33;864;False;vial
7053;33;496;False;vial
7058;33;884;False;vial
7062;96;884;False;vial
7065;96;20;False;vial
7066;96;74;False;vial
7069;240;1;False;vial
7073;33;337;False;vial
7076;99;213;False;vial
7095;112;4438;False;vial
7096;63;3472;False;vial
7103;96;71;False;vial
7109;96;113;False;vial
7111;96;16;False;vial
7123;96;49;False;vial
7129;202;120;False;vial
7132;83;1629;False;vial
7143;30;20;False;vial
7151;204;541;False;vial
7173;219;31;False;vial
7191;59;1356;False;vial
7202;24;15;False;vial
7206;24;143;False;vial
7207;24;20;False;vial
7210;24;441;False;vial
7211;24;1542;False;vial
7225;59;22;False;vial
7226;227;39;False;vial
7227;173;29;False;vial
7238;173;276;False;vial
7247;172;466;False;vial
7252;151;96;False;vial
7255;151;30;False;vial
7257;151;35;False;vial
7260;151;32;False;vial
7266;151;286;False;vial
7269;151;83;False;vial
7270;151;18;False;vial
7274;33;479;False;vial
7275;151;97;False;vial
7278;43;156;False;vial
7282;33;28;False;vial
7291;33;183;False;vial
7293;33;7;False;vial
7296;151;22;False;vial
7306;17;229;False;vial
7324;94;287;False;vial
7336;31;56;False;vial
7343;31;97;False;vial
7357;94;434;False;vial
7362;158;2297;False;vial
7385;48;12247;True;vial
7388;48;3069;False;vial
7396;123;468;False;vial
7398;111;72;False;vial
7404;123;155;False;vial
7442;111;317;False;vial
7443;111;562;False;vial
7446;239;1980;False;vial
7447;111;146;False;vial
7458;6;3717;False;vial
7470;121;36;False;vial
7471;121;18;False;vial
7472;111;8;False;vial
7473;111;28;False;vial
7474;153;456;False;vial
7475;233;906;False;vial
7477;111;51;False;vial
7480;111;251;False;vial
7481;239;890;False;vial
7482;233;431;False;vial
7483;233;46;False;vial
7484;111;297;False;vial
7485;111;562;False;vial
7486;233;559;False;vial
7497;6;1284;False;vial
7507;150;284;False;vial
7510;121;2086;False;vial
7545;99;128;False;vial
7547;31;64;False;vial
7586;240;16;False;vial
7593;239;218;False;vial
7594;239;106;False;vial
7595;239;322;False;vial
7599;111;48;False;vial
7606;111;51;False;vial
7607;111;260;False;vial
7608;111;65;False;vial
7619;111;252;False;vial
7625;233;36;False;vial
7639;235;24;False;vial
7640;59;73;False;vial
7643;173;107;False;vial
7647;235;376;False;vial
7674;150;41;False;vial
7695;27;322;False;vial
7696;27;73;False;vial
7702;151;381;False;vial
7705;26;144;False;vial
7706;26;291;False;vial
7707;26;1083;False;vial
7713;104;1589;False;vial
7735;59;227;False;vial
7737;151;4;False;vial
7767;178;11;False;vial
7771;-1;15;False;vial
7772;240;148;False;vial
7774;240;7;False;vial
7775;240;16;False;vial
7796;222;80;False;vial
7820;158;4085;False;vial
7822;158;6621;True;vial
7824;122;4922;False;vial
7835;158;3758;False;vial
7836;122;3834;False;vial
7851;83;78;False;vial
7869;36;22;False;vial
7907;104;405;False;vial
7911;104;890;False;vial
8006;18;51;False;vial
8007;203;138;False;vial
8010;203;38;False;vial
8030;240;167;False;vial
8035;43;3004;False;vial
8037;72;158;False;vial
8039;43;44;False;vial
8066;18;541;False;vial
8068;18;45;False;vial
8070;180;44;False;vial
8072;180;63;False;vial
8073;180;129;False;vial
8091;27;234;False;vial
8093;27;43;False;vial
8099;86;20;False;vial
8100;86;20;False;vial
8141;207;105;False;vial
8186;71;24;False;vial
8187;71;21;False;vial
8189;23;5;False;vial
8200;202;82;False;vial
8206;36;49;False;vial
8212;79;171;False;vial
8213;36;23;False;vial
8215;79;86;False;vial
8216;36;25;False;vial
8217;79;41;False;vial
8246;79;160;False;vial
8256;18;572;False;vial
8264;88;465;False;vial
8266;79;687;False;vial
8274;79;350;False;vial
8286;85;32;False;vial
8292;59;57;False;vial
8302;208;493;False;vial
8303;208;22;False;vial
8304;72;258;False;vial
8314;164;603;False;vial
8321;95;260;False;vial
8336;240;75;False;vial
8361;150;24;False;vial
8373;150;18;False;vial
8374;150;30;False;vial
8378;18;2560;False;vial
8384;150;13;False;vial
8387;36;39;False;vial
8388;124;826;False;vial
8399;124;181;False;vial
8413;27;150;False;vial
8423;173;24;False;vial
8424;59;818;False;vial
8425;138;48;False;vial
8431;138;391;False;vial
8432;138;50;False;vial
8433;31;74;False;vial
8435;256;74;False;vial
8436;256;26;False;vial
8444;31;10;False;vial
8451;27;78;False;vial
8452;31;21;False;vial
8579;71;923;False;vial
8581;71;32;False;vial
8617;27;672;False;vial
8619;213;48;False;vial
8640;203;43;False;vial
8641;203;48;False;vial
8642;203;11;False;vial
8644;203;121;False;vial
8645;203;70;False;vial
8647;203;12;False;vial
8648;203;22;False;vial
8678;71;571;False;vial
8693;140;210;False;vial
8695;232;32;False;vial
8696;232;58;False;vial
8702;232;2120;False;vial
8706;21;964;False;vial
8709;161;27;False;vial
8710;161;19;False;vial
8714;139;18;False;vial
8729;152;49;False;vial
8733;55;65;False;vial
8741;43;171;False;vial
8746;18;308;False;vial
8749;122;277;False;vial
8750;122;40;False;vial
8806;79;48;False;vial
8809;79;46;False;vial
8821;1;30;False;vial
8822;1;248;False;vial
8823;79;50;False;vial
8826;153;1814;False;vial
8827;79;43;False;vial
8830;31;59;False;vial
8832;31;46;False;vial
8833;79;6;False;vial
8834;31;37;False;vial
8836;31;12;False;vial
8847;113;411;False;vial
8850;136;11;False;vial
8851;136;30;False;vial
8853;31;53;False;vial
8865;55;118;False;vial
8866;106;163;False;vial
8867;106;224;False;vial
8868;106;42;False;vial
8874;167;29;False;vial
8880;96;73;False;vial
8886;178;22;False;vial
8931;1;4;False;vial
8962;85;85;False;vial
8964;85;60;False;vial
8975;51;54;False;vial
8989;199;80;False;vial
8995;124;2309;False;vial
9014;99;476;False;vial
9019;-1;293;False;vial
9020;27;228;False;vial
9023;18;109;False;vial
9024;223;130;False;vial
9025;164;265;False;vial
9026;252;74;False;vial
9027;167;452;False;vial
9028;240;170;False;vial
9033;51;28;False;vial
9042;3;649;False;vial
9047;51;25;False;vial
9053;172;47;False;vial
9057;172;865;False;vial
9073;32;928;False;vial
9089;150;4706;False;bote
9107;177;18;False;vial
9120;62;25;False;vial
9142;85;900;False;vial
9144;21;230;False;vial
9158;85;311;False;vial
9160;85;140;False;vial
9169;41;27;False;vial
9201;104;712;False;vial
9241;106;45;False;vial
9251;60;86;False;vial
9258;85;183;False;vial
9267;-1;17;False;vial
9268;181;38;False;vial
9269;102;16;False;vial
9270;-1;1234;False;vial
9285;164;105;False;vial
9291;180;178;False;vial
9310;51;45;False;vial
9312;1;92;False;vial
9441;33;20;False;vial
9469;230;125;False;vial
9473;22;13;False;vial
9505;41;891;False;vial
9583;111;420;False;vial
9602;232;25;False;vial
9603;140;62;False;vial
9727;56;44;False;vial
9728;33;166;False;vial
9733;233;140;False;vial
9734;233;439;False;vial
9735;233;356;False;vial
9736;233;399;False;vial
9745;254;2399;False;vial
9815;-1;282;False;vial
9829;199;541;False;vial
9839;233;134;False;vial
9851;21;37;False;vial
9902;233;673;False;vial
9903;-1;1255;False;vial
9904;233;175;False;vial
9906;233;1474;False;vial
9910;233;479;False;vial
9931;233;255;False;vial
9933;233;32;False;vial
9950;170;1655;False;vial
9987;165;19;False;vial
9989;53;418;False;vial
9991;259;1393;False;vial
9993;259;128;False;vial
9994;53;35;False;vial
9999;31;53;False;vial
10001;31;96;False;vial
10003;31;48;False;vial
10004;31;6;False;vial
10005;31;162;False;vial
10007;31;199;False;vial
10008;31;89;False;vial
10081;31;57;False;vial
10096;135;29;False;vial
10099;31;67;False;vial
10122;31;28;False;vial
10159;161;34;False;vial
10176;227;33;False;vial
10215;77;58;False;vial
10216;184;217;False;vial
10220;77;276;False;vial
10224;77;169;False;vial
10225;77;1700;False;vial
10226;77;447;False;vial
10241;28;239;False;vial
10242;28;261;False;vial
10243;28;1065;False;vial
10244;28;27;False;vial
10249;151;188;False;vial
10256;5;18;False;vial
10262;151;168;False;vial
10263;151;51;False;vial
10264;151;48;False;vial
10265;151;385;False;vial
10294;151;158;False;vial
10299;214;77;False;vial
10300;165;11;False;vial
10301;217;34;False;vial
10304;137;66;False;vial
10305;86;265;False;vial
10306;-1;5991;True;vial
10308;103;923;False;vial
10309;45;88;False;vial
10310;45;1864;False;vial
10311;-1;2586;False;bote
10312;-1;54;False;vial
10313;45;942;False;vial
10314;45;18849;True;vial
10316;45;184;False;vial
10317;45;16998;True;vial
10318;31;162;False;vial
10319;31;260;False;vial
10320;161;79;False;vial
10330;161;7;False;vial
10331;137;1180;False;vial
10337;160;453;False;vial
10338;126;313;False;vial
10339;160;71;False;vial
10340;160;750;False;vial
10341;183;5621;True;vial
10342;8;934;False;vial
10343;160;192;False;vial
10344;126;43;False;vial
10345;8;429;False;vial
10346;8;218;False;vial
10347;22;262;False;vial
10348;65;7515;True;vial
10349;22;545;False;vial
10350;0;164;False;vial
10351;126;701;False;vial
10352;126;142;False;vial
10353;65;121;False;vial
10365;53;338;False;vial
10366;259;225;False;vial
10375;149;54;False;vial
10463;5;251;False;vial
10465;5;18;False;vial
10680;268;713;False;vial
10684;254;282;False;vial
10685;254;99;False;vial
10688;235;32;False;vial
10689;78;8815;True;vial
10697;256;16;False;vial
10760;6;663;False;vial
10777;244;179;False;vial
10799;226;90;False;vial
10826;254;1160;False;vial
10859;173;125;False;vial
10866;36;233;False;vial
10867;36;40;False;vial
10868;59;36;False;vial
10874;31;46;False;vial
10878;65;18;False;vial
10885;31;95;False;vial
10888;4;834;False;vial
10898;31;33;False;vial
10900;39;60;False;vial
10907;177;22;False;vial
10908;177;41;False;vial
10909;177;22;False;vial
10910;177;44;False;vial
10915;63;104;False;vial
10916;63;421;False;vial
10917;8;424;False;vial
10918;63;612;False;vial
10922;8;336;False;vial
10924;177;22;False;vial
10926;177;36;False;vial
10927;177;31;False;vial
10928;177;100;False;vial
10930;32;76;False;vial
10931;31;26;False;vial
10932;150;114;False;vial
10933;146;507;False;vial
10934;151;105;False;vial
10935;32;114;False;vial
10936;33;50;False;vial
10937;134;4;False;vial
10938;21;2184;False;vial
10939;32;2174;False;vial
10940;63;498;False;vial
10941;31;250;False;vial
10942;32;839;False;vial
10943;31;28;False;vial
10944;33;11;False;vial
10945;65;29;False;vial
10946;123;217;False;vial
10947;123;1709;False;vial
10948;123;118;False;vial
10949;202;1001;False;vial
10950;202;32;False;vial
10951;151;684;False;vial
10952;22;185;False;vial
10953;22;144;False;vial
10954;0;306;False;vial
10955;22;150;False;vial
10956;22;257;False;vial
10957;150;189;False;vial
10958;82;13;False;vial
10959;31;33;False;vial
10960;121;249;False;vial
10961;202;1704;False;vial
10962;245;3036;False;bote
10963;138;672;False;vial
10965;168;3357;False;vial
10967;86;1521;False;vial
10968;71;36;False;vial
10969;157;900;False;vial
10970;133;58;False;vial
10971;133;115;False;vial
10972;157;124;False;vial
10973;256;10;False;vial
10974;256;26;False;vial
10975;32;514;False;vial
10982;-1;155;False;vial
10983;123;280;False;vial
10989;172;54;False;vial
10996;32;17;False;vial
10997;85;89;False;vial
11002;165;135;False;vial
11003;268;212;False;vial
11004;165;177;False;vial
11005;165;10;False;vial
11006;59;21;False;vial
11008;43;1868;False;vial
11009;213;218;False;vial
11010;32;183;False;vial
11012;4;742;False;vial
11013;32;37;False;vial
11014;32;68;False;vial
11015;32;39;False;vial
11016;-1;460;False;vial
11018;32;37;False;vial
11019;5;1065;False;vial
11021;240;120;False;vial
11022;8;2307;False;vial
11025;192;1072;False;vial
11029;13;571;False;vial
11030;74;29;False;vial
11031;163;582;False;vial
11032;67;315;False;vial
11033;199;397;False;vial
11034;32;22;False;vial
11035;256;939;False;vial
11036;88;3618;False;vial
11037;86;181;False;vial
11038;95;702;False;vial
11039;36;55;False;vial
11042;165;58;False;vial
11043;0;1238;False;vial
11044;173;406;False;vial
11045;0;1076;False;vial
11046;0;798;False;vial
11047;0;1808;False;vial
11048;0;762;False;vial
11052;8;1507;False;vial
11054;19;63;False;vial
11055;235;341;False;vial
11058;256;21;False;vial
11059;240;14;False;vial
11060;214;404;False;vial
11061;214;97;False;vial
11064;24;290;False;vial
11065;59;2745;False;vial
11068;24;345;False;vial
11069;24;517;False;vial
11070;19;11;False;vial
11071;137;1512;False;vial
11072;161;20;False;vial
11076;8;1507;False;vial
11078;52;1675;False;vial
11079;25;81;False;vial
11080;214;7234;True;vial
11085;157;628;False;vial
11086;33;423;False;vial
11088;0;350;False;vial
11089;0;366;False;vial
11090;33;40;False;vial
11091;33;326;False;vial
11092;33;206;False;vial
11093;0;76;False;vial
11094;86;189;False;vial
11095;0;202;False;vial
11098;214;39;False;vial
11099;214;133;False;vial
11100;214;275;False;vial
11101;214;37;False;vial
11102;203;79;False;vial
11103;5;1403;False;vial
11104;47;71;False;vial
11107;70;207;False;vial
11108;70;426;False;vial
11109;157;124;False;vial
11110;28;4167;False;vial
11111;18;227;False;vial
11112;149;30;False;vial
11114;121;41;False;vial
11115;224;230;False;bote
11116;24;761;False;vial
11117;24;659;False;vial
11118;235;565;False;vial
11119;24;90;False;vial
11120;258;17611;True;vial
11121;258;20915;True;vial
11122;31;64;False;vial
11123;151;123;False;vial
11124;22;195;False;vial
11125;202;136;False;vial
11126;224;405;False;bote
11127;24;3154;False;vial
11128;24;627;False;vial
11129;254;87;False;vial
11130;33;631;False;vial
11131;45;13941;True;vial
11132;150;178;False;vial
11133;33;106;False;vial
11134;-1;157;False;vial
11135;86;75;False;vial
11136;86;981;False;vial
11137;187;89;False;vial
11138;187;349;False;vial
11139;171;1828;False;vial
11140;54;14;False;vial
11141;126;20;False;vial
11143;187;107;False;vial
11145;187;276;False;vial
11146;31;35;False;vial
11147;187;88;False;vial
11148;187;134;False;vial
11149;187;88;False;vial
11150;22;206;False;vial
11151;235;86;False;vial
11152;187;65;False;vial
11153;24;67;False;vial
11154;158;5431;True;vial
11155;158;2203;False;vial
11156;158;1698;False;vial
11157;158;6639;True;vial
11172;158;1598;False;vial
11173;158;1681;False;vial
11174;122;574;False;vial
11175;22;138;False;vial
11176;19;25;False;vial
11181;-1;379;False;bote
11182;214;80;False;vial
11183;214;72;False;vial
11184;5;1859;False;vial
11188;105;18;False;vial
11191;187;395;False;vial
11192;31;177;False;vial
11193;105;123;False;vial
11194;187;1235;False;vial
11195;70;111;False;vial
11196;201;32;False;vial
11197;65;115;False;vial
11199;31;15;False;vial
11200;222;610;False;vial
11201;41;551;False;vial
11202;105;259;False;vial
11203;192;191;False;vial
11206;105;29;False;vial
11207;230;53;False;vial
11208;199;21;False;vial
11209;199;153;False;vial
11210;105;41;False;vial
11211;70;60;False;vial
11212;31;246;False;vial
11214;146;164;False;vial
11215;146;62;False;vial
11216;146;101;False;vial
11217;146;124;False;vial
11218;146;104;False;vial
11219;146;43;False;vial
11220;27;4156;False;vial
11223;105;72;False;vial
11225;105;14;False;vial
11229;18;5231;True;vial
11230;18;29;False;vial
11232;31;29;False;vial
11233;21;480;False;vial
11235;21;177;False;vial
11237;0;567;False;vial
11238;233;392;False;vial
11239;116;3512;False;vial
11240;33;596;False;vial
11241;116;111;False;vial
11242;233;475;False;vial
11243;31;31;False;vial
11244;233;204;False;vial
11246;201;977;False;vial
11248;22;304;False;vial
11249;22;236;False;vial
11251;22;38;False;vial
11252;91;72;False;vial
11253;187;519;False;vial
11254;157;376;False;vial
11256;187;43;False;vial
11259;74;160;False;vial
11262;180;176;False;vial
11264;26;127;False;vial
11266;-1;180;False;vial
11267;32;79;False;vial
11270;32;55;False;vial
11271;0;531;False;vial
11272;0;651;False;vial
11273;0;110;False;vial
11274;0;250;False;vial
11275;43;853;False;vial
11276;26;379;False;vial
11277;105;16;False;vial
11278;26;196;False;vial
11279;31;341;False;vial
11280;199;11;False;vial
11281;188;456;False;vial
11282;188;37;False;vial
11283;251;267;False;vial
11284;251;1059;False;vial
11285;43;3952;False;vial
11286;0;821;False;vial
11288;41;282;False;vial
11289;32;254;False;vial
11291;26;131;False;vial
11292;26;125;False;vial
11293;26;135;False;vial
11294;26;241;False;vial
11295;26;330;False;vial
11297;26;1649;False;vial
11298;26;3215;False;vial
11299;26;35;False;vial
11300;162;793;False;vial
11301;26;755;False;vial
11302;26;214;False;vial
11306;93;34;False;vial
11307;253;4044;False;vial
11309;65;645;False;vial
11310;70;150;False;vial
11311;43;3808;False;vial
11313;41;300;False;vial
11314;43;246;False;vial
11315;43;149;False;vial
11316;178;19;False;vial
11317;178;38;False;vial
11320;146;1470;False;vial
11321;146;1268;False;vial
11326;92;177;False;vial
11327;178;18;False;vial
11328;41;421;False;vial
11329;73;165;False;vial
11330;33;38;False;vial
11332;31;32;False;vial
11333;120;44;False;vial
11334;31;44;False;vial
11335;31;3;False;vial
11337;26;504;False;vial
11338;26;635;False;vial
11339;26;302;False;vial
11341;26;863;False;vial
11342;26;330;False;vial
11343;31;48;False;vial
11344;94;35;False;vial
11345;2;366;False;vial
11346;26;375;False;vial
11347;32;26;False;vial
11348;74;130;False;vial
11350;121;431;False;vial
11351;6;888;False;vial
11353;30;19;False;vial
11354;66;22;False;vial
11355;221;4944;False;vial
11356;157;610;False;vial
11357;105;13;False;vial
11359;168;46;False;vial
11360;59;955;False;vial
11363;161;68;False;vial
11365;201;28;False;vial
11366;213;335;False;vial
11367;37;2333;False;vial
11368;192;618;False;vial
11372;221;26542;True;vial
11376;256;243;False;vial
11378;105;56;False;vial
11379;161;27;False;vial
11380;36;69;False;vial
11381;84;1467;False;vial
11382;84;1056;False;vial
11383;84;380;False;vial
11384;2;433;False;vial
11385;257;471;False;vial
11386;84;288;False;vial
11387;221;28220;True;vial
11389;62;493;False;vial
11390;121;41;False;vial
11391;31;67;False;vial
11392;31;28;False;vial
11393;257;124;False;vial
11394;6;2952;False;vial
11396;6;255;False;vial
11397;84;582;False;vial
11398;257;107;False;vial
11399;138;689;False;vial
11400;31;59;False;vial
11401;6;888;False;vial
11402;31;177;False;vial
11403;31;23;False;vial
11404;31;5;False;vial
11405;6;3704;False;vial
11406;141;4545;False;bote
11408;6;709;False;vial
11409;259;198;False;vial
11410;235;42;False;vial
11414;110;904;False;vial
11416;86;1113;False;vial
11417;256;708;False;vial
11418;105;30;False;vial
11420;-1;166;False;vial
11421;213;44;False;vial
11422;141;39998;True;vial
11423;6;4071;False;vial
11424;121;142;False;vial
11425;121;270;False;vial
11427;165;18;False;vial
11428;121;145;False;vial
11429;6;620;False;vial
11430;170;520;False;vial
11431;26;331;False;vial
11433;251;710;False;vial
11434;21;162;False;vial
11435;256;104;False;vial
11436;67;211;False;vial
11437;21;36;False;vial
11438;21;430;False;vial
11439;122;1029;False;vial
11440;158;5153;True;vial
11441;158;207;False;vial
11442;158;382;False;vial
11446;158;4653;False;vial
11447;62;348;False;vial
11448;121;2566;False;vial
11449;158;5244;True;vial
11450;92;322;False;vial
11451;213;13;False;vial
11452;10;489;False;vial
11453;194;119;False;vial
11454;165;69;False;vial
11455;14;2705;False;vial
11456;21;276;False;vial
11458;43;5963;True;vial
11459;110;836;False;vial
11460;126;180;False;vial
11461;126;81;False;vial
11462;133;160;False;vial
11463;121;2221;False;vial
11465;21;114;False;vial
11466;21;210;False;vial
11467;141;147;False;bote
11469;110;595;False;vial
11470;110;1072;False;vial
11471;-1;72;False;vial
11472;251;492;False;vial
11473;251;2106;False;vial
11474;14;2851;False;vial
11475;126;37;False;vial
11476;43;3510;False;vial
11477;213;387;False;vial
11478;126;294;False;vial
11480;126;215;False;vial
11481;37;177;False;vial
11485;110;3913;False;vial
11486;110;1206;False;vial
11490;121;37;False;vial
11491;110;2748;False;vial
11492;22;281;False;vial
11493;180;14;False;vial
11496;43;474;False;vial
11498;140;34;False;vial
11499;0;34;False;vial
11500;152;337;False;vial
11503;26;635;False;vial
11505;50;26;False;vial
11507;43;8667;True;vial
11508;46;28;False;vial
11510;37;129;False;vial
11511;202;62;False;vial
11512;115;49;False;vial
11513;161;23;False;vial
11514;204;159;False;vial
11515;204;440;False;vial
11516;65;494;False;vial
11518;65;31;False;vial
11519;83;1876;False;vial
11521;165;104;False;vial
11522;165;80;False;vial
11524;28;1450;False;vial
11525;20;122;False;vial
11526;100;309;False;vial
11527;213;65;False;vial
11528;165;18;False;vial
11529;126;16;False;vial
11530;65;43;False;vial
11533;18;116;False;vial
11537;14;1953;False;vial
11538;202;56;False;vial
11539;224;285;False;bote
11540;141;135;False;vial
11541;213;198;False;vial
11543;141;89;False;vial
11545;167;449;False;vial
11551;-1;11120;True;vial
11554;18;290;False;vial
11555;264;907;False;vial
11556;141;2132;False;bote
11557;36;272;False;vial
11558;157;1668;False;vial
11559;7;791;False;vial
11561;140;21;False;vial
11562;28;2014;False;vial
11563;65;3609;False;vial
11564;46;207;False;vial
11568;88;276;False;vial
11569;0;169;False;vial
11570;46;80;False;vial
11571;-1;321;False;vial
11572;16;66;False;vial
11573;141;161;False;vial
11574;177;27;False;vial
11575;83;2026;False;vial
11576;148;18;False;vial
11577;142;312;False;vial
11578;142;539;False;vial
11579;126;396;False;vial
11580;180;260;False;vial
11581;180;80;False;vial
11582;180;75;False;vial
11583;180;322;False;vial
11584;180;99;False;vial
11585;46;230;False;vial
11586;217;187;False;vial
11587;141;4679;False;vial
11588;224;2982;False;vial
11589;27;48;False;vial
11590;180;46;False;vial
11591;180;117;False;vial
11592;146;1205;False;vial
11593;46;405;False;vial
11596;31;44;False;vial
11597;110;521;False;vial
11598;46;294;False;vial
11603;201;15;False;vial
11604;201;5;False;vial
11605;201;38;False;vial
11606;201;48;False;vial
11607;201;43;False;vial
11608;201;27;False;vial
11609;201;52;False;vial
11610;180;561;False;vial
11611;178;63;False;vial
11612;178;55;False;vial
11613;110;1206;False;vial
11614;110;3246;False;vial
11615;110;2678;False;vial
11616;110;407;False;vial
11618;110;2701;False;vial
11619;16;155;False;vial
11620;180;393;False;bote
11621;180;61;False;vial
11622;192;47;False;vial
11624;66;4601;False;vial
11625;180;2070;False;vial
11626;252;34;False;vial
11627;88;772;False;vial
11628;180;17;False;vial
11629;28;851;False;vial
11630;180;63;False;vial
11631;240;44;False;vial
11632;146;77;False;vial
11633;240;45;False;vial
11634;30;13;False;vial
11635;30;35;False;vial
11637;133;1117;False;vial
11638;170;1447;False;vial
11639;46;605;False;vial
11640;273;629;False;vial
11641;273;1297;False;vial
11643;226;1400;False;vial
11644;233;890;False;vial
11662;20;267;False;vial
11663;20;323;False;vial
11664;20;480;False;vial
11665;20;800;False;vial
11667;20;1745;False;vial
11668;20;42;False;vial
11669;20;1533;False;vial
11670;204;464;False;vial
11672;50;172;False;vial
11673;204;440;False;vial
11675;167;28;False;vial
11678;5;66;False;vial
11683;30;5;False;vial
11684;30;7;False;vial
11686;30;32;False;vial
11687;30;40;False;vial
11689;8;142;False;vial
11690;30;302;False;vial
11691;30;303;False;vial
11692;8;173;False;vial
11693;30;650;False;vial
11694;30;343;False;vial
11695;30;22;False;vial
11696;30;24;False;vial
11697;30;25;False;vial
11698;8;53;False;vial
11699;98;113;False;vial
11700;8;11;False;vial
11701;169;888;False;vial
11703;98;37;False;vial
11706;98;54;False;vial
11708;171;1984;False;vial
11709;98;6;False;vial
11710;98;53;False;vial
11711;43;1019;False;vial
11713;98;33;False;vial
11714;98;475;False;vial
11715;252;314;False;vial
11716;95;1269;False;vial
11718;110;2678;False;vial
11719;97;102;False;vial
11720;97;23;False;vial
11721;115;53;False;vial
11722;40;64;False;vial
11723;26;290;False;vial
11724;26;258;False;vial
11725;26;153;False;vial
11726;62;48;False;vial
11727;221;9718;True;vial
11729;26;321;False;vial
11730;62;5048;True;vial
11731;97;923;False;vial
11732;97;621;False;vial
11733;249;12;False;vial
11734;40;371;False;vial
11735;176;115;False;vial
11736;20;2249;False;vial
11737;131;1698;False;vial
11738;131;6180;True;vial
11739;131;6736;True;vial
11740;91;4794;False;vial
11741;91;2630;False;vial
11742;91;777;False;vial
11743;91;171;False;vial
11744;91;1082;False;vial
11745;91;151;False;vial
11746;91;793;False;vial
11747;91;90;False;vial
11748;91;54;False;vial
11749;39;7760;True;vial
11750;198;31330;True;vial
11751;198;1370;False;vial
11752;198;47551;True;vial
11753;62;1191;False;vial
11754;-1;101091;True;vial
11755;115;39;False;vial
11756;115;44;False;vial
11757;115;43;False;vial
11758;167;403;False;vial
11759;46;14814;True;vial
11760;-1;37676;True;vial
11761;43;380;False;vial
11762;46;152;False;vial
11763;176;52;False;vial
11764;187;46;False;vial
11765;88;574;False;vial
11766;134;11;False;vial
11767;153;270;False;vial
11768;153;5;False;vial
11770;125;59;False;vial
11771;1;101;False;vial
11772;125;37;False;vial
11773;46;269;False;vial
11774;52;293;False;vial
11775;46;1483;False;vial
11776;188;183;False;vial
11777;38;49;False;vial
11778;140;10;False;vial
11779;140;39;False;vial
11780;244;17;False;vial
11781;11;860;False;bote
11782;213;45;False;vial
11783;98;21;False;vial
11784;98;276;False;vial
11785;244;44;False;vial
11786;11;83;False;vial
11787;72;33;False;vial
11788;171;1511;False;vial
11790;40;696;False;vial
11791;43;372;False;vial
11792;43;74;False;vial
11793;38;11;False;vial
11794;140;40;False;vial
11796;244;204;False;vial
11797;10;615;False;vial
11798;274;411;False;vial
11799;232;101;False;vial
11800;11;94;False;vial
11802;11;1958;False;vial
11803;87;131;False;vial
11804;11;6;False;vial
11805;11;69;False;vial
11806;11;9;False;vial
11807;11;27;False;vial
11808;11;14;False;vial
11809;46;280;False;vial
11810;128;9900;True;vial
11812;232;165;False;vial
11813;11;18;False;vial
11814;181;547;False;vial
11815;52;347;False;vial
11816;52;20;False;vial
11817;244;149;False;vial
11818;14;40;False;vial
11819;117;39;False;vial
11820;188;26;False;vial
11821;244;32;False;vial
11822;37;628;False;vial
11823;72;195;False;vial
11824;169;561;False;vial
11825;181;426;False;vial
11826;12;608;False;vial
11827;11;903;False;vial
11828;11;36;False;vial
11829;211;19;False;vial
11830;70;13;False;vial
11831;70;33;False;vial
11834;68;11;False;vial
11835;68;51;False;vial
11836;68;29;False;vial
11837;211;21;False;vial
11838;68;18;False;vial
11841;188;376;False;vial
11842;201;924;False;vial
11843;224;288;False;bote
11844;141;463;False;bote
11846;83;983;False;vial
11847;18;5207;True;vial
11848;152;30;False;vial
11849;46;811;False;vial
11850;46;313;False;vial
11851;46;39;False;vial
11852;46;242;False;vial
11853;46;997;False;vial
11854;46;180;False;vial
11855;46;1763;False;vial
11856;46;2217;False;vial
11857;106;195;False;vial
11860;188;16;False;vial
11862;27;64;False;vial
11864;244;337;False;vial
11866;67;185;False;vial
11867;68;99;False;vial
11868;75;24;False;vial
11869;75;155;False;vial
11870;75;35;False;vial
11871;36;16;False;vial
11872;31;56;False;vial
11873;70;244;False;vial
11874;-1;27;False;vial
11875;86;1037;False;vial
11877;219;131;False;vial
11879;82;517;False;vial
11880;25;33;False;vial
11881;0;70;False;vial
11882;82;380;False;vial
11884;208;123;False;vial
11885;21;20;False;vial
11886;226;355;False;vial
11887;48;83;False;vial
11888;208;21;False;vial
11889;208;94;False;vial
11890;208;2162;False;vial
11891;31;47;False;vial
11892;208;67;False;vial
11894;48;168;False;vial
11895;208;328;False;vial
11897;208;94;False;vial
11898;18;1281;False;vial
11901;82;25;False;vial
11902;82;12;False;vial
11903;0;70;False;vial
11905;234;1081;False;vial
11906;234;482;False;vial
11908;52;10;False;vial
11909;-1;126;False;vial
11911;113;895;False;vial
11916;208;113;False;vial
11917;208;38;False;vial
11918;106;46;False;vial
11919;-1;1616;False;vial
11927;208;32;False;vial
11928;86;48;False;vial
11930;86;27;False;vial
11931;208;295;False;vial
11934;208;64;False;vial
11935;167;1472;False;vial
11937;7;311;False;vial
11941;208;1317;False;vial
11942;208;1197;False;vial
11943;208;545;False;vial
11944;98;52;False;vial
11945;98;28;False;vial
11946;98;172;False;vial
11947;98;6;False;vial
11948;134;20;False;vial
11950;208;132;False;vial
11951;258;15;False;vial
11952;-1;3440;False;vial
11953;98;161;False;vial
11954;98;16;False;vial
11955;193;490;False;vial
11956;193;125;False;vial
11957;19;528;False;vial
11958;98;55;False;vial
11959;19;518;False;vial
11960;208;525;False;vial
11961;208;1450;False;vial
11962;50;23;False;vial
11965;32;1245;False;vial
11966;98;230;False;vial
11969;141;941;False;vial
11970;50;53;False;vial
11971;32;40;False;vial
11972;98;938;False;vial
11973;19;43;False;vial
11974;19;43;False;vial
11975;19;110;False;vial
11977;43;7565;True;vial
11978;43;902;False;vial
11979;10;1261;False;vial
11981;138;66;False;vial
11982;138;7;False;vial
11983;138;579;False;vial
11984;256;67;False;vial
11985;14;6502;True;vial
11986;224;19;False;vial
11987;37;71;False;vial
11988;14;1087;False;vial
11989;14;1367;False;vial
11990;43;171;False;vial
11992;62;189;False;vial
11994;206;223;False;vial
11996;177;1266;False;vial
11997;171;747;False;vial
11998;113;144;False;vial
11999;11;25;False;vial
12000;140;907;False;vial
12002;224;766;False;vial
12007;10;329;False;vial
12008;185;2008;False;vial
12009;-1;29910;True;vial
12010;98;182;False;vial
12011;37;152;False;vial
12012;37;306;False;vial
12013;37;193;False;vial
12014;98;371;False;vial
12015;37;567;False;vial
12017;84;122;False;vial
12018;98;184;False;vial
12019;-1;63;False;vial
12020;-1;7486;True;vial
12021;-1;4447;False;vial
12022;140;121;False;vial
12023;140;438;False;vial
12024;150;261;False;vial
12025;84;224;False;vial
12034;137;144;False;vial
12039;36;20;False;vial
12041;36;272;False;vial
12042;137;923;False;vial
12043;113;1984;False;vial
12044;36;160;False;vial
12045;36;93;False;vial
12046;36;164;False;vial
12047;36;13;False;vial
12048;187;190;False;vial
12049;187;63;False;vial
12050;115;32;False;vial
12052;234;310;False;vial
12053;115;66;False;vial
12054;-1;2186;False;vial
12056;84;206;False;vial
12062;234;1374;False;vial
12063;113;140;False;vial
12064;185;258;False;vial
12065;138;162;False;vial
12066;43;2239;False;vial
12067;248;64;False;vial
12068;105;32;False;vial
12071;257;59;False;vial
12072;15;104;False;vial
12073;16;1329;False;vial
12075;84;437;False;vial
12077;37;220;False;vial
12078;37;222;False;vial
12079;37;617;False;vial
12080;-1;60;False;vial
12081;202;546;False;vial
12082;10;328;False;vial
12083;10;388;False;vial
12090;11;34;False;vial
12092;84;1149;False;vial
12093;84;291;False;vial
12094;257;199;False;vial
12097;104;109;False;vial
12098;104;302;False;vial
12099;104;207;False;vial
12100;104;43;False;vial
12101;104;424;False;vial
12103;92;255;False;vial
12107;202;54;False;vial
12109;136;85;False;vial
12110;201;517;False;vial
12111;21;185;False;vial
12113;37;524;False;vial
12114;37;192;False;vial
12115;37;990;False;vial
12117;31;33;False;vial
12118;86;44;False;vial
12119;11;22;False;vial
12121;84;437;False;vial
12125;72;8;False;vial
12130;72;141;False;vial
12131;53;422;False;vial
12132;177;125;False;vial
12133;177;256;False;vial
12134;177;148;False;vial
12135;177;255;False;vial
12139;31;81;False;vial
12141;75;2209;False;vial
12142;136;2826;False;vial
12143;33;84;False;vial
12145;99;35;False;vial
12147;37;57;False;vial
12148;37;64;False;vial
12149;37;97;False;vial
12150;-1;8029;True;vial
12151;37;123;False;vial
12152;37;90;False;vial
12155;84;1407;False;vial
12157;16;556;False;vial
12158;257;149;False;vial
12160;257;332;False;vial
12162;257;583;False;vial
12164;69;331;False;vial
12170;16;526;False;vial
12171;10;358;False;vial
12172;177;202;False;vial
12173;177;552;False;vial
12174;68;29;False;vial
12175;68;1098;False;vial
12176;68;1592;False;vial
12177;68;349;False;vial
12178;68;589;False;vial
12179;68;7;False;vial
12180;68;29;False;vial
12181;68;194;False;vial
12183;36;21;False;vial
12185;219;11;False;vial
12186;257;143;False;vial
12188;13;8792;True;vial
12189;5;1606;False;vial
12190;257;158;False;vial
12191;257;315;False;vial
12192;257;72;False;vial
12196;13;9313;True;vial
12197;46;134;False;vial
12200;257;94;False;vial
12203;46;534;False;vial
12204;46;1074;False;vial
12206;140;394;False;vial
12208;105;32;False;vial
12209;84;1280;False;vial
12210;241;8920;True;vial
12212;46;20;False;vial
12214;120;2518;False;vial
12215;140;201;False;vial
12216;140;112;False;vial
12217;46;1419;False;vial
12218;46;3388;False;vial
12219;140;338;False;vial
12220;46;46;False;vial
12221;46;32;False;vial
12222;16;222;False;vial
12223;165;11;False;vial
12224;176;60;False;vial
12225;268;15;False;vial
12228;15;38;False;vial
12229;50;353;False;vial
12230;15;452;False;vial
12232;50;608;False;vial
12233;50;4810;False;vial
12234;50;291;False;vial
12235;105;248;False;vial
12236;88;232;False;vial
12237;88;232;False;vial
12238;88;939;False;vial
12239;88;265;False;vial
12240;69;1045;False;vial
12241;10;51;False;vial
12242;68;42;False;vial
12243;105;36;False;vial
12244;68;15;False;vial
12246;-1;27482;True;vial
12248;136;314;False;vial
12249;13;485;False;vial
12250;69;572;False;vial
12251;17;275;False;vial
12252;17;15;False;vial
12253;17;316;False;vial
12254;13;217;False;vial
12255;13;1330;False;vial
12256;88;1611;False;vial
12257;17;35;False;vial
12258;-1;949;False;vial
12259;13;1443;False;vial
12262;224;47;False;vial
12263;105;198;False;vial
12264;195;60;False;vial
12265;17;156;False;vial
12266;17;164;False;vial
12267;17;326;False;vial
12268;234;400;False;vial
12269;234;171;False;vial
12270;105;292;False;vial
12271;105;29;False;vial
12273;105;40;False;vial
12275;105;82;False;vial
12279;136;314;False;vial
12280;10;181;False;vial
12281;10;221;False;vial
12282;10;401;False;vial
12283;31;123;False;vial
12284;50;37;False;vial
12285;98;30;False;vial
12286;96;31;False;vial
12287;96;241;False;vial
12288;61;674;False;vial
12289;31;81;False;vial
12290;85;38;False;vial
12291;164;139;False;vial
12292;164;627;False;vial
12293;136;314;False;vial
12295;164;262;False;vial
12296;99;10;False;vial
12297;164;35;False;vial
12299;105;260;False;vial
12300;259;163;False;vial
12301;104;21;False;vial
12305;15;321;False;vial
12307;165;15;False;vial
12308;104;590;False;vial
12309;195;109;False;vial
12310;104;471;False;vial
12312;177;15;False;vial
12313;106;39;False;vial
12320;50;1173;False;vial
12321;116;8865;True;vial
12322;141;7764;True;vial
12324;15;241;False;vial
12326;268;7;False;vial
12327;116;221;False;vial
12328;268;3528;False;vial
12329;116;2279;False;vial
12330;268;76;False;vial
12331;56;550;False;vial
12335;194;758;False;vial
12336;164;41;False;vial
12337;194;119;False;vial
12338;63;488;False;vial
12339;105;57;False;vial
12340;104;471;False;vial
12341;199;46;False;vial
12342;83;451;False;vial
12344;31;35;False;vial
12345;16;550;False;vial
12349;104;28;False;vial
12350;104;153;False;vial
12351;90;353;False;vial
12352;98;3;False;vial
12354;98;16;False;vial
12355;98;46;False;vial
12359;98;50;False;vial
12360;98;24;False;vial
12362;50;42;False;vial
12363;90;2202;False;vial
12364;194;804;False;vial
12365;194;1865;False;vial
12366;15;251;False;vial
12367;54;123;False;vial
12369;55;2030;False;vial
12370;98;31;False;vial
12372;171;1378;False;vial
12374;61;356;False;vial
12375;109;3207;False;vial
12376;13;382;False;vial
12377;204;255;False;vial
12378;165;36;False;vial
12379;234;3467;False;vial
12380;52;222;False;vial
12381;52;30;False;vial
12382;234;113;False;vial
12385;116;372;False;vial
12386;138;437;False;vial
12387;173;28;False;vial
12388;173;31;False;vial
12389;138;251;False;vial
12390;163;1537;False;vial
12391;116;6638;True;vial
12392;56;68;False;vial
12393;13;367;False;vial
12394;13;125;False;vial
12395;90;1785;False;vial
12396;31;34;False;vial
12397;31;106;False;vial
12398;0;180;False;vial
12401;-1;40;False;vial
12403;31;8;False;vial
12404;31;21;False;vial
12409;31;64;False;vial
12410;31;44;False;vial
12411;205;268;False;vial
12412;56;154;False;vial
12413;104;216;False;vial
12414;116;637;False;vial
12415;104;125;False;vial
12416;104;125;False;vial
12417;116;5834;True;vial
12418;104;187;False;vial
12419;16;422;False;vial
12420;116;524;False;vial
12421;104;631;False;vial
12422;17;1266;False;vial
12423;213;538;False;vial
12424;207;65;False;vial
12425;17;1075;False;vial
12426;268;2732;False;vial
12427;104;87;False;vial
12428;56;37;False;vial
12430;268;3942;False;vial
12433;14;5912;True;vial
12435;13;190;False;vial
12439;15;581;False;vial
12440;0;240;False;vial
12441;117;8;False;vial
12444;51;440;False;vial
12445;28;5165;True;vial
12446;53;412;False;vial
12448;60;16;False;vial
12449;217;556;False;vial
12450;104;80;False;vial
12451;104;69;False;vial
12452;268;3103;False;vial
12453;268;1948;False;vial
12454;268;2922;False;vial
12455;33;66;False;vial
12459;52;331;False;vial
12460;152;898;False;vial
12461;171;1081;False;vial
12462;195;684;False;vial
12463;14;2413;False;vial
12464;103;4464;False;vial
12465;173;116;False;vial
12466;52;400;False;vial
12467;177;50;False;vial
12468;181;232;False;vial
12470;46;661;False;vial
12471;46;361;False;vial
12472;46;11;False;vial
12473;142;148;False;vial
12478;86;146;False;vial
12482;164;690;False;vial
12483;177;30;False;vial
12484;164;30;False;vial
12485;40;34;False;vial
12486;43;395;False;vial
12487;190;282;False;vial
12488;164;546;False;vial
12489;164;415;False;vial
12490;164;461;False;vial
12491;164;298;False;vial
12492;190;361;False;vial
12493;164;1078;False;vial
12494;181;269;False;vial
12495;85;52;False;vial
12497;36;41;False;vial
12500;31;215;False;vial
12501;264;23;False;vial
12502;36;43;False;vial
12503;36;41;False;vial
12504;208;1606;False;vial
12505;83;1446;False;vial
12506;36;145;False;vial
12507;6;52;False;vial
12508;165;20;False;vial
12510;208;1566;False;vial
12511;208;1687;False;vial
12513;167;37;False;vial
12514;153;216;False;vial
12515;36;23;False;vial
12516;83;50;False;vial
12517;83;2750;False;vial
12518;121;86;False;vial
12519;172;382;False;vial
12520;172;307;False;vial
12521;172;119;False;vial
12522;75;527;False;vial
12523;75;356;False;vial
12525;172;1807;False;vial
12526;51;29;False;vial
12528;83;1658;False;vial
12529;102;68;False;vial
12530;102;34;False;vial
12531;105;234;False;vial
12532;102;114;False;vial
12533;102;130;False;vial
12535;105;216;False;vial
12536;83;1313;False;vial
12537;208;260;False;vial
12539;128;2223;False;vial
12540;128;71;False;vial
12543;264;213;False;vial
12544;149;39;False;vial
12545;60;376;False;vial
12547;16;233;False;vial
12550;208;269;False;vial
12551;109;820;False;vial
12552;109;45;False;vial
12553;177;54;False;vial
12555;55;1221;False;vial
12557;170;143;False;vial
12561;75;356;False;vial
12564;141;38474;True;vial
12565;163;1668;False;vial
12566;138;152;False;vial
12567;274;509;False;vial
12569;50;207;False;vial
12570;83;650;False;vial
12571;83;1836;False;vial
12572;36;18;False;vial
12573;165;222;False;vial
12574;31;54;False;vial
12575;208;67;False;vial
12576;227;27;False;vial
12577;65;241;False;vial
12578;207;883;False;vial
12579;208;2162;False;vial
12580;163;936;False;vial
12582;177;111;False;vial
12583;-1;32317;True;vial
12584;170;75;False;vial
12585;50;33;False;vial
12586;109;3579;False;vial
12587;170;234;False;vial
12588;45;50;False;vial
12589;170;2317;False;vial
12590;205;97;False;vial
12591;33;67;False;vial
12592;33;124;False;vial
12594;33;15;False;vial
12595;33;262;False;vial
12596;149;8;False;vial
12599;-1;264;False;vial
12600;181;207;False;vial
12601;140;533;False;vial
12604;257;452;False;vial
12607;257;278;False;vial
12608;257;87;False;vial
12609;138;25;False;vial
12610;257;417;False;vial
12612;36;41;False;vial
12613;34;678;False;vial
12617;274;305;False;vial
12620;273;3717;False;vial
12621;181;2560;False;vial
12622;128;438;False;vial
12623;38;162;False;vial
12624;38;147;False;vial
12625;38;1061;False;vial
12628;202;593;False;vial
12630;185;178;False;vial
12631;107;119;False;vial
12632;185;172;False;vial
12634;107;357;False;vial
12635;107;380;False;vial
12636;107;406;False;vial
12637;93;349;False;vial
12638;93;271;False;vial
12643;98;123;False;vial
12644;93;9;False;vial
12645;194;149;False;vial
12646;93;16;False;vial
12648;181;81;False;vial
12649;12;518;False;vial
12651;93;18;False;vial
12652;253;219;False;vial
12653;29;771;False;vial
12654;29;351;False;vial
12655;29;471;False;vial
12656;29;136;False;vial
12657;10;389;False;vial
12659;194;99;False;vial
12660;29;4;False;vial
12661;29;344;False;vial
12662;33;78;False;vial
12664;167;35;False;vial
12666;167;531;False;vial
12667;167;353;False;vial
12668;167;137;False;vial
12676;31;71;False;vial
12677;-1;817;False;vial
12678;29;755;False;vial
12679;29;193;False;vial
12680;52;46;False;vial
12681;120;137;False;vial
12682;128;143;False;vial
12683;128;778;False;vial
12685;120;75;False;vial
12686;120;450;False;vial
12687;181;1410;False;vial
12688;167;321;False;vial
12689;167;485;False;vial
12690;69;53;False;vial
12691;213;29;False;vial
12692;199;172;False;vial
12694;199;41;False;vial
12695;199;278;False;vial
12696;199;99;False;vial
12698;274;143;False;vial
12699;274;738;False;vial
12710;48;468;False;vial
12711;171;2227;False;vial
12712;199;7;False;vial
12713;199;26;False;vial
12714;199;7;False;vial
12715;199;22;False;vial
12716;227;16;False;vial
12721;202;35;False;vial
12722;120;930;False;vial
12723;120;79;False;vial
12724;-1;3299;False;vial
12732;162;367;False;vial
12734;202;192;False;vial
12735;55;27;False;vial
12738;-1;173;False;vial
12739;48;162;False;vial
12741;165;1262;False;vial
12742;129;8675;True;vial
12743;66;326;False;vial
12745;199;38;False;vial
12746;172;76;False;vial
12747;199;236;False;vial
12748;199;137;False;vial
12749;105;53;False;vial
12750;172;487;False;vial
12751;172;773;False;vial
12752;149;123;False;vial
12754;90;309;False;vial
12755;86;32;False;vial
12758;86;2;False;vial
12759;90;313;False;vial
12761;98;105;False;vial
12762;10;320;False;vial
12763;10;184;False;vial
12764;98;101;False;vial
12765;10;616;False;vial
12766;36;155;False;vial
12768;98;19;False;vial
12769;-1;857;False;vial
12770;10;241;False;vial
12771;98;98;False;vial
12772;48;334;False;vial
12773;208;275;False;vial
12775;208;115;False;vial
12776;208;43;False;vial
12777;86;149;False;vial
12778;208;54;False;vial
12779;164;160;False;vial
12780;173;22;False;vial
12781;14;300;False;vial
12784;204;248;False;vial
12785;204;391;False;vial
12787;204;721;False;vial
12788;22;1230;False;vial
12793;98;54;False;vial
12794;43;3474;False;vial
12798;14;145;False;vial
12799;43;3325;False;vial
12800;14;230;False;vial
12804;39;9290;True;vial
12808;43;2661;False;vial
12809;43;433;False;vial
12810;5;139;False;vial
12811;151;50;False;vial
12814;117;44;False;vial
12815;17;545;False;vial
12816;14;1925;False;vial
12817;13;521;False;vial
12818;30;296;False;vial
12820;244;41;False;vial
12822;30;235;False;vial
12823;204;394;False;vial
12824;30;917;False;vial
12826;13;376;False;vial
12828;106;46;False;vial
12829;106;140;False;vial
12831;244;28;False;vial
12834;15;121;False;vial
12835;165;250;False;vial
12836;98;17;False;vial
12838;106;61;False;vial
12839;106;96;False;vial
12841;172;4601;False;vial
12842;184;1777;False;vial
12843;66;3175;False;vial
12844;202;72;False;vial
12846;163;464;False;vial
12847;163;2309;False;vial
12848;138;745;False;vial
12849;138;698;False;vial
12850;138;25;False;vial
12851;177;231;False;vial
12852;177;302;False;vial
12853;177;400;False;vial
12855;19;189;False;vial
12856;19;75;False;vial
12857;22;444;False;vial
12858;140;2070;False;vial
12859;140;980;False;vial
12860;140;212;False;vial
12861;274;931;False;vial
12862;108;346;False;vial
12863;108;24;False;vial
12864;177;96;False;vial
12865;49;59;False;vial
12867;204;260;False;vial
12870;204;11;False;vial
12871;108;654;False;vial
12872;204;21;False;vial
12873;108;258;False;vial
12876;217;295;False;vial
12877;201;43;False;vial
12878;261;1722;False;vial
12879;261;148;False;vial
12882;5;381;False;vial
12883;66;5561;True;vial
12885;253;1340;False;vial
12886;10;237;False;vial
12887;10;151;False;vial
12888;253;2388;False;vial
12889;261;131;False;vial
12890;106;69;False;vial
12891;49;36;False;vial
12894;31;74;False;vial
12895;256;169;False;vial
12896;28;1649;False;vial
12897;217;271;False;vial
12898;9;24;False;vial
12899;261;12;False;vial
12900;261;1779;False;vial
12901;42;508;False;vial
12902;10;887;False;vial
12903;114;19;False;vial
12904;114;111;False;vial
12905;204;283;False;vial
12906;151;135;False;vial
12907;19;51;False;vial
12908;92;223;False;vial
12910;40;299;False;vial
12913;205;65;False;vial
12914;31;51;False;vial
12915;31;129;False;vial
12916;55;34;False;vial
12922;90;25;False;vial
12923;85;367;False;vial
12924;48;1536;False;vial
12925;48;151;False;vial
12926;2;116;False;vial
12927;133;590;False;vial
12928;96;47;False;vial
12929;96;137;False;vial
12930;96;208;False;vial
12932;48;817;False;vial
12933;48;827;False;vial
12934;48;109;False;vial
12936;157;37;False;vial
12937;158;7007;True;vial
12938;204;44;False;vial
12939;30;1130;False;vial
12941;55;30;False;vial
12942;152;15;False;vial
12943;59;32;False;vial
12944;151;12;False;vial
12945;23;120;False;vial
12946;274;31;False;vial
12947;90;426;False;vial
12948;90;1281;False;vial
12949;151;54;False;vial
12951;151;342;False;vial
12952;78;8254;True;vial
12954;13;46;False;vial
12955;30;37;False;vial
12956;172;339;False;vial
12959;208;399;False;vial
12960;208;59;False;vial
12961;208;59;False;vial
12962;48;45;False;vial
12963;10;297;False;vial
12964;93;79;False;vial
12966;33;332;False;vial
12967;13;672;False;vial
12968;204;784;False;vial
12973;50;17;False;vial
12979;40;23;False;vial
12981;13;805;False;vial
12982;13;660;False;vial
12983;165;22;False;vial
12984;13;136;False;vial
12985;13;51;False;vial
12986;93;193;False;vial
12988;101;2843;False;vial
12989;217;1229;False;vial
12990;131;41;False;vial
12993;217;1229;False;vial
12994;165;22;False;vial
12995;128;395;False;vial
12996;128;217;False;vial
12997;128;192;False;vial
12999;165;22;False;vial
13000;165;815;False;vial
13002;31;201;False;vial
13003;217;2231;False;vial
13005;28;492;False;vial
13006;28;384;False;vial
13007;28;738;False;vial
13008;208;561;False;vial
13011;150;36;False;vial
13012;28;390;False;vial
13013;28;13;False;vial
13015;63;2267;False;vial
13016;28;217;False;vial
13017;90;42;False;vial
13018;150;261;False;vial
13020;0;269;False;vial
13022;208;1326;False;vial
13026;-1;2156;False;vial
13027;66;54;False;vial
13029;28;3545;False;vial
13032;165;13;False;vial
13033;208;70;False;vial
13035;172;51;False;vial
13036;172;347;False;vial
13037;239;2374;False;vial
13039;96;81;False;vial
13042;56;175;False;vial
13044;102;1399;False;vial
13049;208;36;False;vial
13050;42;346;False;vial
13052;56;703;False;vial
13053;120;51;False;vial
13054;120;155;False;vial
13056;56;1428;False;vial
13057;208;86;False;vial
13058;208;574;False;vial
13059;56;16;False;vial
13060;94;40;False;vial
13061;56;16;False;vial
13066;-1;444;False;vial
13067;208;56;False;vial
13069;208;552;False;vial
13070;208;218;False;vial
13071;208;42;False;vial
13075;120;35;False;vial
13076;86;66;False;vial
13077;28;1274;False;vial
13078;208;89;False;vial
13079;31;1164;False;bote
13080;181;343;False;vial
13081;205;98;False;vial
13083;31;43;False;vial
13084;131;666;False;vial
13085;165;14;False;vial
13086;150;20;False;vial
13087;208;86;False;vial
13088;-1;152;False;vial
13089;173;50;False;vial
13090;165;16;False;vial
13091;28;412;False;vial
13092;203;208;False;vial
13094;274;564;False;vial
13095;139;8;False;vial
13096;172;752;False;vial
13097;172;57;False;vial
13098;172;501;False;vial
13102;148;858;False;vial
13103;208;51;False;vial
13104;208;149;False;vial
13105;99;64;False;vial
13106;0;42;False;vial
13107;0;17;False;vial
13108;137;918;False;vial
13109;77;1108;False;vial
13110;172;306;False;vial
13111;208;98;False;vial
13112;137;97;False;vial
13113;150;36;False;vial
13114;1;168;False;vial
13115;181;403;False;vial
13116;-1;302;False;vial
13117;137;543;False;vial
13119;172;108;False;vial
13120;172;70;False;vial
13121;23;65;False;vial
13122;22;101;False;vial
13123;128;184;False;vial
13126;158;4692;False;vial
13128;-1;600;False;vial
13129;43;3649;False;vial
13131;161;27;False;vial
13132;161;29;False;vial
13134;240;983;False;vial
13137;69;6;False;vial
13139;83;50;False;vial
13141;161;54;False;vial
13143;10;11;False;vial
13144;137;4940;False;vial
13145;-1;2763;False;vial
13146;10;56;False;vial
13151;240;440;False;vial
13152;137;2727;False;vial
13153;161;33;False;vial
13154;140;1275;False;vial
13155;-1;286;False;vial
13157;131;23;False;vial
13158;83;101;False;vial
13161;161;10;False;vial
13162;34;68;False;vial
13163;101;62;False;vial
13164;31;82;False;vial
13165;88;229;False;vial
13168;-1;3119;False;vial
13169;111;63;False;vial
13170;83;428;False;vial
13173;108;132;False;vial
13176;137;1684;False;vial
13177;158;2517;False;vial
13179;-1;673;False;vial
13180;137;3118;False;vial
13181;137;5423;True;vial
13182;137;4803;False;vial
13183;137;402;False;vial
13186;161;24;False;vial
13187;108;180;False;vial
13188;66;2891;False;vial
13190;1;16;False;vial
13192;125;32;False;vial
13193;125;65;False;vial
13194;55;75;False;vial
13195;137;4940;False;vial
13197;139;108;False;vial
13198;2;557;False;vial
13199;189;49;False;vial
13200;7;5139;True;vial
13202;172;298;False;vial
13205;16;292;False;vial
13207;150;1105;False;vial
13208;150;2322;False;vial
13209;150;55;False;vial
13210;137;126;False;vial
13211;137;1811;False;vial
13212;83;215;False;vial
13213;83;50;False;vial
13214;137;5077;True;vial
13215;137;4821;False;vial
13216;137;4280;False;vial
13217;172;321;False;vial
13218;189;285;False;vial
13219;66;98;False;vial
13220;50;58;False;vial
13221;150;51;False;vial
13223;99;24;False;vial
13226;150;51;False;vial
13227;173;90;False;vial
13228;86;51;False;vial
13229;150;14;False;vial
13230;37;43;False;vial
13231;59;468;False;vial
13233;150;28;False;vial
13235;173;105;False;vial
13239;43;3634;False;vial
13240;194;261;False;vial
13241;165;1046;False;vial
13242;132;537;False;vial
13244;234;112;False;vial
13246;245;2950;False;bote
13247;115;13;False;vial
13248;85;20;False;vial
13249;31;43;False;vial
13250;99;36;False;vial
13251;115;36;False;vial
13252;211;472;False;vial
13253;60;116;False;vial
13254;115;240;False;vial
13255;115;14;False;vial
13256;115;365;False;vial
13257;115;347;False;vial
13258;34;435;False;vial
13259;115;157;False;vial
13260;249;315;False;vial
13261;117;42;False;vial
13262;115;158;False;vial
13263;34;288;False;vial
13265;150;51;False;vial
13266;83;402;False;vial
13268;59;2649;False;vial
13269;36;328;False;vial
13270;59;14;False;vial
13271;59;32;False;vial
13272;113;566;False;vial
13273;115;164;False;vial
13274;115;74;False;vial
13275;207;8;False;vial
13276;79;74;False;vial
13277;79;91;False;vial
13278;79;13;False;vial
13279;33;160;False;vial
13281;99;69;False;vial
13282;79;35;False;vial
13283;79;359;False;vial
13284;268;844;False;vial
13285;268;495;False;vial
13287;150;51;False;vial
13291;150;61;False;vial
13292;2;1284;False;vial
13293;79;74;False;vial
13294;19;43;False;vial
13295;79;429;False;vial
13296;79;17;False;vial
13297;17;41;False;vial
13298;-1;1084;False;vial
13300;268;28;False;vial
13301;268;1744;False;vial
13302;166;340;False;vial
13304;115;28;False;vial
13305;187;408;False;vial
13306;187;18;False;vial
13307;245;2164;False;bote
13310;187;5310;True;vial
13311;115;2;False;vial
13312;268;3063;False;vial
13314;115;107;False;vial
13316;23;28;False;vial
13317;59;42;False;vial
13318;36;180;False;vial
13319;36;103;False;vial
13320;36;8;False;vial
13322;115;84;False;vial
13323;194;215;False;vial
13324;34;1017;False;vial
13325;125;1598;False;vial
13326;115;157;False;vial
13328;115;19;False;vial
13331;25;3691;False;vial
13332;249;2302;False;vial
13333;140;494;False;vial
13334;59;69;False;vial
13335;46;165;False;vial
13336;59;29;False;vial
13337;59;29;False;vial
13338;-1;99;False;vial
13340;94;463;False;vial
13342;66;38;False;vial
13343;66;21;False;vial
13344;115;585;False;vial
13345;96;36;False;vial
13346;94;658;False;vial
13347;94;666;False;vial
13348;94;119;False;vial
13349;47;38;False;vial
13350;47;22;False;vial
13351;99;51;False;vial
13356;12;281;False;vial
13357;102;1256;False;vial
13360;149;598;False;vial
13361;149;12;False;vial
13363;166;27;False;vial
13364;25;30;False;vial
13365;22;263;False;vial
13370;104;291;False;vial
13373;258;15;False;vial
13374;104;55;False;vial
13379;94;310;False;vial
13383;94;135;False;vial
13384;94;616;False;vial
13385;94;784;False;vial
13386;254;3592;False;vial
13387;254;8390;True;vial
13388;166;32;False;vial
13389;69;2;False;vial
13390;31;149;False;vial
13391;172;1578;False;vial
13392;172;3;False;vial
13393;172;257;False;vial
13395;165;159;False;vial
13397;168;22;False;vial
13399;217;156;False;vial
13401;253;597;False;vial
13402;253;31;False;vial
13403;165;293;False;vial
13408;94;918;False;vial
13409;94;191;False;vial
13411;94;61;False;vial
13413;94;361;False;vial
13415;168;28;False;vial
13419;31;95;False;vial
13420;264;4087;False;vial
13421;167;25;False;vial
13423;254;373;False;vial
13433;256;228;False;vial
13434;167;27;False;vial
13435;94;43;False;vial
13436;94;263;False;vial
13437;256;22;False;vial
13438;256;31;False;vial
13439;256;38;False;vial
13441;256;580;False;vial
13442;137;2321;False;vial
13444;123;1902;False;vial
13445;256;24;False;vial
13446;239;2854;False;vial
13447;150;1513;False;vial
13448;117;254;False;vial
13449;-1;76;False;vial
13450;31;19;False;vial
13451;150;300;False;vial
13452;117;67;False;vial
13453;85;88;False;vial
13454;85;68;False;vial
13455;85;1512;False;vial
13456;48;30;False;vial
13459;10;236;False;vial
13460;111;260;False;vial
13463;199;114;False;vial
13464;90;470;False;vial
13465;-1;4025;False;vial
13466;56;176;False;vial
13469;22;33;False;vial
13470;11;55;False;vial
13471;131;212;False;vial
13473;230;162;False;vial
13474;258;30;False;vial
13475;165;360;False;vial
13476;50;75;False;vial
13477;165;729;False;vial
13478;94;128;False;vial
13479;47;57;False;vial
13480;117;6;False;vial
13481;25;27;False;vial
13482;99;19;False;vial
13483;99;20;False;vial
13484;172;304;False;vial
13485;172;566;False;vial
13487;165;885;False;vial
13488;259;43;False;vial
13489;25;53;False;vial
13490;36;41;False;vial
13491;172;290;False;vial
13492;187;436;False;vial
13494;199;266;False;vial
13496;31;37;False;vial
13498;150;700;False;vial
13499;172;28;False;vial
13501;172;194;False;vial
13504;25;89;False;vial
13506;150;41;False;vial
13507;165;130;False;vial
13508;171;395;False;vial
13512;189;3;False;vial
13513;219;590;False;vial
13514;104;68;False;vial
13516;219;358;False;vial
13518;25;1885;False;vial
13519;158;611;False;vial
13520;1;381;False;vial
13521;1;26;False;vial
13524;31;52;False;vial
13535;99;33;False;vial
13536;33;45;False;vial
13537;33;45;False;vial
13538;117;21;False;vial
13539;172;420;False;vial
13540;1;708;False;vial
13541;41;45;False;vial
13542;254;224;False;vial
13544;31;69;False;vial
13545;167;226;False;vial
13546;274;80;False;vial
13548;115;40;False;vial
13550;274;1113;False;vial
13555;274;201;False;vial
13557;60;18;False;vial
13560;150;3463;False;bote
13561;31;189;False;vial
13562;184;909;False;vial
13564;172;121;False;vial
13565;83;29;False;vial
13566;83;122;False;vial
13568;36;237;False;vial
13569;83;132;False;vial
13570;60;94;False;vial
13573;274;115;False;vial
13575;103;3502;False;vial
13576;223;185;False;vial
13582;259;19;False;vial
13584;31;49;False;vial
13585;214;42;False;vial
13586;42;77;False;vial
13588;121;440;False;vial
13589;254;589;False;vial
13590;31;70;False;vial
13592;259;303;False;vial
13596;11;6;False;vial
13598;245;13980;True;vial
13603;33;355;False;vial
13607;1;22;False;vial
13610;55;214;False;vial
13611;268;2982;False;vial
13612;167;53;False;vial
13614;10;323;False;vial
13618;149;25;False;vial
13619;19;559;False;vial
13620;42;758;False;vial
13621;226;193;False;vial
13622;274;100;False;vial
13624;25;156;False;vial
13625;172;449;False;vial
13627;99;20;False;vial
13628;33;22;False;vial
13629;25;190;False;vial
13630;259;15;False;vial
13632;31;33;False;vial
13634;31;60;False;vial
13636;150;5591;True;vial
13637;150;41;False;vial
13638;98;36;False;vial
13639;36;33;False;vial
13640;246;2352;False;vial
13642;36;44;False;vial
13643;31;21;False;vial
13644;31;32;False;vial
13645;59;76;False;vial
13646;31;47;False;vial
13648;36;54;False;vial
13650;11;279;False;vial
13651;33;34;False;vial
13652;31;52;False;vial
13655;31;37;False;vial
13656;31;106;False;vial
13657;246;3495;False;vial
13658;246;88;False;vial
13659;-1;713;False;vial
13662;25;190;False;vial
13663;33;157;False;vial
13664;77;308;False;vial
13666;77;524;False;vial
13667;246;35;False;vial
13668;135;157;False;vial
13672;51;1152;False;vial
13674;222;55;False;vial
13675;207;236;False;vial
13676;89;101;False;vial
13677;207;51;False;vial
13678;207;24;False;vial
13679;222;298;False;vial
13681;49;462;False;vial
13684;189;893;False;vial
13685;150;312;False;vial
13688;189;656;False;vial
13689;98;12;False;vial
13690;151;16;False;vial
13691;98;18;False;vial
13693;1;332;False;vial
13694;230;4742;False;vial
13695;31;65;False;vial
13696;50;38;False;vial
13697;36;30;False;vial
13698;173;4776;False;vial
13699;4;288;False;vial
13700;4;2560;False;vial
13701;4;105;False;vial
13702;125;7;False;vial
13704;125;20;False;vial
13705;1;16;False;vial
13706;36;586;False;vial
13707;83;1247;False;vial
13708;139;59;False;vial
13709;139;39;False;vial
13710;36;62;False;vial
13711;36;26;False;vial
13712;173;6504;True;vial
13713;31;56;False;vial
13714;208;197;False;vial
13715;208;1455;False;vial
13716;48;337;False;vial
13718;1;283;False;vial
13720;59;227;False;vial
13721;36;35;False;vial
13722;36;26;False;vial
13723;139;69;False;vial
13724;172;289;False;vial
13725;25;36;False;vial
13726;135;1632;False;vial
13727;25;24;False;vial
13728;99;43;False;vial
13730;172;1613;False;vial
13731;172;44;False;vial
13733;168;205;False;vial
13734;139;33;False;vial
13735;19;14;False;vial
13736;139;51;False;vial
13737;99;265;False;vial
13738;98;6;False;vial
13739;172;179;False;vial
13740;165;157;False;vial
13741;168;81;False;vial
13742;135;42;False;vial
13744;25;370;False;vial
13747;122;861;False;vial
13748;136;495;False;vial
13749;113;36;False;vial
13750;106;58;False;vial
13751;113;23;False;vial
13752;106;17;False;vial
13754;71;138;False;vial
13755;60;14;False;vial
13756;94;103;False;vial
13758;69;1235;False;vial
13759;69;65;False;vial
13760;69;14;False;vial
13761;69;13;False;vial
13762;69;15;False;vial
13763;69;177;False;vial
13764;19;338;False;vial
13765;34;127;False;vial
13766;204;62;False;vial
13767;166;76;False;vial
13770;151;81;False;vial
13771;172;26;False;vial
13772;31;89;False;vial
13773;30;26;False;vial
13774;219;28;False;vial
13776;42;166;False;vial
13777;204;81;False;vial
13779;204;65;False;vial
13780;189;37;False;vial
13781;249;46;False;vial
13782;248;547;False;vial
13783;248;574;False;vial
13784;31;18;False;vial
13787;33;75;False;vial
13788;99;42;False;vial
13789;246;3145;False;vial
13790;183;122;False;vial
13791;55;58;False;vial
13792;149;49;False;vial
13793;109;2152;False;vial
13794;150;352;False;vial
13795;248;554;False;vial
13796;109;2287;False;vial
13797;96;59;False;vial
13798;207;47;False;vial
13799;207;107;False;vial
13800;199;38;False;vial
13801;7;79;False;vial
13802;7;1059;False;vial
13803;151;22;False;vial
13805;153;108;False;vial
13806;165;31;False;vial
13807;151;175;False;vial
13808;71;44;False;vial
13809;71;30;False;vial
13810;71;29;False;vial
13811;233;483;False;vial
13812;33;49;False;vial
13814;99;100;False;vial
13817;60;14;False;vial
13818;60;14;False;vial
13819;124;411;False;vial
13821;27;510;False;vial
13822;139;33;False;vial
13824;183;63;False;vial
13828;149;14;False;vial
13829;149;13;False;vial
13830;49;783;False;vial
13831;49;71;False;vial
13832;195;1591;False;vial
13835;50;42;False;vial
13837;124;77;False;vial
13840;217;715;False;vial
13842;36;61;False;vial
13844;227;24;False;vial
13845;33;34;False;vial
13846;165;41;False;vial
13847;217;1455;False;vial
13848;162;93;False;vial
13849;199;45;False;vial
13850;217;174;False;vial
13856;36;41;False;vial
13857;36;37;False;vial
13860;28;204;False;vial
13862;28;29;False;vial
13863;39;102;False;vial
13864;33;52;False;vial
13865;28;366;False;vial
13866;233;196;False;vial
13867;71;36;False;vial
13868;233;485;False;vial
13869;71;78;False;vial
13870;94;168;False;vial
13871;33;36;False;vial
13875;168;1888;False;vial
13878;31;38;False;vial
13879;71;42;False;vial
13880;47;98;False;vial
13881;147;54;False;vial
13885;50;15;False;vial
13886;28;480;False;vial
13895;217;626;False;vial
13897;158;946;False;vial
13899;151;270;False;vial
13900;33;1074;False;vial
13901;33;1888;False;vial
13902;149;47;False;vial
13903;33;1269;False;vial
13904;207;79;False;vial
13905;147;368;False;vial
13906;41;29;False;vial
13907;33;1423;False;vial
13908;162;121;False;vial
13910;172;444;False;vial
13911;222;147;False;vial
13912;42;89;False;vial
13913;222;135;False;vial
13915;3;295;False;vial
13916;5;33;False;vial
13918;132;152;False;vial
13919;17;20;False;vial
13920;17;25;False;vial
13922;5;75;False;vial
13923;183;8816;True;vial
13925;31;145;False;vial
13926;5;72;False;vial
13927;96;31;False;vial
13928;65;273;False;vial
13931;70;44;False;vial
13933;92;29;False;vial
13934;248;97;False;vial
13936;139;1548;False;vial
13937;139;231;False;vial
13940;248;474;False;vial
13942;10;184;False;vial
13943;10;246;False;vial
13944;33;736;False;vial
13945;2;288;False;vial
13946;199;198;False;vial
13947;139;119;False;vial
13948;165;521;False;vial
13949;165;521;False;vial
13950;153;999;False;vial
13951;117;37;False;vial
13953;1;14;False;vial
13954;61;499;False;vial
13955;199;143;False;vial
13956;149;44;False;vial
13957;136;286;False;vial
13958;248;8;False;vial
13959;59;36;False;vial
13960;31;9;False;vial
13962;165;18;False;vial
13963;149;67;False;vial
13965;136;69;False;vial
13966;75;18;False;vial
13967;60;21;False;vial
13969;96;46;False;vial
13972;96;127;False;vial
13975;42;173;False;vial
13976;172;147;False;vial
13978;61;37;False;vial
13979;121;152;False;vial
13980;121;113;False;vial
13981;121;62;False;vial
13982;121;218;False;vial
13984;-1;51951;True;vial
13985;60;17;False;vial
13986;61;3759;False;vial
13987;150;81;False;vial
13988;85;136;False;vial
13990;19;615;False;vial
13991;204;576;False;vial
13992;204;152;False;vial
13993;96;183;False;vial
13995;172;706;False;vial
13997;61;281;False;vial
13998;61;5389;True;vial
13999;51;208;False;vial
14000;19;142;False;vial
14001;203;450;False;vial
14005;60;22;False;vial
14006;19;47;False;vial
14007;193;166;False;vial
14008;193;108;False;vial
14010;19;62;False;vial
14012;183;105;False;vial
14013;33;175;False;vial
14014;15;75;False;vial
14016;33;351;False;vial
14019;60;47;False;vial
14021;151;259;False;vial
14022;11;27;False;vial
14023;183;167;False;vial
14024;70;174;False;vial
14026;193;416;False;vial
14027;166;394;False;vial
14029;31;60;False;vial
14030;193;146;False;vial
14031;1;25;False;vial
14032;23;193;False;vial
14033;-1;1606;False;vial
14034;1;37;False;vial
14035;1;3;False;vial
14036;21;63;False;vial
14037;59;38;False;vial
14039;61;181;False;vial
14040;15;131;False;vial
14041;219;72;False;vial
14042;86;27;False;vial
14043;204;349;False;vial
14045;1;1588;False;vial
14048;3;716;False;vial
14049;3;26;False;vial
14051;19;181;False;vial
14052;223;76;False;vial
14054;223;228;False;vial
14055;18;2788;False;vial
14056;31;54;False;vial
14057;31;16;False;vial
14059;238;33;False;vial
14060;219;29;False;vial
14062;-1;909;False;vial
14063;151;744;False;vial
14064;25;247;False;vial
14065;238;33;False;vial
14066;25;30;False;vial
14067;107;11;False;vial
14068;219;40;False;vial
14070;54;11;False;vial
14073;110;25;False;vial
14080;194;1425;False;vial
14081;4;53;False;vial
14083;36;34;False;vial
14084;204;240;False;vial
14085;54;58;False;vial
14087;17;286;False;vial
14088;17;165;False;vial
14089;223;697;False;vial
14090;17;518;False;vial
14091;189;919;False;bote
14092;30;45;False;vial
14094;204;3214;False;vial
14095;61;36;False;vial
14096;261;926;False;vial
14097;31;56;False;vial
14098;199;15;False;vial
14099;63;617;False;vial
14100;59;436;False;vial
14101;63;318;False;vial
14103;11;41;False;vial
14105;98;24;False;vial
14106;189;749;False;bote
14107;61;812;False;vial
14108;37;877;False;vial
14109;135;20;False;vial
14110;61;1093;False;vial
14112;1;274;False;vial
14113;52;27;False;vial
14115;33;10;False;vial
14116;33;342;False;vial
14117;109;8426;True;vial
14118;147;59;False;vial
14119;8;14;False;vial
14120;234;2249;False;vial
14127;17;41;False;vial
14128;17;322;False;vial
14129;88;144;False;vial
14130;36;42;False;vial
14131;183;3533;False;vial
14133;93;233;False;vial
14135;139;1901;False;vial
14136;234;977;False;vial
14137;52;26;False;vial
14139;52;173;False;vial
14141;53;90;False;vial
14143;53;42;False;vial
14145;53;806;False;vial
14146;19;172;False;vial
14147;165;740;False;vial
14148;53;63;False;vial
14149;52;10;False;vial
14150;52;128;False;vial
14151;261;478;False;vial
14153;148;5;False;vial
14155;213;139;False;vial
14157;52;252;False;vial
14158;17;204;False;vial
14159;52;366;False;vial
14160;31;107;False;vial
14161;234;832;False;vial
14162;234;658;False;vial
14163;36;13;False;vial
14165;36;27;False;vial
14166;88;1691;False;vial
14167;183;187;False;vial
14170;214;41;False;vial
14171;268;362;False;vial
14172;53;1704;False;vial
14174;259;25;False;vial
14175;122;1260;False;vial
14176;259;25;False;vial
14177;-1;28;False;vial
14180;214;37;False;vial
14181;53;1704;False;vial
14182;122;209;False;vial
14183;199;203;False;vial
14184;259;25;False;vial
14188;122;298;False;vial
14190;117;25;False;vial
14191;51;396;False;vial
14192;135;47;False;vial
14193;22;36;False;vial
14194;22;661;False;vial
14195;122;1136;False;vial
14197;36;34;False;vial
14198;94;248;False;vial
14199;259;25;False;vial
14201;259;25;False;vial
14202;25;43;False;vial
14203;22;35;False;vial
14204;33;13;False;vial
14205;151;32;False;vial
14206;261;805;False;vial
14207;-1;97;False;vial
14209;122;43;False;vial
14212;117;60;False;vial
14215;199;716;False;vial
14216;199;100;False;vial
14220;99;10;False;vial
14221;51;299;False;vial
14223;111;24;False;vial
14224;151;144;False;vial
14225;71;32;False;vial
14226;151;62;False;vial
14227;151;1704;False;vial
14229;137;1885;False;vial
14230;137;4603;False;vial
14231;137;4603;False;vial
14232;4;729;False;vial
14233;139;719;False;vial
14234;232;774;False;vial
14237;235;90;False;vial
14238;28;1201;False;vial
14240;4;156;False;vial
14244;71;341;False;vial
14245;151;145;False;vial
14246;71;380;False;vial
14247;137;4217;False;vial
14248;137;5542;True;vial
14250;137;4515;False;vial
14251;137;4606;False;vial
14252;177;34;False;vial
14253;71;4900;False;vial
14255;99;134;False;vial
14257;6;942;False;vial
14261;30;22;False;vial
14262;30;23;False;vial
14263;204;299;False;vial
14264;30;399;False;vial
14266;71;75;False;vial
14269;96;195;False;vial
14270;40;290;False;vial
14271;23;1894;False;vial
14272;4;99;False;vial
14275;24;509;False;vial
14277;4;167;False;vial
14278;94;232;False;vial
14279;109;16287;True;vial
14280;24;134;False;vial
14284;235;211;False;vial
14286;149;23;False;vial
14289;94;128;False;vial
14290;151;176;False;vial
14291;103;251;False;vial
14292;94;23;False;vial
14293;94;62;False;vial
14294;103;205;False;vial
14296;31;21;False;vial
14298;103;984;False;vial
14299;45;3913;False;vial
14301;235;346;False;vial
14302;33;2580;False;vial
14303;2;2466;False;vial
14304;24;313;False;vial
14307;172;857;False;vial
14309;235;23;False;vial
14311;36;68;False;vial
14312;36;26;False;vial
14313;33;20;False;vial
14314;71;18;False;vial
14315;86;300;False;vial
14316;71;28;False;vial
14317;29;449;False;vial
14318;71;11;False;vial
14322;71;435;False;vial
14323;153;20;False;vial
14324;83;41;False;vial
14325;25;54;False;vial
14331;177;63;False;vial
14332;124;1086;False;vial
14333;23;23;False;vial
14334;21;40;False;vial
14335;31;42;False;vial
14338;47;72;False;vial
14339;40;21;False;vial
14340;117;118;False;vial
14343;190;21;False;vial
14344;-1;122;False;vial
14346;274;424;False;vial
14347;128;8771;True;vial
14348;3;377;False;vial
14349;3;3087;False;vial
14350;169;200;False;vial
14354;31;106;False;vial
14358;34;100;False;vial
14359;36;29;False;vial
14365;100;592;False;vial
14366;100;249;False;vial
14368;33;257;False;vial
14370;-1;153251;True;vial
14372;30;105;False;vial
14373;63;3420;False;vial
14374;199;34;False;vial
14375;204;212;False;vial
14378;199;34;False;vial
14379;11;25;False;vial
14380;235;31;False;vial
14381;224;252;False;bote
14382;199;34;False;vial
14383;79;113;False;vial
14384;88;657;False;vial
14385;79;90;False;vial
14386;79;12;False;vial
14387;60;609;False;vial
14388;232;218;False;vial
14389;85;75;False;vial
14391;151;22;False;vial
14392;30;60;False;vial
14394;165;257;False;vial
14395;33;30;False;vial
14397;30;17;False;vial
14398;253;356;False;vial
14399;253;706;False;vial
14400;30;63;False;vial
14401;38;143;False;vial
14402;92;8;False;vial
14403;36;37;False;vial
14404;36;125;False;vial
14407;17;77;False;vial
14408;93;1390;False;vial
14409;93;501;False;vial
14410;84;764;False;vial
14411;258;29;False;vial
14412;195;456;False;vial
14413;40;107;False;vial
14414;40;35;False;vial
14415;40;43;False;vial
14417;33;287;False;vial
14418;31;97;False;vial
14419;167;308;False;vial
14420;40;23;False;vial
14423;21;21;False;vial
14426;85;27;False;vial
14429;13;752;False;vial
14431;-1;3030;False;vial
14435;60;37;False;vial
14436;60;14;False;vial
14438;83;746;False;vial
14439;227;45;False;vial
14440;150;39;False;vial
14442;83;98;False;vial
14443;227;144;False;vial
14444;227;20;False;vial
14445;83;666;False;vial
14448;225;390;False;vial
14450;114;2046;False;vial
14451;114;47;False;vial
14452;225;1235;False;vial
14453;225;376;False;vial
14455;274;245;False;vial
14456;50;30;False;vial
14458;151;21;False;vial
14459;225;195;False;bote
14460;95;1185;False;vial
14461;94;405;False;vial
14462;79;1580;False;vial
14463;31;71;False;vial
14464;18;28;False;vial
14465;18;28;False;vial
14466;95;463;False;vial
14467;253;3961;False;vial
14468;253;2059;False;vial
14469;1;27;False;vial
14470;10;206;False;vial
14472;17;200;False;vial
14473;211;36;False;vial
14475;140;451;False;vial
14476;83;1954;False;vial
14477;208;153;False;vial
14478;208;806;False;vial
14480;137;3882;False;vial
14481;137;812;False;vial
14483;166;94;False;vial
14485;208;183;False;vial
14486;168;26;False;vial
14487;93;1087;False;vial
14488;93;474;False;vial
14489;117;54;False;vial
14490;10;115;False;vial
14491;211;27;False;vial
14492;211;295;False;vial
14493;206;1144;False;vial
14494;68;25;False;vial
14495;17;166;False;vial
14496;223;9;False;vial
14497;31;89;False;vial
14498;1;36;False;vial
14499;219;623;False;vial
14500;166;93;False;vial
14501;166;20;False;vial
14504;50;45;False;vial
14507;51;424;False;vial
14508;208;1267;False;vial
14509;202;1295;False;vial
14510;202;55;False;vial
14511;-1;9109;True;vial
14512;-1;9109;True;vial
14513;100;590;False;vial
14515;225;2061;False;vial
14516;225;701;False;vial
14517;225;3070;False;vial
14518;225;65;False;vial
14519;225;28;False;vial
14520;225;48;False;vial
14521;70;14;False;vial
14523;31;15;False;vial
14524;55;45;False;vial
14525;117;215;False;vial
14528;18;23;False;vial
14529;63;81;False;vial
14532;71;50;False;vial
14533;115;14;False;vial
14534;115;71;False;vial
14535;172;225;False;vial
14536;94;495;False;vial
14537;28;3599;False;vial
14539;17;313;False;vial
14540;172;138;False;vial
14541;172;321;False;vial
14542;172;594;False;vial
14543;115;45;False;vial
14544;94;220;False;vial
14545;98;7;False;vial
14548;38;171;False;vial
14550;28;290;False;vial
14552;115;311;False;vial
14555;98;41;False;vial
14556;98;14;False;vial
14557;115;337;False;vial
14558;11;241;False;vial
14560;31;77;False;vial
14561;3;260;False;vial
14562;30;541;False;vial
14563;100;104;False;vial
14564;-1;257;False;vial
14565;211;216;False;vial
14566;96;60;False;vial
14567;9;11;False;vial
14568;30;409;False;vial
14569;9;207;False;vial
14570;117;95;False;vial
14571;9;39;False;vial
14572;9;14;False;vial
14573;218;34;False;vial
14574;117;796;False;vial
14577;117;11;False;vial
14578;6;159;False;vial
14579;62;30;False;vial
14580;131;1099;False;vial
14581;9;34;False;vial
14582;3;6;False;vial
14583;3;996;False;vial
14584;9;204;False;vial
14585;96;21;False;vial
14586;274;26;False;vial
14588;1;331;False;vial
14590;9;9;False;vial
14591;96;50;False;vial
14593;31;21;False;vial
14594;101;1065;False;vial
14595;11;197;False;vial
14596;27;9;False;vial
14597;180;45;False;vial
14598;131;437;False;vial
14600;-1;1283;False;vial
14602;165;20;False;vial
14605;55;14;False;vial
14606;28;2082;False;vial
14607;71;126;False;vial
14609;172;23;False;vial
14611;165;686;False;vial
14612;28;372;False;vial
14613;28;339;False;vial
14614;28;1571;False;vial
14615;28;703;False;vial
14616;165;241;False;vial
14617;165;241;False;vial
14618;165;241;False;vial
14619;203;1;False;vial
14620;139;93;False;vial
14621;55;14;False;vial
14622;139;36;False;vial
14624;139;46;False;vial
14625;149;31;False;vial
14627;139;13;False;vial
14629;150;106;False;vial
14631;28;2918;False;vial
14633;6;112;False;vial
14634;172;35;False;vial
14635;117;655;False;vial
14636;121;111;False;vial
14637;6;9775;True;vial
14638;6;154;False;vial
14639;6;1017;False;vial
14641;60;5;False;vial
14642;150;34;False;vial
14643;21;85;False;vial
14645;18;228;False;vial
14646;167;21;False;vial
14647;140;214;False;vial
14648;89;43;False;vial
14649;117;239;False;vial
14652;18;15;False;vial
14653;18;24;False;vial
14654;18;54;False;vial
14655;203;27;False;vial
14656;230;2206;False;vial
14657;69;570;False;vial
14662;257;125;False;vial
14663;257;399;False;vial
14664;257;809;False;vial
14665;257;228;False;vial
14668;226;48;False;vial
14670;51;1519;False;vial
14671;168;50;False;vial
14672;60;205;False;vial
14673;257;8770;True;vial
14674;160;597;False;vial
14675;251;1358;False;vial
14676;-1;59640;True;vial
14677;183;116;False;vial
14679;-1;240;False;vial
14680;244;579;False;vial
14682;93;980;False;vial
14683;140;135;False;vial
14684;183;46;False;vial
14685;183;230;False;vial
14689;84;666;False;vial
14690;257;335;False;vial
14691;257;61;False;vial
14692;172;49;False;vial
14694;208;936;False;vial
14695;59;68;False;vial
14696;59;257;False;vial
14697;253;3130;False;vial
14698;204;213;False;vial
14701;183;28;False;vial
14703;150;41;False;vial
14704;214;43;False;vial
14705;203;46;False;vial
14706;150;35;False;vial
14707;52;335;False;vial
14708;18;123;False;vial
14709;203;129;False;vial
14710;124;322;False;vial
14712;105;258;False;vial
14716;4;1443;False;vial
14717;152;1478;False;vial
14718;148;28;False;vial
14720;4;1233;False;vial
14721;36;229;False;vial
14722;230;1565;False;vial
14723;77;89;False;vial
14725;17;177;False;vial
