origen;polo;minutos;km;km_tren;km_bote
lima;0;592.4;475.2;0.0;0.0
lima;1;1207.2;1037.0;0.0;0.0
lima;2;1024.2;843.1;0.0;0.0
lima;3;1338.6;985.5;0.0;0.0
lima;4;1475.6;1112.1;28.8;0.0
lima;5;281.3;212.8;0.0;0.0
lima;6;1316.4;1147.0;0.0;0.0
lima;7;1441.1;1206.0;0.0;0.0
lima;8;556.1;437.4;0.0;0.0
lima;9;381.6;300.2;0.0;0.0
lima;10;674.9;545.2;0.0;0.0
lima;11;1459.3;1287.5;0.0;0.0
lima;12;1650.6;1456.5;0.0;0.0
lima;13;706.8;566.0;0.0;0.0
lima;14;487.3;396.5;0.0;0.0
lima;15;433.6;354.4;0.0;0.0
lima;16;1776.2;1514.1;0.0;0.0
lima;17;767.0;599.1;0.0;0.0
lima;18;1092.4;898.0;0.0;0.0
lima;19;909.2;725.3;0.0;0.0
lima;20;1522.1;1270.3;0.0;0.0
lima;21;1173.0;942.1;0.0;0.0
lima;22;500.9;326.5;0.0;0.0
lima;23;1331.4;1155.2;0.0;0.0
lima;24;1349.3;922.5;0.0;0.0
lima;25;935.9;791.2;0.0;0.0
lima;26;1438.8;1171.1;0.0;0.0
lima;27;506.8;441.2;0.0;0.0
lima;28;233.3;164.0;0.0;0.0
lima;29;1468.3;1233.0;0.0;0.0
lima;30;305.7;243.8;0.0;0.0
lima;31;18.2;9.1;0.0;0.0
lima;32;501.6;412.1;0.0;0.0
lima;33;362.8;302.0;0.0;0.0
lima;34;1243.1;1092.8;0.0;0.0
lima;36;1347.9;1068.0;0.0;0.0
lima;37;349.6;280.5;0.0;0.0
lima;38;1516.4;1321.6;0.0;0.0
lima;39;1682.0;1272.5;0.0;0.0
lima;40;1138.5;1004.3;0.0;0.0
lima;41;1372.2;1154.1;0.0;0.0
lima;42;906.8;757.6;0.0;0.0
lima;45;4442.5;2108.2;0.0;936.0
lima;46;1599.5;1418.4;0.0;0.0
lima;47;1024.3;820.6;0.0;0.0
lima;48;937.6;661.6;0.0;0.0
lima;49;882.8;773.5;0.0;0.0
lima;51;1293.5;1110.3;0.0;0.0
lima;52;875.1;619.8;0.0;0.0
lima;53;90.0;73.1;0.0;0.0
lima;54;550.0;440.4;0.0;0.0
lima;56;393.7;306.9;0.0;0.0
lima;60;1141.8;983.2;0.0;0.0
lima;61;1338.9;1064.5;0.0;0.0
lima;62;1942.7;1538.6;0.0;0.0
lima;63;544.6;429.4;0.0;0.0
lima;65;902.8;730.5;0.0;0.0
lima;66;645.9;480.9;0.0;0.0
lima;67;796.8;655.8;0.0;0.0
lima;68;1378.6;1217.6;0.0;0.0
lima;69;768.4;631.1;0.0;0.0
lima;70;173.9;138.4;0.0;0.0
lima;71;1336.0;1164.0;0.0;0.0
lima;72;524.1;429.9;0.0;0.0
lima;73;526.0;409.6;0.0;0.0
lima;74;1254.2;1053.5;0.0;0.0
lima;75;1306.9;1055.0;0.0;0.0
lima;77;254.0;181.9;0.0;0.0
lima;78;523.2;332.1;0.0;0.0
lima;79;950.7;731.0;0.0;0.0
lima;82;711.9;570.5;0.0;0.0
lima;83;1399.6;1114.6;0.0;0.0
lima;84;981.7;696.4;0.0;0.0
lima;85;1300.4;1132.7;0.0;0.0
lima;86;1306.7;1007.5;0.0;0.0
lima;87;1432.5;1265.0;0.0;0.0
lima;88;923.6;759.7;0.0;0.0
lima;89;1175.7;931.3;0.0;0.0
lima;90;675.0;551.0;0.0;0.0
lima;91;2184.7;1764.7;0.0;0.0
lima;92;1134.4;912.3;0.0;0.0
lima;93;735.3;564.7;0.0;0.0
lima;94;463.9;375.4;0.0;0.0
lima;95;1206.1;933.1;0.0;0.0
lima;96;481.7;379.4;0.0;0.0
lima;97;1435.6;1218.9;0.0;0.0
lima;99;895.8;753.7;0.0;0.0
lima;100;445.9;360.9;0.0;0.0
lima;101;779.4;645.9;0.0;0.0
lima;102;1674.6;1460.9;0.0;0.0
lima;103;1360.5;1067.2;0.0;0.0
lima;104;390.2;233.4;0.0;0.0
lima;105;224.6;184.8;0.0;0.0
lima;106;946.0;831.5;0.0;0.0
lima;107;981.1;802.4;0.0;0.0
lima;108;756.2;623.1;0.0;0.0
lima;109;1431.4;908.1;0.0;111.1
lima;110;252.2;199.2;0.0;0.0
lima;111;541.3;446.2;0.0;0.0
lima;113;900.2;777.1;0.0;0.0
lima;114;289.5;229.9;0.0;0.0
lima;117;1190.9;1030.8;0.0;0.0
lima;120;638.1;564.9;0.0;0.0
lima;121;1424.7;1248.5;0.0;0.0
lima;122;1323.9;1063.7;0.0;0.0
lima;123;923.8;644.9;0.0;0.0
lima;124;1194.8;951.6;0.0;0.0
lima;125;1120.0;966.7;0.0;0.0
lima;126;536.4;424.5;0.0;0.0
lima;128;1532.4;1359.0;0.0;0.0
lima;131;1794.6;1561.3;0.0;0.0
lima;132;1353.2;1148.9;0.0;0.0
lima;133;1382.7;1162.6;0.0;0.0
lima;134;442.8;347.2;0.0;0.0
lima;135;981.4;834.4;0.0;0.0
lima;136;1071.2;921.3;0.0;0.0
lima;137;1491.1;1177.5;0.0;0.0
lima;138;1506.2;1207.7;0.0;0.0
lima;139;664.9;551.0;0.0;0.0
lima;140;1544.8;1368.1;0.0;0.0
lima;141;1641.9;965.0;0.0;108.0
lima;142;1681.3;1469.4;0.0;0.0
lima;146;590.8;520.0;0.0;0.0
lima;147;1374.5;1093.7;0.0;0.0
lima;148;948.9;781.2;0.0;0.0
lima;150;3175.2;1691.7;0.0;533.0
lima;151;377.3;302.7;0.0;0.0
lima;152;1452.9;988.9;0.0;0.0
lima;153;1333.2;1097.3;0.0;0.0
lima;158;1368.2;1090.4;0.0;0.0
lima;160;989.1;688.7;0.0;0.0
lima;161;788.5;658.7;0.0;0.0
lima;162;1276.5;1127.1;0.0;0.0
lima;164;831.4;603.4;0.0;0.0
lima;165;153.7;95.6;0.0;0.0
lima;166;1076.0;857.1;0.0;0.0
lima;167;837.5;669.0;0.0;0.0
lima;168;161.2;134.2;0.0;0.0
lima;169;564.2;465.4;0.0;0.0
lima;171;650.4;514.4;0.0;0.0
lima;172;320.8;261.6;0.0;0.0
lima;173;1362.7;1077.4;0.0;0.0
lima;176;1337.7;1121.2;0.0;0.0
lima;177;1079.5;943.5;0.0;0.0
lima;178;237.4;195.6;0.0;0.0
lima;180;297.2;243.6;0.0;0.0
lima;183;780.9;581.0;0.0;0.0
lima;184;343.9;283.8;0.0;0.0
lima;185;878.4;741.6;0.0;0.0
lima;187;1221.3;1069.1;0.0;0.0
lima;188;818.2;604.1;0.0;0.0
lima;189;3141.1;1661.8;0.0;533.0
lima;190;1495.0;1299.7;0.0;0.0
lima;192;1385.6;1083.5;0.0;0.0
lima;193;924.0;735.5;0.0;0.0
lima;194;676.4;543.4;0.0;0.0
lima;195;1085.7;959.4;0.0;0.0
lima;198;1918.1;1409.4;0.0;0.0
lima;199;113.8;87.8;0.0;0.0
lima;201;600.8;457.4;0.0;0.0
lima;205;8.1;0.4;0.0;0.0
lima;206;1278.6;1122.8;0.0;0.0
lima;208;919.3;653.6;0.0;0.0
lima;211;1482.2;1289.4;0.0;0.0
lima;214;93.7;70.7;0.0;0.0
lima;217;59.2;46.8;0.0;0.0
lima;218;1159.7;1003.0;0.0;0.0
lima;219;131.0;102.2;0.0;0.0
lima;222;1598.0;1304.2;0.0;0.0
lima;223;854.3;663.7;0.0;0.0
lima;224;1355.7;869.2;0.0;14.0
lima;225;1412.7;798.7;0.0;149.1
lima;226;402.1;336.6;0.0;0.0
lima;227;1389.4;1096.6;0.0;0.0
lima;230;700.1;517.2;0.0;0.0
lima;232;1522.5;1352.9;0.0;0.0
lima;233;441.1;350.6;0.0;0.0
lima;234;790.9;588.5;0.0;0.0
lima;235;1377.4;943.6;0.0;0.0
lima;238;234.6;192.8;0.0;0.0
lima;239;556.2;458.7;0.0;0.0
lima;240;355.0;301.8;0.0;0.0
lima;244;655.3;505.2;0.0;0.0
lima;245;3337.9;1738.2;0.0;559.9
lima;246;992.2;870.4;0.0;0.0
lima;248;790.1;700.4;0.0;0.0
lima;254;416.5;284.5;0.0;0.0
lima;256;1471.7;1176.3;0.0;0.0
lima;258;1020.0;816.4;0.0;0.0
lima;259;112.9;75.1;0.0;0.0
lima;261;285.9;234.2;0.0;0.0
lima;265;1215.8;905.4;0.0;0.0
lima;268;287.0;182.4;0.0;0.0
lima;273;1691.8;1465.7;0.0;0.0
arequipa;0;1722.3;1478.9;0.0;0.0
arequipa;1;2337.1;2040.7;0.0;0.0
arequipa;2;2154.1;1846.9;0.0;0.0
arequipa;3;654.4;438.1;0.0;0.0
arequipa;4;763.8;595.6;28.8;0.0
arequipa;5;1411.1;1216.5;0.0;0.0
arequipa;6;2446.3;2150.7;0.0;0.0
arequipa;7;2570.9;2209.7;0.0;0.0
arequipa;8;1686.0;1441.1;0.0;0.0
arequipa;9;1507.8;1306.1;0.0;0.0
arequipa;10;1153.7;919.6;0.0;0.0
arequipa;11;339.6;291.2;0.0;0.0
arequipa;12;530.9;460.2;0.0;0.0
arequipa;13;1059.3;849.3;0.0;0.0
arequipa;14;1617.2;1400.2;0.0;0.0
arequipa;15;1563.5;1358.2;0.0;0.0
arequipa;16;656.5;517.8;0.0;0.0
arequipa;17;1157.9;861.7;0.0;0.0
arequipa;18;839.5;663.3;0.0;0.0
arequipa;19;2039.1;1729.0;0.0;0.0
arequipa;20;551.7;429.0;0.0;0.0
arequipa;21;2302.9;1945.9;0.0;0.0
arequipa;22;1630.8;1330.2;0.0;0.0
arequipa;23;211.7;158.8;0.0;0.0
arequipa;24;890.0;714.8;0.0;0.0
arequipa;25;2065.7;1795.0;0.0;0.0
arequipa;26;309.5;166.8;0.0;0.0
arequipa;27;641.9;564.8;0.0;0.0
arequipa;28;1359.6;1157.2;0.0;0.0
arequipa;29;348.6;236.7;0.0;0.0
arequipa;30;1435.6;1247.5;0.0;0.0
arequipa;31;1130.7;998.0;0.0;0.0
arequipa;32;1631.5;1415.8;0.0;0.0
arequipa;33;1357.0;1143.2;0.0;0.0
arequipa;34;255.4;220.0;0.0;0.0
arequipa;36;582.6;492.9;0.0;0.0
arequipa;37;1479.5;1284.2;0.0;0.0
arequipa;38;396.7;325.3;0.0;0.0
arequipa;39;851.1;637.0;0.0;0.0
arequipa;40;8.0;0.4;0.0;0.0
arequipa;41;2502.1;2157.9;0.0;0.0
arequipa;42;2036.7;1761.4;0.0;0.0
arequipa;45;5572.4;3112.0;0.0;936.0
arequipa;46;479.8;422.1;0.0;0.0
arequipa;47;2154.2;1824.4;0.0;0.0
arequipa;48;1369.7;1016.6;0.0;0.0
arequipa;49;263.5;231.1;0.0;0.0
arequipa;51;2423.4;2114.0;0.0;0.0
arequipa;52;2005.0;1623.5;0.0;0.0
arequipa;53;1210.1;1067.1;0.0;0.0
arequipa;54;1243.7;1032.1;0.0;0.0
arequipa;56;1187.2;1023.5;0.0;0.0
arequipa;60;2271.7;1987.0;0.0;0.0
arequipa;61;2468.8;2068.2;0.0;0.0
arequipa;62;978.8;815.2;0.0;0.0
arequipa;63;1674.5;1433.1;0.0;0.0
arequipa;65;2032.7;1734.3;0.0;0.0
arequipa;66;1766.0;1474.9;0.0;0.0
arequipa;67;1926.7;1659.5;0.0;0.0
arequipa;68;412.3;367.3;0.0;0.0
arequipa;69;1898.3;1634.8;0.0;0.0
arequipa;70;1303.8;1142.1;0.0;0.0
arequipa;71;216.4;167.7;0.0;0.0
arequipa;72;1654.0;1433.6;0.0;0.0
arequipa;73;1129.8;868.7;0.0;0.0
arequipa;74;2384.1;2057.2;0.0;0.0
arequipa;75;460.8;285.5;0.0;0.0
arequipa;77;1374.1;1176.0;0.0;0.0
arequipa;78;1653.1;1335.9;0.0;0.0
arequipa;79;1043.2;792.1;0.0;0.0
arequipa;82;1841.8;1574.2;0.0;0.0
arequipa;83;530.8;446.2;0.0;0.0
arequipa;84;1257.5;940.8;0.0;0.0
arequipa;85;2430.3;2136.4;0.0;0.0
arequipa;86;2436.6;2011.2;0.0;0.0
arequipa;87;312.8;268.7;0.0;0.0
arequipa;88;875.1;558.9;0.0;0.0
arequipa;89;2305.6;1935.0;0.0;0.0
arequipa;90;1804.9;1554.7;0.0;0.0
arequipa;91;1220.7;1041.3;0.0;0.0
arequipa;92;2264.2;1916.0;0.0;0.0
arequipa;93;1081.6;856.9;0.0;0.0
arequipa;94;1584.0;1369.4;0.0;0.0
arequipa;95;855.4;550.2;0.0;0.0
arequipa;96;1601.8;1373.4;0.0;0.0
arequipa;97;374.8;187.1;0.0;0.0
arequipa;99;2025.7;1757.4;0.0;0.0
arequipa;100;1575.7;1364.7;0.0;0.0
arequipa;101;1909.3;1649.6;0.0;0.0
arequipa;102;554.9;464.6;0.0;0.0
arequipa;103;648.7;550.7;0.0;0.0
arequipa;104;1214.3;1036.5;0.0;0.0
arequipa;105;1018.0;901.4;0.0;0.0
arequipa;106;200.8;173.4;0.0;0.0
arequipa;107;698.9;516.1;0.0;0.0
arequipa;108;1886.1;1626.8;0.0;0.0
arequipa;109;2561.3;1911.8;0.0;111.1
arequipa;110;1382.1;1202.9;0.0;0.0
arequipa;111;1661.4;1440.2;0.0;0.0
arequipa;113;466.4;381.0;0.0;0.0
arequipa;114;1409.5;1223.9;0.0;0.0
arequipa;117;2320.8;2034.6;0.0;0.0
arequipa;120;511.8;441.2;0.0;0.0
arequipa;121;2554.6;2252.2;0.0;0.0
arequipa;122;2453.7;2067.4;0.0;0.0
arequipa;123;2043.9;1639.0;0.0;0.0
arequipa;124;736.6;609.6;0.0;0.0
arequipa;125;2249.9;1970.4;0.0;0.0
arequipa;126;1666.3;1428.3;0.0;0.0
arequipa;128;412.7;362.6;0.0;0.0
arequipa;131;674.9;565.0;0.0;0.0
arequipa;132;2483.1;2152.6;0.0;0.0
arequipa;133;2512.6;2166.3;0.0;0.0
arequipa;134;1572.7;1350.9;0.0;0.0
arequipa;135;2111.3;1838.1;0.0;0.0
arequipa;136;230.5;187.2;0.0;0.0
arequipa;137;612.8;501.9;0.0;0.0
arequipa;138;426.4;352.8;0.0;0.0
arequipa;139;1794.8;1554.7;0.0;0.0
arequipa;140;425.1;371.8;0.0;0.0
arequipa;141;1504.5;950.6;0.0;104.8
arequipa;142;561.6;473.1;0.0;0.0
arequipa;146;617.5;525.0;0.0;0.0
arequipa;147;372.7;246.5;0.0;0.0
arequipa;148;900.4;580.3;0.0;0.0
arequipa;150;4305.1;2695.4;0.0;533.0
arequipa;151;1497.3;1296.7;0.0;0.0
arequipa;152;806.8;616.1;39.6;0.0
arequipa;153;2463.1;2101.1;0.0;0.0
arequipa;158;2498.1;2094.1;0.0;0.0
arequipa;160;2118.9;1692.5;0.0;0.0
arequipa;161;1918.4;1662.4;0.0;0.0
arequipa;162;156.8;130.7;0.0;0.0
arequipa;164;1299.5;970.3;0.0;0.0
arequipa;165;1255.9;1059.2;0.0;0.0
arequipa;166;2205.8;1860.8;0.0;0.0
arequipa;167;947.6;665.8;0.0;0.0
arequipa;168;1291.1;1137.9;0.0;0.0
arequipa;169;1694.1;1469.1;0.0;0.0
arequipa;171;1214.9;961.7;0.0;0.0
arequipa;172;1395.4;1176.7;0.0;0.0
arequipa;173;628.1;532.0;0.0;0.0
arequipa;176;211.4;119.7;0.0;0.0
arequipa;177;149.8;118.5;0.0;0.0
arequipa;178;909.7;809.6;0.0;0.0
arequipa;180;871.3;773.2;0.0;0.0
arequipa;183;1901.0;1575.0;0.0;0.0
arequipa;184;1372.1;1154.4;0.0;0.0
arequipa;185;559.3;436.6;0.0;0.0
arequipa;187;277.6;235.2;0.0;0.0
arequipa;188;1948.1;1607.8;0.0;0.0
arequipa;189;4270.9;2665.5;0.0;533.0
arequipa;190;503.1;430.2;0.0;0.0
arequipa;192;2515.5;2087.2;0.0;0.0
arequipa;193;2053.9;1739.2;0.0;0.0
arequipa;194;1088.5;870.8;0.0;0.0
arequipa;195;69.3;52.8;0.0;0.0
arequipa;198;1087.1;773.9;0.0;0.0
arequipa;199;1033.3;917.1;0.0;0.0
arequipa;201;1720.9;1451.4;0.0;0.0
arequipa;205;1139.4;1004.8;0.0;0.0
arequipa;206;335.0;288.9;0.0;0.0
arequipa;208;1319.8;983.7;0.0;0.0
arequipa;211;516.0;439.1;0.0;0.0
arequipa;214;1223.6;1074.5;0.0;0.0
arequipa;217;1179.3;1040.8;0.0;0.0
arequipa;218;2289.6;2006.7;0.0;0.0
arequipa;219;1260.8;1105.9;0.0;0.0
arequipa;222;2727.9;2307.9;0.0;0.0
arequipa;223;1137.9;858.6;0.0;0.0
arequipa;224;1218.3;854.9;0.0;10.8
arequipa;225;1909.9;1086.3;0.0;240.9
arequipa;226;1391.7;1135.9;0.0;0.0
arequipa;227;585.8;493.4;0.0;0.0
arequipa;230;1820.2;1511.3;0.0;0.0
arequipa;232;402.8;356.5;0.0;0.0
arequipa;233;1353.7;1111.7;0.0;0.0
arequipa;234;1920.8;1592.2;0.0;0.0
arequipa;235;861.5;693.6;0.0;0.0
arequipa;238;1364.5;1196.6;0.0;0.0
arequipa;239;1676.3;1452.8;0.0;0.0
arequipa;240;793.0;704.0;0.0;0.0
arequipa;244;1785.2;1508.9;0.0;0.0
arequipa;245;4467.8;2741.9;0.0;559.9
arequipa;246;197.2;152.6;0.0;0.0
arequipa;248;356.8;304.4;0.0;0.0
arequipa;254;1546.3;1288.2;0.0;0.0
arequipa;256;459.3;384.6;0.0;0.0
arequipa;258;2149.9;1820.2;0.0;0.0
arequipa;259;1199.3;1041.0;0.0;0.0
arequipa;261;1406.0;1228.2;0.0;0.0
arequipa;265;521.6;365.8;0.0;0.0
arequipa;268;1318.4;1088.0;0.0;0.0
arequipa;273;572.1;469.4;0.0;0.0
trujillo;0;1001.9;749.3;0.0;0.0
trujillo;1;550.9;486.1;0.0;0.0
trujillo;2;367.9;292.3;0.0;0.0
trujillo;3;1994.3;1535.9;0.0;0.0
trujillo;4;2131.3;1662.5;28.8;0.0
trujillo;5;664.9;534.9;0.0;0.0
trujillo;6;660.2;596.2;0.0;0.0
trujillo;7;784.8;655.1;0.0;0.0
trujillo;8;540.5;415.8;0.0;0.0
trujillo;9;942.6;726.7;0.0;0.0
trujillo;10;1330.6;1095.6;0.0;0.0
trujillo;11;2115.1;1837.9;0.0;0.0
trujillo;12;2306.3;2007.0;0.0;0.0
trujillo;13;1362.5;1116.5;0.0;0.0
trujillo;14;389.2;310.2;0.0;0.0
trujillo;15;842.2;628.1;0.0;0.0
trujillo;16;2432.0;2064.5;0.0;0.0
trujillo;17;1422.8;1149.5;0.0;0.0
trujillo;18;1748.2;1448.5;0.0;0.0
trujillo;19;255.5;176.4;0.0;0.0
trujillo;20;2177.9;1820.7;0.0;0.0
trujillo;21;1096.6;915.0;0.0;0.0
trujillo;22;744.5;554.2;0.0;0.0
trujillo;23;1987.1;1705.6;0.0;0.0
trujillo;24;2004.5;1472.6;0.0;0.0
trujillo;25;279.6;240.4;0.0;0.0
trujillo;26;2094.6;1721.5;0.0;0.0
trujillo;27;1162.6;991.7;0.0;0.0
trujillo;28;848.7;679.0;0.0;0.0
trujillo;29;2124.1;1783.5;0.0;0.0
trujillo;30;829.1;641.2;0.0;0.0
trujillo;31;672.9;558.7;0.0;0.0
trujillo;32;172.1;140.4;0.0;0.0
trujillo;33;1018.0;852.1;0.0;0.0
trujillo;34;1898.9;1643.2;0.0;0.0
trujillo;36;2003.7;1618.4;0.0;0.0
trujillo;37;323.1;270.9;0.0;0.0
trujillo;38;2172.2;1872.0;0.0;0.0
trujillo;39;2337.8;1822.9;0.0;0.0
trujillo;40;1794.3;1554.7;0.0;0.0
trujillo;41;715.9;603.3;0.0;0.0
trujillo;42;250.5;206.8;0.0;0.0
trujillo;45;4372.0;2085.1;0.0;936.0
trujillo;46;2255.3;1968.9;0.0;0.0
trujillo;47;1175.4;707.0;0.0;0.0
trujillo;48;1592.8;1211.8;0.0;0.0
trujillo;49;1538.6;1323.9;0.0;0.0
trujillo;51;637.2;559.4;0.0;0.0
trujillo;52;265.0;153.0;0.0;0.0
trujillo;53;745.2;623.2;0.0;0.0
trujillo;54;1205.2;990.5;0.0;0.0
trujillo;56;1049.5;857.3;0.0;0.0
trujillo;60;485.5;432.4;0.0;0.0
trujillo;61;1268.3;1041.3;0.0;0.0
trujillo;62;2598.5;2089.0;0.0;0.0
trujillo;63;529.0;407.8;0.0;0.0
trujillo;65;1312.3;1004.7;0.0;0.0
trujillo;66;1301.1;1031.0;0.0;0.0
trujillo;67;140.6;105.0;0.0;0.0
trujillo;68;2034.4;1768.1;0.0;0.0
trujillo;69;114.7;82.2;0.0;0.0
trujillo;70;501.5;415.6;0.0;0.0
trujillo;71;1991.8;1714.4;0.0;0.0
trujillo;72;352.5;277.1;0.0;0.0
trujillo;73;1181.8;960.0;0.0;0.0
trujillo;74;598.0;502.6;0.0;0.0
trujillo;75;1962.7;1605.4;0.0;0.0
trujillo;77;909.2;732.0;0.0;0.0
trujillo;78;760.2;562.2;0.0;0.0
trujillo;79;1606.5;1281.4;0.0;0.0
trujillo;82;1121.4;844.6;0.0;0.0
trujillo;83;2055.4;1665.1;0.0;0.0
trujillo;84;1637.0;1246.6;0.0;0.0
trujillo;85;644.1;581.9;0.0;0.0
trujillo;86;964.1;803.6;0.0;0.0
trujillo;87;2088.3;1815.5;0.0;0.0
trujillo;88;1579.4;1310.2;0.0;0.0
trujillo;89;519.4;380.4;0.0;0.0
trujillo;90;986.6;583.8;0.0;0.0
trujillo;91;2840.4;2315.1;0.0;0.0
trujillo;92;478.1;361.4;0.0;0.0
trujillo;93;1391.1;1115.1;0.0;0.0
trujillo;94;1119.2;925.5;0.0;0.0
trujillo;95;1861.9;1483.5;0.0;0.0
trujillo;96;1131.2;811.9;0.0;0.0
trujillo;97;2091.4;1769.3;0.0;0.0
trujillo;99;239.5;202.8;0.0;0.0
trujillo;100;431.2;346.4;0.0;0.0
trujillo;101;941.4;542.3;0.0;0.0
trujillo;102;2330.4;2011.3;0.0;0.0
trujillo;103;2016.2;1617.6;0.0;0.0
trujillo;104;1045.4;783.6;0.0;0.0
trujillo;105;880.4;735.2;0.0;0.0
trujillo;106;1601.8;1381.9;0.0;0.0
trujillo;107;1636.9;1352.9;0.0;0.0
trujillo;108;102.5;74.2;0.0;0.0
trujillo;109;1840.9;1182.2;0.0;111.1
trujillo;110;820.9;627.6;0.0;0.0
trujillo;111;1196.6;996.3;0.0;0.0
trujillo;113;1555.9;1327.5;0.0;0.0
trujillo;114;944.7;780.0;0.0;0.0
trujillo;117;534.6;480.0;0.0;0.0
trujillo;120;1293.8;1115.4;0.0;0.0
trujillo;121;768.4;697.6;0.0;0.0
trujillo;122;667.6;512.8;0.0;0.0
trujillo;123;1579.1;1195.0;0.0;0.0
trujillo;124;1850.5;1502.0;0.0;0.0
trujillo;125;463.8;415.8;0.0;0.0
trujillo;126;619.1;495.8;0.0;0.0
trujillo;128;2188.2;1909.4;0.0;0.0
trujillo;131;2450.4;2111.7;0.0;0.0
trujillo;132;696.9;598.1;0.0;0.0
trujillo;133;726.4;611.7;0.0;0.0
trujillo;134;525.6;418.5;0.0;0.0
trujillo;135;325.2;283.5;0.0;0.0
trujillo;136;1727.0;1471.8;0.0;0.0
trujillo;137;2146.9;1727.9;0.0;0.0
trujillo;138;2162.0;1758.1;0.0;0.0
trujillo;139;9.4;1.5;0.0;0.0
trujillo;140;2200.6;1918.5;0.0;0.0
trujillo;141;2297.2;1515.1;0.0;108.0
trujillo;142;2337.1;2019.9;0.0;0.0
trujillo;146;1246.5;1070.5;0.0;0.0
trujillo;147;2030.2;1644.1;0.0;0.0
trujillo;148;1604.7;1331.6;0.0;0.0
trujillo;150;3104.7;1668.5;0.0;533.0
trujillo;151;1032.5;852.8;0.0;0.0
trujillo;152;2108.1;1539.1;0.0;0.0
trujillo;153;676.9;546.5;0.0;0.0
trujillo;158;712.0;539.5;0.0;0.0
trujillo;160;590.9;356.4;0.0;0.0
trujillo;161;132.2;107.8;0.0;0.0
trujillo;162;1932.3;1677.5;0.0;0.0
trujillo;164;1486.7;1153.6;0.0;0.0
trujillo;165;808.9;645.8;0.0;0.0
trujillo;166;419.7;306.2;0.0;0.0
trujillo;167;1493.3;1219.5;0.0;0.0
trujillo;168;544.9;456.4;0.0;0.0
trujillo;169;312.4;241.2;0.0;0.0
trujillo;171;1305.6;1064.5;0.0;0.0
trujillo;172;976.0;811.7;0.0;0.0
trujillo;173;2018.5;1627.9;0.0;0.0
trujillo;176;1993.4;1671.6;0.0;0.0
trujillo;177;1735.2;1494.0;0.0;0.0
trujillo;178;893.1;746.0;0.0;0.0
trujillo;180;953.0;794.0;0.0;0.0
trujillo;183;1310.0;997.0;0.0;0.0
trujillo;184;999.1;834.0;0.0;0.0
trujillo;185;1534.1;1292.0;0.0;0.0
trujillo;187;1877.0;1619.5;0.0;0.0
trujillo;188;420.1;271.7;0.0;0.0
trujillo;189;3070.5;1638.6;0.0;533.0
trujillo;190;2150.8;1850.1;0.0;0.0
trujillo;192;882.5;726.2;0.0;0.0
trujillo;193;270.3;186.7;0.0;0.0
trujillo;194;1332.2;1093.8;0.0;0.0
trujillo;195;1741.5;1509.9;0.0;0.0
trujillo;198;2573.9;1959.8;0.0;0.0
trujillo;199;769.6;638.2;0.0;0.0
trujillo;201;1177.5;845.6;0.0;0.0
trujillo;205;664.2;550.9;0.0;0.0
trujillo;206;1934.4;1673.2;0.0;0.0
trujillo;208;1574.6;1203.7;0.0;0.0
trujillo;211;2138.0;1839.8;0.0;0.0
trujillo;214;579.9;481.0;0.0;0.0
trujillo;217;714.4;596.9;0.0;0.0
trujillo;218;503.5;452.1;0.0;0.0
trujillo;219;746.4;617.3;0.0;0.0
trujillo;222;941.7;753.3;0.0;0.0
trujillo;223;1510.1;1214.1;0.0;0.0
trujillo;224;2010.9;1419.4;0.0;14.0
trujillo;225;2067.9;1348.8;0.0;149.1
trujillo;226;1057.4;886.8;0.0;0.0
trujillo;227;2045.2;1647.0;0.0;0.0
trujillo;230;1276.8;905.5;0.0;0.0
trujillo;232;2178.3;1903.3;0.0;0.0
trujillo;233;1096.4;900.7;0.0;0.0
trujillo;234;366.8;231.6;0.0;0.0
trujillo;235;2032.7;1493.7;0.0;0.0
trujillo;238;618.3;515.0;0.0;0.0
trujillo;239;1211.4;1008.9;0.0;0.0
trujillo;240;1010.8;852.2;0.0;0.0
trujillo;244;480.8;348.0;0.0;0.0
trujillo;245;3267.3;1715.0;0.0;559.9
trujillo;246;1648.0;1420.8;0.0;0.0
trujillo;248;1445.9;1250.9;0.0;0.0
trujillo;254;647.3;499.7;0.0;0.0
trujillo;256;2127.4;1726.7;0.0;0.0
trujillo;258;1171.1;702.7;0.0;0.0
trujillo;259;768.8;626.4;0.0;0.0
trujillo;261;904.4;709.0;0.0;0.0
trujillo;265;1871.6;1455.8;0.0;0.0
trujillo;268;942.2;732.5;0.0;0.0
trujillo;273;2347.5;2016.1;0.0;0.0
chiclayo;0;1233.9;952.2;0.0;0.0
chiclayo;1;318.9;283.4;0.0;0.0
chiclayo;2;323.8;252.5;0.0;0.0
chiclayo;3;2226.3;1738.8;0.0;0.0
chiclayo;4;2363.3;1865.4;28.8;0.0
chiclayo;5;896.9;737.8;0.0;0.0
chiclayo;6;428.2;393.4;0.0;0.0
chiclayo;7;552.8;452.4;0.0;0.0
chiclayo;8;772.5;618.7;0.0;0.0
chiclayo;9;1174.5;929.6;0.0;0.0
chiclayo;10;1562.6;1298.5;0.0;0.0
chiclayo;11;2347.0;2040.8;0.0;0.0
chiclayo;12;2538.3;2209.9;0.0;0.0
chiclayo;13;1594.5;1319.4;0.0;0.0
chiclayo;14;621.2;513.1;0.0;0.0
chiclayo;15;1074.1;831.0;0.0;0.0
chiclayo;16;2663.9;2267.4;0.0;0.0
chiclayo;17;1654.7;1352.4;0.0;0.0
chiclayo;18;1980.1;1651.4;0.0;0.0
chiclayo;19;487.2;378.0;0.0;0.0
chiclayo;20;2409.9;2023.6;0.0;0.0
chiclayo;21;864.6;712.2;0.0;0.0
chiclayo;22;976.5;757.1;0.0;0.0
chiclayo;23;2219.1;1908.5;0.0;0.0
chiclayo;24;2236.5;1675.5;0.0;0.0
chiclayo;25;47.6;37.6;0.0;0.0
chiclayo;26;2326.6;1924.4;0.0;0.0
chiclayo;27;1394.6;1194.6;0.0;0.0
chiclayo;28;1080.7;881.9;0.0;0.0
chiclayo;29;2356.0;1986.4;0.0;0.0
chiclayo;30;1061.0;844.1;0.0;0.0
chiclayo;31;904.8;761.6;0.0;0.0
chiclayo;32;404.0;343.3;0.0;0.0
chiclayo;33;1250.0;1055.0;0.0;0.0
chiclayo;34;2130.9;1846.1;0.0;0.0
chiclayo;36;2235.6;1821.3;0.0;0.0
chiclayo;37;555.1;473.8;0.0;0.0
chiclayo;38;2404.1;2074.9;0.0;0.0
chiclayo;39;2569.8;2025.8;0.0;0.0
chiclayo;40;2026.3;1757.6;0.0;0.0
chiclayo;41;484.0;400.5;0.0;0.0
chiclayo;42;206.3;167.0;0.0;0.0
chiclayo;45;4140.0;1882.3;0.0;936.0
chiclayo;46;2487.2;2171.8;0.0;0.0
chiclayo;47;1013.9;786.3;0.0;0.0
chiclayo;48;1824.8;1414.7;0.0;0.0
chiclayo;49;1770.5;1526.8;0.0;0.0
chiclayo;51;405.3;356.6;0.0;0.0
chiclayo;52;496.8;354.6;0.0;0.0
chiclayo;53;977.2;826.1;0.0;0.0
chiclayo;54;1437.2;1193.4;0.0;0.0
chiclayo;56;1281.5;1060.2;0.0;0.0
chiclayo;60;253.6;229.6;0.0;0.0
chiclayo;61;1036.4;838.6;0.0;0.0
chiclayo;62;2830.4;2292.0;0.0;0.0
chiclayo;63;761.0;610.7;0.0;0.0
chiclayo;65;1544.2;1207.6;0.0;0.0
chiclayo;66;1533.1;1233.9;0.0;0.0
chiclayo;67;289.5;233.8;0.0;0.0
chiclayo;68;2266.3;1971.0;0.0;0.0
chiclayo;69;346.4;283.8;0.0;0.0
chiclayo;70;733.5;618.5;0.0;0.0
chiclayo;71;2223.8;1917.3;0.0;0.0
chiclayo;72;584.4;480.0;0.0;0.0
chiclayo;73;1413.7;1162.9;0.0;0.0
chiclayo;74;366.0;299.8;0.0;0.0
chiclayo;75;2194.6;1808.3;0.0;0.0
chiclayo;77;1141.2;934.9;0.0;0.0
chiclayo;78;992.2;765.1;0.0;0.0
chiclayo;79;1838.4;1484.3;0.0;0.0
chiclayo;82;1353.4;1047.5;0.0;0.0
chiclayo;83;2287.4;1868.0;0.0;0.0
chiclayo;84;1868.9;1449.5;0.0;0.0
chiclayo;85;412.2;379.1;0.0;0.0
chiclayo;86;732.1;600.9;0.0;0.0
chiclayo;87;2320.3;2018.4;0.0;0.0
chiclayo;88;1811.4;1513.1;0.0;0.0
chiclayo;89;475.3;340.6;0.0;0.0
chiclayo;90;1218.5;786.7;0.0;0.0
chiclayo;91;3072.4;2518.0;0.0;0.0
chiclayo;92;328.3;227.5;0.0;0.0
chiclayo;93;1623.0;1318.0;0.0;0.0
chiclayo;94;1351.1;1128.4;0.0;0.0
chiclayo;95;2093.8;1686.4;0.0;0.0
chiclayo;96;1363.1;1014.8;0.0;0.0
chiclayo;97;2323.3;1972.2;0.0;0.0
chiclayo;99;8.5;0.7;0.0;0.0
chiclayo;100;663.1;549.3;0.0;0.0
chiclayo;101;1173.3;745.2;0.0;0.0
chiclayo;102;2562.3;2214.2;0.0;0.0
chiclayo;103;2248.2;1820.6;0.0;0.0
chiclayo;104;1277.4;986.5;0.0;0.0
chiclayo;105;1112.3;938.1;0.0;0.0
chiclayo;106;1833.7;1584.8;0.0;0.0
chiclayo;107;1868.8;1555.8;0.0;0.0
chiclayo;108;334.2;275.8;0.0;0.0
chiclayo;109;2072.8;1385.1;0.0;111.1
chiclayo;110;1052.8;830.5;0.0;0.0
chiclayo;111;1428.6;1199.2;0.0;0.0
chiclayo;113;1787.9;1530.4;0.0;0.0
chiclayo;114;1176.7;982.9;0.0;0.0
chiclayo;117;302.7;277.2;0.0;0.0
chiclayo;120;1525.8;1318.3;0.0;0.0
chiclayo;121;536.5;494.9;0.0;0.0
chiclayo;122;435.6;310.1;0.0;0.0
chiclayo;123;1811.0;1397.9;0.0;0.0
chiclayo;124;2082.5;1704.9;0.0;0.0
chiclayo;125;231.8;213.1;0.0;0.0
chiclayo;126;851.1;698.7;0.0;0.0
chiclayo;128;2420.2;2112.3;0.0;0.0
chiclayo;131;2682.3;2314.6;0.0;0.0
chiclayo;132;465.0;395.3;0.0;0.0
chiclayo;133;494.5;409.0;0.0;0.0
chiclayo;134;757.5;621.4;0.0;0.0
chiclayo;135;93.2;80.8;0.0;0.0
chiclayo;136;1959.0;1674.7;0.0;0.0
chiclayo;137;2378.8;1930.8;0.0;0.0
chiclayo;138;2393.9;1961.0;0.0;0.0
chiclayo;139;239.9;203.0;0.0;0.0
chiclayo;140;2432.6;2121.4;0.0;0.0
chiclayo;141;2529.1;1718.0;0.0;108.0
chiclayo;142;2569.0;2222.8;0.0;0.0
chiclayo;146;1478.5;1273.4;0.0;0.0
chiclayo;147;2262.2;1847.0;0.0;0.0
chiclayo;148;1836.7;1534.5;0.0;0.0
chiclayo;150;2872.7;1465.7;0.0;533.0
chiclayo;151;1264.5;1055.7;0.0;0.0
chiclayo;152;2340.1;1742.0;0.0;0.0
chiclayo;153;445.0;343.7;0.0;0.0
chiclayo;158;480.0;336.8;0.0;0.0
chiclayo;160;822.9;559.3;0.0;0.0
chiclayo;161;123.4;103.8;0.0;0.0
chiclayo;162;2164.2;1880.4;0.0;0.0
chiclayo;164;1718.6;1356.5;0.0;0.0
chiclayo;165;1040.9;848.7;0.0;0.0
chiclayo;166;213.9;140.2;0.0;0.0
chiclayo;167;1725.2;1422.4;0.0;0.0
chiclayo;168;776.8;659.3;0.0;0.0
chiclayo;169;544.3;444.1;0.0;0.0
chiclayo;171;1537.6;1267.4;0.0;0.0
chiclayo;172;1208.0;1014.6;0.0;0.0
chiclayo;173;2250.5;1830.8;0.0;0.0
chiclayo;176;2225.4;1874.5;0.0;0.0
chiclayo;177;1967.2;1696.9;0.0;0.0
chiclayo;178;1125.1;948.9;0.0;0.0
chiclayo;180;1185.0;996.9;0.0;0.0
chiclayo;183;1542.0;1199.9;0.0;0.0
chiclayo;184;1231.1;1036.9;0.0;0.0
chiclayo;185;1766.1;1494.9;0.0;0.0
chiclayo;187;2109.0;1822.4;0.0;0.0
chiclayo;188;652.0;474.6;0.0;0.0
chiclayo;189;2838.5;1435.9;0.0;533.0
chiclayo;190;2382.8;2053.0;0.0;0.0
chiclayo;192;650.6;523.5;0.0;0.0
chiclayo;193;502.0;388.2;0.0;0.0
chiclayo;194;1564.1;1296.7;0.0;0.0
chiclayo;195;1973.4;1712.8;0.0;0.0
chiclayo;198;2805.8;2162.7;0.0;0.0
chiclayo;199;1001.6;841.1;0.0;0.0
chiclayo;201;1409.5;1048.5;0.0;0.0
chiclayo;205;896.1;753.8;0.0;0.0
chiclayo;206;2166.3;1876.1;0.0;0.0
chiclayo;208;1806.5;1406.6;0.0;0.0
chiclayo;211;2370.0;2042.7;0.0;0.0
chiclayo;214;811.9;683.9;0.0;0.0
chiclayo;217;946.4;799.8;0.0;0.0
chiclayo;218;271.5;249.4;0.0;0.0
chiclayo;219;978.3;820.2;0.0;0.0
chiclayo;222;709.8;550.6;0.0;0.0
chiclayo;223;1742.1;1417.0;0.0;0.0
chiclayo;224;2242.9;1622.3;0.0;14.0
chiclayo;225;2299.9;1551.7;0.0;149.1
chiclayo;226;1289.3;1089.7;0.0;0.0
chiclayo;227;2277.2;1849.9;0.0;0.0
chiclayo;230;1508.8;1108.4;0.0;0.0
chiclayo;232;2410.3;2106.2;0.0;0.0
chiclayo;233;1328.3;1103.6;0.0;0.0
chiclayo;234;598.8;434.5;0.0;0.0
chiclayo;235;2264.6;1696.6;0.0;0.0
chiclayo;238;850.3;717.9;0.0;0.0
chiclayo;239;1443.4;1211.8;0.0;0.0
chiclayo;240;1242.8;1055.1;0.0;0.0
chiclayo;244;712.8;550.9;0.0;0.0
chiclayo;245;3035.4;1512.2;0.0;559.9
chiclayo;246;1880.0;1623.7;0.0;0.0
chiclayo;248;1677.8;1453.8;0.0;0.0
chiclayo;254;879.3;702.6;0.0;0.0
chiclayo;256;2359.4;1929.6;0.0;0.0
chiclayo;258;1039.8;807.1;0.0;0.0
chiclayo;259;1000.8;829.4;0.0;0.0
chiclayo;261;1136.3;911.9;0.0;0.0
chiclayo;265;2103.6;1658.8;0.0;0.0
chiclayo;268;1174.2;935.4;0.0;0.0
chiclayo;273;2579.5;2219.1;0.0;0.0
piura;0;1458.6;1165.6;0.0;0.0
piura;1;168.7;142.9;0.0;0.0
piura;2;548.4;465.9;0.0;0.0
piura;3;2451.0;1952.3;0.0;0.0
piura;4;2588.0;2078.9;28.8;0.0
piura;5;1121.5;951.3;0.0;0.0
piura;6;206.7;183.5;0.0;0.0
piura;7;631.5;524.8;0.0;0.0
piura;8;997.2;832.2;0.0;0.0
piura;9;1399.2;1143.1;0.0;0.0
piura;10;1787.3;1511.9;0.0;0.0
piura;11;2571.7;2254.3;0.0;0.0
piura;12;2763.0;2423.3;0.0;0.0
piura;13;1819.2;1532.8;0.0;0.0
piura;14;845.8;726.6;0.0;0.0
piura;15;1298.8;1044.4;0.0;0.0
piura;16;2888.6;2480.9;0.0;0.0
piura;17;1879.4;1565.8;0.0;0.0
piura;18;2204.8;1864.8;0.0;0.0
piura;19;711.9;591.5;0.0;0.0
piura;20;2634.6;2237.1;0.0;0.0
piura;21;943.3;784.7;0.0;0.0
piura;22;1201.2;970.5;0.0;0.0
piura;23;2443.8;2121.9;0.0;0.0
piura;24;2461.2;1889.0;0.0;0.0
piura;25;229.8;206.5;0.0;0.0
piura;26;2551.2;2137.9;0.0;0.0
piura;27;1619.2;1408.0;0.0;0.0
piura;28;1305.3;1095.4;0.0;0.0
piura;29;2580.7;2199.8;0.0;0.0
piura;30;1285.7;1057.5;0.0;0.0
piura;31;1129.5;975.1;0.0;0.0
piura;32;628.7;556.7;0.0;0.0
piura;33;1474.6;1268.5;0.0;0.0
piura;34;2355.5;2059.6;0.0;0.0
piura;36;2460.3;2034.8;0.0;0.0
piura;37;779.8;687.2;0.0;0.0
piura;38;2628.8;2288.4;0.0;0.0
piura;39;2794.4;2239.3;0.0;0.0
piura;40;2250.9;1971.1;0.0;0.0
piura;41;562.6;473.0;0.0;0.0
piura;42;431.0;380.4;0.0;0.0
piura;45;4218.7;1954.8;0.0;936.0
piura;46;2711.9;2385.2;0.0;0.0
piura;47;1092.5;858.8;0.0;0.0
piura;48;2049.4;1628.1;0.0;0.0
piura;49;1995.2;1740.3;0.0;0.0
piura;51;189.5;149.9;0.0;0.0
piura;52;721.4;568.0;0.0;0.0
piura;53;1201.8;1039.6;0.0;0.0
piura;54;1661.9;1406.8;0.0;0.0
piura;56;1506.1;1273.6;0.0;0.0
piura;60;73.0;60.8;0.0;0.0
piura;61;1115.0;911.0;0.0;0.0
piura;62;3055.1;2505.4;0.0;0.0
piura;63;985.6;824.1;0.0;0.0
piura;65;1768.9;1421.0;0.0;0.0
piura;66;1757.7;1447.3;0.0;0.0
piura;67;514.1;447.2;0.0;0.0
piura;68;2491.0;2184.4;0.0;0.0
piura;69;571.0;497.3;0.0;0.0
piura;70;958.2;831.9;0.0;0.0
piura;71;2448.4;2130.8;0.0;0.0
piura;72;809.1;693.4;0.0;0.0
piura;73;1638.4;1376.4;0.0;0.0
piura;74;444.7;372.3;0.0;0.0
piura;75;2419.3;2021.7;0.0;0.0
piura;77;1365.9;1148.4;0.0;0.0
piura;78;1216.8;978.5;0.0;0.0
piura;79;2063.1;1697.8;0.0;0.0
piura;82;1578.0;1261.0;0.0;0.0
piura;83;2512.0;2081.4;0.0;0.0
piura;84;2093.6;1662.9;0.0;0.0
piura;85;190.7;169.2;0.0;0.0
piura;86;810.8;673.3;0.0;0.0
piura;87;2544.9;2231.8;0.0;0.0
piura;88;2036.0;1726.5;0.0;0.0
piura;89;699.9;554.1;0.0;0.0
piura;90;1438.8;1127.9;0.0;0.0
piura;91;3297.1;2731.5;0.0;0.0
piura;92;552.9;440.9;0.0;0.0
piura;93;1847.7;1531.5;0.0;0.0
piura;94;1575.8;1341.8;0.0;0.0
piura;95;2318.5;1899.9;0.0;0.0
piura;96;1587.8;1228.3;0.0;0.0
piura;97;2548.0;2185.7;0.0;0.0
piura;99;232.9;213.9;0.0;0.0
piura;100;887.8;762.7;0.0;0.0
piura;101;1334.7;1032.9;0.0;0.0
piura;102;2787.0;2427.7;0.0;0.0
piura;103;2472.9;2034.0;0.0;0.0
piura;104;1502.0;1199.9;0.0;0.0
piura;105;1337.0;1151.6;0.0;0.0
piura;106;2058.4;1798.3;0.0;0.0
piura;107;2093.5;1769.2;0.0;0.0
piura;108;558.9;489.3;0.0;0.0
piura;109;2297.5;1598.6;0.0;111.1
piura;110;1277.5;1043.9;0.0;0.0
piura;111;1653.2;1412.7;0.0;0.0
piura;113;2012.6;1743.9;0.0;0.0
piura;114;1401.3;1196.4;0.0;0.0
piura;117;81.2;67.5;0.0;0.0
piura;120;1750.5;1531.7;0.0;0.0
piura;121;315.0;284.9;0.0;0.0
piura;122;285.4;169.6;0.0;0.0
piura;123;2035.7;1611.4;0.0;0.0
piura;124;2307.2;1918.4;0.0;0.0
piura;125;9.2;1.0;0.0;0.0
piura;126;1075.7;912.2;0.0;0.0
piura;128;2644.8;2325.8;0.0;0.0
piura;131;2907.0;2528.1;0.0;0.0
piura;132;249.2;188.5;0.0;0.0
piura;133;573.1;481.4;0.0;0.0
piura;134;982.2;834.8;0.0;0.0
piura;135;213.5;192.1;0.0;0.0
piura;136;2183.7;1888.1;0.0;0.0
piura;137;2603.5;2144.3;0.0;0.0
piura;138;2618.6;2174.5;0.0;0.0
piura;139;464.5;416.5;0.0;0.0
piura;140;2657.2;2334.9;0.0;0.0
piura;141;2753.8;1931.4;0.0;108.0
piura;142;2793.7;2436.2;0.0;0.0
piura;146;1703.2;1486.8;0.0;0.0
piura;147;2486.9;2060.5;0.0;0.0
piura;148;2061.3;1747.9;0.0;0.0
piura;150;2951.3;1538.2;0.0;533.0
piura;151;1489.1;1269.2;0.0;0.0
piura;152;2564.8;1955.4;0.0;0.0
piura;153;294.8;203.3;0.0;0.0
piura;158;329.8;196.3;0.0;0.0
piura;160;1047.5;772.7;0.0;0.0
piura;161;348.1;317.3;0.0;0.0
piura;162;2388.9;2093.9;0.0;0.0
piura;164;1943.3;1569.9;0.0;0.0
piura;165;1265.6;1062.1;0.0;0.0
piura;166;438.6;353.6;0.0;0.0
piura;167;1949.9;1635.8;0.0;0.0
piura;168;1001.5;872.7;0.0;0.0
piura;169;769.0;657.5;0.0;0.0
piura;171;1762.2;1480.9;0.0;0.0
piura;172;1432.7;1228.0;0.0;0.0
piura;173;2475.1;2044.2;0.0;0.0
piura;176;2450.1;2088.0;0.0;0.0
piura;177;2191.9;1910.3;0.0;0.0
piura;178;1349.8;1162.4;0.0;0.0
piura;180;1409.7;1210.4;0.0;0.0
piura;183;1766.6;1413.4;0.0;0.0
piura;184;1455.7;1250.3;0.0;0.0
piura;185;1990.8;1708.3;0.0;0.0
piura;187;2333.7;2035.8;0.0;0.0
piura;188;876.7;688.1;0.0;0.0
piura;189;2917.2;1508.3;0.0;533.0
piura;190;2607.4;2266.5;0.0;0.0
piura;192;729.2;595.9;0.0;0.0
piura;193;726.7;601.7;0.0;0.0
piura;194;1788.8;1510.1;0.0;0.0
piura;195;2198.1;1926.2;0.0;0.0
piura;198;3030.5;2376.1;0.0;0.0
piura;199;1226.2;1054.5;0.0;0.0
piura;201;1634.1;1262.0;0.0;0.0
piura;205;1120.8;967.3;0.0;0.0
piura;206;2391.0;2089.6;0.0;0.0
piura;208;2031.2;1620.1;0.0;0.0
piura;211;2594.6;2256.2;0.0;0.0
piura;214;1036.6;897.3;0.0;0.0
piura;217;1171.1;1013.3;0.0;0.0
piura;218;50.0;39.5;0.0;0.0
piura;219;1203.0;1033.6;0.0;0.0
piura;222;788.4;623.0;0.0;0.0
piura;223;1966.7;1630.5;0.0;0.0
piura;224;2467.6;1835.7;0.0;14.0
piura;225;2524.5;1765.1;0.0;149.1
piura;226;1514.0;1303.1;0.0;0.0
piura;227;2501.8;2063.4;0.0;0.0
piura;230;1733.4;1321.8;0.0;0.0
piura;232;2634.9;2319.7;0.0;0.0
piura;233;1553.0;1317.1;0.0;0.0
piura;234;823.4;648.0;0.0;0.0
piura;235;2489.3;1910.0;0.0;0.0
piura;238;1074.9;931.3;0.0;0.0
piura;239;1668.1;1425.2;0.0;0.0
piura;240;1467.4;1268.6;0.0;0.0
piura;244;937.4;764.4;0.0;0.0
piura;245;3114.0;1584.7;0.0;559.9
piura;246;2104.6;1837.2;0.0;0.0
piura;248;1902.5;1667.2;0.0;0.0
piura;254;1103.9;916.1;0.0;0.0
piura;256;2584.1;2143.1;0.0;0.0
piura;258;1118.5;879.5;0.0;0.0
piura;259;1225.4;1042.8;0.0;0.0
piura;261;1361.0;1125.4;0.0;0.0
piura;265;2328.2;1872.2;0.0;0.0
piura;268;1398.8;1148.9;0.0;0.0
piura;273;2804.2;2432.5;0.0;0.0
cusco;0;1697.5;1244.8;0.0;0.0
cusco;1;2548.7;2105.9;0.0;0.0
cusco;2;2365.7;1912.0;0.0;0.0
cusco;3;344.6;195.1;0.0;0.0
cusco;4;196.7;103.7;28.8;0.0
cusco;5;1592.5;1093.4;0.0;0.0
cusco;6;2657.9;2215.9;0.0;0.0
cusco;7;2726.6;2028.3;0.0;0.0
cusco;8;1897.6;1506.3;0.0;0.0
cusco;9;1433.9;1022.2;0.0;0.0
cusco;10;787.2;523.9;0.0;0.0
cusco;11;427.0;385.2;0.0;0.0
cusco;12;371.7;309.3;0.0;0.0
cusco;13;785.2;523.7;0.0;0.0
cusco;14;1828.8;1465.4;0.0;0.0
cusco;15;1538.7;1124.1;0.0;0.0
cusco;16;702.6;538.0;0.0;0.0
cusco;17;747.4;436.1;0.0;0.0
cusco;18;266.9;172.1;0.0;0.0
cusco;19;2250.7;1794.2;0.0;0.0
cusco;20;742.7;600.4;0.0;0.0
cusco;21;2278.1;1711.8;0.0;0.0
cusco;22;1680.8;1197.9;0.0;0.0
cusco;23;458.0;352.9;0.0;0.0
cusco;24;322.8;222.8;0.0;0.0
cusco;25;2277.3;1860.1;0.0;0.0
cusco;26;671.5;485.4;0.0;0.0
cusco;27;852.1;628.4;0.0;0.0
cusco;28;1420.6;993.1;0.0;0.0
cusco;29;332.7;268.0;0.0;0.0
cusco;30;1410.8;1013.4;0.0;0.0
cusco;31;1342.3;1063.1;0.0;0.0
cusco;32;1843.1;1480.9;0.0;0.0
cusco;33;1137.6;779.6;0.0;0.0
cusco;34;752.1;642.3;0.0;0.0
cusco;36;9.9;1.7;0.0;0.0
cusco;37;1691.1;1349.4;0.0;0.0
cusco;38;279.8;247.7;0.0;0.0
cusco;39;339.7;203.3;0.0;0.0
cusco;40;580.7;491.6;0.0;0.0
cusco;41;2657.7;1976.5;0.0;0.0
cusco;42;2248.3;1826.5;0.0;0.0
cusco;45;5547.6;2877.9;0.0;936.0
cusco;46;567.2;516.1;0.0;0.0
cusco;47;2129.4;1590.3;0.0;0.0
cusco;48;802.5;524.7;0.0;0.0
cusco;49;825.1;714.5;0.0;0.0
cusco;51;2635.0;2179.1;0.0;0.0
cusco;52;2216.6;1688.7;0.0;0.0
cusco;53;1410.2;1007.8;0.0;0.0
cusco;54;1063.7;718.5;0.0;0.0
cusco;56;1304.3;893.9;0.0;0.0
cusco;60;2483.3;2052.1;0.0;0.0
cusco;61;2444.0;1834.1;0.0;0.0
cusco;62;600.4;469.4;0.0;0.0
cusco;63;1886.1;1498.3;0.0;0.0
cusco;65;1817.8;1197.6;0.0;0.0
cusco;66;1534.0;958.1;0.0;0.0
cusco;67;2138.3;1724.7;0.0;0.0
cusco;68;889.1;744.1;0.0;0.0
cusco;69;2109.9;1699.9;0.0;0.0
cusco;70;1515.4;1207.3;0.0;0.0
cusco;71;509.7;393.1;0.0;0.0
cusco;72;1865.6;1498.8;0.0;0.0
cusco;73;948.6;643.2;0.0;0.0
cusco;74;2595.7;2122.3;0.0;0.0
cusco;75;611.7;370.9;0.0;0.0
cusco;77;1272.4;894.0;0.0;0.0
cusco;78;1735.2;1176.6;0.0;0.0
cusco;79;470.6;301.0;0.0;0.0
cusco;82;1817.0;1340.1;0.0;0.0
cusco;83;57.3;45.4;0.0;0.0
cusco;84;690.3;448.8;0.0;0.0
cusco;85;2641.9;2201.6;0.0;0.0
cusco;86;2411.8;1777.1;0.0;0.0
cusco;87;364.6;322.0;0.0;0.0
cusco;88;434.8;310.3;0.0;0.0
cusco;89;2517.2;2000.2;0.0;0.0
cusco;90;1780.1;1320.6;0.0;0.0
cusco;91;842.3;695.5;0.0;0.0
cusco;92;2475.8;1981.2;0.0;0.0
cusco;93;841.9;551.2;0.0;0.0
cusco;94;1264.0;806.3;0.0;0.0
cusco;95;452.5;285.6;0.0;0.0
cusco;96;1423.7;930.0;0.0;0.0
cusco;97;665.5;574.4;0.0;0.0
cusco;99;2237.3;1822.6;0.0;0.0
cusco;100;1787.3;1429.8;0.0;0.0
cusco;101;1884.5;1415.5;0.0;0.0
cusco;102;468.8;361.9;0.0;0.0
cusco;103;81.5;58.8;0.0;0.0
cusco;104;1331.5;906.9;0.0;0.0
cusco;105;1229.6;966.6;0.0;0.0
cusco;106;762.4;656.8;0.0;0.0
cusco;107;799.5;494.6;0.0;0.0
cusco;108;2097.7;1691.9;0.0;0.0
cusco;109;2346.4;1375.1;0.0;111.1
cusco;110;1421.3;1025.4;0.0;0.0
cusco;111;1186.7;735.6;0.0;0.0
cusco;113;909.0;618.0;0.0;0.0
cusco;114;1259.2;883.8;0.0;0.0
cusco;117;2532.4;2099.7;0.0;0.0
cusco;120;981.4;750.7;0.0;0.0
cusco;121;2766.2;2317.4;0.0;0.0
cusco;122;2665.3;2132.6;0.0;0.0
cusco;123;1567.7;933.0;0.0;0.0
cusco;124;164.0;118.5;0.0;0.0
cusco;125;2461.5;2035.6;0.0;0.0
cusco;126;1756.5;1252.9;0.0;0.0
cusco;128;480.4;420.6;0.0;0.0
cusco;131;484.8;349.8;0.0;0.0
cusco;132;2694.7;2217.8;0.0;0.0
cusco;133;2724.2;2231.5;0.0;0.0
cusco;134;1784.3;1416.1;0.0;0.0
cusco;135;2322.9;1903.3;0.0;0.0
cusco;136;792.1;670.6;0.0;0.0
cusco;137;148.8;108.3;0.0;0.0
cusco;138;163.9;138.5;0.0;0.0
cusco;139;2006.4;1619.9;0.0;0.0
cusco;140;512.5;465.8;0.0;0.0
cusco;141;937.3;458.6;0.0;104.8
cusco;142;549.6;443.7;0.0;0.0
cusco;146;934.1;705.8;0.0;0.0
cusco;147;666.0;471.8;0.0;0.0
cusco;148;409.8;289.0;0.0;0.0
cusco;150;4280.3;2461.3;0.0;533.0
cusco;151;1347.3;956.9;0.0;0.0
cusco;152;239.7;124.1;39.6;0.0
cusco;153;2674.7;2166.2;0.0;0.0
cusco;158;2709.7;2159.3;0.0;0.0
cusco;160;2176.3;1548.2;0.0;0.0
cusco;161;2130.0;1727.6;0.0;0.0
cusco;162;431.6;360.9;0.0;0.0
cusco;164;784.1;470.6;0.0;0.0
cusco;165;1467.5;1124.4;0.0;0.0
cusco;166;2417.4;1926.0;0.0;0.0
cusco;167;656.5;469.5;0.0;0.0
cusco;168;1502.7;1203.1;0.0;0.0
cusco;169;1905.7;1534.3;0.0;0.0
cusco;171;848.5;566.0;0.0;0.0
cusco;172;1187.8;826.7;0.0;0.0
cusco;173;73.8;46.0;0.0;0.0
cusco;176;783.9;611.8;0.0;0.0
cusco;177;711.4;601.9;0.0;0.0
cusco;178;1121.3;874.7;0.0;0.0
cusco;180;1082.9;838.4;0.0;0.0
cusco;183;1669.1;1058.2;0.0;0.0
cusco;184;1160.6;801.1;0.0;0.0
cusco;185;817.7;567.1;0.0;0.0
cusco;187;839.2;718.6;0.0;0.0
cusco;188;2159.7;1673.0;0.0;0.0
cusco;189;4246.1;2431.4;0.0;533.0
cusco;190;590.5;524.2;0.0;0.0
cusco;192;2490.7;1853.1;0.0;0.0
cusco;193;2265.5;1804.4;0.0;0.0
cusco;194;754.8;501.1;0.0;0.0
cusco;195;630.9;536.2;0.0;0.0
cusco;198;575.8;340.2;0.0;0.0
cusco;199;1244.9;982.3;0.0;0.0
cusco;201;1542.8;1008.0;0.0;0.0
cusco;205;1351.0;1069.9;0.0;0.0
cusco;206;871.5;748.4;0.0;0.0
cusco;208;752.7;491.7;0.0;0.0
cusco;211;772.7;655.2;0.0;0.0
cusco;214;1435.2;1139.6;0.0;0.0
cusco;217;1390.9;1106.0;0.0;0.0
cusco;218;2501.2;2071.9;0.0;0.0
cusco;219;1472.4;1171.1;0.0;0.0
cusco;222;2840.9;2080.4;0.0;0.0
cusco;223;565.3;367.5;0.0;0.0
cusco;224;651.1;362.9;0.0;10.8
cusco;225;1342.7;594.4;0.0;240.9
cusco;226;1097.1;743.9;0.0;0.0
cusco;227;48.4;28.6;0.0;0.0
cusco;230;1642.1;1067.8;0.0;0.0
cusco;232;433.8;371.6;0.0;0.0
cusco;233;1201.0;812.8;0.0;0.0
cusco;234;2132.4;1657.4;0.0;0.0
cusco;235;294.3;201.6;0.0;0.0
cusco;238;1576.1;1261.7;0.0;0.0
cusco;239;1171.5;722.5;0.0;0.0
cusco;240;1004.6;769.2;0.0;0.0
cusco;244;1996.8;1574.1;0.0;0.0
cusco;245;4443.0;2507.8;0.0;559.9
cusco;246;758.8;636.0;0.0;0.0
cusco;248;918.3;787.8;0.0;0.0
cusco;254;1722.1;1174.4;0.0;0.0
cusco;256;129.3;107.1;0.0;0.0
cusco;258;2125.1;1586.1;0.0;0.0
cusco;259;1410.9;1106.1;0.0;0.0
cusco;261;1332.1;944.3;0.0;0.0
cusco;265;788.9;503.5;0.0;0.0
cusco;268;1365.3;937.1;0.0;0.0
cusco;273;525.0;392.1;0.0;0.0
huancayo;0;568.7;466.2;0.0;0.0
huancayo;1;1561.3;1338.4;0.0;0.0
huancayo;2;1378.3;1144.6;0.0;0.0
huancayo;3;1226.6;770.1;0.0;0.0
huancayo;4;1175.8;709.7;10.8;0.0
huancayo;5;463.7;314.8;0.0;0.0
huancayo;6;1670.5;1448.5;0.0;0.0
huancayo;7;1597.7;1249.7;0.0;0.0
huancayo;8;781.7;564.8;0.0;0.0
huancayo;9;305.1;243.5;0.0;0.0
huancayo;10;361.7;260.7;0.0;0.0
huancayo;11;1557.6;1164.9;0.0;0.0
huancayo;12;1502.3;1089.1;0.0;0.0
huancayo;13;455.0;328.1;0.0;0.0
huancayo;14;841.4;698.0;0.0;0.0
huancayo;15;409.9;345.4;0.0;0.0
huancayo;16;1833.2;1317.7;0.0;0.0
huancayo;17;515.2;361.1;0.0;0.0
huancayo;18;880.7;608.5;0.0;0.0
huancayo;19;1263.3;1026.8;0.0;0.0
huancayo;20;1741.1;1409.5;0.0;0.0
huancayo;21;1149.3;933.2;0.0;0.0
huancayo;22;551.9;419.2;0.0;0.0
huancayo;23;1550.3;1294.4;0.0;0.0
huancayo;24;996.7;622.4;0.0;0.0
huancayo;25;1289.9;1092.7;0.0;0.0
huancayo;26;1657.8;1310.3;0.0;0.0
huancayo;27;725.8;580.5;0.0;0.0
huancayo;28;292.8;215.4;0.0;0.0
huancayo;29;1463.4;1047.7;0.0;0.0
huancayo;30;282.0;234.8;0.0;0.0
huancayo;31;369.8;307.4;0.0;0.0
huancayo;32;855.7;713.5;0.0;0.0
huancayo;33;8.9;1.0;0.0;0.0
huancayo;34;1462.1;1232.1;0.0;0.0
huancayo;36;1136.2;778.5;0.0;0.0
huancayo;37;703.7;582.0;0.0;0.0
huancayo;38;1410.5;1027.4;0.0;0.0
huancayo;39;1470.4;983.0;0.0;0.0
huancayo;40;1357.5;1143.5;0.0;0.0
huancayo;41;1528.9;1197.9;0.0;0.0
huancayo;42;1260.9;1059.1;0.0;0.0
huancayo;45;4418.8;2099.3;0.0;936.0
huancayo;46;1697.8;1295.8;0.0;0.0
huancayo;47;1000.5;811.7;0.0;0.0
huancayo;48;612.5;376.6;0.0;0.0
huancayo;49;1101.7;912.8;0.0;0.0
huancayo;51;1647.6;1411.7;0.0;0.0
huancayo;52;1229.2;921.3;0.0;0.0
huancayo;53;282.4;230.1;0.0;0.0
huancayo;54;197.4;140.2;0.0;0.0
huancayo;56;177.8;120.3;0.0;0.0
huancayo;60;1495.9;1284.7;0.0;0.0
huancayo;61;1315.1;1055.5;0.0;0.0
huancayo;62;1731.0;1249.1;0.0;0.0
huancayo;63;770.2;556.8;0.0;0.0
huancayo;65;770.9;596.0;0.0;0.0
huancayo;66;487.1;356.5;0.0;0.0
huancayo;67;1150.9;957.3;0.0;0.0
huancayo;68;1597.5;1356.9;0.0;0.0
huancayo;69;1122.5;932.5;0.0;0.0
huancayo;70;528.0;439.9;0.0;0.0
huancayo;71;1555.0;1303.3;0.0;0.0
huancayo;72;878.2;731.4;0.0;0.0
huancayo;73;312.1;215.4;0.0;0.0
huancayo;74;1608.3;1354.9;0.0;0.0
huancayo;75;1429.3;919.6;0.0;0.0
huancayo;77;144.6;116.3;0.0;0.0
huancayo;78;606.4;398.0;0.0;0.0
huancayo;79;677.1;480.0;0.0;0.0
huancayo;82;688.1;561.5;0.0;0.0
huancayo;83;1187.9;825.1;0.0;0.0
huancayo;84;629.1;396.3;0.0;0.0
huancayo;85;1654.5;1434.2;0.0;0.0
huancayo;86;1282.9;998.5;0.0;0.0
huancayo;87;1495.3;1101.7;0.0;0.0
huancayo;88;922.3;633.4;0.0;0.0
huancayo;89;1529.8;1232.8;0.0;0.0
huancayo;90;651.2;542.0;0.0;0.0
huancayo;91;1973.0;1475.2;0.0;0.0
huancayo;92;1488.4;1213.7;0.0;0.0
huancayo;93;511.7;355.6;0.0;0.0
huancayo;94;305.1;251.0;0.0;0.0
huancayo;95;1024.5;655.0;0.0;0.0
huancayo;96;322.9;255.0;0.0;0.0
huancayo;97;1654.5;1358.2;0.0;0.0
huancayo;99;1249.9;1055.2;0.0;0.0
huancayo;100;799.9;662.4;0.0;0.0
huancayo;101;755.7;636.9;0.0;0.0
huancayo;102;1599.4;1141.6;0.0;0.0
huancayo;103;1148.8;777.7;0.0;0.0
huancayo;104;205.0;133.3;0.0;0.0
huancayo;105;348.0;243.0;0.0;0.0
huancayo;106;1164.9;970.7;0.0;0.0
huancayo;107;1129.0;740.5;0.0;0.0
huancayo;108;1110.3;924.5;0.0;0.0
huancayo;109;1299.4;773.6;0.0;111.1
huancayo;110;292.4;246.8;0.0;0.0
huancayo;111;382.5;321.8;0.0;0.0
huancayo;113;1119.1;916.4;0.0;0.0
huancayo;114;130.4;105.2;0.0;0.0
huancayo;117;1545.0;1332.3;0.0;0.0
huancayo;120;857.0;704.2;0.0;0.0
huancayo;121;1778.8;1549.9;0.0;0.0
huancayo;122;1677.9;1365.2;0.0;0.0
huancayo;123;765.0;520.6;0.0;0.0
huancayo;124;983.1;662.1;0.0;0.0
huancayo;125;1474.1;1268.2;0.0;0.0
huancayo;126;627.7;474.3;0.0;0.0
huancayo;128;1611.0;1200.4;0.0;0.0
huancayo;131;1615.4;1129.5;0.0;0.0
huancayo;132;1707.3;1450.4;0.0;0.0
huancayo;133;1736.8;1464.1;0.0;0.0
huancayo;134;775.3;577.4;0.0;0.0
huancayo;135;1335.5;1135.9;0.0;0.0
huancayo;136;1290.2;1060.6;0.0;0.0
huancayo;137;1279.4;888.0;0.0;0.0
huancayo;138;1294.5;918.2;0.0;0.0
huancayo;139;1019.0;852.5;0.0;0.0
huancayo;140;1643.2;1245.5;0.0;0.0
huancayo;141;1289.3;664.8;0.0;108.0
huancayo;142;1680.2;1223.5;0.0;0.0
huancayo;146;809.7;659.3;0.0;0.0
huancayo;147;1593.4;1233.0;0.0;0.0
huancayo;148;897.3;612.2;0.0;0.0
huancayo;150;3151.5;1682.7;0.0;533.0
huancayo;151;218.5;178.3;0.0;0.0
huancayo;152;1100.3;688.8;0.0;0.0
huancayo;153;1687.3;1398.8;0.0;0.0
huancayo;158;1722.3;1391.9;0.0;0.0
huancayo;160;1047.5;769.5;0.0;0.0
huancayo;161;1142.6;960.2;0.0;0.0
huancayo;162;1495.4;1266.3;0.0;0.0
huancayo;164;478.8;303.3;0.0;0.0
huancayo;165;379.4;279.7;0.0;0.0
huancayo;166;1430.0;1158.6;0.0;0.0
huancayo;167;766.3;508.1;0.0;0.0
huancayo;168;515.3;435.7;0.0;0.0
huancayo;169;918.3;766.8;0.0;0.0
huancayo;171;297.7;214.3;0.0;0.0
huancayo;172;59.0;48.1;0.0;0.0
huancayo;173;1151.1;787.9;0.0;0.0
huancayo;176;1556.6;1260.5;0.0;0.0
huancayo;177;1298.4;1082.8;0.0;0.0
huancayo;178;456.3;334.9;0.0;0.0
huancayo;180;516.2;382.9;0.0;0.0
huancayo;183;622.1;456.6;0.0;0.0
huancayo;184;31.8;22.5;0.0;0.0
huancayo;185;1096.4;732.9;0.0;0.0
huancayo;187;1440.2;1208.3;0.0;0.0
huancayo;188;1172.3;905.6;0.0;0.0
huancayo;189;3117.3;1652.8;0.0;533.0
huancayo;190;1714.0;1439.0;0.0;0.0
huancayo;192;1361.8;1074.5;0.0;0.0
huancayo;193;1278.1;1037.0;0.0;0.0
huancayo;194;424.6;305.4;0.0;0.0
huancayo;195;1304.6;1098.7;0.0;0.0
huancayo;198;1706.4;1119.9;0.0;0.0
huancayo;199;458.6;379.8;0.0;0.0
huancayo;201;442.0;333.0;0.0;0.0
huancayo;205;364.1;302.8;0.0;0.0
huancayo;206;1497.5;1262.1;0.0;0.0
huancayo;208;566.7;353.5;0.0;0.0
huancayo;211;1701.2;1428.7;0.0;0.0
huancayo;214;447.8;372.2;0.0;0.0
huancayo;217;319.8;261.5;0.0;0.0
huancayo;218;1513.8;1304.5;0.0;0.0
huancayo;219;395.6;277.4;0.0;0.0
huancayo;222;1712.1;1301.8;0.0;0.0
huancayo;223;580.7;412.7;0.0;0.0
huancayo;224;1003.1;569.1;0.0;14.0
huancayo;225;1253.9;674.3;0.0;149.1
huancayo;226;49.5;36.5;0.0;0.0
huancayo;227;1177.7;807.1;0.0;0.0
huancayo;230;541.3;392.9;0.0;0.0
huancayo;232;1564.5;1151.3;0.0;0.0
huancayo;233;92.8;54.4;0.0;0.0
huancayo;234;1145.0;890.0;0.0;0.0
huancayo;235;1024.8;643.5;0.0;0.0
huancayo;238;488.0;357.7;0.0;0.0
huancayo;239;397.4;334.4;0.0;0.0
huancayo;240;574.0;441.1;0.0;0.0
huancayo;244;987.7;671.5;0.0;0.0
huancayo;245;3314.2;1729.2;0.0;559.9
huancayo;246;1211.2;1009.7;0.0;0.0
huancayo;248;1009.0;839.7;0.0;0.0
huancayo;254;593.2;395.8;0.0;0.0
huancayo;256;1260.0;886.8;0.0;0.0
huancayo;258;996.2;807.4;0.0;0.0
huancayo;259;445.6;357.9;0.0;0.0
huancayo;261;203.2;165.7;0.0;0.0
huancayo;265;1238.0;803.8;0.0;0.0
huancayo;268;237.5;159.4;0.0;0.0
huancayo;273;1655.6;1171.8;0.0;0.0
iquitos;0;2590.5;1216.8;0.0;533.0
iquitos;1;2942.9;1429.8;0.0;533.0
iquitos;2;2970.2;1401.9;0.0;533.0
iquitos;3;4368.1;2451.3;0.0;533.0
iquitos;4;4313.9;2379.4;10.8;533.0
iquitos;5;3102.0;1560.5;0.0;533.0
iquitos;6;3148.9;1720.9;0.0;533.0
iquitos;7;2466.5;1118.1;0.0;533.0
iquitos;8;3099.3;1384.6;0.0;533.0
iquitos;9;2996.2;1536.8;0.0;533.0
iquitos;10;3503.2;1941.8;0.0;533.0
iquitos;11;4625.6;2978.4;0.0;533.0
iquitos;12;4643.9;2770.2;0.0;533.0
iquitos;13;3596.6;2009.2;0.0;533.0
iquitos;14;3203.5;1655.9;0.0;533.0
iquitos;15;2750.5;1337.5;0.0;533.0
iquitos;16;4942.5;3205.0;0.0;533.0
iquitos;17;3656.8;2042.2;0.0;533.0
iquitos;18;4022.2;2289.7;0.0;533.0
iquitos;19;3168.2;1530.4;0.0;533.0
iquitos;20;4688.4;2961.2;0.0;533.0
iquitos;21;2016.4;754.0;0.0;533.0
iquitos;22;2897.1;1415.0;0.0;533.0
iquitos;23;4497.6;2846.1;0.0;533.0
iquitos;24;4134.7;2292.1;0.0;533.0
iquitos;25;2832.6;1428.3;0.0;533.0
iquitos;26;4605.1;2862.0;0.0;533.0
iquitos;27;3673.1;2132.1;0.0;533.0
iquitos;28;3042.0;1561.2;0.0;533.0
iquitos;29;4604.9;2728.9;0.0;533.0
iquitos;30;2882.2;1440.3;0.0;533.0
iquitos;31;3183.4;1699.2;0.0;533.0
iquitos;32;3258.0;1527.5;0.0;533.0
iquitos;33;3150.7;1682.1;0.0;533.0
iquitos;34;4409.4;2783.7;0.0;533.0
iquitos;36;4277.8;2459.6;0.0;533.0
iquitos;37;3350.1;1779.8;0.0;533.0
iquitos;38;4552.0;2708.6;0.0;533.0
iquitos;39;4611.9;2664.1;0.0;533.0
iquitos;40;4304.8;2695.2;0.0;533.0
iquitos;41;2397.7;1066.3;0.0;533.0
iquitos;42;3062.2;1515.9;0.0;533.0
iquitos;45;1275.1;416.9;0.0;403.1
iquitos;46;4765.8;3109.3;0.0;533.0
iquitos;47;2161.5;871.7;0.0;533.0
iquitos;48;3667.2;1994.8;0.0;533.0
iquitos;49;4049.1;2464.4;0.0;533.0
iquitos;51;3075.7;1631.1;0.0;533.0
iquitos;52;3283.6;1584.9;0.0;533.0
iquitos;53;3153.0;1678.8;0.0;533.0
iquitos;54;3338.9;1821.4;0.0;533.0
iquitos;56;3245.2;1699.8;0.0;533.0
iquitos;60;2907.9;1496.0;0.0;533.0
iquitos;61;1843.6;627.2;0.0;533.0
iquitos;62;4872.6;2930.3;0.0;533.0
iquitos;63;3110.7;1392.7;0.0;533.0
iquitos;65;2866.4;1441.4;0.0;533.0
iquitos;66;3063.6;1570.7;0.0;533.0
iquitos;67;3153.7;1699.0;0.0;533.0
iquitos;68;4544.9;2908.5;0.0;533.0
iquitos;69;3210.6;1749.1;0.0;533.0
iquitos;70;3183.3;1646.0;0.0;533.0
iquitos;71;4502.3;2854.9;0.0;533.0
iquitos;72;3208.4;1481.1;0.0;533.0
iquitos;73;3453.7;1896.6;0.0;533.0
iquitos;74;2552.8;1188.9;0.0;533.0
iquitos;75;4473.2;2745.8;0.0;533.0
iquitos;77;3065.5;1608.9;0.0;533.0
iquitos;78;3004.5;1459.0;0.0;533.0
iquitos;79;3818.6;2161.2;0.0;533.0
iquitos;82;2675.5;1281.3;0.0;533.0
iquitos;83;4329.5;2506.3;0.0;533.0
iquitos;84;3767.2;2066.1;0.0;533.0
iquitos;85;3132.9;1706.6;0.0;533.0
iquitos;86;2151.7;866.9;0.0;533.0
iquitos;87;4598.8;2955.9;0.0;533.0
iquitos;88;4063.8;2314.6;0.0;533.0
iquitos;89;2819.5;1316.4;0.0;533.0
iquitos;90;2507.7;1140.8;0.0;533.0
iquitos;91;5114.5;3156.3;0.0;533.0
iquitos;92;2836.2;1362.2;0.0;533.0
iquitos;93;3653.3;2036.7;0.0;533.0
iquitos;94;3193.6;1708.5;0.0;533.0
iquitos;95;4166.1;2336.1;0.0;533.0
iquitos;96;3154.9;1579.3;0.0;533.0
iquitos;97;4601.8;2909.8;0.0;533.0
iquitos;99;2872.5;1465.7;0.0;533.0
iquitos;100;3162.0;1620.4;0.0;533.0
iquitos;101;2403.6;1045.8;0.0;533.0
iquitos;102;4741.0;2822.8;0.0;533.0
iquitos;103;4290.3;2458.9;0.0;533.0
iquitos;104;3218.2;1686.8;0.0;533.0
iquitos;105;3390.9;1875.7;0.0;533.0
iquitos;106;4112.3;2522.4;0.0;533.0
iquitos;107;4147.4;2493.3;0.0;533.0
iquitos;108;3198.4;1741.1;0.0;533.0
iquitos;109;3395.0;1618.9;0.0;644.1
iquitos;110;2930.7;1492.4;0.0;533.0
iquitos;111;3271.0;1779.4;0.0;533.0
iquitos;113;4066.4;2468.0;0.0;533.0
iquitos;114;3030.1;1578.6;0.0;533.0
iquitos;117;3023.4;1604.9;0.0;533.0
iquitos;120;3804.3;2255.8;0.0;533.0
iquitos;121;3257.2;1822.3;0.0;533.0
iquitos;122;3064.1;1422.8;0.0;533.0
iquitos;123;3653.5;1978.1;0.0;533.0
iquitos;124;4124.6;2343.2;0.0;533.0
iquitos;125;2950.5;1537.5;0.0;533.0
iquitos;126;2972.8;1470.0;0.0;533.0
iquitos;128;4698.7;3049.9;0.0;533.0
iquitos;131;4757.0;2810.7;0.0;533.0
iquitos;132;3135.3;1669.8;0.0;533.0
iquitos;133;2657.6;1276.6;0.0;533.0
iquitos;134;3120.5;1573.1;0.0;533.0
iquitos;135;2789.1;1386.0;0.0;533.0
iquitos;136;4237.5;2612.2;0.0;533.0
iquitos;137;4421.0;2569.1;0.0;533.0
iquitos;138;4436.1;2599.3;0.0;533.0
iquitos;139;3104.1;1668.3;0.0;533.0
iquitos;140;4711.1;3059.0;0.0;533.0
iquitos;141;4427.4;2334.6;0.0;640.9
iquitos;142;4821.8;2904.6;0.0;533.0
iquitos;146;3757.0;2210.9;0.0;533.0
iquitos;147;4540.7;2784.6;0.0;533.0
iquitos;148;4038.9;2293.3;0.0;533.0
iquitos;150;7.8;0.3;0.0;0.0
iquitos;151;3106.9;1635.9;0.0;533.0
iquitos;152;4238.3;2358.5;0.0;533.0
iquitos;153;2877.7;1340.1;0.0;533.0
iquitos;158;2913.5;1357.3;0.0;533.0
iquitos;160;2743.5;1221.9;0.0;533.0
iquitos;161;2987.6;1569.1;0.0;533.0
iquitos;162;4442.8;2818.0;0.0;533.0
iquitos;164;3620.4;1984.5;0.0;533.0
iquitos;165;3249.9;1728.3;0.0;533.0
iquitos;166;2855.2;1361.9;0.0;533.0
iquitos;167;3907.9;2189.3;0.0;533.0
iquitos;168;3130.0;1595.5;0.0;533.0
iquitos;169;3168.3;1445.2;0.0;533.0
iquitos;171;3439.3;1895.4;0.0;533.0
iquitos;172;3101.2;1634.1;0.0;533.0
iquitos;173;4292.6;2469.1;0.0;533.0
iquitos;176;4503.9;2812.1;0.0;533.0
iquitos;177;4245.7;2634.4;0.0;533.0
iquitos;178;3403.6;1886.5;0.0;533.0
iquitos;180;3463.5;1934.5;0.0;533.0
iquitos;183;2864.2;1433.7;0.0;533.0
iquitos;184;3129.6;1661.8;0.0;533.0
iquitos;185;4044.6;2432.5;0.0;533.0
iquitos;187;4387.5;2760.0;0.0;533.0
iquitos;188;2913.6;1306.3;0.0;533.0
iquitos;189;129.2;102.4;0.0;0.0
iquitos;190;4661.3;2990.6;0.0;533.0
iquitos;192;2230.6;942.9;0.0;533.0
iquitos;193;3153.9;1523.7;0.0;533.0
iquitos;194;3566.2;1986.5;0.0;533.0
iquitos;195;4252.0;2650.3;0.0;533.0
iquitos;198;4848.0;2801.0;0.0;533.0
iquitos;199;3280.1;1778.7;0.0;533.0
iquitos;201;3068.5;1561.1;0.0;533.0
iquitos;205;3174.7;1691.4;0.0;533.0
iquitos;206;4444.9;2813.7;0.0;533.0
iquitos;208;3708.3;2034.6;0.0;533.0
iquitos;211;4648.5;2980.3;0.0;533.0
iquitos;214;3178.6;1647.7;0.0;533.0
iquitos;217;3190.4;1710.2;0.0;533.0
iquitos;218;2992.2;1576.9;0.0;533.0
iquitos;219;3052.1;1589.8;0.0;533.0
iquitos;222;2580.9;1170.2;0.0;533.0
iquitos;223;3722.3;2093.8;0.0;533.0
iquitos;224;4141.2;2238.9;0.0;546.9
iquitos;225;4142.3;2131.8;0.0;682.1
iquitos;226;3191.1;1717.7;0.0;533.0
iquitos;227;4319.3;2488.2;0.0;533.0
iquitos;230;2971.3;1502.3;0.0;533.0
iquitos;232;4688.8;3043.8;0.0;533.0
iquitos;233;3231.6;1742.7;0.0;533.0
iquitos;234;3190.0;1411.7;0.0;533.0
iquitos;235;4162.9;2313.2;0.0;533.0
iquitos;238;3055.3;1535.6;0.0;533.0
iquitos;239;3285.8;1791.9;0.0;533.0
iquitos;240;3521.3;1992.7;0.0;533.0
iquitos;244;3205.4;1444.9;0.0;533.0
iquitos;245;170.4;46.8;0.0;26.9
iquitos;246;4158.5;2561.3;0.0;533.0
iquitos;248;3956.4;2391.3;0.0;533.0
iquitos;254;3160.6;1573.8;0.0;533.0
iquitos;256;4401.5;2567.9;0.0;533.0
iquitos;258;2187.4;892.4;0.0;533.0
iquitos;259;3279.3;1766.9;0.0;533.0
iquitos;261;2958.0;1519.1;0.0;533.0
iquitos;265;4379.5;2484.9;0.0;533.0
iquitos;268;3206.5;1693.8;0.0;533.0
iquitos;273;4797.2;2853.0;0.0;533.0
pucallpa;0;317.5;254.9;0.0;0.0
pucallpa;1;1788.5;1319.4;0.0;0.0
pucallpa;2;1654.3;974.7;0.0;0.0
pucallpa;3;1986.9;1363.9;0.0;0.0
pucallpa;4;1681.7;1061.8;10.8;0.0
pucallpa;5;828.9;598.6;0.0;0.0
pucallpa;6;1963.4;1599.8;0.0;0.0
pucallpa;7;1312.1;1007.6;0.0;0.0
pucallpa;8;853.8;598.7;0.0;0.0
pucallpa;9;723.1;575.0;0.0;0.0
pucallpa;10;1122.0;854.4;0.0;0.0
pucallpa;11;2230.6;1582.5;0.0;0.0
pucallpa;12;2175.3;1506.6;0.0;0.0
pucallpa;13;1215.3;921.8;0.0;0.0
pucallpa;14;930.4;694.0;0.0;0.0
pucallpa;15;477.4;375.6;0.0;0.0
pucallpa;16;2506.2;1735.3;0.0;0.0
pucallpa;17;1275.6;954.8;0.0;0.0
pucallpa;18;1641.0;1202.3;0.0;0.0
pucallpa;19;1409.0;806.9;0.0;0.0
pucallpa;20;2415.4;1999.3;0.0;0.0
pucallpa;21;863.6;691.1;0.0;0.0
pucallpa;22;624.0;453.1;0.0;0.0
pucallpa;23;2224.6;1884.2;0.0;0.0
pucallpa;24;1502.6;974.6;0.0;0.0
pucallpa;25;1582.8;1244.0;0.0;0.0
pucallpa;26;2332.0;1900.1;0.0;0.0
pucallpa;27;1400.1;1170.3;0.0;0.0
pucallpa;28;768.9;599.3;0.0;0.0
pucallpa;29;2136.3;1465.3;0.0;0.0
pucallpa;30;609.2;478.4;0.0;0.0
pucallpa;31;910.3;737.3;0.0;0.0
pucallpa;32;1177.7;878.2;0.0;0.0
pucallpa;33;769.5;594.7;0.0;0.0
pucallpa;34;2136.3;1821.8;0.0;0.0
pucallpa;36;1814.6;1195.2;0.0;0.0
pucallpa;37;1077.0;817.9;0.0;0.0
pucallpa;38;2083.4;1445.0;0.0;0.0
pucallpa;39;2044.2;1250.4;0.0;0.0
pucallpa;40;2031.8;1733.3;0.0;0.0
pucallpa;41;1243.2;955.8;0.0;0.0
pucallpa;42;1553.7;1210.4;0.0;0.0
pucallpa;45;4133.1;1857.2;0.0;936.0
pucallpa;46;2370.8;1713.4;0.0;0.0
pucallpa;47;714.9;569.6;0.0;0.0
pucallpa;48;1035.0;677.2;0.0;0.0
pucallpa;49;1776.0;1502.5;0.0;0.0
pucallpa;51;1921.2;1520.7;0.0;0.0
pucallpa;52;1326.7;768.2;0.0;0.0
pucallpa;53;847.9;647.2;0.0;0.0
pucallpa;54;957.7;734.0;0.0;0.0
pucallpa;56;927.6;699.6;0.0;0.0
pucallpa;60;1753.4;1385.5;0.0;0.0
pucallpa;61;1029.5;813.5;0.0;0.0
pucallpa;62;2403.5;1653.1;0.0;0.0
pucallpa;63;842.3;590.7;0.0;0.0
pucallpa;65;9.8;2.3;0.0;0.0
pucallpa;66;388.4;298.4;0.0;0.0
pucallpa;67;1443.8;1108.5;0.0;0.0
pucallpa;68;2271.8;1946.7;0.0;0.0
pucallpa;69;1415.3;1083.8;0.0;0.0
pucallpa;70;910.3;684.1;0.0;0.0
pucallpa;71;2229.3;1893.0;0.0;0.0
pucallpa;72;967.2;727.4;0.0;0.0
pucallpa;73;1072.5;809.2;0.0;0.0
pucallpa;74;1398.3;1078.4;0.0;0.0
pucallpa;75;2189.6;1513.3;0.0;0.0
pucallpa;77;760.4;577.4;0.0;0.0
pucallpa;78;731.5;497.2;0.0;0.0
pucallpa;79;1437.4;1073.8;0.0;0.0
pucallpa;82;199.4;160.2;0.0;0.0
pucallpa;83;1860.9;1242.7;0.0;0.0
pucallpa;84;1135.0;748.5;0.0;0.0
pucallpa;85;1947.3;1585.4;0.0;0.0
pucallpa;86;997.3;756.5;0.0;0.0
pucallpa;87;2168.3;1519.3;0.0;0.0
pucallpa;88;1682.6;1227.2;0.0;0.0
pucallpa;89;1665.0;1205.9;0.0;0.0
pucallpa;90;365.6;299.9;0.0;0.0
pucallpa;91;2645.5;1879.1;0.0;0.0
pucallpa;92;1681.8;1251.7;0.0;0.0
pucallpa;93;1272.1;949.3;0.0;0.0
pucallpa;94;561.4;391.0;0.0;0.0
pucallpa;95;1784.8;1248.7;0.0;0.0
pucallpa;96;512.9;367.0;0.0;0.0
pucallpa;97;2328.8;1947.9;0.0;0.0
pucallpa;99;1542.8;1206.4;0.0;0.0
pucallpa;100;889.0;658.5;0.0;0.0
pucallpa;101;470.0;394.9;0.0;0.0
pucallpa;102;2272.4;1559.2;0.0;0.0
pucallpa;103;1746.1;1140.1;0.0;0.0
pucallpa;104;913.1;655.2;0.0;0.0
pucallpa;105;1097.8;822.3;0.0;0.0
pucallpa;106;1839.2;1560.5;0.0;0.0
pucallpa;107;1874.3;1531.5;0.0;0.0
pucallpa;108;1403.1;1075.8;0.0;0.0
pucallpa;109;601.6;240.2;0.0;111.1
pucallpa;110;657.7;530.5;0.0;0.0
pucallpa;111;638.8;461.8;0.0;0.0
pucallpa;113;1793.4;1506.1;0.0;0.0
pucallpa;114;647.5;490.1;0.0;0.0
pucallpa;117;1837.9;1483.6;0.0;0.0
pucallpa;120;1531.3;1294.0;0.0;0.0
pucallpa;121;2071.7;1701.2;0.0;0.0
pucallpa;122;1909.7;1312.3;0.0;0.0
pucallpa;123;1021.3;660.5;0.0;0.0
pucallpa;124;1743.4;1255.8;0.0;0.0
pucallpa;125;1767.0;1419.4;0.0;0.0
pucallpa;126;699.8;508.1;0.0;0.0
pucallpa;128;2284.0;1617.9;0.0;0.0
pucallpa;131;2287.9;1533.5;0.0;0.0
pucallpa;132;1980.9;1559.3;0.0;0.0
pucallpa;133;1503.2;1166.2;0.0;0.0
pucallpa;134;847.4;611.2;0.0;0.0
pucallpa;135;1628.4;1287.1;0.0;0.0
pucallpa;136;1964.5;1650.3;0.0;0.0
pucallpa;137;1951.9;1291.9;0.0;0.0
pucallpa;138;1967.5;1335.8;0.0;0.0
pucallpa;139;1311.8;1003.7;0.0;0.0
pucallpa;140;2316.1;1663.1;0.0;0.0
pucallpa;141;1795.2;1017.0;0.0;108.0
pucallpa;142;2353.2;1641.0;0.0;0.0
pucallpa;146;1484.0;1249.1;0.0;0.0
pucallpa;147;2267.7;1822.7;0.0;0.0
pucallpa;148;1657.7;1205.9;0.0;0.0
pucallpa;150;2865.8;1440.6;0.0;533.0
pucallpa;151;560.9;417.4;0.0;0.0
pucallpa;152;1606.2;1041.0;0.0;0.0
pucallpa;153;1723.3;1229.7;0.0;0.0
pucallpa;158;1759.0;1246.8;0.0;0.0
pucallpa;160;761.8;527.5;0.0;0.0
pucallpa;161;1435.5;1111.4;0.0;0.0
pucallpa;162;2169.7;1856.1;0.0;0.0
pucallpa;164;1239.1;897.1;0.0;0.0
pucallpa;165;944.8;696.8;0.0;0.0
pucallpa;166;1700.8;1251.4;0.0;0.0
pucallpa;167;1526.6;1101.9;0.0;0.0
pucallpa;168;856.9;633.6;0.0;0.0
pucallpa;169;1007.4;762.9;0.0;0.0
pucallpa;171;1058.1;808.0;0.0;0.0
pucallpa;172;720.0;546.7;0.0;0.0
pucallpa;173;1765.0;1157.2;0.0;0.0
pucallpa;176;2230.9;1850.2;0.0;0.0
pucallpa;177;1972.7;1672.6;0.0;0.0
pucallpa;178;1130.6;924.6;0.0;0.0
pucallpa;180;1190.5;972.6;0.0;0.0
pucallpa;183;189.0;161.5;0.0;0.0
pucallpa;184;748.4;574.4;0.0;0.0
pucallpa;185;1771.6;1470.6;0.0;0.0
pucallpa;187;2114.5;1798.1;0.0;0.0
pucallpa;188;932.0;611.9;0.0;0.0
pucallpa;189;2831.6;1410.8;0.0;533.0
pucallpa;190;2388.3;2028.7;0.0;0.0
pucallpa;192;1076.2;832.4;0.0;0.0
pucallpa;193;1423.8;817.1;0.0;0.0
pucallpa;194;1185.0;899.1;0.0;0.0
pucallpa;195;1978.9;1688.5;0.0;0.0
pucallpa;198;2280.3;1387.2;0.0;0.0
pucallpa;199;1007.0;816.8;0.0;0.0
pucallpa;201;393.3;288.9;0.0;0.0
pucallpa;205;901.6;729.5;0.0;0.0
pucallpa;206;2171.8;1851.8;0.0;0.0
pucallpa;208;1077.9;709.3;0.0;0.0
pucallpa;211;2375.4;2018.4;0.0;0.0
pucallpa;214;905.5;685.8;0.0;0.0
pucallpa;217;885.3;678.6;0.0;0.0
pucallpa;218;1806.7;1455.7;0.0;0.0
pucallpa;219;779.1;627.9;0.0;0.0
pucallpa;222;1426.4;1059.7;0.0;0.0
pucallpa;223;1341.0;1006.4;0.0;0.0
pucallpa;224;1509.0;921.3;0.0;14.0
pucallpa;225;1510.1;814.3;0.0;149.1
pucallpa;226;809.9;630.3;0.0;0.0
pucallpa;227;1806.7;1195.9;0.0;0.0
pucallpa;230;296.2;230.1;0.0;0.0
pucallpa;232;2237.4;1568.9;0.0;0.0
pucallpa;233;850.5;643.8;0.0;0.0
pucallpa;234;1208.4;717.3;0.0;0.0
pucallpa;235;1530.7;995.6;0.0;0.0
pucallpa;238;782.2;573.7;0.0;0.0
pucallpa;239;653.6;474.3;0.0;0.0
pucallpa;240;1248.3;1030.8;0.0;0.0
pucallpa;244;1059.8;705.4;0.0;0.0
pucallpa;245;3028.5;1487.1;0.0;559.9
pucallpa;246;1885.5;1599.4;0.0;0.0
pucallpa;248;1683.3;1429.5;0.0;0.0
pucallpa;254;887.5;611.9;0.0;0.0
pucallpa;256;1933.0;1304.4;0.0;0.0
pucallpa;258;710.6;565.4;0.0;0.0
pucallpa;259;1006.3;805.0;0.0;0.0
pucallpa;261;684.9;557.3;0.0;0.0
pucallpa;265;1998.3;1397.5;0.0;0.0
pucallpa;268;901.4;662.3;0.0;0.0
pucallpa;273;2328.6;1589.4;0.0;0.0
tacna;0;1962.4;1692.3;0.0;0.0
tacna;1;2577.2;2254.1;0.0;0.0
tacna;2;2394.2;2060.2;0.0;0.0
tacna;3;1048.0;797.5;0.0;0.0
tacna;4;1072.5;848.4;28.8;0.0
tacna;5;1651.2;1429.9;0.0;0.0
tacna;6;2686.4;2364.1;0.0;0.0
tacna;7;2811.0;2423.1;0.0;0.0
tacna;8;1926.1;1654.5;0.0;0.0
tacna;9;1747.9;1519.5;0.0;0.0
tacna;10;1393.8;1133.0;0.0;0.0
tacna;11;471.5;359.9;0.0;0.0
tacna;12;748.1;609.3;0.0;0.0
tacna;13;1299.4;1062.6;0.0;0.0
tacna;14;1857.3;1613.6;0.0;0.0
tacna;15;1803.6;1571.5;0.0;0.0
tacna;16;869.4;654.3;0.0;0.0
tacna;17;1398.0;1075.1;0.0;0.0
tacna;18;1148.1;916.0;0.0;0.0
tacna;19;2279.2;1942.4;0.0;0.0
tacna;20;281.6;173.3;0.0;0.0
tacna;21;2543.0;2159.2;0.0;0.0
tacna;22;1870.9;1543.6;0.0;0.0
tacna;23;605.2;518.2;0.0;0.0
tacna;24;1198.6;967.5;0.0;0.0
tacna;25;2305.8;2008.3;0.0;0.0
tacna;26;483.4;354.2;0.0;0.0
tacna;27;882.0;778.1;0.0;0.0
tacna;28;1599.7;1370.6;0.0;0.0
tacna;29;742.1;596.0;0.0;0.0
tacna;30;1675.7;1460.9;0.0;0.0
tacna;31;1370.8;1211.3;0.0;0.0
tacna;32;1871.6;1629.2;0.0;0.0
tacna;33;1597.1;1356.6;0.0;0.0
tacna;34;178.6;159.2;0.0;0.0
tacna;36;891.2;745.6;0.0;0.0
tacna;37;1719.6;1497.6;0.0;0.0
tacna;38;618.1;497.4;0.0;0.0
tacna;39;1159.8;889.8;0.0;0.0
tacna;40;412.4;367.3;0.0;0.0
tacna;41;2742.2;2371.2;0.0;0.0
tacna;42;2276.8;1974.7;0.0;0.0
tacna;45;5812.5;3325.3;0.0;936.0
tacna;46;439.0;329.8;0.0;0.0
tacna;47;2394.3;2037.7;0.0;0.0
tacna;48;1678.4;1269.4;0.0;0.0
tacna;49;503.6;444.5;0.0;0.0
tacna;51;2663.5;2327.3;0.0;0.0
tacna;52;2245.1;1836.9;0.0;0.0
tacna;53;1450.2;1280.5;0.0;0.0
tacna;54;1483.8;1245.5;0.0;0.0
tacna;56;1427.3;1236.9;0.0;0.0
tacna;60;2511.8;2200.3;0.0;0.0
tacna;61;2708.9;2281.6;0.0;0.0
tacna;62;1196.0;964.3;0.0;0.0
tacna;63;1914.6;1646.5;0.0;0.0
tacna;65;2272.8;1947.6;0.0;0.0
tacna;66;2006.1;1688.3;0.0;0.0
tacna;67;2166.8;1872.9;0.0;0.0
tacna;68;8.1;0.5;0.0;0.0
tacna;69;2138.4;1848.1;0.0;0.0
tacna;70;1543.9;1355.5;0.0;0.0
tacna;71;609.9;527.0;0.0;0.0
tacna;72;1894.1;1647.0;0.0;0.0
tacna;73;1369.9;1082.1;0.0;0.0
tacna;74;2624.2;2270.5;0.0;0.0
tacna;75;767.4;570.6;0.0;0.0
tacna;77;1614.2;1389.3;0.0;0.0
tacna;78;1893.2;1549.2;0.0;0.0
tacna;79;1338.2;1004.4;0.0;0.0
tacna;82;2081.9;1787.6;0.0;0.0
tacna;83;839.5;698.9;0.0;0.0
tacna;84;1566.1;1193.5;0.0;0.0
tacna;85;2670.4;2349.8;0.0;0.0
tacna;86;2676.7;2224.6;0.0;0.0
tacna;87;558.1;436.0;0.0;0.0
tacna;88;1180.7;901.9;0.0;0.0
tacna;89;2545.7;2148.4;0.0;0.0
tacna;90;2045.0;1768.1;0.0;0.0
tacna;91;1438.0;1190.3;0.0;0.0
tacna;92;2504.3;2129.4;0.0;0.0
tacna;93;1321.8;1070.2;0.0;0.0
tacna;94;1824.1;1582.7;0.0;0.0
tacna;95;1248.9;909.5;0.0;0.0
tacna;96;1841.9;1586.8;0.0;0.0
tacna;97;371.1;285.3;0.0;0.0
tacna;99;2265.8;1970.8;0.0;0.0
tacna;100;1815.9;1578.0;0.0;0.0
tacna;101;2149.4;1863.0;0.0;0.0
tacna;102;772.2;613.6;0.0;0.0
tacna;103;957.4;803.5;0.0;0.0
tacna;104;1454.4;1249.9;0.0;0.0
tacna;105;1258.2;1114.8;0.0;0.0
tacna;106;440.9;386.7;0.0;0.0
tacna;107;939.0;729.5;0.0;0.0
tacna;108;2126.2;1840.2;0.0;0.0
tacna;109;2801.4;2125.2;0.0;111.1
tacna;110;1622.2;1416.3;0.0;0.0
tacna;111;1901.5;1653.6;0.0;0.0
tacna;113;706.5;594.4;0.0;0.0
tacna;114;1649.6;1437.3;0.0;0.0
tacna;117;2560.9;2247.9;0.0;0.0
tacna;120;751.9;654.6;0.0;0.0
tacna;121;2794.7;2465.6;0.0;0.0
tacna;122;2693.9;2280.8;0.0;0.0
tacna;123;2284.0;1852.3;0.0;0.0
tacna;124;1045.3;862.4;0.0;0.0
tacna;125;2490.0;2183.8;0.0;0.0
tacna;126;1906.4;1641.6;0.0;0.0
tacna;128;625.7;499.2;0.0;0.0
tacna;131;892.2;714.0;0.0;0.0
tacna;132;2723.2;2366.0;0.0;0.0
tacna;133;2752.7;2379.7;0.0;0.0
tacna;134;1812.8;1564.3;0.0;0.0
tacna;135;2351.4;2051.5;0.0;0.0
tacna;136;537.2;472.4;0.0;0.0
tacna;137;921.4;754.6;0.0;0.0
tacna;138;735.1;605.6;0.0;0.0
tacna;139;2034.9;1768.1;0.0;0.0
tacna;140;413.6;298.6;0.0;0.0
tacna;141;1813.1;1203.4;0.0;104.8
tacna;142;774.5;609.6;0.0;0.0
tacna;146;857.6;738.4;0.0;0.0
tacna;147;766.2;605.8;0.0;0.0
tacna;148;1206.0;923.4;0.0;0.0
tacna;150;4545.2;2908.8;0.0;533.0
tacna;151;1737.5;1510.1;0.0;0.0
tacna;152;1115.5;868.8;39.6;0.0
tacna;153;2703.2;2314.4;0.0;0.0
tacna;158;2738.2;2307.5;0.0;0.0
tacna;160;2359.0;1905.8;0.0;0.0
tacna;161;2158.5;1875.8;0.0;0.0
tacna;162;550.3;490.1;0.0;0.0
tacna;164;1539.6;1183.6;0.0;0.0
tacna;165;1496.0;1272.6;0.0;0.0
tacna;166;2446.0;2074.2;0.0;0.0
tacna;167;1187.7;879.1;0.0;0.0
tacna;168;1531.2;1351.3;0.0;0.0
tacna;169;1934.2;1682.5;0.0;0.0
tacna;171;1455.0;1175.1;0.0;0.0
tacna;172;1635.5;1390.1;0.0;0.0
tacna;173;936.7;784.8;0.0;0.0
tacna;176;403.8;293.5;0.0;0.0
tacna;177;312.0;275.9;0.0;0.0
tacna;178;1149.8;1022.9;0.0;0.0
tacna;180;1111.4;986.6;0.0;0.0
tacna;183;2141.1;1788.3;0.0;0.0
tacna;184;1612.2;1367.8;0.0;0.0
tacna;185;799.4;649.9;0.0;0.0
tacna;187;166.7;149.3;0.0;0.0
tacna;188;2188.2;1821.2;0.0;0.0
tacna;189;4511.0;2878.9;0.0;533.0
tacna;190;306.9;220.5;0.0;0.0
tacna;192;2755.6;2300.6;0.0;0.0
tacna;193;2294.0;1952.6;0.0;0.0
tacna;194;1328.6;1084.2;0.0;0.0
tacna;195;376.0;338.0;0.0;0.0
tacna;198;1395.8;1026.6;0.0;0.0
tacna;199;1273.4;1130.5;0.0;0.0
tacna;201;1961.0;1664.8;0.0;0.0
tacna;205;1379.5;1218.1;0.0;0.0
tacna;206;113.5;100.2;0.0;0.0
tacna;208;1628.5;1236.5;0.0;0.0
tacna;211;124.5;89.3;0.0;0.0
tacna;214;1463.7;1287.8;0.0;0.0
tacna;217;1419.4;1254.2;0.0;0.0
tacna;218;2529.7;2220.1;0.0;0.0
tacna;219;1500.9;1319.3;0.0;0.0
tacna;222;2968.0;2521.3;0.0;0.0
tacna;223;1432.9;1070.8;0.0;0.0
tacna;224;1526.9;1107.7;0.0;10.8
tacna;225;2218.6;1339.1;0.0;240.9
tacna;226;1631.8;1349.2;0.0;0.0
tacna;227;894.5;746.1;0.0;0.0
tacna;230;2060.3;1724.6;0.0;0.0
tacna;232;615.8;493.1;0.0;0.0
tacna;233;1593.8;1325.0;0.0;0.0
tacna;234;2160.9;1805.6;0.0;0.0
tacna;235;1170.2;946.3;0.0;0.0
tacna;238;1604.6;1409.9;0.0;0.0
tacna;239;1916.4;1666.1;0.0;0.0
tacna;240;1033.1;917.4;0.0;0.0
tacna;244;2025.3;1722.3;0.0;0.0
tacna;245;4707.9;2955.2;0.0;559.9
tacna;246;395.0;347.7;0.0;0.0
tacna;248;596.9;517.8;0.0;0.0
tacna;254;1786.5;1501.6;0.0;0.0
tacna;256;767.9;637.3;0.0;0.0
tacna;258;2390.0;2033.5;0.0;0.0
tacna;259;1439.4;1254.3;0.0;0.0
tacna;261;1646.1;1441.6;0.0;0.0
tacna;265;828.3;651.0;0.0;0.0
tacna;268;1558.5;1301.4;0.0;0.0
tacna;273;785.0;605.9;0.0;0.0
ica;0;938.8;776.5;0.0;0.0
ica;1;1553.6;1338.3;0.0;0.0
ica;2;1370.6;1144.4;0.0;0.0
ica;3;992.1;684.5;0.0;0.0
ica;4;1129.1;811.1;28.8;0.0
ica;5;627.7;514.1;0.0;0.0
ica;6;1662.8;1448.3;0.0;0.0
ica;7;1787.5;1507.3;0.0;0.0
ica;8;902.5;738.7;0.0;0.0
ica;9;724.3;603.7;0.0;0.0
ica;10;500.7;397.7;0.0;0.0
ica;11;1112.9;986.5;0.0;0.0
ica;12;1304.1;1155.6;0.0;0.0
ica;13;474.6;327.8;0.0;0.0
ica;14;833.7;697.8;0.0;0.0
ica;15;780.0;655.7;0.0;0.0
ica;16;1429.8;1213.2;0.0;0.0
ica;17;585.5;383.8;0.0;0.0
ica;18;745.9;597.1;0.0;0.0
ica;19;1255.6;1026.6;0.0;0.0
ica;20;1175.7;969.3;0.0;0.0
ica;21;1519.4;1243.4;0.0;0.0
ica;22;847.3;627.8;0.0;0.0
ica;23;984.9;854.2;0.0;0.0
ica;24;1222.8;836.0;0.0;0.0
ica;25;1282.3;1092.5;0.0;0.0
ica;26;1092.4;870.1;0.0;0.0
ica;27;160.4;140.3;0.0;0.0
ica;28;576.2;454.8;0.0;0.0
ica;29;1121.9;932.1;0.0;0.0
ica;30;652.1;545.1;0.0;0.0
ica;31;347.2;295.5;0.0;0.0
ica;32;848.0;713.4;0.0;0.0
ica;33;573.5;440.8;0.0;0.0
ica;34;896.7;791.9;0.0;0.0
ica;36;1001.5;767.0;0.0;0.0
ica;37;696.0;581.8;0.0;0.0
ica;38;1169.9;1020.6;0.0;0.0
ica;39;1335.6;971.5;0.0;0.0
ica;40;792.1;703.3;0.0;0.0
ica;41;1718.6;1455.4;0.0;0.0
ica;42;1253.2;1058.9;0.0;0.0
ica;45;4788.9;2409.5;0.0;936.0
ica;46;1253.1;1117.5;0.0;0.0
ica;47;1370.7;1121.9;0.0;0.0
ica;48;838.7;590.2;0.0;0.0
ica;49;536.4;472.6;0.0;0.0
ica;51;1639.9;1411.6;0.0;0.0
ica;52;1221.5;921.1;0.0;0.0
ica;53;426.6;364.7;0.0;0.0
ica;54;460.2;329.7;0.0;0.0
ica;56;403.7;321.1;0.0;0.0
ica;60;1488.2;1284.5;0.0;0.0
ica;61;1685.3;1365.8;0.0;0.0
ica;62;1596.3;1237.7;0.0;0.0
ica;63;891.0;730.7;0.0;0.0
ica;65;1249.2;1031.8;0.0;0.0
ica;66;982.5;772.5;0.0;0.0
ica;67;1143.2;957.1;0.0;0.0
ica;68;1032.2;916.7;0.0;0.0
ica;69;1114.8;932.4;0.0;0.0
ica;70;520.3;439.7;0.0;0.0
ica;71;989.6;863.1;0.0;0.0
ica;72;870.5;731.2;0.0;0.0
ica;73;351.8;262.1;0.0;0.0
ica;74;1600.6;1354.8;0.0;0.0
ica;75;960.5;754.0;0.0;0.0
ica;77;590.6;473.5;0.0;0.0
ica;78;869.6;633.4;0.0;0.0
ica;79;734.7;561.2;0.0;0.0
ica;82;1058.3;871.8;0.0;0.0
ica;83;1053.2;813.7;0.0;0.0
ica;84;855.2;610.0;0.0;0.0
ica;85;1646.8;1434.0;0.0;0.0
ica;86;1653.1;1308.8;0.0;0.0
ica;87;1086.1;964.1;0.0;0.0
ica;88;577.2;458.8;0.0;0.0
ica;89;1522.1;1232.6;0.0;0.0
ica;90;1021.4;852.3;0.0;0.0
ica;91;1838.2;1463.7;0.0;0.0
ica;92;1480.8;1213.6;0.0;0.0
ica;93;497.0;335.4;0.0;0.0
ica;94;800.5;667.0;0.0;0.0
ica;95;859.6;632.1;0.0;0.0
ica;96;818.3;671.0;0.0;0.0
ica;97;1089.1;918.0;0.0;0.0
ica;99;1242.2;1055.0;0.0;0.0
ica;100;792.3;662.2;0.0;0.0
ica;101;1125.8;947.2;0.0;0.0
ica;102;1328.2;1159.9;0.0;0.0
ica;103;1014.0;766.3;0.0;0.0
ica;104;430.9;334.1;0.0;0.0
ica;105;234.6;199.0;0.0;0.0
ica;106;599.5;530.5;0.0;0.0
ica;107;634.7;501.5;0.0;0.0
ica;108;1102.6;924.4;0.0;0.0
ica;109;1777.8;1209.4;0.0;111.1
ica;110;598.6;500.5;0.0;0.0
ica;111;877.9;737.8;0.0;0.0
ica;113;553.7;476.1;0.0;0.0
ica;114;626.1;521.5;0.0;0.0
ica;117;1537.3;1332.1;0.0;0.0
ica;120;291.6;264.0;0.0;0.0
ica;121;1771.1;1549.8;0.0;0.0
ica;122;1670.3;1365.0;0.0;0.0
ica;123;1260.4;936.5;0.0;0.0
ica;124;848.3;650.6;0.0;0.0
ica;125;1466.4;1268.0;0.0;0.0
ica;126;882.8;725.8;0.0;0.0
ica;128;1186.0;1058.0;0.0;0.0
ica;131;1448.2;1260.3;0.0;0.0
ica;132;1699.6;1450.2;0.0;0.0
ica;133;1729.1;1463.9;0.0;0.0
ica;134;789.2;648.5;0.0;0.0
ica;135;1327.8;1135.7;0.0;0.0
ica;136;724.8;620.4;0.0;0.0
ica;137;1144.6;876.5;0.0;0.0
ica;138;1159.8;906.7;0.0;0.0
ica;139;1011.3;852.3;0.0;0.0
ica;140;1198.4;1067.1;0.0;0.0
ica;141;1515.5;878.5;0.0;108.0
ica;142;1334.9;1168.5;0.0;0.0
ica;146;244.3;219.1;0.0;0.0
ica;147;1028.0;792.7;0.0;0.0
ica;148;602.5;480.2;0.0;0.0
ica;150;3521.6;1993.0;0.0;533.0
ica;151;713.9;594.3;0.0;0.0
ica;152;1172.1;831.6;39.6;0.0
ica;153;1679.6;1398.6;0.0;0.0
ica;158;1714.6;1391.7;0.0;0.0
ica;160;1335.5;990.0;0.0;0.0
ica;161;1134.9;960.0;0.0;0.0
ica;162;930.1;826.1;0.0;0.0
ica;164;679.2;490.0;0.0;0.0
ica;165;472.4;356.8;0.0;0.0
ica;166;1422.4;1158.4;0.0;0.0
ica;167;491.0;368.1;0.0;0.0
ica;168;507.6;435.5;0.0;0.0
ica;169;910.6;766.7;0.0;0.0
ica;171;563.6;443.9;0.0;0.0
ica;172;611.9;474.3;0.0;0.0
ica;173;1016.3;776.5;0.0;0.0
ica;176;991.2;820.2;0.0;0.0
ica;177;733.0;642.6;0.0;0.0
ica;178;126.2;107.1;0.0;0.0
ica;180;87.8;70.8;0.0;0.0
ica;183;1117.5;872.5;0.0;0.0
ica;184;588.6;452.0;0.0;0.0
ica;185;531.9;440.6;0.0;0.0
ica;187;874.8;768.1;0.0;0.0
ica;188;1164.6;905.4;0.0;0.0
ica;189;3487.4;1963.1;0.0;533.0
ica;190;1148.6;998.7;0.0;0.0
ica;192;1732.0;1384.8;0.0;0.0
ica;193;1270.4;1036.8;0.0;0.0
ica;194;502.2;395.9;0.0;0.0
ica;195;739.3;658.5;0.0;0.0
ica;198;1571.7;1108.4;0.0;0.0
ica;199;249.9;214.7;0.0;0.0
ica;201;937.4;749.0;0.0;0.0
ica;205;355.9;302.4;0.0;0.0
ica;206;932.2;821.9;0.0;0.0
ica;208;792.8;567.1;0.0;0.0
ica;211;1135.8;988.5;0.0;0.0
ica;214;440.1;372.0;0.0;0.0
ica;217;395.8;338.4;0.0;0.0
ica;218;1506.1;1304.3;0.0;0.0
ica;219;477.4;403.5;0.0;0.0
ica;222;1944.4;1605.5;0.0;0.0
ica;223;680.2;516.2;0.0;0.0
ica;224;1229.2;782.8;0.0;14.0
ica;225;1749.3;1090.3;0.0;149.1
ica;226;608.2;433.5;0.0;0.0
ica;227;1043.0;795.6;0.0;0.0
ica;230;1036.7;808.8;0.0;0.0
ica;232;1176.1;1051.9;0.0;0.0
ica;233;570.2;409.3;0.0;0.0
ica;234;1137.3;889.8;0.0;0.0
ica;235;1226.8;909.1;0.0;0.0
ica;238;581.0;494.1;0.0;0.0
ica;239;892.8;750.3;0.0;0.0
ica;240;8.3;0.6;0.0;0.0
ica;244;1001.7;806.5;0.0;0.0
ica;245;3684.3;2039.5;0.0;559.9
ica;246;645.8;569.5;0.0;0.0
ica;248;443.7;399.5;0.0;0.0
ica;254;762.9;585.8;0.0;0.0
ica;256;1125.2;875.3;0.0;0.0
ica;258;1366.4;1117.7;0.0;0.0
ica;259;415.8;338.5;0.0;0.0
ica;261;622.5;525.8;0.0;0.0
ica;265;869.4;604.5;0.0;0.0
ica;268;534.9;385.6;0.0;0.0
ica;273;1345.3;1164.8;0.0;0.0
cajamarca;0;1360.6;1040.9;0.0;0.0
cajamarca;1;633.4;535.1;0.0;0.0
cajamarca;2;11.4;2.6;0.0;0.0
cajamarca;3;2353.0;1827.6;0.0;0.0
cajamarca;4;2490.0;1954.2;28.8;0.0
cajamarca;5;1023.6;826.6;0.0;0.0
cajamarca;6;742.6;645.1;0.0;0.0
cajamarca;7;546.8;302.1;0.0;0.0
cajamarca;8;899.2;707.5;0.0;0.0
cajamarca;9;1301.2;1018.4;0.0;0.0
cajamarca;10;1689.3;1387.2;0.0;0.0
cajamarca;11;2473.7;2129.6;0.0;0.0
cajamarca;12;2665.0;2298.6;0.0;0.0
cajamarca;13;1721.2;1408.1;0.0;0.0
cajamarca;14;747.8;601.9;0.0;0.0
cajamarca;15;1200.8;919.7;0.0;0.0
cajamarca;16;2790.6;2356.2;0.0;0.0
cajamarca;17;1781.4;1441.1;0.0;0.0
cajamarca;18;2106.8;1740.1;0.0;0.0
cajamarca;19;250.4;166.1;0.0;0.0
cajamarca;20;2536.6;2112.4;0.0;0.0
cajamarca;21;959.0;646.3;0.0;0.0
cajamarca;22;1103.2;845.8;0.0;0.0
cajamarca;23;2345.8;1997.2;0.0;0.0
cajamarca;24;2363.2;1764.3;0.0;0.0
cajamarca;25;362.1;289.3;0.0;0.0
cajamarca;26;2453.2;2013.2;0.0;0.0
cajamarca;27;1521.3;1283.3;0.0;0.0
cajamarca;28;1207.4;970.7;0.0;0.0
cajamarca;29;2482.7;2075.1;0.0;0.0
cajamarca;30;1187.7;932.8;0.0;0.0
cajamarca;31;1031.5;850.4;0.0;0.0
cajamarca;32;530.7;432.0;0.0;0.0
cajamarca;33;1376.6;1143.8;0.0;0.0
cajamarca;34;2257.5;1934.9;0.0;0.0
cajamarca;36;2362.3;1910.1;0.0;0.0
cajamarca;37;681.8;562.5;0.0;0.0
cajamarca;38;2530.8;2163.7;0.0;0.0
cajamarca;39;2696.5;2114.6;0.0;0.0
cajamarca;40;2152.9;1846.4;0.0;0.0
cajamarca;41;577.7;333.9;0.0;0.0
cajamarca;42;124.2;85.4;0.0;0.0
cajamarca;45;4234.4;1816.4;0.0;936.0
cajamarca;46;2613.9;2260.5;0.0;0.0
cajamarca;47;1108.3;720.4;0.0;0.0
cajamarca;48;1951.4;1503.4;0.0;0.0
cajamarca;49;1897.2;1615.6;0.0;0.0
cajamarca;51;719.7;608.3;0.0;0.0
cajamarca;52;365.8;220.6;0.0;0.0
cajamarca;53;1103.8;914.9;0.0;0.0
cajamarca;54;1563.9;1282.1;0.0;0.0
cajamarca;56;1408.1;1149.0;0.0;0.0
cajamarca;60;568.0;481.3;0.0;0.0
cajamarca;61;1130.7;772.6;0.0;0.0
cajamarca;62;2957.1;2380.7;0.0;0.0
cajamarca;63;887.6;699.4;0.0;0.0
cajamarca;65;1652.3;973.6;0.0;0.0
cajamarca;66;1659.8;1322.6;0.0;0.0
cajamarca;67;287.6;161.7;0.0;0.0
cajamarca;68;2393.0;2059.7;0.0;0.0
cajamarca;69;390.9;260.2;0.0;0.0
cajamarca;70;860.2;707.2;0.0;0.0
cajamarca;71;2350.5;2006.1;0.0;0.0
cajamarca;72;711.1;568.7;0.0;0.0
cajamarca;73;1540.4;1251.7;0.0;0.0
cajamarca;74;484.4;306.9;0.0;0.0
cajamarca;75;2321.3;1897.0;0.0;0.0
cajamarca;77;1267.9;1023.7;0.0;0.0
cajamarca;78;1118.8;853.8;0.0;0.0
cajamarca;79;1965.1;1573.1;0.0;0.0
cajamarca;82;1461.4;813.6;0.0;0.0
cajamarca;83;2414.0;1956.7;0.0;0.0
cajamarca;84;1995.6;1538.2;0.0;0.0
cajamarca;85;726.6;630.8;0.0;0.0
cajamarca;86;826.5;534.9;0.0;0.0
cajamarca;87;2446.9;2107.1;0.0;0.0
cajamarca;88;1938.0;1601.8;0.0;0.0
cajamarca;89;160.8;89.0;0.0;0.0
cajamarca;90;1293.6;673.1;0.0;0.0
cajamarca;91;3199.1;2606.8;0.0;0.0
cajamarca;92;165.1;112.0;0.0;0.0
cajamarca;93;1749.7;1406.8;0.0;0.0
cajamarca;94;1477.8;1217.1;0.0;0.0
cajamarca;95;2220.5;1775.2;0.0;0.0
cajamarca;96;1489.8;1103.6;0.0;0.0
cajamarca;97;2450.0;2061.0;0.0;0.0
cajamarca;99;322.0;251.8;0.0;0.0
cajamarca;100;789.8;638.0;0.0;0.0
cajamarca;101;1248.3;631.6;0.0;0.0
cajamarca;102;2689.0;2303.0;0.0;0.0
cajamarca;103;2374.9;1909.3;0.0;0.0
cajamarca;104;1404.1;1075.2;0.0;0.0
cajamarca;105;1239.0;1026.9;0.0;0.0
cajamarca;106;1960.4;1673.6;0.0;0.0
cajamarca;107;1995.5;1644.5;0.0;0.0
cajamarca;108;417.4;277.5;0.0;0.0
cajamarca;109;2180.9;1151.1;0.0;111.1
cajamarca;110;1179.5;919.2;0.0;0.0
cajamarca;111;1555.2;1288.0;0.0;0.0
cajamarca;113;1914.6;1619.2;0.0;0.0
cajamarca;114;1303.3;1071.7;0.0;0.0
cajamarca;117;617.1;528.9;0.0;0.0
cajamarca;120;1652.5;1407.0;0.0;0.0
cajamarca;121;850.9;746.5;0.0;0.0
cajamarca;122;750.1;561.8;0.0;0.0
cajamarca;123;1937.7;1486.7;0.0;0.0
cajamarca;124;2209.2;1793.7;0.0;0.0
cajamarca;125;546.2;464.8;0.0;0.0
cajamarca;126;977.8;787.5;0.0;0.0
cajamarca;128;2546.8;2201.1;0.0;0.0
cajamarca;131;2809.0;2403.4;0.0;0.0
cajamarca;132;779.4;647.0;0.0;0.0
cajamarca;133;612.9;416.1;0.0;0.0
cajamarca;134;884.2;710.1;0.0;0.0
cajamarca;135;407.6;332.5;0.0;0.0
cajamarca;136;2085.7;1763.4;0.0;0.0
cajamarca;137;2505.5;2019.6;0.0;0.0
cajamarca;138;2520.6;2049.8;0.0;0.0
cajamarca;139;366.5;291.8;0.0;0.0
cajamarca;140;2559.2;2210.2;0.0;0.0
cajamarca;141;2655.8;1806.7;0.0;108.0
cajamarca;142;2695.7;2311.5;0.0;0.0
cajamarca;146;1605.2;1362.1;0.0;0.0
cajamarca;147;2388.9;1935.8;0.0;0.0
cajamarca;148;1963.3;1623.2;0.0;0.0
cajamarca;150;2967.1;1399.8;0.0;533.0
cajamarca;151;1391.1;1144.5;0.0;0.0
cajamarca;152;2466.8;1830.7;0.0;0.0
cajamarca;153;759.4;595.4;0.0;0.0
cajamarca;158;794.4;588.5;0.0;0.0
cajamarca;160;897.9;445.6;0.0;0.0
cajamarca;161;250.1;192.6;0.0;0.0
cajamarca;162;2290.9;1969.2;0.0;0.0
cajamarca;164;1845.3;1445.2;0.0;0.0
cajamarca;165;1167.6;937.4;0.0;0.0
cajamarca;166;243.7;132.9;0.0;0.0
cajamarca;167;1851.9;1511.1;0.0;0.0
cajamarca;168;903.5;748.0;0.0;0.0
cajamarca;169;671.0;532.8;0.0;0.0
cajamarca;171;1664.2;1356.2;0.0;0.0
cajamarca;172;1334.7;1103.3;0.0;0.0
cajamarca;173;2377.1;1919.5;0.0;0.0
cajamarca;176;2352.1;1963.3;0.0;0.0
cajamarca;177;2093.9;1785.6;0.0;0.0
cajamarca;178;1251.8;1037.7;0.0;0.0
cajamarca;180;1311.7;1085.7;0.0;0.0
cajamarca;183;1650.0;966.0;0.0;0.0
cajamarca;184;1357.7;1125.6;0.0;0.0
cajamarca;185;1892.8;1583.6;0.0;0.0
cajamarca;187;2235.7;1911.1;0.0;0.0
cajamarca;188;727.2;361.2;0.0;0.0
cajamarca;189;2932.9;1369.9;0.0;533.0
cajamarca;190;2509.4;2141.8;0.0;0.0
cajamarca;192;744.9;457.5;0.0;0.0
cajamarca;193;236.1;159.4;0.0;0.0
cajamarca;194;1690.8;1385.4;0.0;0.0
cajamarca;195;2100.1;1801.5;0.0;0.0
cajamarca;198;2932.5;2251.4;0.0;0.0
cajamarca;199;1128.2;929.8;0.0;0.0
cajamarca;201;1536.1;1137.3;0.0;0.0
cajamarca;205;1022.8;842.6;0.0;0.0
cajamarca;206;2293.0;1964.9;0.0;0.0
cajamarca;208;1933.2;1495.4;0.0;0.0
cajamarca;211;2496.6;2131.5;0.0;0.0
cajamarca;214;938.6;772.6;0.0;0.0
cajamarca;217;1073.1;888.6;0.0;0.0
cajamarca;218;586.0;501.1;0.0;0.0
cajamarca;219;1105.0;908.9;0.0;0.0
cajamarca;222;703.7;400.3;0.0;0.0
cajamarca;223;1868.7;1505.8;0.0;0.0
cajamarca;224;2369.6;1711.0;0.0;14.0
cajamarca;225;2426.6;1640.4;0.0;149.1
cajamarca;226;1416.0;1178.4;0.0;0.0
cajamarca;227;2403.8;1938.7;0.0;0.0
cajamarca;230;1635.5;1197.1;0.0;0.0
cajamarca;232;2536.9;2195.0;0.0;0.0
cajamarca;233;1455.0;1192.4;0.0;0.0
cajamarca;234;500.7;287.3;0.0;0.0
cajamarca;235;2391.3;1785.3;0.0;0.0
cajamarca;238;976.9;806.6;0.0;0.0
cajamarca;239;1570.1;1300.5;0.0;0.0
cajamarca;240;1369.4;1143.9;0.0;0.0
cajamarca;244;839.4;639.7;0.0;0.0
cajamarca;245;3129.7;1446.3;0.0;559.9
cajamarca;246;2006.6;1712.5;0.0;0.0
cajamarca;248;1804.5;1542.5;0.0;0.0
cajamarca;254;1006.0;791.4;0.0;0.0
cajamarca;256;2486.1;2018.4;0.0;0.0
cajamarca;258;1134.2;741.1;0.0;0.0
cajamarca;259;1127.4;918.1;0.0;0.0
cajamarca;261;1263.0;1000.7;0.0;0.0
cajamarca;265;2230.2;1747.5;0.0;0.0
cajamarca;268;1300.9;1024.2;0.0;0.0
cajamarca;273;2706.2;2307.8;0.0;0.0
puno;0;2042.5;1761.9;0.0;0.0
puno;1;2657.2;2323.7;0.0;0.0
puno;2;2474.3;2129.9;0.0;0.0
puno;3;621.8;454.4;0.0;0.0
puno;4;609.8;489.3;28.8;0.0
puno;5;1731.3;1499.5;0.0;0.0
puno;6;2766.5;2433.8;0.0;0.0
puno;7;2891.1;2492.7;0.0;0.0
puno;8;2006.1;1724.2;0.0;0.0
puno;9;1828.0;1589.1;0.0;0.0
puno;10;1205.8;908.6;0.0;0.0
puno;11;9.0;1.1;0.0;0.0
puno;12;285.4;250.2;0.0;0.0
puno;13;1203.8;908.5;0.0;0.0
puno;14;1937.4;1683.2;0.0;0.0
puno;15;1883.7;1641.2;0.0;0.0
puno;16;406.7;295.2;0.0;0.0
puno;17;1166.0;820.8;0.0;0.0
puno;18;685.4;556.9;0.0;0.0
puno;19;2359.2;2012.0;0.0;0.0
puno;20;323.4;215.3;0.0;0.0
puno;21;2623.1;2228.9;0.0;0.0
puno;22;1951.0;1613.3;0.0;0.0
puno;23;314.9;242.9;0.0;0.0
puno;24;735.9;608.4;0.0;0.0
puno;25;2385.9;2078.0;0.0;0.0
puno;26;264.9;179.4;0.0;0.0
puno;27;962.0;847.8;0.0;0.0
puno;28;1679.8;1440.3;0.0;0.0
puno;29;349.0;292.6;0.0;0.0
puno;30;1755.8;1530.6;0.0;0.0
puno;31;1450.9;1281.0;0.0;0.0
puno;32;1951.7;1698.8;0.0;0.0
puno;33;1556.2;1164.4;0.0;0.0
puno;34;332.8;257.2;0.0;0.0
puno;36;428.5;386.5;0.0;0.0
puno;37;1799.6;1567.3;0.0;0.0
puno;38;155.4;138.3;0.0;0.0
puno;39;697.0;530.7;0.0;0.0
puno;40;339.3;291.2;0.0;0.0
puno;41;2822.3;2440.9;0.0;0.0
puno;42;2356.8;2044.4;0.0;0.0
puno;45;5892.6;3395.0;0.0;936.0
puno;46;147.9;131.0;0.0;0.0
puno;47;2474.3;2107.4;0.0;0.0
puno;48;1215.7;910.3;0.0;0.0
puno;49;583.7;514.2;0.0;0.0
puno;51;2743.6;2397.0;0.0;0.0
puno;52;2325.2;1906.6;0.0;0.0
puno;53;1530.2;1350.2;0.0;0.0
puno;54;1482.3;1103.3;0.0;0.0
puno;56;1507.3;1306.5;0.0;0.0
puno;60;2591.9;2270.0;0.0;0.0
puno;61;2788.9;2351.3;0.0;0.0
puno;62;733.3;605.2;0.0;0.0
puno;63;1994.6;1716.1;0.0;0.0
puno;65;2230.9;1583.2;0.0;0.0
puno;66;1947.1;1343.7;0.0;0.0
puno;67;2246.9;1942.6;0.0;0.0
puno;68;469.8;359.0;0.0;0.0
puno;69;2218.4;1917.8;0.0;0.0
puno;70;1624.0;1425.1;0.0;0.0
puno;71;352.9;275.9;0.0;0.0
puno;72;1974.2;1716.6;0.0;0.0
puno;73;1367.2;1027.9;0.0;0.0
puno;74;2704.3;2340.2;0.0;0.0
puno;75;638.1;440.2;0.0;0.0
puno;77;1691.0;1278.7;0.0;0.0
puno;78;1973.2;1618.9;0.0;0.0
puno;79;889.2;685.8;0.0;0.0
puno;82;2161.9;1857.2;0.0;0.0
puno;83;376.8;339.8;0.0;0.0
puno;84;1103.4;834.4;0.0;0.0
puno;85;2750.4;2419.5;0.0;0.0
puno;86;2756.7;2294.3;0.0;0.0
puno;87;95.4;76.9;0.0;0.0
puno;88;853.4;695.0;0.0;0.0
puno;89;2625.8;2218.0;0.0;0.0
puno;90;2125.0;1837.7;0.0;0.0
puno;91;975.3;831.3;0.0;0.0
puno;92;2584.4;2199.0;0.0;0.0
puno;93;1260.5;936.0;0.0;0.0
puno;94;1677.1;1191.9;0.0;0.0
puno;95;822.7;566.5;0.0;0.0
puno;96;1836.9;1315.6;0.0;0.0
puno;97;246.3;189.3;0.0;0.0
puno;99;2345.9;2040.4;0.0;0.0
puno;100;1895.9;1647.7;0.0;0.0
puno;101;2229.5;1932.7;0.0;0.0
puno;102;309.5;254.6;0.0;0.0
puno;103;494.7;444.4;0.0;0.0
puno;104;1534.5;1319.5;0.0;0.0
puno;105;1338.2;1184.4;0.0;0.0
puno;106;520.9;456.4;0.0;0.0
puno;107;986.0;679.1;0.0;0.0
puno;108;2206.2;1909.8;0.0;0.0
puno;109;2759.5;1760.8;0.0;111.1
puno;110;1702.2;1485.9;0.0;0.0
puno;111;1599.8;1121.2;0.0;0.0
puno;113;786.6;664.0;0.0;0.0
puno;114;1677.8;1268.6;0.0;0.0
puno;117;2641.0;2317.6;0.0;0.0
puno;120;831.9;724.2;0.0;0.0
puno;121;2874.8;2535.2;0.0;0.0
puno;122;2773.9;2350.4;0.0;0.0
puno;123;1980.8;1318.6;0.0;0.0
puno;124;582.6;503.3;0.0;0.0
puno;125;2570.1;2253.5;0.0;0.0
puno;126;1986.4;1711.3;0.0;0.0
puno;128;163.0;140.1;0.0;0.0
puno;131;429.5;355.0;0.0;0.0
puno;132;2803.2;2435.7;0.0;0.0
puno;133;2832.8;2449.4;0.0;0.0
puno;134;1892.8;1634.0;0.0;0.0
puno;135;2431.5;2121.1;0.0;0.0
puno;136;550.7;470.2;0.0;0.0
puno;137;458.7;395.6;0.0;0.0
puno;138;272.4;246.5;0.0;0.0
puno;139;2114.9;1837.8;0.0;0.0
puno;140;93.2;80.7;0.0;0.0
puno;141;1350.4;844.3;0.0;104.8
puno;142;311.8;250.5;0.0;0.0
puno;146;937.7;808.1;0.0;0.0
puno;147;509.2;354.7;0.0;0.0
puno;148;828.4;673.7;0.0;0.0
puno;150;4625.3;2978.4;0.0;533.0
puno;151;1764.7;1264.6;0.0;0.0
puno;152;652.8;509.7;39.6;0.0
puno;153;2783.3;2384.1;0.0;0.0
puno;158;2818.3;2377.1;0.0;0.0
puno;160;2439.1;1975.5;0.0;0.0
puno;161;2238.6;1945.5;0.0;0.0
puno;162;190.2;160.5;0.0;0.0
puno;164;1202.6;855.3;0.0;0.0
puno;165;1576.1;1342.3;0.0;0.0
puno;166;2526.0;2143.8;0.0;0.0
puno;167;1050.3;762.1;0.0;0.0
puno;168;1611.3;1421.0;0.0;0.0
puno;169;2014.3;1752.1;0.0;0.0
puno;171;1267.0;950.8;0.0;0.0
puno;172;1606.4;1211.5;0.0;0.0
puno;173;474.0;425.7;0.0;0.0
puno;176;412.5;258.4;0.0;0.0
puno;177;469.9;401.6;0.0;0.0
puno;178;1229.8;1092.6;0.0;0.0
puno;180;1191.4;1056.3;0.0;0.0
puno;183;2082.2;1443.8;0.0;0.0
puno;184;1579.2;1185.9;0.0;0.0
puno;185;879.5;719.6;0.0;0.0
puno;187;428.2;345.0;0.0;0.0
puno;188;2268.3;1890.9;0.0;0.0
puno;189;4591.1;2948.6;0.0;533.0
puno;190;171.2;139.1;0.0;0.0
puno;192;2835.7;2370.2;0.0;0.0
puno;193;2374.1;2022.3;0.0;0.0
puno;194;1173.4;885.8;0.0;0.0
puno;195;389.5;335.9;0.0;0.0
puno;198;933.1;667.5;0.0;0.0
puno;199;1353.5;1200.2;0.0;0.0
puno;201;1955.9;1393.6;0.0;0.0
puno;205;1459.6;1287.8;0.0;0.0
puno;206;452.2;363.3;0.0;0.0
puno;208;1165.8;877.4;0.0;0.0
puno;211;353.4;270.1;0.0;0.0
puno;214;1543.8;1357.5;0.0;0.0
puno;217;1499.4;1323.9;0.0;0.0
puno;218;2609.8;2289.8;0.0;0.0
puno;219;1581.0;1389.0;0.0;0.0
puno;222;3048.0;2591.0;0.0;0.0
puno;223;983.9;752.2;0.0;0.0
puno;224;1064.2;748.6;0.0;10.8
puno;225;1755.9;980.0;0.0;240.9
puno;226;1515.7;1128.7;0.0;0.0
puno;227;431.8;387.0;0.0;0.0
puno;230;2055.2;1453.4;0.0;0.0
puno;232;153.1;134.0;0.0;0.0
puno;233;1619.6;1197.5;0.0;0.0
puno;234;2241.0;1875.3;0.0;0.0
puno;235;707.5;587.3;0.0;0.0
puno;238;1684.7;1479.6;0.0;0.0
puno;239;1584.6;1108.2;0.0;0.0
puno;240;1113.2;987.0;0.0;0.0
puno;244;2105.3;1792.0;0.0;0.0
puno;245;4788.0;3024.9;0.0;559.9
puno;246;517.4;435.7;0.0;0.0
puno;248;676.9;587.4;0.0;0.0
puno;254;1866.5;1571.2;0.0;0.0
puno;256;305.2;278.2;0.0;0.0
puno;258;2470.1;2103.2;0.0;0.0
puno;259;1519.5;1324.0;0.0;0.0
puno;261;1726.1;1511.3;0.0;0.0
puno;265;819.6;575.3;0.0;0.0
puno;268;1638.5;1371.0;0.0;0.0
puno;273;322.3;246.8;0.0;0.0
ayacucho;0;919.7;724.9;0.0;0.0
ayacucho;1;1873.8;1581.7;0.0;0.0
ayacucho;2;1690.8;1387.9;0.0;0.0
ayacucho;3;875.4;514.0;0.0;0.0
ayacucho;4;909.1;525.5;10.8;0.0
ayacucho;5;814.7;573.6;0.0;0.0
ayacucho;6;1983.0;1691.8;0.0;0.0
ayacucho;7;1948.7;1508.4;0.0;0.0
ayacucho;8;1132.7;823.6;0.0;0.0
ayacucho;9;656.1;502.3;0.0;0.0
ayacucho;10;8.3;0.6;0.0;0.0
ayacucho;11;1206.4;908.8;0.0;0.0
ayacucho;12;1151.1;832.9;0.0;0.0
ayacucho;13;103.8;71.9;0.0;0.0
ayacucho;14;1153.9;941.3;0.0;0.0
ayacucho;15;760.9;604.2;0.0;0.0
ayacucho;16;1482.0;1061.6;0.0;0.0
ayacucho;17;164.0;104.9;0.0;0.0
ayacucho;18;529.5;352.4;0.0;0.0
ayacucho;19;1575.8;1270.0;0.0;0.0
ayacucho;20;1522.1;1124.0;0.0;0.0
ayacucho;21;1500.3;1191.9;0.0;0.0
ayacucho;22;902.9;678.0;0.0;0.0
ayacucho;23;1237.4;876.5;0.0;0.0
ayacucho;24;729.9;438.3;0.0;0.0
ayacucho;25;1602.5;1336.0;0.0;0.0
ayacucho;26;1450.9;1008.9;0.0;0.0
ayacucho;27;522.0;356.5;0.0;0.0
ayacucho;28;642.8;473.2;0.0;0.0
ayacucho;29;1112.1;791.6;0.0;0.0
ayacucho;30;633.0;493.5;0.0;0.0
ayacucho;31;667.4;539.0;0.0;0.0
ayacucho;32;1168.2;956.8;0.0;0.0
ayacucho;33;359.8;259.7;0.0;0.0
ayacucho;34;1258.3;1008.1;0.0;0.0
ayacucho;36;785.0;522.3;0.0;0.0
ayacucho;37;1016.2;825.3;0.0;0.0
ayacucho;38;1059.2;771.3;0.0;0.0
ayacucho;39;1119.1;726.9;0.0;0.0
ayacucho;40;1153.7;919.5;0.0;0.0
ayacucho;41;1879.9;1456.6;0.0;0.0
ayacucho;42;1573.4;1302.4;0.0;0.0
ayacucho;45;4769.8;2358.0;0.0;936.0
ayacucho;46;1346.6;1039.7;0.0;0.0
ayacucho;47;1351.5;1070.4;0.0;0.0
ayacucho;48;345.7;192.4;0.0;0.0
ayacucho;49;898.0;688.8;0.0;0.0
ayacucho;51;1960.1;1655.0;0.0;0.0
ayacucho;52;1541.7;1164.6;0.0;0.0
ayacucho;53;632.3;487.9;0.0;0.0
ayacucho;54;312.2;198.7;0.0;0.0
ayacucho;56;526.5;374.1;0.0;0.0
ayacucho;60;1808.4;1528.0;0.0;0.0
ayacucho;61;1666.1;1314.2;0.0;0.0
ayacucho;62;1379.8;993.0;0.0;0.0
ayacucho;63;1121.2;815.5;0.0;0.0
ayacucho;65;1121.9;854.7;0.0;0.0
ayacucho;66;838.1;615.2;0.0;0.0
ayacucho;67;1463.4;1200.6;0.0;0.0
ayacucho;68;1393.8;1132.9;0.0;0.0
ayacucho;69;1435.0;1175.8;0.0;0.0
ayacucho;70;840.5;683.1;0.0;0.0
ayacucho;71;1277.2;779.6;0.0;0.0
ayacucho;72;1190.7;974.6;0.0;0.0
ayacucho;73;211.8;157.6;0.0;0.0
ayacucho;74;1920.8;1598.2;0.0;0.0
ayacucho;75;1078.0;663.5;0.0;0.0
ayacucho;77;494.5;374.1;0.0;0.0
ayacucho;78;957.4;656.7;0.0;0.0
ayacucho;79;325.8;223.9;0.0;0.0
ayacucho;82;1039.2;820.2;0.0;0.0
ayacucho;83;836.7;569.0;0.0;0.0
ayacucho;84;362.3;212.2;0.0;0.0
ayacucho;85;1967.0;1677.5;0.0;0.0
ayacucho;86;1633.9;1257.3;0.0;0.0
ayacucho;87;1144.0;845.5;0.0;0.0
ayacucho;88;571.0;377.3;0.0;0.0
ayacucho;89;1842.3;1476.0;0.0;0.0
ayacucho;90;1002.3;800.7;0.0;0.0
ayacucho;91;1621.8;1219.0;0.0;0.0
ayacucho;92;1801.0;1457.0;0.0;0.0
ayacucho;93;160.5;99.4;0.0;0.0
ayacucho;94;656.1;509.7;0.0;0.0
ayacucho;95;673.3;398.8;0.0;0.0
ayacucho;96;673.9;513.8;0.0;0.0
ayacucho;97;1445.0;1098.0;0.0;0.0
ayacucho;99;1562.4;1298.4;0.0;0.0
ayacucho;100;1112.5;905.7;0.0;0.0
ayacucho;101;1106.7;895.6;0.0;0.0
ayacucho;102;1248.2;885.5;0.0;0.0
ayacucho;103;797.5;521.6;0.0;0.0
ayacucho;104;553.6;387.1;0.0;0.0
ayacucho;105;554.8;442.5;0.0;0.0
ayacucho;106;961.1;746.7;0.0;0.0
ayacucho;107;777.8;484.3;0.0;0.0
ayacucho;108;1422.8;1167.8;0.0;0.0
ayacucho;109;1650.4;1032.3;0.0;111.1
ayacucho;110;643.4;505.5;0.0;0.0
ayacucho;111;729.9;403.3;0.0;0.0
ayacucho;113;836.5;527.6;0.0;0.0
ayacucho;114;481.4;364.0;0.0;0.0
ayacucho;117;1857.5;1575.6;0.0;0.0
ayacucho;120;653.2;480.2;0.0;0.0
ayacucho;121;2091.3;1793.2;0.0;0.0
ayacucho;122;1990.5;1608.4;0.0;0.0
ayacucho;123;1110.9;600.7;0.0;0.0
ayacucho;124;631.8;405.9;0.0;0.0
ayacucho;125;1786.6;1511.5;0.0;0.0
ayacucho;126;978.7;733.0;0.0;0.0
ayacucho;128;1259.8;944.2;0.0;0.0
ayacucho;131;1264.2;873.4;0.0;0.0
ayacucho;132;2019.8;1693.7;0.0;0.0
ayacucho;133;2049.3;1707.4;0.0;0.0
ayacucho;134;1109.4;892.0;0.0;0.0
ayacucho;135;1648.0;1379.1;0.0;0.0
ayacucho;136;1086.4;836.6;0.0;0.0
ayacucho;137;928.2;631.8;0.0;0.0
ayacucho;138;943.3;662.1;0.0;0.0
ayacucho;139;1331.5;1095.8;0.0;0.0
ayacucho;140;1291.9;989.4;0.0;0.0
ayacucho;141;1022.5;480.7;0.0;108.0
ayacucho;142;1329.0;967.3;0.0;0.0
ayacucho;146;605.9;435.3;0.0;0.0
ayacucho;147;1379.3;803.3;0.0;0.0
ayacucho;148;546.1;356.0;0.0;0.0
ayacucho;150;3502.5;1941.4;0.0;533.0
ayacucho;151;569.5;437.1;0.0;0.0
ayacucho;152;833.5;504.7;0.0;0.0
ayacucho;153;1999.8;1642.1;0.0;0.0
ayacucho;158;2034.8;1635.2;0.0;0.0
ayacucho;160;1398.5;1028.3;0.0;0.0
ayacucho;161;1455.1;1203.5;0.0;0.0
ayacucho;162;1211.0;884.5;0.0;0.0
ayacucho;164;186.3;92.2;0.0;0.0
ayacucho;165;729.3;537.5;0.0;0.0
ayacucho;166;1742.6;1401.9;0.0;0.0
ayacucho;167;415.1;252.0;0.0;0.0
ayacucho;168;827.8;679.0;0.0;0.0
ayacucho;169;1230.8;1010.1;0.0;0.0
ayacucho;171;70.6;46.1;0.0;0.0
ayacucho;172;410.0;306.9;0.0;0.0
ayacucho;173;799.8;531.8;0.0;0.0
ayacucho;176;1352.8;1036.5;0.0;0.0
ayacucho;177;1094.6;858.8;0.0;0.0
ayacucho;178;446.4;350.6;0.0;0.0
ayacucho;180;443.4;345.4;0.0;0.0
ayacucho;183;973.1;715.3;0.0;0.0
ayacucho;184;382.8;281.3;0.0;0.0
ayacucho;185;745.2;476.8;0.0;0.0
ayacucho;187;1236.4;984.3;0.0;0.0
ayacucho;188;1484.8;1148.9;0.0;0.0
ayacucho;189;3468.3;1911.6;0.0;533.0
ayacucho;190;1369.9;1047.8;0.0;0.0
ayacucho;192;1712.9;1333.2;0.0;0.0
ayacucho;193;1590.6;1280.3;0.0;0.0
ayacucho;194;73.4;49.3;0.0;0.0
ayacucho;195;1100.8;874.7;0.0;0.0
ayacucho;198;1355.2;863.7;0.0;0.0
ayacucho;199;570.1;458.2;0.0;0.0
ayacucho;201;793.0;591.7;0.0;0.0
ayacucho;205;676.1;545.8;0.0;0.0
ayacucho;206;1293.8;1038.1;0.0;0.0
ayacucho;208;299.9;169.4;0.0;0.0
ayacucho;211;1497.4;1204.7;0.0;0.0
ayacucho;214;760.3;615.5;0.0;0.0
ayacucho;217;669.8;519.3;0.0;0.0
ayacucho;218;1826.3;1547.8;0.0;0.0
ayacucho;219;745.5;535.2;0.0;0.0
ayacucho;222;2063.1;1560.5;0.0;0.0
ayacucho;223;229.5;156.6;0.0;0.0
ayacucho;224;736.3;385.0;0.0;14.0
ayacucho;225;1427.9;616.4;0.0;244.1
ayacucho;226;319.3;224.1;0.0;0.0
ayacucho;227;826.5;551.0;0.0;0.0
ayacucho;230;892.3;651.6;0.0;0.0
ayacucho;232;1213.2;895.2;0.0;0.0
ayacucho;233;423.2;292.9;0.0;0.0
ayacucho;234;1457.5;1133.3;0.0;0.0
ayacucho;235;758.0;459.3;0.0;0.0
ayacucho;238;839.0;616.4;0.0;0.0
ayacucho;239;714.6;390.3;0.0;0.0
ayacucho;240;500.8;323.1;0.0;0.0
ayacucho;244;1321.9;1050.0;0.0;0.0
ayacucho;245;3665.2;1987.9;0.0;559.9
ayacucho;246;1007.4;785.7;0.0;0.0
ayacucho;248;805.2;615.7;0.0;0.0
ayacucho;254;944.2;654.6;0.0;0.0
ayacucho;256;908.7;630.6;0.0;0.0
ayacucho;258;1347.3;1066.2;0.0;0.0
ayacucho;259;736.0;582.0;0.0;0.0
ayacucho;261;554.2;424.4;0.0;0.0
ayacucho;265;886.7;547.7;0.0;0.0
ayacucho;268;587.4;417.2;0.0;0.0
ayacucho;273;1304.4;915.7;0.0;0.0
huaraz;0;621.3;439.8;0.0;0.0
huaraz;1;931.7;796.0;0.0;0.0
huaraz;2;748.8;602.1;0.0;0.0
huaraz;3;1817.5;1381.6;0.0;0.0
huaraz;4;1954.5;1508.2;28.8;0.0
huaraz;5;488.1;380.6;0.0;0.0
huaraz;6;1041.0;906.0;0.0;0.0
huaraz;7;1165.6;965.0;0.0;0.0
huaraz;8;159.9;106.3;0.0;0.0
huaraz;9;703.6;514.7;0.0;0.0
huaraz;10;1153.8;941.3;0.0;0.0
huaraz;11;1938.2;1683.6;0.0;0.0
huaraz;12;2129.5;1852.6;0.0;0.0
huaraz;13;1185.7;962.2;0.0;0.0
huaraz;14;8.0;0.5;0.0;0.0
huaraz;15;461.5;318.6;0.0;0.0
huaraz;16;2255.1;1910.2;0.0;0.0
huaraz;17;1245.9;995.2;0.0;0.0
huaraz;18;1571.3;1294.2;0.0;0.0
huaraz;19;587.2;348.2;0.0;0.0
huaraz;20;2001.1;1666.4;0.0;0.0
huaraz;21;1201.9;906.8;0.0;0.0
huaraz;22;363.9;244.7;0.0;0.0
huaraz;23;1810.3;1551.3;0.0;0.0
huaraz;24;1827.7;1318.3;0.0;0.0
huaraz;25;660.4;550.2;0.0;0.0
huaraz;26;1917.8;1567.2;0.0;0.0
huaraz;27;985.8;837.3;0.0;0.0
huaraz;28;671.9;524.7;0.0;0.0
huaraz;29;1947.3;1629.2;0.0;0.0
huaraz;30;589.7;418.2;0.0;0.0
huaraz;31;496.1;404.4;0.0;0.0
huaraz;32;255.6;184.8;0.0;0.0
huaraz;33;841.2;697.8;0.0;0.0
huaraz;34;1722.1;1488.9;0.0;0.0
huaraz;36;1826.8;1464.1;0.0;0.0
huaraz;37;286.6;156.3;0.0;0.0
huaraz;38;1995.3;1717.7;0.0;0.0
huaraz;39;2161.0;1668.6;0.0;0.0
huaraz;40;1617.5;1400.4;0.0;0.0
huaraz;41;1096.8;913.1;0.0;0.0
huaraz;42;631.3;516.6;0.0;0.0
huaraz;45;4471.4;2072.9;0.0;936.0
huaraz;46;2078.4;1814.5;0.0;0.0
huaraz;47;1053.1;785.3;0.0;0.0
huaraz;48;1374.6;972.7;0.0;0.0
huaraz;49;1361.8;1169.6;0.0;0.0
huaraz;51;1018.0;869.2;0.0;0.0
huaraz;52;505.0;309.5;0.0;0.0
huaraz;53;568.4;468.9;0.0;0.0
huaraz;54;1028.4;836.2;0.0;0.0
huaraz;56;872.7;703.0;0.0;0.0
huaraz;60;866.3;742.2;0.0;0.0
huaraz;61;1367.7;1029.1;0.0;0.0
huaraz;62;2421.6;1934.7;0.0;0.0
huaraz;63;148.4;98.3;0.0;0.0
huaraz;65;931.6;695.2;0.0;0.0
huaraz;66;1083.0;791.9;0.0;0.0
huaraz;67;521.4;414.8;0.0;0.0
huaraz;68;1857.6;1613.7;0.0;0.0
huaraz;69;492.9;390.0;0.0;0.0
huaraz;70;324.7;261.3;0.0;0.0
huaraz;71;1815.0;1560.1;0.0;0.0
huaraz;72;44.8;33.7;0.0;0.0
huaraz;73;1004.9;805.7;0.0;0.0
huaraz;74;978.8;812.4;0.0;0.0
huaraz;75;1785.9;1451.1;0.0;0.0
huaraz;77;732.4;577.7;0.0;0.0
huaraz;78;379.6;252.7;0.0;0.0
huaraz;79;1429.6;1127.1;0.0;0.0
huaraz;82;740.7;535.1;0.0;0.0
huaraz;83;1878.6;1510.8;0.0;0.0
huaraz;84;1460.1;1092.2;0.0;0.0
huaraz;85;1024.9;891.7;0.0;0.0
huaraz;86;1335.5;972.1;0.0;0.0
huaraz;87;1911.5;1661.1;0.0;0.0
huaraz;88;1402.6;1155.8;0.0;0.0
huaraz;89;900.3;690.3;0.0;0.0
huaraz;90;703.9;515.6;0.0;0.0
huaraz;91;2663.6;2160.8;0.0;0.0
huaraz;92;858.9;671.3;0.0;0.0
huaraz;93;1214.2;960.8;0.0;0.0
huaraz;94;901.0;686.4;0.0;0.0
huaraz;95;1685.0;1329.2;0.0;0.0
huaraz;96;862.3;557.2;0.0;0.0
huaraz;97;1914.5;1615.0;0.0;0.0
huaraz;99;620.3;512.7;0.0;0.0
huaraz;100;50.5;36.8;0.0;0.0
huaraz;101;808.3;610.5;0.0;0.0
huaraz;102;2153.5;1857.0;0.0;0.0
huaraz;103;1839.4;1463.3;0.0;0.0
huaraz;104;868.6;629.2;0.0;0.0
huaraz;105;703.6;580.9;0.0;0.0
huaraz;106;1424.9;1227.6;0.0;0.0
huaraz;107;1460.0;1198.5;0.0;0.0
huaraz;108;480.7;382.0;0.0;0.0
huaraz;109;1460.2;872.7;0.0;111.1
huaraz;110;638.2;470.3;0.0;0.0
huaraz;111;978.4;757.3;0.0;0.0
huaraz;113;1379.1;1173.2;0.0;0.0
huaraz;114;737.5;556.5;0.0;0.0
huaraz;117;915.5;789.8;0.0;0.0
huaraz;120;1117.0;961.0;0.0;0.0
huaraz;121;1149.3;1007.4;0.0;0.0
huaraz;122;1048.4;822.7;0.0;0.0
huaraz;123;1360.9;956.0;0.0;0.0
huaraz;124;1673.7;1347.7;0.0;0.0
huaraz;125;844.6;725.7;0.0;0.0
huaraz;126;238.5;186.3;0.0;0.0
huaraz;128;2011.4;1755.1;0.0;0.0
huaraz;131;2273.5;1957.4;0.0;0.0
huaraz;132;1077.7;907.9;0.0;0.0
huaraz;133;1107.2;921.6;0.0;0.0
huaraz;134;144.9;109.0;0.0;0.0
huaraz;135;706.0;593.4;0.0;0.0
huaraz;136;1550.2;1317.4;0.0;0.0
huaraz;137;1970.0;1573.6;0.0;0.0
huaraz;138;1985.1;1603.8;0.0;0.0
huaraz;139;389.4;310.0;0.0;0.0
huaraz;140;2023.8;1764.2;0.0;0.0
huaraz;141;2120.3;1360.8;0.0;108.0
huaraz;142;2160.2;1865.5;0.0;0.0
huaraz;146;1069.7;916.1;0.0;0.0
huaraz;147;1853.4;1489.8;0.0;0.0
huaraz;148;1427.9;1177.3;0.0;0.0
huaraz;150;3204.1;1656.3;0.0;533.0
huaraz;151;814.4;613.8;0.0;0.0
huaraz;152;1931.3;1384.7;0.0;0.0
huaraz;153;1057.7;856.3;0.0;0.0
huaraz;158;1092.8;849.4;0.0;0.0
huaraz;160;509.8;292.5;0.0;0.0
huaraz;161;513.1;417.7;0.0;0.0
huaraz;162;1755.4;1523.2;0.0;0.0
huaraz;164;1309.8;999.2;0.0;0.0
huaraz;165;632.1;491.4;0.0;0.0
huaraz;166;800.5;616.1;0.0;0.0
huaraz;167;1316.4;1065.2;0.0;0.0
huaraz;168;368.0;302.1;0.0;0.0
huaraz;169;84.9;69.2;0.0;0.0
huaraz;171;1128.8;910.2;0.0;0.0
huaraz;172;799.2;657.4;0.0;0.0
huaraz;173;1841.7;1473.5;0.0;0.0
huaraz;176;1816.6;1517.3;0.0;0.0
huaraz;177;1558.4;1339.7;0.0;0.0
huaraz;178;716.3;591.7;0.0;0.0
huaraz;180;776.2;639.7;0.0;0.0
huaraz;183;929.4;687.5;0.0;0.0
huaraz;184;822.3;679.6;0.0;0.0
huaraz;185;1357.3;1137.7;0.0;0.0
huaraz;187;1700.2;1465.2;0.0;0.0
huaraz;188;338.9;207.9;0.0;0.0
huaraz;189;3169.9;1626.4;0.0;533.0
huaraz;190;1974.0;1695.8;0.0;0.0
huaraz;192;1263.3;1036.1;0.0;0.0
huaraz;193;602.1;358.4;0.0;0.0
huaraz;194;1155.3;939.5;0.0;0.0
huaraz;195;1564.6;1355.6;0.0;0.0
huaraz;198;2397.1;1805.5;0.0;0.0
huaraz;199;592.8;483.9;0.0;0.0
huaraz;201;908.7;590.9;0.0;0.0
huaraz;205;487.3;396.6;0.0;0.0
huaraz;206;1757.6;1518.9;0.0;0.0
huaraz;208;1397.7;1049.4;0.0;0.0
huaraz;211;1961.2;1685.5;0.0;0.0
huaraz;214;403.1;326.7;0.0;0.0
huaraz;217;537.6;442.6;0.0;0.0
huaraz;218;884.3;762.0;0.0;0.0
huaraz;219;569.5;462.9;0.0;0.0
huaraz;222;1322.5;1063.2;0.0;0.0
huaraz;223;1333.3;1059.8;0.0;0.0
huaraz;224;1834.1;1265.0;0.0;14.0
huaraz;225;1849.8;1109.7;0.0;149.1
huaraz;226;880.6;732.4;0.0;0.0
huaraz;227;1868.4;1492.7;0.0;0.0
huaraz;230;1008.0;650.8;0.0;0.0
huaraz;232;2001.5;1749.0;0.0;0.0
huaraz;233;919.5;746.4;0.0;0.0
huaraz;234;417.2;269.8;0.0;0.0
huaraz;235;1855.8;1339.4;0.0;0.0
huaraz;238;441.5;360.7;0.0;0.0
huaraz;239;993.3;769.8;0.0;0.0
huaraz;240;834.0;697.9;0.0;0.0
huaraz;244;176.0;109.0;0.0;0.0
huaraz;245;3366.8;1702.8;0.0;559.9
huaraz;246;1471.2;1266.5;0.0;0.0
huaraz;248;1269.0;1096.6;0.0;0.0
huaraz;254;443.9;237.6;0.0;0.0
huaraz;256;1950.6;1572.4;0.0;0.0
huaraz;258;1048.9;781.1;0.0;0.0
huaraz;259;592.0;472.1;0.0;0.0
huaraz;261;665.4;497.0;0.0;0.0
huaraz;265;1694.8;1301.5;0.0;0.0
huaraz;268;765.4;578.2;0.0;0.0
huaraz;273;2170.7;1861.8;0.0;0.0
huanuco;0;168.5;121.4;0.0;0.0
huanuco;1;1384.7;1113.8;0.0;0.0
huanuco;2;1201.7;920.0;0.0;0.0
huanuco;3;1626.7;1114.0;0.0;0.0
huanuco;4;1572.5;1042.2;10.8;0.0
huanuco;5;360.6;223.2;0.0;0.0
huanuco;6;1493.9;1223.8;0.0;0.0
huanuco;7;1197.6;904.9;0.0;0.0
huanuco;8;384.4;222.8;0.0;0.0
huanuco;9;254.7;199.6;0.0;0.0
huanuco;10;761.8;604.6;0.0;0.0
huanuco;11;1884.2;1641.2;0.0;0.0
huanuco;12;1902.4;1433.0;0.0;0.0
huanuco;13;855.2;672.0;0.0;0.0
huanuco;14;461.0;318.1;0.0;0.0
huanuco;15;8.4;0.6;0.0;0.0
huanuco;16;2201.0;1867.8;0.0;0.0
huanuco;17;915.4;705.0;0.0;0.0
huanuco;18;1280.8;952.4;0.0;0.0
huanuco;19;1040.2;666.0;0.0;0.0
huanuco;20;1947.0;1623.9;0.0;0.0
huanuco;21;749.1;588.4;0.0;0.0
huanuco;22;154.6;77.2;0.0;0.0
huanuco;23;1756.2;1508.8;0.0;0.0
huanuco;24;1393.3;954.9;0.0;0.0
huanuco;25;1113.4;868.1;0.0;0.0
huanuco;26;1863.7;1524.8;0.0;0.0
huanuco;27;931.7;794.9;0.0;0.0
huanuco;28;300.6;223.9;0.0;0.0
huanuco;29;1863.5;1391.6;0.0;0.0
huanuco;30;140.8;103.1;0.0;0.0
huanuco;31;442.0;362.0;0.0;0.0
huanuco;32;708.2;502.3;0.0;0.0
huanuco;33;409.3;344.9;0.0;0.0
huanuco;34;1668.0;1446.5;0.0;0.0
huanuco;36;1536.4;1122.4;0.0;0.0
huanuco;37;608.6;442.6;0.0;0.0
huanuco;38;1810.6;1371.3;0.0;0.0
huanuco;39;1870.5;1326.9;0.0;0.0
huanuco;40;1563.4;1357.9;0.0;0.0
huanuco;41;1128.7;853.1;0.0;0.0
huanuco;42;1084.3;834.5;0.0;0.0
huanuco;45;4018.7;1754.5;0.0;936.0
huanuco;46;2024.4;1772.1;0.0;0.0
huanuco;47;600.4;466.9;0.0;0.0
huanuco;48;925.8;657.6;0.0;0.0
huanuco;49;1307.7;1127.2;0.0;0.0
huanuco;51;1471.0;1187.1;0.0;0.0
huanuco;52;958.0;627.3;0.0;0.0
huanuco;53;411.5;341.5;0.0;0.0
huanuco;54;597.5;484.1;0.0;0.0
huanuco;56;503.8;362.5;0.0;0.0
huanuco;60;1319.3;1060.1;0.0;0.0
huanuco;61;915.0;710.7;0.0;0.0
huanuco;62;2131.1;1593.0;0.0;0.0
huanuco;63;372.8;214.7;0.0;0.0
huanuco;65;478.9;376.8;0.0;0.0
huanuco;66;634.1;476.8;0.0;0.0
huanuco;67;974.3;732.6;0.0;0.0
huanuco;68;1803.5;1571.3;0.0;0.0
huanuco;69;945.9;707.9;0.0;0.0
huanuco;70;441.9;308.7;0.0;0.0
huanuco;71;1760.9;1517.7;0.0;0.0
huanuco;72;497.8;351.5;0.0;0.0
huanuco;73;712.3;559.3;0.0;0.0
huanuco;74;1283.9;975.7;0.0;0.0
huanuco;75;1731.8;1408.6;0.0;0.0
huanuco;77;324.1;271.7;0.0;0.0
huanuco;78;262.0;121.3;0.0;0.0
huanuco;79;1077.2;823.9;0.0;0.0
huanuco;82;288.0;216.7;0.0;0.0
huanuco;83;1588.1;1169.0;0.0;0.0
huanuco;84;1025.7;728.8;0.0;0.0
huanuco;85;1477.9;1209.5;0.0;0.0
huanuco;86;882.8;653.7;0.0;0.0
huanuco;87;1857.4;1618.7;0.0;0.0
huanuco;88;1322.4;977.3;0.0;0.0
huanuco;89;1353.2;1008.1;0.0;0.0
huanuco;90;251.1;197.2;0.0;0.0
huanuco;91;2373.1;1819.1;0.0;0.0
huanuco;92;1311.9;989.1;0.0;0.0
huanuco;93;911.9;699.5;0.0;0.0
huanuco;94;452.2;371.3;0.0;0.0
huanuco;95;1424.6;998.9;0.0;0.0
huanuco;96;413.5;242.1;0.0;0.0
huanuco;97;1860.4;1572.6;0.0;0.0
huanuco;99;1073.3;830.5;0.0;0.0
huanuco;100;419.5;282.6;0.0;0.0
huanuco;101;355.5;292.1;0.0;0.0
huanuco;102;1999.6;1485.5;0.0;0.0
huanuco;103;1548.9;1121.6;0.0;0.0
huanuco;104;476.8;349.5;0.0;0.0
huanuco;105;649.5;538.5;0.0;0.0
huanuco;106;1370.8;1185.2;0.0;0.0
huanuco;107;1406.0;1156.1;0.0;0.0
huanuco;108;933.7;699.9;0.0;0.0
huanuco;109;1007.5;554.3;0.0;111.1
huanuco;110;189.3;155.2;0.0;0.0
huanuco;111;529.6;442.1;0.0;0.0
huanuco;113;1325.0;1130.8;0.0;0.0
huanuco;114;288.7;241.3;0.0;0.0
huanuco;117;1368.4;1107.7;0.0;0.0
huanuco;120;1062.9;918.6;0.0;0.0
huanuco;121;1602.2;1325.3;0.0;0.0
huanuco;122;1501.4;1140.5;0.0;0.0
huanuco;123;912.0;640.9;0.0;0.0
huanuco;124;1383.2;1006.0;0.0;0.0
huanuco;125;1297.5;1043.5;0.0;0.0
huanuco;126;230.3;132.2;0.0;0.0
huanuco;128;1957.3;1712.6;0.0;0.0
huanuco;131;2015.5;1473.4;0.0;0.0
huanuco;132;1530.7;1225.7;0.0;0.0
huanuco;133;1388.7;1063.4;0.0;0.0
huanuco;134;378.0;235.3;0.0;0.0
huanuco;135;1158.9;911.2;0.0;0.0
huanuco;136;1496.1;1275.0;0.0;0.0
huanuco;137;1679.5;1231.9;0.0;0.0
huanuco;138;1694.6;1262.1;0.0;0.0
huanuco;139;842.4;627.8;0.0;0.0
huanuco;140;1969.7;1721.8;0.0;0.0
huanuco;141;1686.0;997.3;0.0;108.0
huanuco;142;2080.4;1567.4;0.0;0.0
huanuco;146;1015.6;873.7;0.0;0.0
huanuco;147;1799.3;1447.4;0.0;0.0
huanuco;148;1297.5;956.1;0.0;0.0
huanuco;150;2751.3;1337.9;0.0;533.0
huanuco;151;365.5;298.7;0.0;0.0
huanuco;152;1496.9;1021.3;0.0;0.0
huanuco;153;1510.7;1174.2;0.0;0.0
huanuco;158;1545.7;1167.2;0.0;0.0
huanuco;160;647.4;424.8;0.0;0.0
huanuco;161;966.0;735.5;0.0;0.0
huanuco;162;1701.4;1480.8;0.0;0.0
huanuco;164;879.0;647.2;0.0;0.0
huanuco;165;508.5;391.1;0.0;0.0
huanuco;166;1253.5;933.9;0.0;0.0
huanuco;167;1166.4;852.0;0.0;0.0
huanuco;168;388.6;258.3;0.0;0.0
huanuco;169;537.9;387.0;0.0;0.0
huanuco;171;697.9;558.2;0.0;0.0
huanuco;172;359.8;296.8;0.0;0.0
huanuco;173;1551.2;1131.8;0.0;0.0
huanuco;176;1762.5;1474.9;0.0;0.0
huanuco;177;1504.3;1297.2;0.0;0.0
huanuco;178;662.2;549.3;0.0;0.0
huanuco;180;722.1;597.3;0.0;0.0
huanuco;183;476.6;369.1;0.0;0.0
huanuco;184;388.2;324.6;0.0;0.0
huanuco;185;1303.2;1095.2;0.0;0.0
huanuco;187;1646.1;1422.7;0.0;0.0
huanuco;188;791.9;525.7;0.0;0.0
huanuco;189;2717.2;1308.0;0.0;533.0
huanuco;190;1919.9;1653.4;0.0;0.0
huanuco;192;961.7;729.7;0.0;0.0
huanuco;193;1055.0;676.3;0.0;0.0
huanuco;194;824.8;649.3;0.0;0.0
huanuco;195;1510.5;1313.1;0.0;0.0
huanuco;198;2106.6;1463.8;0.0;0.0
huanuco;199;538.7;441.4;0.0;0.0
huanuco;201;459.8;275.8;0.0;0.0
huanuco;205;433.2;354.1;0.0;0.0
huanuco;206;1703.5;1476.5;0.0;0.0
huanuco;208;966.8;697.4;0.0;0.0
huanuco;211;1907.1;1643.1;0.0;0.0
huanuco;214;437.2;310.5;0.0;0.0
huanuco;217;449.0;372.9;0.0;0.0
huanuco;218;1337.2;1079.8;0.0;0.0
huanuco;219;310.7;252.6;0.0;0.0
huanuco;222;1311.9;957.0;0.0;0.0
huanuco;223;980.9;756.6;0.0;0.0
huanuco;224;1399.7;901.6;0.0;14.0
huanuco;225;1400.9;794.6;0.0;149.1
huanuco;226;449.7;380.4;0.0;0.0
huanuco;227;1577.9;1151.0;0.0;0.0
huanuco;230;559.1;335.6;0.0;0.0
huanuco;232;1947.4;1706.5;0.0;0.0
huanuco;233;490.1;405.4;0.0;0.0
huanuco;234;870.1;587.7;0.0;0.0
huanuco;235;1421.5;975.9;0.0;0.0
huanuco;238;313.9;198.4;0.0;0.0
huanuco;239;544.4;454.7;0.0;0.0
huanuco;240;779.9;655.5;0.0;0.0
huanuco;244;590.3;329.5;0.0;0.0
huanuco;245;2914.0;1384.4;0.0;559.9
huanuco;246;1417.1;1224.1;0.0;0.0
huanuco;248;1214.9;1054.1;0.0;0.0
huanuco;254;419.1;236.5;0.0;0.0
huanuco;256;1660.1;1230.7;0.0;0.0
huanuco;258;596.1;462.7;0.0;0.0
huanuco;259;537.9;429.7;0.0;0.0
huanuco;261;216.6;181.9;0.0;0.0
huanuco;265;1638.1;1147.7;0.0;0.0
huanuco;268;465.1;356.6;0.0;0.0
huanuco;273;2055.8;1515.7;0.0;0.0
tarapoto;0;588.2;467.2;0.0;0.0
tarapoto;1;935.1;676.5;0.0;0.0
tarapoto;2;962.3;648.6;0.0;0.0
tarapoto;3;2365.8;1701.7;0.0;0.0
tarapoto;4;2311.6;1629.8;10.8;0.0
tarapoto;5;1099.6;810.8;0.0;0.0
tarapoto;6;1141.1;967.5;0.0;0.0
tarapoto;7;458.7;364.7;0.0;0.0
tarapoto;8;1096.9;635.0;0.0;0.0
tarapoto;9;993.8;787.2;0.0;0.0
tarapoto;10;1500.9;1192.2;0.0;0.0
tarapoto;11;2623.2;2228.8;0.0;0.0
tarapoto;12;2641.5;2020.6;0.0;0.0
tarapoto;13;1594.2;1259.6;0.0;0.0
tarapoto;14;1201.1;906.3;0.0;0.0
tarapoto;15;748.1;587.9;0.0;0.0
tarapoto;16;2940.1;2455.4;0.0;0.0
tarapoto;17;1654.5;1292.6;0.0;0.0
tarapoto;18;2019.9;1540.1;0.0;0.0
tarapoto;19;1160.3;777.0;0.0;0.0
tarapoto;20;2686.1;2211.6;0.0;0.0
tarapoto;21;7.7;0.2;0.0;0.0
tarapoto;22;894.7;665.4;0.0;0.0
tarapoto;23;2495.3;2096.5;0.0;0.0
tarapoto;24;2132.4;1542.5;0.0;0.0
tarapoto;25;824.8;674.9;0.0;0.0
tarapoto;26;2602.8;2112.4;0.0;0.0
tarapoto;27;1670.8;1382.5;0.0;0.0
tarapoto;28;1039.6;811.6;0.0;0.0
tarapoto;29;2602.6;1979.3;0.0;0.0
tarapoto;30;879.9;690.7;0.0;0.0
tarapoto;31;1181.1;949.6;0.0;0.0
tarapoto;32;1255.7;777.9;0.0;0.0
tarapoto;33;1148.3;932.5;0.0;0.0
tarapoto;34;2407.1;2034.1;0.0;0.0
tarapoto;36;2275.4;1710.0;0.0;0.0
tarapoto;37;1347.7;1030.2;0.0;0.0
tarapoto;38;2549.7;1958.9;0.0;0.0
tarapoto;39;2609.6;1914.5;0.0;0.0
tarapoto;40;2302.5;1945.6;0.0;0.0
tarapoto;41;389.8;312.9;0.0;0.0
tarapoto;42;1054.3;762.5;0.0;0.0
tarapoto;45;3283.6;1170.5;0.0;936.0
tarapoto;46;2763.4;2359.7;0.0;0.0
tarapoto;47;159.1;122.1;0.0;0.0
tarapoto;48;1664.9;1245.2;0.0;0.0
tarapoto;49;2046.8;1714.8;0.0;0.0
tarapoto;51;1067.8;877.7;0.0;0.0
tarapoto;52;1275.8;831.5;0.0;0.0
tarapoto;53;1150.6;929.1;0.0;0.0
tarapoto;54;1336.6;1071.8;0.0;0.0
tarapoto;56;1242.9;950.1;0.0;0.0
tarapoto;60;900.0;742.6;0.0;0.0
tarapoto;61;179.9;126.8;0.0;0.0
tarapoto;62;2870.2;2180.6;0.0;0.0
tarapoto;63;1108.4;643.1;0.0;0.0
tarapoto;65;864.1;691.8;0.0;0.0
tarapoto;66;1061.3;821.1;0.0;0.0
tarapoto;67;1145.9;945.6;0.0;0.0
tarapoto;68;2542.5;2158.9;0.0;0.0
tarapoto;69;1202.8;995.7;0.0;0.0
tarapoto;70;1181.0;896.4;0.0;0.0
tarapoto;71;2500.0;2105.3;0.0;0.0
tarapoto;72;1206.0;731.5;0.0;0.0
tarapoto;73;1451.4;1147.0;0.0;0.0
tarapoto;74;545.0;435.5;0.0;0.0
tarapoto;75;2470.8;1996.2;0.0;0.0
tarapoto;77;1063.2;859.3;0.0;0.0
tarapoto;78;1002.2;709.4;0.0;0.0
tarapoto;79;1816.3;1411.5;0.0;0.0
tarapoto;82;673.2;531.7;0.0;0.0
tarapoto;83;2327.2;1756.7;0.0;0.0
tarapoto;84;1764.8;1316.4;0.0;0.0
tarapoto;85;1125.0;953.2;0.0;0.0
tarapoto;86;143.9;113.6;0.0;0.0
tarapoto;87;2596.5;2206.3;0.0;0.0
tarapoto;88;2061.5;1565.0;0.0;0.0
tarapoto;89;811.7;563.0;0.0;0.0
tarapoto;90;505.4;391.2;0.0;0.0
tarapoto;91;3112.2;2406.7;0.0;0.0
tarapoto;92;828.4;608.8;0.0;0.0
tarapoto;93;1651.0;1287.1;0.0;0.0
tarapoto;94;1191.2;958.9;0.0;0.0
tarapoto;95;2163.7;1586.5;0.0;0.0
tarapoto;96;1152.5;829.7;0.0;0.0
tarapoto;97;2599.5;2160.2;0.0;0.0
tarapoto;99;864.6;712.3;0.0;0.0
tarapoto;100;1159.7;870.8;0.0;0.0
tarapoto;101;401.3;296.2;0.0;0.0
tarapoto;102;2738.6;2073.2;0.0;0.0
tarapoto;103;2288.0;1709.2;0.0;0.0
tarapoto;104;1215.9;937.2;0.0;0.0
tarapoto;105;1388.5;1126.1;0.0;0.0
tarapoto;106;2109.9;1772.8;0.0;0.0
tarapoto;107;2145.0;1743.7;0.0;0.0
tarapoto;108;1190.6;987.7;0.0;0.0
tarapoto;109;1392.7;869.3;0.0;111.1
tarapoto;110;928.4;742.8;0.0;0.0
tarapoto;111;1268.7;1029.8;0.0;0.0
tarapoto;113;2064.1;1718.4;0.0;0.0
tarapoto;114;1027.7;829.0;0.0;0.0
tarapoto;117;1015.5;851.5;0.0;0.0
tarapoto;120;1802.0;1506.2;0.0;0.0
tarapoto;121;1249.4;1068.9;0.0;0.0
tarapoto;122;1056.3;669.4;0.0;0.0
tarapoto;123;1651.1;1228.5;0.0;0.0
tarapoto;124;2122.3;1593.6;0.0;0.0
tarapoto;125;942.6;784.1;0.0;0.0
tarapoto;126;970.5;720.4;0.0;0.0
tarapoto;128;2696.4;2300.3;0.0;0.0
tarapoto;131;2754.6;2061.1;0.0;0.0
tarapoto;132;1127.5;916.4;0.0;0.0
tarapoto;133;649.8;523.2;0.0;0.0
tarapoto;134;1118.2;823.5;0.0;0.0
tarapoto;135;781.2;632.6;0.0;0.0
tarapoto;136;2235.2;1862.6;0.0;0.0
tarapoto;137;2418.6;1819.5;0.0;0.0
tarapoto;138;2433.7;1849.7;0.0;0.0
tarapoto;139;1096.2;914.9;0.0;0.0
tarapoto;140;2708.8;2309.4;0.0;0.0
tarapoto;141;2425.0;1585.0;0.0;108.0
tarapoto;142;2819.4;2155.0;0.0;0.0
tarapoto;146;1754.7;1461.3;0.0;0.0
tarapoto;147;2538.4;2035.0;0.0;0.0
tarapoto;148;2036.6;1543.7;0.0;0.0
tarapoto;150;2016.2;754.0;0.0;533.0
tarapoto;151;1104.6;886.3;0.0;0.0
tarapoto;152;2236.0;1608.9;0.0;0.0
tarapoto;153;869.9;586.7;0.0;0.0
tarapoto;158;905.6;603.9;0.0;0.0
tarapoto;160;741.1;472.3;0.0;0.0
tarapoto;161;979.8;815.7;0.0;0.0
tarapoto;162;2440.4;2068.4;0.0;0.0
tarapoto;164;1618.0;1234.9;0.0;0.0
tarapoto;165;1247.6;978.7;0.0;0.0
tarapoto;166;847.4;608.5;0.0;0.0
tarapoto;167;1905.5;1439.6;0.0;0.0
tarapoto;168;1127.7;845.9;0.0;0.0
tarapoto;169;1165.9;695.6;0.0;0.0
tarapoto;171;1437.0;1145.8;0.0;0.0
tarapoto;172;1098.9;884.5;0.0;0.0
tarapoto;173;2290.3;1719.5;0.0;0.0
tarapoto;176;2501.6;2062.5;0.0;0.0
tarapoto;177;2243.4;1884.8;0.0;0.0
tarapoto;178;1401.3;1136.9;0.0;0.0
tarapoto;180;1461.2;1184.9;0.0;0.0
tarapoto;183;861.8;684.1;0.0;0.0
tarapoto;184;1127.3;912.2;0.0;0.0
tarapoto;185;2042.3;1682.8;0.0;0.0
tarapoto;187;2385.2;2010.3;0.0;0.0
tarapoto;188;911.3;556.7;0.0;0.0
tarapoto;189;1982.1;724.1;0.0;533.0
tarapoto;190;2659.0;2241.0;0.0;0.0
tarapoto;192;222.8;189.5;0.0;0.0
tarapoto;193;1146.0;770.3;0.0;0.0
tarapoto;194;1563.9;1236.9;0.0;0.0
tarapoto;195;2249.6;1900.7;0.0;0.0
tarapoto;198;2845.6;2051.4;0.0;0.0
tarapoto;199;1277.8;1029.0;0.0;0.0
tarapoto;201;1066.1;811.5;0.0;0.0
tarapoto;205;1172.3;941.8;0.0;0.0
tarapoto;206;2442.6;2064.1;0.0;0.0
tarapoto;208;1705.9;1285.0;0.0;0.0
tarapoto;211;2646.2;2230.7;0.0;0.0
tarapoto;214;1176.3;898.1;0.0;0.0
tarapoto;217;1188.1;960.5;0.0;0.0
tarapoto;218;984.4;823.5;0.0;0.0
tarapoto;219;1049.8;840.2;0.0;0.0
tarapoto;222;573.0;416.8;0.0;0.0
tarapoto;223;1719.9;1344.2;0.0;0.0
tarapoto;224;2138.8;1489.2;0.0;14.0
tarapoto;225;2140.0;1382.2;0.0;149.1
tarapoto;226;1188.7;968.1;0.0;0.0
tarapoto;227;2317.0;1738.6;0.0;0.0
tarapoto;230;969.0;752.7;0.0;0.0
tarapoto;232;2686.5;2294.2;0.0;0.0
tarapoto;233;1229.2;993.0;0.0;0.0
tarapoto;234;1187.7;662.1;0.0;0.0
tarapoto;235;2160.5;1563.6;0.0;0.0
tarapoto;238;1053.0;786.0;0.0;0.0
tarapoto;239;1283.5;1042.3;0.0;0.0
tarapoto;240;1519.0;1243.1;0.0;0.0
tarapoto;244;1203.0;695.3;0.0;0.0
tarapoto;245;2178.9;800.4;0.0;559.9
tarapoto;246;2156.2;1811.7;0.0;0.0
tarapoto;248;1954.0;1641.7;0.0;0.0
tarapoto;254;1158.2;824.2;0.0;0.0
tarapoto;256;2399.2;1818.3;0.0;0.0
tarapoto;258;185.1;142.8;0.0;0.0
tarapoto;259;1277.0;1017.3;0.0;0.0
tarapoto;261;955.6;769.5;0.0;0.0
tarapoto;265;2377.2;1735.3;0.0;0.0
tarapoto;268;1204.2;944.2;0.0;0.0
tarapoto;273;2794.8;2103.4;0.0;0.0
chachapoyas;0;1036.5;783.5;0.0;0.0
chachapoyas;1;622.8;416.2;0.0;0.0
chachapoyas;2;549.6;304.0;0.0;0.0
chachapoyas;3;2770.4;2190.4;0.0;0.0
chachapoyas;4;2759.9;1946.1;10.8;0.0
chachapoyas;5;1441.0;1189.4;0.0;0.0
chachapoyas;6;828.8;707.2;0.0;0.0
chachapoyas;7;8.0;0.4;0.0;0.0
chachapoyas;8;1316.6;1070.3;0.0;0.0
chachapoyas;9;1442.1;1103.6;0.0;0.0
chachapoyas;10;1949.2;1508.5;0.0;0.0
chachapoyas;11;2891.1;2492.4;0.0;0.0
chachapoyas;12;3082.4;2661.4;0.0;0.0
chachapoyas;13;2042.5;1575.9;0.0;0.0
chachapoyas;14;1165.2;964.7;0.0;0.0
chachapoyas;15;1196.4;904.2;0.0;0.0
chachapoyas;16;3208.0;2719.0;0.0;0.0
chachapoyas;17;2102.8;1609.0;0.0;0.0
chachapoyas;18;2468.2;1856.4;0.0;0.0
chachapoyas;19;747.6;432.5;0.0;0.0
chachapoyas;20;2954.0;2475.2;0.0;0.0
chachapoyas;21;458.2;364.3;0.0;0.0
chachapoyas;22;1343.0;981.7;0.0;0.0
chachapoyas;23;2763.2;2360.1;0.0;0.0
chachapoyas;24;2580.7;1858.9;0.0;0.0
chachapoyas;25;512.5;414.6;0.0;0.0
chachapoyas;26;2870.6;2376.0;0.0;0.0
chachapoyas;27;1938.7;1646.2;0.0;0.0
chachapoyas;28;1487.9;1127.9;0.0;0.0
chachapoyas;29;2900.1;2438.0;0.0;0.0
chachapoyas;30;1328.2;1007.0;0.0;0.0
chachapoyas;31;1448.9;1213.2;0.0;0.0
chachapoyas;32;948.1;794.8;0.0;0.0
chachapoyas;33;1596.6;1248.9;0.0;0.0
chachapoyas;34;2674.9;2297.7;0.0;0.0
chachapoyas;36;2723.7;2026.4;0.0;0.0
chachapoyas;37;1099.2;925.4;0.0;0.0
chachapoyas;38;2948.2;2526.5;0.0;0.0
chachapoyas;39;3057.9;2230.9;0.0;0.0
chachapoyas;40;2570.3;2209.2;0.0;0.0
chachapoyas;41;76.8;52.0;0.0;0.0
chachapoyas;42;662.2;386.7;0.0;0.0
chachapoyas;45;3733.5;1534.4;0.0;936.0
chachapoyas;46;3031.3;2623.4;0.0;0.0
chachapoyas;47;607.4;438.4;0.0;0.0
chachapoyas;48;2113.1;1561.5;0.0;0.0
chachapoyas;49;2314.6;1978.4;0.0;0.0
chachapoyas;51;755.5;617.5;0.0;0.0
chachapoyas;52;863.0;486.9;0.0;0.0
chachapoyas;53;1521.2;1277.7;0.0;0.0
chachapoyas;54;1784.9;1388.1;0.0;0.0
chachapoyas;56;1691.2;1266.5;0.0;0.0
chachapoyas;60;587.7;482.3;0.0;0.0
chachapoyas;61;629.9;490.7;0.0;0.0
chachapoyas;62;3318.5;2497.0;0.0;0.0
chachapoyas;63;1305.0;1062.3;0.0;0.0
chachapoyas;65;1312.4;1008.1;0.0;0.0
chachapoyas;66;1509.6;1137.4;0.0;0.0
chachapoyas;67;825.7;463.0;0.0;0.0
chachapoyas;68;2810.4;2422.6;0.0;0.0
chachapoyas;69;888.1;526.6;0.0;0.0
chachapoyas;70;1277.6;1070.1;0.0;0.0
chachapoyas;71;2767.9;2368.9;0.0;0.0
chachapoyas;72;1128.5;931.6;0.0;0.0
chachapoyas;73;1899.7;1463.3;0.0;0.0
chachapoyas;74;232.6;175.2;0.0;0.0
chachapoyas;75;2738.7;2259.9;0.0;0.0
chachapoyas;77;1511.5;1175.6;0.0;0.0
chachapoyas;78;1450.5;1025.8;0.0;0.0
chachapoyas;79;2264.6;1727.9;0.0;0.0
chachapoyas;82;1121.5;848.1;0.0;0.0
chachapoyas;83;2775.5;2073.0;0.0;0.0
chachapoyas;84;2213.1;1632.8;0.0;0.0
chachapoyas;85;812.7;692.9;0.0;0.0
chachapoyas;86;325.6;253.0;0.0;0.0
chachapoyas;87;2864.3;2469.9;0.0;0.0
chachapoyas;88;2355.4;1964.6;0.0;0.0
chachapoyas;89;398.9;218.4;0.0;0.0
chachapoyas;90;953.6;707.6;0.0;0.0
chachapoyas;91;3560.5;2723.1;0.0;0.0
chachapoyas;92;516.0;348.5;0.0;0.0
chachapoyas;93;2099.2;1603.5;0.0;0.0
chachapoyas;94;1639.5;1275.3;0.0;0.0
chachapoyas;95;2612.0;1902.8;0.0;0.0
chachapoyas;96;1600.8;1146.0;0.0;0.0
chachapoyas;97;2867.4;2423.8;0.0;0.0
chachapoyas;99;552.3;452.1;0.0;0.0
chachapoyas;100;1207.2;1000.8;0.0;0.0
chachapoyas;101;849.6;612.5;0.0;0.0
chachapoyas;102;3106.4;2665.8;0.0;0.0
chachapoyas;103;2736.3;2025.6;0.0;0.0
chachapoyas;104;1664.1;1253.5;0.0;0.0
chachapoyas;105;1656.4;1389.7;0.0;0.0
chachapoyas;106;2377.8;2036.4;0.0;0.0
chachapoyas;107;2412.9;2007.4;0.0;0.0
chachapoyas;108;878.3;727.4;0.0;0.0
chachapoyas;109;1841.0;1185.6;0.0;111.1
chachapoyas;110;1376.7;1059.1;0.0;0.0
chachapoyas;111;1716.9;1346.1;0.0;0.0
chachapoyas;113;2332.0;1982.0;0.0;0.0
chachapoyas;114;1476.0;1145.3;0.0;0.0
chachapoyas;117;703.2;591.2;0.0;0.0
chachapoyas;120;2069.9;1769.8;0.0;0.0
chachapoyas;121;937.0;808.7;0.0;0.0
chachapoyas;122;744.0;409.1;0.0;0.0
chachapoyas;123;2099.4;1544.8;0.0;0.0
chachapoyas;124;2570.6;1910.0;0.0;0.0
chachapoyas;125;630.3;523.9;0.0;0.0
chachapoyas;126;1395.2;1150.3;0.0;0.0
chachapoyas;128;2964.2;2563.9;0.0;0.0
chachapoyas;131;3202.9;2377.4;0.0;0.0
chachapoyas;132;815.2;656.1;0.0;0.0
chachapoyas;133;337.5;263.0;0.0;0.0
chachapoyas;134;1301.6;1073.0;0.0;0.0
chachapoyas;135;468.9;372.3;0.0;0.0
chachapoyas;136;2503.1;2126.2;0.0;0.0
chachapoyas;137;2866.9;2135.9;0.0;0.0
chachapoyas;138;2882.0;2166.1;0.0;0.0
chachapoyas;139;783.9;654.6;0.0;0.0
chachapoyas;140;2976.6;2573.0;0.0;0.0
chachapoyas;141;2873.3;1901.3;0.0;108.0
chachapoyas;142;3113.1;2674.4;0.0;0.0
chachapoyas;146;2022.6;1725.0;0.0;0.0
chachapoyas;147;2806.3;2298.6;0.0;0.0
chachapoyas;148;2380.7;1986.1;0.0;0.0
chachapoyas;150;2466.2;1117.8;0.0;533.0
chachapoyas;151;1552.9;1202.6;0.0;0.0
chachapoyas;152;2684.3;1925.3;0.0;0.0
chachapoyas;153;557.6;326.5;0.0;0.0
chachapoyas;158;593.3;343.6;0.0;0.0
chachapoyas;160;1189.4;788.6;0.0;0.0
chachapoyas;161;667.5;555.4;0.0;0.0
chachapoyas;162;2708.3;2332.0;0.0;0.0
chachapoyas;164;2066.3;1551.2;0.0;0.0
chachapoyas;165;1585.0;1300.2;0.0;0.0
chachapoyas;166;535.1;348.2;0.0;0.0
chachapoyas;167;2269.3;1874.0;0.0;0.0
chachapoyas;168;1320.9;1110.9;0.0;0.0
chachapoyas;169;1088.4;895.7;0.0;0.0
chachapoyas;171;1885.3;1462.2;0.0;0.0
chachapoyas;172;1547.1;1200.8;0.0;0.0
chachapoyas;173;2738.6;2035.8;0.0;0.0
chachapoyas;176;2769.5;2326.1;0.0;0.0
chachapoyas;177;2511.3;2148.5;0.0;0.0
chachapoyas;178;1669.2;1400.5;0.0;0.0
chachapoyas;180;1729.1;1448.5;0.0;0.0
chachapoyas;183;1310.1;1000.5;0.0;0.0
chachapoyas;184;1575.6;1228.5;0.0;0.0
chachapoyas;185;2310.2;1946.5;0.0;0.0
chachapoyas;187;2653.1;2274.0;0.0;0.0
chachapoyas;188;1196.1;926.2;0.0;0.0
chachapoyas;189;2432.0;1088.0;0.0;533.0
chachapoyas;190;2926.8;2504.6;0.0;0.0
chachapoyas;192;244.1;175.6;0.0;0.0
chachapoyas;193;733.3;425.8;0.0;0.0
chachapoyas;194;2012.1;1553.3;0.0;0.0
chachapoyas;195;2517.5;2164.4;0.0;0.0
chachapoyas;198;3293.9;2367.7;0.0;0.0
chachapoyas;199;1545.6;1292.7;0.0;0.0
chachapoyas;201;1514.4;1127.9;0.0;0.0
chachapoyas;205;1440.2;1205.4;0.0;0.0
chachapoyas;206;2710.4;2327.7;0.0;0.0
chachapoyas;208;2154.2;1601.4;0.0;0.0
chachapoyas;211;2914.0;2494.3;0.0;0.0
chachapoyas;214;1356.0;1135.5;0.0;0.0
chachapoyas;217;1490.5;1251.4;0.0;0.0
chachapoyas;218;672.1;563.2;0.0;0.0
chachapoyas;219;1498.1;1156.5;0.0;0.0
chachapoyas;222;165.2;98.9;0.0;0.0
chachapoyas;223;2168.2;1660.6;0.0;0.0
chachapoyas;224;2587.1;1805.6;0.0;14.0
chachapoyas;225;2588.3;1698.6;0.0;149.1
chachapoyas;226;1637.0;1284.4;0.0;0.0
chachapoyas;227;2765.3;2055.0;0.0;0.0
chachapoyas;230;1417.3;1069.1;0.0;0.0
chachapoyas;232;2954.3;2557.8;0.0;0.0
chachapoyas;233;1677.5;1309.4;0.0;0.0
chachapoyas;234;997.9;553.7;0.0;0.0
chachapoyas;235;2608.8;1879.9;0.0;0.0
chachapoyas;238;1394.3;1169.5;0.0;0.0
chachapoyas;239;1731.8;1358.6;0.0;0.0
chachapoyas;240;1786.8;1506.7;0.0;0.0
chachapoyas;244;1256.8;1002.5;0.0;0.0
chachapoyas;245;2628.9;1164.3;0.0;559.9
chachapoyas;246;2424.0;2075.3;0.0;0.0
chachapoyas;248;2221.9;1905.4;0.0;0.0
chachapoyas;254;1423.4;1154.2;0.0;0.0
chachapoyas;256;2847.5;2134.7;0.0;0.0
chachapoyas;258;633.4;459.2;0.0;0.0
chachapoyas;259;1544.8;1280.9;0.0;0.0
chachapoyas;261;1403.9;1085.9;0.0;0.0
chachapoyas;265;2647.6;2110.3;0.0;0.0
chachapoyas;268;1652.4;1260.6;0.0;0.0
chachapoyas;273;3123.6;2670.6;0.0;0.0
abancay;0;1439.1;1072.9;0.0;0.0
abancay;1;2290.3;1934.0;0.0;0.0
abancay;2;2107.3;1740.2;0.0;0.0
abancay;3;396.2;228.9;0.0;0.0
abancay;4;391.6;214.6;28.8;0.0
abancay;5;1334.1;921.6;0.0;0.0
abancay;6;2399.5;2044.1;0.0;0.0
abancay;7;2468.2;1856.5;0.0;0.0
abancay;8;1639.2;1334.5;0.0;0.0
abancay;9;1175.5;850.3;0.0;0.0
abancay;10;528.8;352.0;0.0;0.0
abancay;11;685.4;556.9;0.0;0.0
abancay;12;630.0;481.0;0.0;0.0
abancay;13;526.8;351.9;0.0;0.0
abancay;14;1570.4;1293.5;0.0;0.0
abancay;15;1280.3;952.2;0.0;0.0
abancay;16;960.9;709.7;0.0;0.0
abancay;17;489.0;264.2;0.0;0.0
abancay;18;8.6;0.8;0.0;0.0
abancay;19;1992.3;1622.3;0.0;0.0
abancay;20;1001.1;772.1;0.0;0.0
abancay;21;2019.7;1539.9;0.0;0.0
abancay;22;1422.4;1026.0;0.0;0.0
abancay;23;716.3;524.6;0.0;0.0
abancay;24;517.7;333.7;0.0;0.0
abancay;25;2018.9;1688.3;0.0;0.0
abancay;26;929.9;657.1;0.0;0.0
abancay;27;593.7;456.6;0.0;0.0
abancay;28;1162.2;821.3;0.0;0.0
abancay;29;591.1;439.7;0.0;0.0
abancay;30;1152.4;841.6;0.0;0.0
abancay;31;1083.9;891.3;0.0;0.0
abancay;32;1584.7;1309.1;0.0;0.0
abancay;33;879.2;607.7;0.0;0.0
abancay;34;1010.5;814.0;0.0;0.0
abancay;36;263.9;170.5;0.0;0.0
abancay;37;1432.7;1177.5;0.0;0.0
abancay;38;538.2;419.4;0.0;0.0
abancay;39;598.1;375.0;0.0;0.0
abancay;40;839.1;663.2;0.0;0.0
abancay;41;2399.3;1804.6;0.0;0.0
abancay;42;1989.9;1654.7;0.0;0.0
abancay;45;5289.2;2706.0;0.0;936.0
abancay;46;825.6;687.8;0.0;0.0
abancay;47;1871.0;1418.4;0.0;0.0
abancay;48;851.2;473.6;0.0;0.0
abancay;49;853.0;595.7;0.0;0.0
abancay;51;2376.6;2007.3;0.0;0.0
abancay;52;1958.2;1516.8;0.0;0.0
abancay;53;1151.8;836.0;0.0;0.0
abancay;54;805.3;546.7;0.0;0.0
abancay;56;1045.9;722.1;0.0;0.0
abancay;60;2224.9;1880.3;0.0;0.0
abancay;61;2185.6;1662.3;0.0;0.0
abancay;62;858.7;641.1;0.0;0.0
abancay;63;1627.7;1326.4;0.0;0.0
abancay;65;1641.3;1202.8;0.0;0.0
abancay;66;1357.5;963.3;0.0;0.0
abancay;67;1879.9;1552.9;0.0;0.0
abancay;68;1147.4;915.8;0.0;0.0
abancay;69;1851.5;1528.1;0.0;0.0
abancay;70;1257.0;1035.4;0.0;0.0
abancay;71;768.0;564.7;0.0;0.0
abancay;72;1607.2;1326.9;0.0;0.0
abancay;73;690.2;471.3;0.0;0.0
abancay;74;2337.3;1950.5;0.0;0.0
abancay;75;721.8;447.4;0.0;0.0
abancay;77;1014.0;722.1;0.0;0.0
abancay;78;1476.8;1004.7;0.0;0.0
abancay;79;212.2;129.2;0.0;0.0
abancay;82;1558.6;1168.3;0.0;0.0
abancay;83;315.7;217.1;0.0;0.0
abancay;84;784.1;406.1;0.0;0.0
abancay;85;2383.5;2029.8;0.0;0.0
abancay;86;2153.4;1605.3;0.0;0.0
abancay;87;623.0;493.7;0.0;0.0
abancay;88;176.4;138.4;0.0;0.0
abancay;89;2258.8;1828.3;0.0;0.0
abancay;90;1521.7;1148.7;0.0;0.0
abancay;91;1100.7;867.1;0.0;0.0
abancay;92;2217.5;1809.3;0.0;0.0
abancay;93;583.5;379.4;0.0;0.0
abancay;94;1175.6;857.7;0.0;0.0
abancay;95;194.1;113.8;0.0;0.0
abancay;96;1193.4;861.8;0.0;0.0
abancay;97;923.9;746.1;0.0;0.0
abancay;99;1978.9;1650.7;0.0;0.0
abancay;100;1529.0;1258.0;0.0;0.0
abancay;101;1626.1;1243.7;0.0;0.0
abancay;102;727.1;533.6;0.0;0.0
abancay;103;276.5;169.7;0.0;0.0
abancay;104;1073.1;735.1;0.0;0.0
abancay;105;971.3;794.7;0.0;0.0
abancay;106;916.1;653.7;0.0;0.0
abancay;107;541.1;322.8;0.0;0.0
abancay;108;1839.3;1520.1;0.0;0.0
abancay;109;2169.9;1380.3;0.0;111.1
abancay;110;1162.9;853.6;0.0;0.0
abancay;111;1235.4;684.5;0.0;0.0
abancay;113;650.6;446.2;0.0;0.0
abancay;114;1000.8;712.0;0.0;0.0
abancay;117;2274.0;1927.9;0.0;0.0
abancay;120;723.0;578.9;0.0;0.0
abancay;121;2507.8;2145.5;0.0;0.0
abancay;122;2407.0;1960.7;0.0;0.0
abancay;123;1616.4;881.9;0.0;0.0
abancay;124;110.8;54.1;0.0;0.0
abancay;125;2203.1;1863.7;0.0;0.0
abancay;126;1498.1;1081.0;0.0;0.0
abancay;128;738.8;592.3;0.0;0.0
abancay;131;743.1;521.5;0.0;0.0
abancay;132;2436.3;2046.0;0.0;0.0
abancay;133;2465.8;2059.6;0.0;0.0
abancay;134;1525.9;1244.3;0.0;0.0
abancay;135;2064.5;1731.4;0.0;0.0
abancay;136;821.3;510.3;0.0;0.0
abancay;137;407.1;279.9;0.0;0.0
abancay;138;422.2;310.2;0.0;0.0
abancay;139;1748.0;1448.1;0.0;0.0
abancay;140;770.9;637.5;0.0;0.0
abancay;141;1132.3;569.5;0.0;104.8
abancay;142;807.9;615.4;0.0;0.0
abancay;146;675.7;534.0;0.0;0.0
abancay;147;924.4;643.5;0.0;0.0
abancay;148;151.4;117.1;0.0;0.0
abancay;150;4021.9;2289.4;0.0;533.0
abancay;151;1088.9;785.1;0.0;0.0
abancay;152;434.6;235.0;39.6;0.0
abancay;153;2416.3;1994.4;0.0;0.0
abancay;158;2451.3;1987.4;0.0;0.0
abancay;160;1917.9;1376.3;0.0;0.0
abancay;161;1871.6;1555.7;0.0;0.0
abancay;162;689.9;532.6;0.0;0.0
abancay;164;525.7;298.7;0.0;0.0
abancay;165;1209.1;952.6;0.0;0.0
abancay;166;2159.1;1754.1;0.0;0.0
abancay;167;398.1;297.7;0.0;0.0
abancay;168;1244.3;1031.3;0.0;0.0
abancay;169;1647.3;1362.4;0.0;0.0
abancay;171;590.1;394.1;0.0;0.0
abancay;172;929.4;654.9;0.0;0.0
abancay;173;278.8;179.9;0.0;0.0
abancay;176;1042.3;783.5;0.0;0.0
abancay;177;969.7;773.6;0.0;0.0
abancay;178;862.9;702.9;0.0;0.0
abancay;180;824.5;666.5;0.0;0.0
abancay;183;1492.6;1063.3;0.0;0.0
abancay;184;902.2;629.3;0.0;0.0
abancay;185;559.3;395.3;0.0;0.0
abancay;187;1097.6;890.2;0.0;0.0
abancay;188;1901.3;1501.1;0.0;0.0
abancay;189;3987.7;2259.6;0.0;533.0
abancay;190;848.9;695.9;0.0;0.0
abancay;192;2232.3;1681.3;0.0;0.0
abancay;193;2007.1;1632.5;0.0;0.0
abancay;194;496.4;329.2;0.0;0.0
abancay;195;889.2;707.9;0.0;0.0
abancay;198;834.2;511.8;0.0;0.0
abancay;199;986.6;810.5;0.0;0.0
abancay;201;1312.4;939.8;0.0;0.0
abancay;205;1092.6;898.1;0.0;0.0
abancay;206;1129.9;920.1;0.0;0.0
abancay;208;805.4;450.5;0.0;0.0
abancay;211;1031.0;826.9;0.0;0.0
abancay;214;1176.8;967.8;0.0;0.0
abancay;217;1132.5;934.1;0.0;0.0
abancay;218;2242.8;1900.0;0.0;0.0
abancay;219;1214.0;999.2;0.0;0.0
abancay;222;2582.5;1908.6;0.0;0.0
abancay;223;306.9;195.6;0.0;0.0
abancay;224;846.1;473.8;0.0;10.8
abancay;225;1537.7;705.2;0.0;240.9
abancay;226;838.7;572.1;0.0;0.0
abancay;227;305.5;199.1;0.0;0.0
abancay;230;1411.7;999.6;0.0;0.0
abancay;232;692.2;543.3;0.0;0.0
abancay;233;942.6;640.9;0.0;0.0
abancay;234;1874.0;1485.6;0.0;0.0
abancay;235;489.3;312.5;0.0;0.0
abancay;238;1317.7;1089.9;0.0;0.0
abancay;239;1220.1;671.5;0.0;0.0
abancay;240;746.2;597.3;0.0;0.0
abancay;244;1738.4;1402.3;0.0;0.0
abancay;245;4184.6;2335.9;0.0;559.9
abancay;246;962.4;692.6;0.0;0.0
abancay;248;760.3;522.6;0.0;0.0
abancay;254;1463.7;1002.6;0.0;0.0
abancay;256;387.7;278.7;0.0;0.0
abancay;258;1866.7;1414.2;0.0;0.0
abancay;259;1152.5;934.3;0.0;0.0
abancay;261;1073.7;772.5;0.0;0.0
abancay;265;530.5;331.6;0.0;0.0
abancay;268;1106.9;765.3;0.0;0.0
abancay;273;783.4;563.8;0.0;0.0
huancavelica;0;756.9;605.4;0.0;0.0
huancavelica;1;1748.4;1476.7;0.0;0.0
huancavelica;2;1565.5;1282.9;0.0;0.0
huancavelica;3;1152.0;708.8;0.0;0.0
huancavelica;4;1127.9;648.6;10.8;0.0
huancavelica;5;651.9;454.0;0.0;0.0
huancavelica;6;1857.7;1586.8;0.0;0.0
huancavelica;7;1785.9;1388.9;0.0;0.0
huancavelica;8;969.9;704.0;0.0;0.0
huancavelica;9;493.3;382.7;0.0;0.0
huancavelica;10;313.7;199.6;0.0;0.0
huancavelica;11;1483.0;1103.6;0.0;0.0
huancavelica;12;1427.7;1027.7;0.0;0.0
huancavelica;13;358.5;253.7;0.0;0.0
huancavelica;14;1028.6;836.3;0.0;0.0
huancavelica;15;598.1;484.6;0.0;0.0
huancavelica;16;1758.6;1256.4;0.0;0.0
huancavelica;17;418.8;286.7;0.0;0.0
huancavelica;18;806.1;547.2;0.0;0.0
huancavelica;19;1450.5;1165.0;0.0;0.0
huancavelica;20;1627.5;1298.2;0.0;0.0
huancavelica;21;1337.5;1072.3;0.0;0.0
huancavelica;22;740.1;558.4;0.0;0.0
huancavelica;23;1436.7;1183.1;0.0;0.0
huancavelica;24;948.7;561.3;0.0;0.0
huancavelica;25;1477.1;1231.0;0.0;0.0
huancavelica;26;1544.2;1199.0;0.0;0.0
huancavelica;27;612.2;469.1;0.0;0.0
huancavelica;28;480.0;353.7;0.0;0.0
huancavelica;29;1388.7;986.4;0.0;0.0
huancavelica;30;470.2;374.0;0.0;0.0
huancavelica;31;556.2;367.1;0.0;0.0
huancavelica;32;1042.9;851.8;0.0;0.0
huancavelica;33;197.0;140.2;0.0;0.0
huancavelica;34;1348.5;1120.7;0.0;0.0
huancavelica;36;1061.6;717.2;0.0;0.0
huancavelica;37;890.8;720.3;0.0;0.0
huancavelica;38;1335.8;966.1;0.0;0.0
huancavelica;39;1395.7;921.7;0.0;0.0
huancavelica;40;1243.9;1032.2;0.0;0.0
huancavelica;41;1717.1;1337.1;0.0;0.0
huancavelica;42;1448.1;1197.4;0.0;0.0
huancavelica;45;4607.0;2238.5;0.0;936.0
huancavelica;46;1623.2;1234.5;0.0;0.0
huancavelica;47;1188.7;950.8;0.0;0.0
huancavelica;48;564.6;315.5;0.0;0.0
huancavelica;49;988.1;801.4;0.0;0.0
huancavelica;51;1834.8;1550.0;0.0;0.0
huancavelica;52;1416.4;1059.6;0.0;0.0
huancavelica;53;469.6;368.4;0.0;0.0
huancavelica;54;8.7;0.9;0.0;0.0
huancavelica;56;363.7;254.5;0.0;0.0
huancavelica;60;1683.1;1423.0;0.0;0.0
huancavelica;61;1503.4;1194.7;0.0;0.0
huancavelica;62;1656.4;1187.8;0.0;0.0
huancavelica;63;958.4;696.0;0.0;0.0
huancavelica;65;959.1;735.2;0.0;0.0
huancavelica;66;675.3;495.7;0.0;0.0
huancavelica;67;1338.1;1095.6;0.0;0.0
huancavelica;68;1483.9;1245.5;0.0;0.0
huancavelica;69;1309.6;1070.8;0.0;0.0
huancavelica;70;715.2;578.1;0.0;0.0
huancavelica;71;1441.4;1191.9;0.0;0.0
huancavelica;72;1065.4;869.7;0.0;0.0
huancavelica;73;122.9;75.8;0.0;0.0
huancavelica;74;1795.5;1493.2;0.0;0.0
huancavelica;75;1332.8;845.3;0.0;0.0
huancavelica;77;331.8;254.6;0.0;0.0
huancavelica;78;794.6;537.1;0.0;0.0
huancavelica;79;602.4;418.7;0.0;0.0
huancavelica;82;876.4;700.7;0.0;0.0
huancavelica;83;1113.3;763.8;0.0;0.0
huancavelica;84;581.1;335.2;0.0;0.0
huancavelica;85;1841.7;1572.5;0.0;0.0
huancavelica;86;1471.2;1137.7;0.0;0.0
huancavelica;87;1420.7;1040.4;0.0;0.0
huancavelica;88;847.7;572.1;0.0;0.0
huancavelica;89;1717.0;1371.0;0.0;0.0
huancavelica;90;839.5;681.2;0.0;0.0
huancavelica;91;1898.4;1413.8;0.0;0.0
huancavelica;92;1675.6;1352.0;0.0;0.0
huancavelica;93;387.1;252.4;0.0;0.0
huancavelica;94;493.4;390.2;0.0;0.0
huancavelica;95;949.9;593.6;0.0;0.0
huancavelica;96;511.2;394.2;0.0;0.0
huancavelica;97;1540.9;1246.8;0.0;0.0
huancavelica;99;1437.1;1193.4;0.0;0.0
huancavelica;100;987.1;800.7;0.0;0.0
huancavelica;101;943.9;776.1;0.0;0.0
huancavelica;102;1524.8;1080.3;0.0;0.0
huancavelica;103;1074.1;716.4;0.0;0.0
huancavelica;104;390.8;267.5;0.0;0.0
huancavelica;105;348.0;189.5;0.0;0.0
huancavelica;106;1051.3;859.4;0.0;0.0
huancavelica;107;1032.6;666.1;0.0;0.0
huancavelica;108;1297.5;1062.8;0.0;0.0
huancavelica;109;1487.7;912.7;0.0;111.1
huancavelica;110;480.7;386.0;0.0;0.0
huancavelica;111;570.8;461.0;0.0;0.0
huancavelica;113;1005.5;805.0;0.0;0.0
huancavelica;114;318.6;244.4;0.0;0.0
huancavelica;117;1732.2;1470.6;0.0;0.0
huancavelica;120;743.4;592.8;0.0;0.0
huancavelica;121;1966.0;1688.2;0.0;0.0
huancavelica;122;1865.1;1503.4;0.0;0.0
huancavelica;123;953.2;659.7;0.0;0.0
huancavelica;124;908.5;600.8;0.0;0.0
huancavelica;125;1661.3;1406.5;0.0;0.0
huancavelica;126;815.9;613.5;0.0;0.0
huancavelica;128;1536.4;1139.0;0.0;0.0
huancavelica;131;1540.8;1068.2;0.0;0.0
huancavelica;132;1894.5;1588.7;0.0;0.0
huancavelica;133;1924.0;1602.4;0.0;0.0
huancavelica;134;963.6;716.6;0.0;0.0
huancavelica;135;1522.7;1274.1;0.0;0.0
huancavelica;136;1176.6;949.2;0.0;0.0
huancavelica;137;1204.8;826.6;0.0;0.0
huancavelica;138;1219.9;856.9;0.0;0.0
huancavelica;139;1206.1;990.8;0.0;0.0
huancavelica;140;1568.5;1184.2;0.0;0.0
huancavelica;141;1241.3;603.7;0.0;108.0
huancavelica;142;1605.6;1162.1;0.0;0.0
huancavelica;146;696.1;547.9;0.0;0.0
huancavelica;147;1479.8;1121.6;0.0;0.0
huancavelica;148;822.7;550.8;0.0;0.0
huancavelica;150;3339.7;1821.9;0.0;533.0
huancavelica;151;406.7;317.5;0.0;0.0
huancavelica;152;1052.3;627.7;0.0;0.0
huancavelica;153;1874.5;1537.1;0.0;0.0
huancavelica;158;1909.5;1530.2;0.0;0.0
huancavelica;160;1235.7;908.7;0.0;0.0
huancavelica;161;1329.8;1098.5;0.0;0.0
huancavelica;162;1381.8;1155.0;0.0;0.0
huancavelica;164;430.9;242.2;0.0;0.0
huancavelica;165;566.5;417.9;0.0;0.0
huancavelica;166;1617.2;1296.9;0.0;0.0
huancavelica;167;669.8;433.8;0.0;0.0
huancavelica;168;702.5;574.0;0.0;0.0
huancavelica;169;1105.5;905.1;0.0;0.0
huancavelica;171;249.8;153.2;0.0;0.0
huancavelica;172;247.2;187.3;0.0;0.0
huancavelica;173;1076.4;726.6;0.0;0.0
huancavelica;176;1443.0;1149.1;0.0;0.0
huancavelica;177;1184.8;971.4;0.0;0.0
huancavelica;178;341.9;223.4;0.0;0.0
huancavelica;180;402.7;277.3;0.0;0.0
huancavelica;183;810.4;595.8;0.0;0.0
huancavelica;184;220.0;161.7;0.0;0.0
huancavelica;185;983.7;769.5;0.0;0.0
huancavelica;187;1326.6;1097.0;0.0;0.0
huancavelica;188;1359.5;1043.9;0.0;0.0
huancavelica;189;3305.5;1792.0;0.0;533.0
huancavelica;190;1600.4;1327.6;0.0;0.0
huancavelica;192;1550.1;1213.7;0.0;0.0
huancavelica;193;1465.3;1175.3;0.0;0.0
huancavelica;194;328.1;231.1;0.0;0.0
huancavelica;195;1191.0;987.3;0.0;0.0
huancavelica;198;1631.8;1058.5;0.0;0.0
huancavelica;199;458.8;286.3;0.0;0.0
huancavelica;201;630.2;472.2;0.0;0.0
huancavelica;205;551.3;441.1;0.0;0.0
huancavelica;206;1383.9;1150.7;0.0;0.0
huancavelica;208;518.7;292.4;0.0;0.0
huancavelica;211;1587.6;1317.3;0.0;0.0
huancavelica;214;635.0;510.5;0.0;0.0
huancavelica;217;507.0;399.8;0.0;0.0
huancavelica;218;1701.0;1442.8;0.0;0.0
huancavelica;219;582.7;415.7;0.0;0.0
huancavelica;222;1900.3;1441.0;0.0;0.0
huancavelica;223;506.1;351.4;0.0;0.0
huancavelica;224;955.1;508.0;0.0;14.0
huancavelica;225;1442.1;813.5;0.0;149.1
huancavelica;226;156.5;104.5;0.0;0.0
huancavelica;227;1103.1;745.8;0.0;0.0
huancavelica;230;729.5;532.1;0.0;0.0
huancavelica;232;1489.8;1090.0;0.0;0.0
huancavelica;233;240.9;110.4;0.0;0.0
huancavelica;234;1332.2;1028.3;0.0;0.0
huancavelica;235;976.9;582.4;0.0;0.0
huancavelica;238;676.2;496.9;0.0;0.0
huancavelica;239;585.6;473.5;0.0;0.0
huancavelica;240;460.4;329.7;0.0;0.0
huancavelica;244;1175.9;810.7;0.0;0.0
huancavelica;245;3502.4;1868.4;0.0;559.9
huancavelica;246;1097.6;898.3;0.0;0.0
huancavelica;248;895.4;728.3;0.0;0.0
huancavelica;254;781.4;535.0;0.0;0.0
huancavelica;256;1185.4;825.4;0.0;0.0
huancavelica;258;1184.5;946.6;0.0;0.0
huancavelica;259;624.8;410.1;0.0;0.0
huancavelica;261;391.4;304.9;0.0;0.0
huancavelica;265;1141.5;729.5;0.0;0.0
huancavelica;268;424.7;297.7;0.0;0.0
huancavelica;273;1581.0;1110.5;0.0;0.0
puerto-maldonado;0;2289.6;1713.6;0.0;0.0
puerto-maldonado;1;3140.8;2574.7;0.0;0.0
puerto-maldonado;2;2957.8;2380.8;0.0;0.0
puerto-maldonado;3;930.3;650.8;0.0;0.0
puerto-maldonado;4;782.9;559.7;28.8;0.0
puerto-maldonado;5;2184.7;1562.2;0.0;0.0
puerto-maldonado;6;3250.0;2684.7;0.0;0.0
puerto-maldonado;7;3318.7;2497.1;0.0;0.0
puerto-maldonado;8;2489.7;1975.1;0.0;0.0
puerto-maldonado;9;2026.0;1491.0;0.0;0.0
puerto-maldonado;10;1379.3;992.7;0.0;0.0
puerto-maldonado;11;733.5;605.0;0.0;0.0
puerto-maldonado;12;455.4;355.1;0.0;0.0
puerto-maldonado;13;1377.4;992.5;0.0;0.0
puerto-maldonado;14;2420.9;1934.2;0.0;0.0
puerto-maldonado;15;2130.8;1592.8;0.0;0.0
puerto-maldonado;16;821.5;605.7;0.0;0.0
puerto-maldonado;17;1339.5;904.9;0.0;0.0
puerto-maldonado;18;859.0;640.9;0.0;0.0
puerto-maldonado;19;2842.8;2263.0;0.0;0.0
puerto-maldonado;20;1049.2;820.2;0.0;0.0
puerto-maldonado;21;2870.2;2180.6;0.0;0.0
puerto-maldonado;22;2272.9;1666.7;0.0;0.0
puerto-maldonado;23;876.4;653.7;0.0;0.0
puerto-maldonado;24;909.0;678.8;0.0;0.0
puerto-maldonado;25;2869.5;2328.9;0.0;0.0
puerto-maldonado;26;990.7;784.3;0.0;0.0
puerto-maldonado;27;1444.2;1097.2;0.0;0.0
puerto-maldonado;28;2012.7;1461.9;0.0;0.0
puerto-maldonado;29;807.8;624.9;0.0;0.0
puerto-maldonado;30;2003.0;1482.2;0.0;0.0
puerto-maldonado;31;1934.5;1531.9;0.0;0.0
puerto-maldonado;32;2435.2;1949.7;0.0;0.0
puerto-maldonado;33;1729.8;1248.4;0.0;0.0
puerto-maldonado;34;1058.6;862.1;0.0;0.0
puerto-maldonado;36;602.1;470.5;0.0;0.0
puerto-maldonado;37;2283.2;1818.2;0.0;0.0
puerto-maldonado;38;624.5;502.2;0.0;0.0
puerto-maldonado;39;805.2;567.4;0.0;0.0
puerto-maldonado;40;978.6;815.0;0.0;0.0
puerto-maldonado;41;3249.9;2445.3;0.0;0.0
puerto-maldonado;42;2840.4;2295.3;0.0;0.0
puerto-maldonado;45;6139.8;3346.7;0.0;936.0
puerto-maldonado;46;873.7;735.9;0.0;0.0
puerto-maldonado;47;2721.5;2059.1;0.0;0.0
puerto-maldonado;48;1388.8;980.7;0.0;0.0
puerto-maldonado;49;1223.0;1038.0;0.0;0.0
puerto-maldonado;51;3227.1;2647.9;0.0;0.0
puerto-maldonado;52;2808.8;2157.5;0.0;0.0
puerto-maldonado;53;2002.3;1476.6;0.0;0.0
puerto-maldonado;54;1655.8;1187.3;0.0;0.0
puerto-maldonado;56;1896.4;1362.7;0.0;0.0
puerto-maldonado;60;3075.4;2520.9;0.0;0.0
puerto-maldonado;61;3036.1;2302.9;0.0;0.0
puerto-maldonado;62;8.4;0.7;0.0;0.0
puerto-maldonado;63;2478.2;1967.1;0.0;0.0
puerto-maldonado;65;2404.0;1653.7;0.0;0.0
puerto-maldonado;66;2120.2;1414.1;0.0;0.0
puerto-maldonado;67;2730.4;2193.5;0.0;0.0
puerto-maldonado;68;1195.6;963.9;0.0;0.0
puerto-maldonado;69;2702.0;2168.7;0.0;0.0
puerto-maldonado;70;2107.5;1676.1;0.0;0.0
puerto-maldonado;71;928.1;693.8;0.0;0.0
puerto-maldonado;72;2457.7;1967.6;0.0;0.0
puerto-maldonado;73;1540.8;1112.0;0.0;0.0
puerto-maldonado;74;3187.8;2591.1;0.0;0.0
puerto-maldonado;75;1098.3;797.6;0.0;0.0
puerto-maldonado;77;1864.5;1362.8;0.0;0.0
puerto-maldonado;78;2327.3;1645.4;0.0;0.0
puerto-maldonado;79;1062.7;769.8;0.0;0.0
puerto-maldonado;82;2409.1;1808.9;0.0;0.0
puerto-maldonado;83;550.3;423.9;0.0;0.0
puerto-maldonado;84;1276.5;904.9;0.0;0.0
puerto-maldonado;85;3234.0;2670.4;0.0;0.0
puerto-maldonado;86;3003.9;2245.9;0.0;0.0
puerto-maldonado;87;674.2;546.4;0.0;0.0
puerto-maldonado;88;1026.9;779.1;0.0;0.0
puerto-maldonado;89;3109.3;2469.0;0.0;0.0
puerto-maldonado;90;2372.2;1789.4;0.0;0.0
puerto-maldonado;91;250.3;226.6;0.0;0.0
puerto-maldonado;92;3068.0;2450.0;0.0;0.0
puerto-maldonado;93;1434.1;1020.0;0.0;0.0
puerto-maldonado;94;1850.2;1262.4;0.0;0.0
puerto-maldonado;95;1044.6;754.4;0.0;0.0
puerto-maldonado;96;2010.0;1386.0;0.0;0.0
puerto-maldonado;97;972.1;794.2;0.0;0.0
puerto-maldonado;99;2829.4;2291.4;0.0;0.0
puerto-maldonado;100;2379.5;1898.6;0.0;0.0
puerto-maldonado;101;2476.7;1884.3;0.0;0.0
puerto-maldonado;102;575.4;433.5;0.0;0.0
puerto-maldonado;103;667.8;514.8;0.0;0.0
puerto-maldonado;104;1923.6;1375.7;0.0;0.0
puerto-maldonado;105;1821.8;1435.4;0.0;0.0
puerto-maldonado;106;1160.3;980.2;0.0;0.0
puerto-maldonado;107;1391.7;963.4;0.0;0.0
puerto-maldonado;108;2689.8;2160.7;0.0;0.0
puerto-maldonado;109;2932.6;1831.2;0.0;111.1
puerto-maldonado;110;2013.4;1494.2;0.0;0.0
puerto-maldonado;111;1772.9;1191.6;0.0;0.0
puerto-maldonado;113;1425.9;1187.9;0.0;0.0
puerto-maldonado;114;1851.3;1352.6;0.0;0.0
puerto-maldonado;117;3124.5;2568.5;0.0;0.0
puerto-maldonado;120;1471.3;1248.1;0.0;0.0
puerto-maldonado;121;3358.3;2786.1;0.0;0.0
puerto-maldonado;122;3257.5;2601.4;0.0;0.0
puerto-maldonado;123;2153.9;1389.0;0.0;0.0
puerto-maldonado;124;756.1;587.3;0.0;0.0
puerto-maldonado;125;3053.6;2504.4;0.0;0.0
puerto-maldonado;126;2348.7;1721.7;0.0;0.0
puerto-maldonado;128;752.3;602.3;0.0;0.0
puerto-maldonado;131;311.4;250.3;0.0;0.0
puerto-maldonado;132;3286.8;2686.6;0.0;0.0
puerto-maldonado;133;3316.3;2700.3;0.0;0.0
puerto-maldonado;134;2376.4;1884.9;0.0;0.0
puerto-maldonado;135;2915.0;2372.1;0.0;0.0
puerto-maldonado;136;1190.0;994.1;0.0;0.0
puerto-maldonado;137;458.8;361.0;0.0;0.0
puerto-maldonado;138;647.4;509.8;0.0;0.0
puerto-maldonado;139;2598.5;2088.7;0.0;0.0
puerto-maldonado;140;819.0;685.6;0.0;0.0
puerto-maldonado;141;1523.5;914.7;0.0;104.8
puerto-maldonado;142;668.5;511.4;0.0;0.0
puerto-maldonado;146;1526.2;1174.6;0.0;0.0
puerto-maldonado;147;1084.5;772.6;0.0;0.0
puerto-maldonado;148;1002.0;757.8;0.0;0.0
puerto-maldonado;150;4872.5;2930.1;0.0;533.0
puerto-maldonado;151;1937.8;1335.0;0.0;0.0
puerto-maldonado;152;825.9;580.1;39.6;0.0
puerto-maldonado;153;3266.8;2635.0;0.0;0.0
puerto-maldonado;158;3301.8;2628.1;0.0;0.0
puerto-maldonado;160;2768.5;2017.0;0.0;0.0
puerto-maldonado;161;2722.1;2196.4;0.0;0.0
puerto-maldonado;162;829.5;684.4;0.0;0.0
puerto-maldonado;164;1376.2;939.4;0.0;0.0
puerto-maldonado;165;2059.6;1593.2;0.0;0.0
puerto-maldonado;166;3009.6;2394.8;0.0;0.0
puerto-maldonado;167;1248.6;938.3;0.0;0.0
puerto-maldonado;168;2094.8;1671.9;0.0;0.0
puerto-maldonado;169;2497.8;2003.1;0.0;0.0
puerto-maldonado;171;1440.6;1034.8;0.0;0.0
puerto-maldonado;172;1779.9;1295.5;0.0;0.0
puerto-maldonado;173;647.1;496.1;0.0;0.0
puerto-maldonado;176;1138.3;863.3;0.0;0.0
puerto-maldonado;177;1109.3;925.4;0.0;0.0
puerto-maldonado;178;1713.4;1343.5;0.0;0.0
puerto-maldonado;180;1675.0;1307.2;0.0;0.0
puerto-maldonado;183;2255.3;1514.2;0.0;0.0
puerto-maldonado;184;1752.7;1269.9;0.0;0.0
puerto-maldonado;185;1409.9;1035.9;0.0;0.0
puerto-maldonado;187;1154.0;949.9;0.0;0.0
puerto-maldonado;188;2751.8;2141.8;0.0;0.0
puerto-maldonado;189;4838.3;2900.2;0.0;533.0
puerto-maldonado;190;897.0;744.1;0.0;0.0
puerto-maldonado;192;3082.8;2321.9;0.0;0.0
puerto-maldonado;193;2857.7;2273.2;0.0;0.0
puerto-maldonado;194;1347.0;969.9;0.0;0.0
puerto-maldonado;195;1028.8;859.7;0.0;0.0
puerto-maldonado;198;1041.3;704.3;0.0;0.0
puerto-maldonado;199;1837.1;1451.1;0.0;0.0
puerto-maldonado;201;2129.0;1464.0;0.0;0.0
puerto-maldonado;205;1943.1;1538.7;0.0;0.0
puerto-maldonado;206;1178.0;968.2;0.0;0.0
puerto-maldonado;208;1338.9;947.8;0.0;0.0
puerto-maldonado;211;1079.2;875.0;0.0;0.0
puerto-maldonado;214;2027.3;1608.4;0.0;0.0
puerto-maldonado;217;1983.0;1574.8;0.0;0.0
puerto-maldonado;218;3093.4;2540.7;0.0;0.0
puerto-maldonado;219;2064.6;1639.9;0.0;0.0
puerto-maldonado;222;3433.1;2549.2;0.0;0.0
puerto-maldonado;223;1157.4;836.3;0.0;0.0
puerto-maldonado;224;1237.3;819.0;0.0;10.8
puerto-maldonado;225;1929.0;1050.4;0.0;240.9
puerto-maldonado;226;1689.2;1212.7;0.0;0.0
puerto-maldonado;227;604.9;457.5;0.0;0.0
puerto-maldonado;230;2228.3;1523.9;0.0;0.0
puerto-maldonado;232;687.9;548.7;0.0;0.0
puerto-maldonado;233;1793.1;1281.6;0.0;0.0
puerto-maldonado;234;2724.6;2126.2;0.0;0.0
puerto-maldonado;235;880.6;657.7;0.0;0.0
puerto-maldonado;238;2168.3;1730.5;0.0;0.0
puerto-maldonado;239;1757.7;1178.6;0.0;0.0
puerto-maldonado;240;1596.7;1238.0;0.0;0.0
puerto-maldonado;244;2588.9;2042.9;0.0;0.0
puerto-maldonado;245;5035.1;2976.6;0.0;559.9
puerto-maldonado;246;1156.7;959.5;0.0;0.0
puerto-maldonado;248;1316.3;1111.3;0.0;0.0
puerto-maldonado;254;2314.2;1643.2;0.0;0.0
puerto-maldonado;256;612.8;478.4;0.0;0.0
puerto-maldonado;258;2717.2;2054.9;0.0;0.0
puerto-maldonado;259;2003.0;1574.9;0.0;0.0
puerto-maldonado;261;1924.2;1413.1;0.0;0.0
puerto-maldonado;265;1278.4;907.6;0.0;0.0
puerto-maldonado;268;1957.4;1405.9;0.0;0.0
puerto-maldonado;273;638.4;478.4;0.0;0.0
moquegua;0;1826.2;1566.8;0.0;0.0
moquegua;1;2441.0;2128.6;0.0;0.0
moquegua;2;2258.0;1934.8;0.0;0.0
moquegua;3;890.4;649.6;0.0;0.0
moquegua;4;936.2;747.1;28.8;0.0
moquegua;5;1515.1;1304.4;0.0;0.0
moquegua;6;2550.2;2238.7;0.0;0.0
moquegua;7;2674.9;2297.6;0.0;0.0
moquegua;8;1789.9;1529.1;0.0;0.0
moquegua;9;1611.8;1394.0;0.0;0.0
moquegua;10;1257.6;1007.5;0.0;0.0
moquegua;11;334.6;258.3;0.0;0.0
moquegua;12;611.9;507.9;0.0;0.0
moquegua;13;1163.2;937.2;0.0;0.0
moquegua;14;1721.1;1488.1;0.0;0.0
moquegua;15;1667.4;1446.1;0.0;0.0
moquegua;16;733.2;553.0;0.0;0.0
moquegua;17;1261.8;949.6;0.0;0.0
moquegua;18;1011.9;814.7;0.0;0.0
moquegua;19;2143.0;1816.9;0.0;0.0
moquegua;20;306.1;209.9;0.0;0.0
moquegua;21;2406.8;2033.8;0.0;0.0
moquegua;22;1734.7;1418.2;0.0;0.0
moquegua;23;447.6;370.3;0.0;0.0
moquegua;24;1062.3;866.2;0.0;0.0
moquegua;25;2169.7;1882.9;0.0;0.0
moquegua;26;314.5;195.9;0.0;0.0
moquegua;27;745.8;652.7;0.0;0.0
moquegua;28;1463.6;1245.2;0.0;0.0
moquegua;29;584.5;448.1;0.0;0.0
moquegua;30;1539.6;1335.5;0.0;0.0
moquegua;31;1234.7;1085.9;0.0;0.0
moquegua;32;1735.4;1503.7;0.0;0.0
moquegua;33;1460.9;1231.1;0.0;0.0
moquegua;34;8.4;0.7;0.0;0.0
moquegua;36;754.9;644.3;0.0;0.0
moquegua;37;1583.4;1372.2;0.0;0.0
moquegua;38;481.8;396.1;0.0;0.0
moquegua;39;1023.5;788.5;0.0;0.0
moquegua;40;254.8;219.4;0.0;0.0
moquegua;41;2606.0;2245.8;0.0;0.0
moquegua;42;2140.6;1849.3;0.0;0.0
moquegua;45;5676.4;3199.9;0.0;936.0
moquegua;46;393.8;317.1;0.0;0.0
moquegua;47;2258.1;1912.3;0.0;0.0
moquegua;48;1542.1;1168.1;0.0;0.0
moquegua;49;367.5;319.0;0.0;0.0
moquegua;51;2527.3;2201.9;0.0;0.0
moquegua;52;2109.0;1711.5;0.0;0.0
moquegua;53;1314.0;1155.1;0.0;0.0
moquegua;54;1347.7;1120.0;0.0;0.0
moquegua;56;1291.1;1111.4;0.0;0.0
moquegua;60;2375.6;2074.9;0.0;0.0
moquegua;61;2572.7;2156.2;0.0;0.0
moquegua;62;1059.7;863.0;0.0;0.0
moquegua;63;1778.4;1521.0;0.0;0.0
moquegua;65;2136.6;1822.2;0.0;0.0
moquegua;66;1869.9;1562.8;0.0;0.0
moquegua;67;2030.6;1747.5;0.0;0.0
moquegua;68;177.9;158.6;0.0;0.0
moquegua;69;2002.2;1722.7;0.0;0.0
moquegua;70;1407.7;1230.0;0.0;0.0
moquegua;71;452.3;379.1;0.0;0.0
moquegua;72;1757.9;1521.5;0.0;0.0
moquegua;73;1233.8;956.6;0.0;0.0
moquegua;74;2488.0;2145.1;0.0;0.0
moquegua;75;609.8;422.7;0.0;0.0
moquegua;77;1478.0;1263.9;0.0;0.0
moquegua;78;1757.0;1423.8;0.0;0.0
moquegua;79;1202.0;879.0;0.0;0.0
moquegua;82;1945.7;1662.1;0.0;0.0
moquegua;83;703.2;597.6;0.0;0.0
moquegua;84;1429.9;1092.2;0.0;0.0
moquegua;85;2534.2;2224.4;0.0;0.0
moquegua;86;2540.5;2099.2;0.0;0.0
moquegua;87;421.8;334.7;0.0;0.0
moquegua;88;1024.2;696.2;0.0;0.0
moquegua;89;2409.5;2022.9;0.0;0.0
moquegua;90;1908.8;1642.6;0.0;0.0
moquegua;91;1301.7;1089.0;0.0;0.0
moquegua;92;2368.2;2003.9;0.0;0.0
moquegua;93;1185.6;944.8;0.0;0.0
moquegua;94;1688.0;1457.3;0.0;0.0
moquegua;95;1091.3;761.6;0.0;0.0
moquegua;96;1705.8;1461.4;0.0;0.0
moquegua;97;202.2;126.9;0.0;0.0
moquegua;99;2129.6;1845.3;0.0;0.0
moquegua;100;1679.7;1452.6;0.0;0.0
moquegua;101;2013.3;1737.6;0.0;0.0
moquegua;102;635.9;512.3;0.0;0.0
moquegua;103;821.1;702.2;0.0;0.0
moquegua;104;1318.3;1124.4;0.0;0.0
moquegua;105;1122.0;989.3;0.0;0.0
moquegua;106;304.7;261.3;0.0;0.0
moquegua;107;802.8;604.1;0.0;0.0
moquegua;108;1990.0;1714.7;0.0;0.0
moquegua;109;2665.2;1999.7;0.0;111.1
moquegua;110;1486.0;1290.8;0.0;0.0
moquegua;111;1765.4;1528.2;0.0;0.0
moquegua;113;570.3;468.9;0.0;0.0
moquegua;114;1513.5;1311.8;0.0;0.0
moquegua;117;2424.7;2122.5;0.0;0.0
moquegua;120;615.7;529.1;0.0;0.0
moquegua;121;2658.5;2340.1;0.0;0.0
moquegua;122;2557.7;2155.3;0.0;0.0
moquegua;123;2147.8;1726.9;0.0;0.0
moquegua;124;909.0;761.0;0.0;0.0
moquegua;125;2353.8;2058.4;0.0;0.0
moquegua;126;1770.2;1516.2;0.0;0.0
moquegua;128;489.4;397.9;0.0;0.0
moquegua;131;755.9;612.7;0.0;0.0
moquegua;132;2587.0;2240.6;0.0;0.0
moquegua;133;2616.5;2254.3;0.0;0.0
moquegua;134;1676.6;1438.9;0.0;0.0
moquegua;135;2215.2;1926.0;0.0;0.0
moquegua;136;379.6;324.5;0.0;0.0
moquegua;137;785.1;653.3;0.0;0.0
moquegua;138;598.8;504.2;0.0;0.0
moquegua;139;1898.7;1642.7;0.0;0.0
moquegua;140;368.3;285.9;0.0;0.0
moquegua;141;1676.9;1102.0;0.0;104.8
moquegua;142;638.3;508.3;0.0;0.0
moquegua;146;721.5;612.9;0.0;0.0
moquegua;147;608.6;457.9;0.0;0.0
moquegua;148;1049.5;717.6;0.0;0.0
moquegua;150;4409.1;2783.3;0.0;533.0
moquegua;151;1601.3;1384.7;0.0;0.0
moquegua;152;979.2;767.5;39.6;0.0
moquegua;153;2567.0;2189.0;0.0;0.0
moquegua;158;2602.0;2182.0;0.0;0.0
moquegua;160;2222.9;1780.4;0.0;0.0
moquegua;161;2022.3;1750.3;0.0;0.0
moquegua;162;392.7;342.2;0.0;0.0
moquegua;164;1403.4;1058.2;0.0;0.0
moquegua;165;1359.8;1147.2;0.0;0.0
moquegua;166;2309.8;1948.7;0.0;0.0
moquegua;167;1051.5;753.7;0.0;0.0
moquegua;168;1395.0;1225.9;0.0;0.0
moquegua;169;1798.0;1557.0;0.0;0.0
moquegua;171;1318.9;1049.7;0.0;0.0
moquegua;172;1499.3;1264.6;0.0;0.0
moquegua;173;800.5;683.4;0.0;0.0
moquegua;176;234.9;135.1;0.0;0.0
moquegua;177;175.8;150.5;0.0;0.0
moquegua;178;1013.6;897.5;0.0;0.0
moquegua;180;975.2;861.1;0.0;0.0
moquegua;183;2005.0;1662.9;0.0;0.0
moquegua;184;1476.0;1242.4;0.0;0.0
moquegua;185;663.2;524.5;0.0;0.0
moquegua;187;103.8;87.6;0.0;0.0
moquegua;188;2052.0;1695.8;0.0;0.0
moquegua;189;4374.9;2753.5;0.0;533.0
moquegua;190;261.7;207.7;0.0;0.0
moquegua;192;2619.4;2175.1;0.0;0.0
moquegua;193;2157.9;1827.2;0.0;0.0
moquegua;194;1192.4;958.8;0.0;0.0
moquegua;195;218.4;190.1;0.0;0.0
moquegua;198;1259.5;925.3;0.0;0.0
moquegua;199;1137.3;1005.1;0.0;0.0
moquegua;201;1824.8;1539.3;0.0;0.0
moquegua;205;1243.3;1092.7;0.0;0.0
moquegua;206;127.8;105.9;0.0;0.0
moquegua;208;1492.2;1135.1;0.0;0.0
moquegua;211;281.6;230.4;0.0;0.0
moquegua;214;1327.5;1162.4;0.0;0.0
moquegua;217;1283.2;1128.8;0.0;0.0
moquegua;218;2393.6;2094.7;0.0;0.0
moquegua;219;1364.8;1193.8;0.0;0.0
moquegua;222;2831.8;2395.9;0.0;0.0
moquegua;223;1296.8;945.4;0.0;0.0
moquegua;224;1390.6;1006.3;0.0;10.8
moquegua;225;2082.3;1237.7;0.0;240.9
moquegua;226;1495.7;1223.8;0.0;0.0
moquegua;227;758.2;644.8;0.0;0.0
moquegua;230;1924.1;1599.2;0.0;0.0
moquegua;232;479.5;391.7;0.0;0.0
moquegua;233;1457.6;1199.6;0.0;0.0
moquegua;234;2024.8;1680.2;0.0;0.0
moquegua;235;1033.9;845.0;0.0;0.0
moquegua;238;1468.5;1284.5;0.0;0.0
moquegua;239;1780.2;1540.7;0.0;0.0
moquegua;240;896.9;791.9;0.0;0.0
moquegua;244;1889.1;1596.9;0.0;0.0
moquegua;245;4571.7;2829.8;0.0;559.9
moquegua;246;258.8;222.2;0.0;0.0
moquegua;248;460.7;392.3;0.0;0.0
moquegua;254;1650.3;1376.1;0.0;0.0
moquegua;256;631.7;536.0;0.0;0.0
moquegua;258;2253.8;1908.1;0.0;0.0
moquegua;259;1303.2;1128.9;0.0;0.0
moquegua;261;1509.9;1316.2;0.0;0.0
moquegua;265;670.7;503.1;0.0;0.0
moquegua;268;1422.3;1175.9;0.0;0.0
moquegua;273;648.7;504.6;0.0;0.0
cerro-de-pasco;0;296.1;221.8;0.0;0.0
cerro-de-pasco;1;1373.0;1128.9;0.0;0.0
cerro-de-pasco;2;1190.1;935.1;0.0;0.0
cerro-de-pasco;3;1500.0;1007.8;0.0;0.0
cerro-de-pasco;4;1445.8;935.9;10.8;0.0
cerro-de-pasco;5;233.8;117.0;0.0;0.0
cerro-de-pasco;6;1482.3;1238.9;0.0;0.0
cerro-de-pasco;7;1325.1;1005.3;0.0;0.0
cerro-de-pasco;8;509.2;320.5;0.0;0.0
cerro-de-pasco;9;128.0;93.4;0.0;0.0
cerro-de-pasco;10;635.1;498.4;0.0;0.0
cerro-de-pasco;11;1757.4;1535.0;0.0;0.0
cerro-de-pasco;12;1775.7;1326.7;0.0;0.0
cerro-de-pasco;13;728.4;565.8;0.0;0.0
cerro-de-pasco;14;585.8;415.8;0.0;0.0
cerro-de-pasco;15;137.3;101.1;0.0;0.0
cerro-de-pasco;16;2074.3;1761.6;0.0;0.0
cerro-de-pasco;17;788.7;598.8;0.0;0.0
cerro-de-pasco;18;1154.1;846.2;0.0;0.0
cerro-de-pasco;19;1075.0;817.2;0.0;0.0
cerro-de-pasco;20;1820.3;1517.7;0.0;0.0
cerro-de-pasco;21;876.7;688.8;0.0;0.0
cerro-de-pasco;22;279.3;174.9;0.0;0.0
cerro-de-pasco;23;1629.5;1402.6;0.0;0.0
cerro-de-pasco;24;1266.6;848.7;0.0;0.0
cerro-de-pasco;25;1101.7;883.2;0.0;0.0
cerro-de-pasco;26;1737.0;1418.5;0.0;0.0
cerro-de-pasco;27;805.0;688.7;0.0;0.0
cerro-de-pasco;28;173.8;117.7;0.0;0.0
cerro-de-pasco;29;1736.8;1285.4;0.0;0.0
cerro-de-pasco;30;11.6;2.5;0.0;0.0
cerro-de-pasco;31;315.3;255.7;0.0;0.0
cerro-de-pasco;32;667.5;504.0;0.0;0.0
cerro-de-pasco;33;282.5;238.7;0.0;0.0
cerro-de-pasco;34;1541.3;1340.3;0.0;0.0
cerro-de-pasco;36;1409.6;1016.2;0.0;0.0
cerro-de-pasco;37;515.4;372.4;0.0;0.0
cerro-de-pasco;38;1683.9;1265.1;0.0;0.0
cerro-de-pasco;39;1743.8;1220.7;0.0;0.0
cerro-de-pasco;40;1436.7;1251.7;0.0;0.0
cerro-de-pasco;41;1256.3;953.5;0.0;0.0
cerro-de-pasco;42;1072.6;849.6;0.0;0.0
cerro-de-pasco;45;4146.2;1854.9;0.0;936.0
cerro-de-pasco;46;1897.6;1665.9;0.0;0.0
cerro-de-pasco;47;728.0;567.3;0.0;0.0
cerro-de-pasco;48;799.1;551.4;0.0;0.0
cerro-de-pasco;49;1181.0;1021.0;0.0;0.0
cerro-de-pasco;51;1459.4;1202.2;0.0;0.0
cerro-de-pasco;52;1041.0;711.7;0.0;0.0
cerro-de-pasco;53;284.8;235.3;0.0;0.0
cerro-de-pasco;54;470.8;377.9;0.0;0.0
cerro-de-pasco;56;377.1;256.3;0.0;0.0
cerro-de-pasco;60;1307.7;1075.2;0.0;0.0
cerro-de-pasco;61;1042.6;811.2;0.0;0.0
cerro-de-pasco;62;2004.4;1486.8;0.0;0.0
cerro-de-pasco;63;497.6;312.4;0.0;0.0
cerro-de-pasco;65;606.5;477.2;0.0;0.0
cerro-de-pasco;66;507.4;370.6;0.0;0.0
cerro-de-pasco;67;962.7;747.7;0.0;0.0
cerro-de-pasco;68;1676.7;1465.1;0.0;0.0
cerro-de-pasco;69;934.2;723.0;0.0;0.0
cerro-de-pasco;70;348.7;238.6;0.0;0.0
cerro-de-pasco;71;1634.2;1411.5;0.0;0.0
cerro-de-pasco;72;622.6;449.2;0.0;0.0
cerro-de-pasco;73;585.6;453.1;0.0;0.0
cerro-de-pasco;74;1411.4;1076.1;0.0;0.0
cerro-de-pasco;75;1605.0;1302.4;0.0;0.0
cerro-de-pasco;77;197.4;165.5;0.0;0.0
cerro-de-pasco;78;331.0;159.0;0.0;0.0
cerro-de-pasco;79;950.5;717.7;0.0;0.0
cerro-de-pasco;82;415.6;317.1;0.0;0.0
cerro-de-pasco;83;1461.4;1062.8;0.0;0.0
cerro-de-pasco;84;899.0;622.6;0.0;0.0
cerro-de-pasco;85;1466.2;1224.6;0.0;0.0
cerro-de-pasco;86;1010.4;754.2;0.0;0.0
cerro-de-pasco;87;1730.7;1512.5;0.0;0.0
cerro-de-pasco;88;1195.7;871.1;0.0;0.0
cerro-de-pasco;89;1341.6;1023.2;0.0;0.0
cerro-de-pasco;90;378.7;297.6;0.0;0.0
cerro-de-pasco;91;2246.4;1712.9;0.0;0.0
cerro-de-pasco;92;1300.2;1004.2;0.0;0.0
cerro-de-pasco;93;785.2;593.3;0.0;0.0
cerro-de-pasco;94;325.4;265.1;0.0;0.0
cerro-de-pasco;95;1297.9;892.7;0.0;0.0
cerro-de-pasco;96;316.6;178.6;0.0;0.0
cerro-de-pasco;97;1733.7;1466.4;0.0;0.0
cerro-de-pasco;99;1061.7;845.6;0.0;0.0
cerro-de-pasco;100;544.3;380.3;0.0;0.0
cerro-de-pasco;101;483.1;392.6;0.0;0.0
cerro-de-pasco;102;1872.8;1379.3;0.0;0.0
cerro-de-pasco;103;1422.2;1015.4;0.0;0.0
cerro-de-pasco;104;350.1;243.3;0.0;0.0
cerro-de-pasco;105;522.7;432.3;0.0;0.0
cerro-de-pasco;106;1244.1;1078.9;0.0;0.0
cerro-de-pasco;107;1279.2;1049.9;0.0;0.0
cerro-de-pasco;108;922.0;715.0;0.0;0.0
cerro-de-pasco;109;1135.0;654.7;0.0;111.1
cerro-de-pasco;110;62.6;49.0;0.0;0.0
cerro-de-pasco;111;402.8;335.9;0.0;0.0
cerro-de-pasco;113;1198.3;1024.6;0.0;0.0
cerro-de-pasco;114;161.9;135.1;0.0;0.0
cerro-de-pasco;117;1356.8;1122.8;0.0;0.0
cerro-de-pasco;120;936.2;812.4;0.0;0.0
cerro-de-pasco;121;1590.6;1340.4;0.0;0.0
cerro-de-pasco;122;1489.7;1155.6;0.0;0.0
cerro-de-pasco;123;785.3;534.6;0.0;0.0
cerro-de-pasco;124;1256.5;899.8;0.0;0.0
cerro-de-pasco;125;1285.9;1058.6;0.0;0.0
cerro-de-pasco;126;355.1;229.9;0.0;0.0
cerro-de-pasco;128;1830.6;1606.4;0.0;0.0
cerro-de-pasco;131;1888.8;1367.2;0.0;0.0
cerro-de-pasco;132;1519.1;1240.8;0.0;0.0
cerro-de-pasco;133;1516.3;1163.9;0.0;0.0
cerro-de-pasco;134;502.8;333.0;0.0;0.0
cerro-de-pasco;135;1147.3;926.3;0.0;0.0
cerro-de-pasco;136;1369.4;1168.8;0.0;0.0
cerro-de-pasco;137;1552.8;1125.7;0.0;0.0
cerro-de-pasco;138;1567.9;1155.9;0.0;0.0
cerro-de-pasco;139;830.7;642.9;0.0;0.0
cerro-de-pasco;140;1843.0;1615.6;0.0;0.0
cerro-de-pasco;141;1559.2;891.1;0.0;108.0
cerro-de-pasco;142;1953.6;1461.1;0.0;0.0
cerro-de-pasco;146;888.9;767.5;0.0;0.0
cerro-de-pasco;147;1672.6;1341.2;0.0;0.0
cerro-de-pasco;148;1170.8;849.9;0.0;0.0
cerro-de-pasco;150;2878.9;1438.3;0.0;533.0
cerro-de-pasco;151;238.8;192.4;0.0;0.0
cerro-de-pasco;152;1370.2;915.1;0.0;0.0
cerro-de-pasco;153;1499.1;1189.3;0.0;0.0
cerro-de-pasco;158;1534.1;1182.3;0.0;0.0
cerro-de-pasco;160;774.9;525.2;0.0;0.0
cerro-de-pasco;161;954.4;750.6;0.0;0.0
cerro-de-pasco;162;1574.6;1374.6;0.0;0.0
cerro-de-pasco;164;752.2;541.0;0.0;0.0
cerro-de-pasco;165;381.8;284.9;0.0;0.0
cerro-de-pasco;166;1241.8;949.0;0.0;0.0
cerro-de-pasco;167;1039.7;745.8;0.0;0.0
cerro-de-pasco;168;295.3;188.1;0.0;0.0
cerro-de-pasco;169;662.7;484.7;0.0;0.0
cerro-de-pasco;171;571.2;452.0;0.0;0.0
cerro-de-pasco;172;233.1;190.6;0.0;0.0
cerro-de-pasco;173;1424.5;1025.6;0.0;0.0
cerro-de-pasco;176;1635.8;1368.7;0.0;0.0
cerro-de-pasco;177;1377.6;1191.0;0.0;0.0
cerro-de-pasco;178;535.5;443.1;0.0;0.0
cerro-de-pasco;180;595.4;491.1;0.0;0.0
cerro-de-pasco;183;600.9;362.5;0.0;0.0
cerro-de-pasco;184;261.5;218.3;0.0;0.0
cerro-de-pasco;185;1176.5;989.0;0.0;0.0
cerro-de-pasco;187;1519.4;1316.5;0.0;0.0
cerro-de-pasco;188;916.7;623.4;0.0;0.0
cerro-de-pasco;189;2844.7;1408.5;0.0;533.0
cerro-de-pasco;190;1793.2;1547.2;0.0;0.0
cerro-de-pasco;192;1089.3;830.1;0.0;0.0
cerro-de-pasco;193;1089.9;827.4;0.0;0.0
cerro-de-pasco;194;698.1;543.1;0.0;0.0
cerro-de-pasco;195;1383.8;1206.9;0.0;0.0
cerro-de-pasco;198;1979.8;1357.6;0.0;0.0
cerro-de-pasco;199;412.0;335.2;0.0;0.0
cerro-de-pasco;201;362.9;212.3;0.0;0.0
cerro-de-pasco;205;306.5;247.9;0.0;0.0
cerro-de-pasco;206;1576.8;1370.3;0.0;0.0
cerro-de-pasco;208;840.1;591.2;0.0;0.0
cerro-de-pasco;211;1780.4;1536.9;0.0;0.0
cerro-de-pasco;214;310.5;204.3;0.0;0.0
cerro-de-pasco;217;322.3;266.7;0.0;0.0
cerro-de-pasco;218;1325.6;1094.9;0.0;0.0
cerro-de-pasco;219;184.0;146.3;0.0;0.0
cerro-de-pasco;222;1439.5;1057.4;0.0;0.0
cerro-de-pasco;223;854.1;650.4;0.0;0.0
cerro-de-pasco;224;1273.0;795.4;0.0;14.0
cerro-de-pasco;225;1274.2;688.4;0.0;149.1
cerro-de-pasco;226;322.9;274.2;0.0;0.0
cerro-de-pasco;227;1451.2;1044.8;0.0;0.0
cerro-de-pasco;230;462.3;272.2;0.0;0.0
cerro-de-pasco;232;1820.7;1600.3;0.0;0.0
cerro-de-pasco;233;363.4;299.2;0.0;0.0
cerro-de-pasco;234;956.8;680.4;0.0;0.0
cerro-de-pasco;235;1294.7;869.7;0.0;0.0
cerro-de-pasco;238;220.7;128.2;0.0;0.0
cerro-de-pasco;239;417.7;348.5;0.0;0.0
cerro-de-pasco;240;653.2;549.3;0.0;0.0
cerro-de-pasco;244;715.1;427.2;0.0;0.0
cerro-de-pasco;245;3041.6;1484.8;0.0;559.9
cerro-de-pasco;246;1290.4;1117.9;0.0;0.0
cerro-de-pasco;248;1088.2;947.9;0.0;0.0
cerro-de-pasco;254;325.9;166.4;0.0;0.0
cerro-de-pasco;256;1533.4;1124.5;0.0;0.0
cerro-de-pasco;258;723.7;563.1;0.0;0.0
cerro-de-pasco;259;411.2;323.5;0.0;0.0
cerro-de-pasco;261;89.8;75.7;0.0;0.0
cerro-de-pasco;265;1511.4;1041.5;0.0;0.0
cerro-de-pasco;268;338.4;250.4;0.0;0.0
cerro-de-pasco;273;1929.0;1409.5;0.0;0.0
tumbes;0;1763.9;1447.8;0.0;0.0
tumbes;1;476.5;428.3;0.0;0.0
tumbes;2;853.7;748.1;0.0;0.0
tumbes;3;2756.3;2234.4;0.0;0.0
tumbes;4;2893.3;2361.0;28.8;0.0
tumbes;5;1426.9;1233.5;0.0;0.0
tumbes;6;119.3;103.5;0.0;0.0
tumbes;7;939.3;810.2;0.0;0.0
tumbes;8;1302.5;1114.3;0.0;0.0
tumbes;9;1704.5;1425.2;0.0;0.0
tumbes;10;2092.6;1794.1;0.0;0.0
tumbes;11;2877.0;2536.4;0.0;0.0
tumbes;12;3068.3;2705.5;0.0;0.0
tumbes;13;2124.5;1815.0;0.0;0.0
tumbes;14;1151.2;1008.8;0.0;0.0
tumbes;15;1604.1;1326.6;0.0;0.0
tumbes;16;3193.9;2763.1;0.0;0.0
tumbes;17;2184.7;1848.0;0.0;0.0
tumbes;18;2510.1;2147.0;0.0;0.0
tumbes;19;1017.2;873.6;0.0;0.0
tumbes;20;2939.9;2519.2;0.0;0.0
tumbes;21;1251.1;1070.1;0.0;0.0
tumbes;22;1506.5;1252.7;0.0;0.0
tumbes;23;2749.1;2404.1;0.0;0.0
tumbes;24;2766.5;2171.1;0.0;0.0
tumbes;25;535.1;488.7;0.0;0.0
tumbes;26;2856.5;2420.0;0.0;0.0
tumbes;27;1924.6;1690.2;0.0;0.0
tumbes;28;1610.7;1377.5;0.0;0.0
tumbes;29;2886.0;2482.0;0.0;0.0
tumbes;30;1591.0;1339.7;0.0;0.0
tumbes;31;1434.8;1257.2;0.0;0.0
tumbes;32;934.0;838.9;0.0;0.0
tumbes;33;1780.0;1550.6;0.0;0.0
tumbes;34;2660.8;2341.8;0.0;0.0
tumbes;36;2765.6;2316.9;0.0;0.0
tumbes;37;1085.1;969.4;0.0;0.0
tumbes;38;2934.1;2570.5;0.0;0.0
tumbes;39;3099.8;2521.4;0.0;0.0
tumbes;40;2556.3;2253.2;0.0;0.0
tumbes;41;870.4;758.3;0.0;0.0
tumbes;42;736.3;662.6;0.0;0.0
tumbes;45;4526.5;2240.1;0.0;936.0
tumbes;46;3017.2;2667.4;0.0;0.0
tumbes;47;1400.4;1144.2;0.0;0.0
tumbes;48;2354.7;1910.3;0.0;0.0
tumbes;49;2300.5;2022.5;0.0;0.0
tumbes;51;447.3;391.5;0.0;0.0
tumbes;52;1026.7;850.2;0.0;0.0
tumbes;53;1507.2;1321.7;0.0;0.0
tumbes;54;1967.2;1689.0;0.0;0.0
tumbes;56;1811.5;1555.8;0.0;0.0
tumbes;60;371.1;332.2;0.0;0.0
tumbes;61;1422.8;1196.4;0.0;0.0
tumbes;62;3360.4;2787.6;0.0;0.0
tumbes;63;1291.0;1106.3;0.0;0.0
tumbes;65;2074.2;1703.2;0.0;0.0
tumbes;66;2063.1;1729.5;0.0;0.0
tumbes;67;819.5;729.4;0.0;0.0
tumbes;68;2796.3;2466.6;0.0;0.0
tumbes;69;876.4;779.4;0.0;0.0
tumbes;70;1263.5;1114.1;0.0;0.0
tumbes;71;2753.8;2413.0;0.0;0.0
tumbes;72;1114.4;975.6;0.0;0.0
tumbes;73;1943.7;1658.5;0.0;0.0
tumbes;74;752.5;657.7;0.0;0.0
tumbes;75;2724.6;2303.9;0.0;0.0
tumbes;77;1671.2;1430.6;0.0;0.0
tumbes;78;1522.2;1260.7;0.0;0.0
tumbes;79;2368.4;1979.9;0.0;0.0
tumbes;82;1883.3;1543.1;0.0;0.0
tumbes;83;2817.3;2363.6;0.0;0.0
tumbes;84;2398.9;1945.1;0.0;0.0
tumbes;85;133.9;117.2;0.0;0.0
tumbes;86;1118.6;958.7;0.0;0.0
tumbes;87;2850.2;2514.0;0.0;0.0
tumbes;88;2341.3;2008.7;0.0;0.0
tumbes;89;1005.2;836.2;0.0;0.0
tumbes;90;1746.6;1413.3;0.0;0.0
tumbes;91;3602.4;3013.6;0.0;0.0
tumbes;92;858.2;723.1;0.0;0.0
tumbes;93;2153.0;1813.6;0.0;0.0
tumbes;94;1881.1;1624.0;0.0;0.0
tumbes;95;2623.8;2182.0;0.0;0.0
tumbes;96;1893.1;1510.5;0.0;0.0
tumbes;97;2853.3;2467.9;0.0;0.0
tumbes;99;538.2;496.1;0.0;0.0
tumbes;100;1193.1;1044.9;0.0;0.0
tumbes;101;1642.5;1318.3;0.0;0.0
tumbes;102;3092.3;2709.8;0.0;0.0
tumbes;103;2778.2;2316.2;0.0;0.0
tumbes;104;1807.4;1482.1;0.0;0.0
tumbes;105;1642.3;1433.7;0.0;0.0
tumbes;106;2363.7;2080.4;0.0;0.0
tumbes;107;2398.8;2051.4;0.0;0.0
tumbes;108;864.2;771.4;0.0;0.0
tumbes;109;2602.8;1880.7;0.0;111.1
tumbes;110;1582.8;1326.1;0.0;0.0
tumbes;111;1958.5;1694.8;0.0;0.0
tumbes;113;2317.9;2026.0;0.0;0.0
tumbes;114;1706.7;1478.5;0.0;0.0
tumbes;117;289.3;243.5;0.0;0.0
tumbes;120;2055.8;1813.9;0.0;0.0
tumbes;121;9.7;1.5;0.0;0.0
tumbes;122;593.2;455.0;0.0;0.0
tumbes;123;2341.0;1893.6;0.0;0.0
tumbes;124;2612.5;2200.5;0.0;0.0
tumbes;125;317.8;287.2;0.0;0.0
tumbes;126;1381.1;1194.3;0.0;0.0
tumbes;128;2950.1;2607.9;0.0;0.0
tumbes;131;3212.3;2810.2;0.0;0.0
tumbes;132;506.9;430.1;0.0;0.0
tumbes;133;880.9;766.8;0.0;0.0
tumbes;134;1287.5;1117.0;0.0;0.0
tumbes;135;521.3;477.5;0.0;0.0
tumbes;136;2489.0;2170.3;0.0;0.0
tumbes;137;2908.8;2426.4;0.0;0.0
tumbes;138;2923.9;2456.6;0.0;0.0
tumbes;139;769.8;698.6;0.0;0.0
tumbes;140;2962.5;2617.1;0.0;0.0
tumbes;141;3059.1;2213.6;0.0;108.0
tumbes;142;3099.0;2718.4;0.0;0.0
tumbes;146;2008.5;1769.0;0.0;0.0
tumbes;147;2792.2;2342.7;0.0;0.0
tumbes;148;2366.7;2030.1;0.0;0.0
tumbes;150;3259.2;1823.6;0.0;533.0
tumbes;151;1794.5;1551.3;0.0;0.0
tumbes;152;2870.1;2237.6;0.0;0.0
tumbes;153;602.6;488.7;0.0;0.0
tumbes;158;637.6;481.7;0.0;0.0
tumbes;160;1352.9;1054.9;0.0;0.0
tumbes;161;653.4;599.5;0.0;0.0
tumbes;162;2694.2;2376.0;0.0;0.0
tumbes;164;2248.6;1852.1;0.0;0.0
tumbes;165;1570.9;1344.3;0.0;0.0
tumbes;166;743.9;635.7;0.0;0.0
tumbes;167;2255.2;1918.0;0.0;0.0
tumbes;168;1306.8;1154.9;0.0;0.0
tumbes;169;1074.3;939.7;0.0;0.0
tumbes;171;2067.5;1763.0;0.0;0.0
tumbes;172;1738.0;1510.2;0.0;0.0
tumbes;173;2780.4;2326.4;0.0;0.0
tumbes;176;2755.4;2370.2;0.0;0.0
tumbes;177;2497.2;2192.5;0.0;0.0
tumbes;178;1655.1;1444.5;0.0;0.0
tumbes;180;1715.0;1492.5;0.0;0.0
tumbes;183;2072.0;1695.6;0.0;0.0
tumbes;184;1761.1;1532.5;0.0;0.0
tumbes;185;2296.1;1990.5;0.0;0.0
tumbes;187;2639.0;2318.0;0.0;0.0
tumbes;188;1182.0;970.2;0.0;0.0
tumbes;189;3225.0;1793.7;0.0;533.0
tumbes;190;2912.7;2548.7;0.0;0.0
tumbes;192;1037.0;881.3;0.0;0.0
tumbes;193;1032.0;883.9;0.0;0.0
tumbes;194;2094.1;1792.3;0.0;0.0
tumbes;195;2503.4;2208.4;0.0;0.0
tumbes;198;3335.8;2658.3;0.0;0.0
tumbes;199;1531.5;1336.7;0.0;0.0
tumbes;201;1939.4;1544.2;0.0;0.0
tumbes;205;1426.1;1249.4;0.0;0.0
tumbes;206;2696.3;2371.8;0.0;0.0
tumbes;208;2336.5;1902.2;0.0;0.0
tumbes;211;2899.9;2538.4;0.0;0.0
tumbes;214;1341.9;1179.5;0.0;0.0
tumbes;217;1476.4;1295.4;0.0;0.0
tumbes;218;278.7;249.1;0.0;0.0
tumbes;219;1508.3;1315.8;0.0;0.0
tumbes;222;1096.2;908.4;0.0;0.0
tumbes;223;2272.0;1912.6;0.0;0.0
tumbes;224;2772.9;2117.9;0.0;14.0
tumbes;225;2829.9;2047.3;0.0;149.1
tumbes;226;1819.3;1585.3;0.0;0.0
tumbes;227;2807.1;2345.5;0.0;0.0
tumbes;230;2038.8;1604.0;0.0;0.0
tumbes;232;2940.2;2601.8;0.0;0.0
tumbes;233;1858.3;1599.2;0.0;0.0
tumbes;234;1128.7;930.1;0.0;0.0
tumbes;235;2794.6;2192.2;0.0;0.0
tumbes;238;1380.2;1213.5;0.0;0.0
tumbes;239;1973.4;1707.4;0.0;0.0
tumbes;240;1772.7;1550.7;0.0;0.0
tumbes;244;1242.7;1046.5;0.0;0.0
tumbes;245;3421.8;1870.0;0.0;559.9
tumbes;246;2409.9;2119.4;0.0;0.0
tumbes;248;2207.8;1949.4;0.0;0.0
tumbes;254;1409.3;1198.2;0.0;0.0
tumbes;256;2889.4;2425.2;0.0;0.0
tumbes;258;1426.3;1164.9;0.0;0.0
tumbes;259;1530.8;1325.0;0.0;0.0
tumbes;261;1666.3;1407.5;0.0;0.0
tumbes;265;2633.5;2154.4;0.0;0.0
tumbes;268;1704.2;1431.0;0.0;0.0
tumbes;273;3109.5;2714.7;0.0;0.0
