codigo;acceso_desde;km_ficha;minutos_ficha;ultimo_medio;km_red;minutos_red;misma_distancia
17;Amazonas/Chachapoyas/Chachapoyas;18.0;35.0;Automóvil particular;20.5;55.3;True
31;Apurímac/Abancay/Abancay;16.0;25.0;Taxi;12.3;29.2;True
33;Apurímac/Aymaraes/Chalhuanca;3.0;5.0;Taxi;1.7;10.6;False
34;Apurímac/Chincheros/Chincheros;40.0;60.0;Automóvil particular;33.7;88.1;True
36;Apurímac/Aymaraes/Chalhuanca;7.0;25.0;Taxi;5.2;19.3;True
37;Ica/Pisco/Pisco;94.0;101.0;Bus turístico;45.8;58.1;False
42;Junín/Jauja/Jauja;40.2;105.0;Automóvil particular;48.2;73.2;True
48;Piura/Piura/Piura;7.0;15.0;Bus público;7.8;16.8;True
50;Piura/Piura/Piura;7.0;15.0;Taxi;7.5;20.2;True
61;Piura/Piura/Piura;125.6;150.0;Camioneta doble tracción;144.1;237.9;True
62;Piura/Sechura/Sechura;19.8;20.0;Automóvil particular;8.2;24.5;False
63;Piura/Piura/Piura;58.0;79.0;Automóvil particular;55.1;86.5;True
66;Piura/Piura/Piura;50.3;110.0;Mototaxi;48.8;72.6;True
69;Piura/Morropón/Chulucanas;5.0;15.0;Mototaxi;5.4;17.8;True
70;Piura/Paita/Paita;17.0;20.0;Mini bus turístico;15.8;26.8;True
72;Piura/Piura/Piura;139.0;147.0;Automóvil particular;136.4;159.0;True
74;San Martín/Moyobamba/Moyobamba;6.2;15.0;Automóvil particular;7.0;19.6;True
85;Amazonas/Bagua/Aramango;64.6;255.0;Automóvil particular;19.5;58.2;False
94;San Martín/San Martín/Tarapoto;17.0;45.0;Mini bus turístico;14.3;28.4;True
96;La Libertad/Trujillo/Trujillo;4.5;15.0;Automóvil particular;5.1;13.0;True
99;La Libertad/Trujillo/Trujillo;8.0;20.0;Automóvil particular;4.7;12.9;False
109;La Libertad/Ascope/Chocope;64.8;145.0;Automóvil particular;19.0;32.0;False
114;La Libertad/Trujillo/Trujillo;8.0;10.0;Taxi;7.7;19.3;True
115;La Libertad/Trujillo/Trujillo;13.0;30.0;Automóvil particular;13.3;22.6;True
118;La Libertad/Trujillo/Moche;4.1;14.0;Automóvil particular;7.7;17.0;False
122;La Libertad/Trujillo/Trujillo;4.6;15.0;Automóvil particular;4.7;12.7;True
125;La Libertad/Trujillo/Trujillo;156.8;185.0;Automóvil particular;124.6;160.8;True
127;La Libertad/Sánchez Carrión/Huamachuco;10.0;10.0;Automóvil particular;10.5;22.8;True
128;La Libertad/Sánchez Carrión/Huamachuco;9.0;45.0;Automóvil particular;10.8;34.2;True
132;La Libertad/Trujillo/Trujillo;131.4;150.0;Mototaxi;134.8;165.5;True
136;La Libertad/Pacasmayo/San Pedro De Lloc;12.0;10.0;Automóvil particular;12.6;22.4;True
140;La Libertad/Pacasmayo/San Pedro De Lloc;19.9;41.0;Automóvil particular;18.0;31.5;True
141;San Martín/Moyobamba/Moyobamba;15.0;35.0;Automóvil particular;15.7;29.5;True
143;San Martín/Moyobamba/Moyobamba;5.1;15.0;Automóvil particular;5.2;14.0;True
151;Loreto/Maynas/Iquitos;14.0;35.0;Mototaxi;14.5;25.2;True
155;Lambayeque/Chiclayo/Chiclayo;28.3;52.0;Mototaxi;30.1;42.3;True
159;Lambayeque/Chiclayo/Chiclayo;212.9;290.0;Mototaxi;102.2;116.6;False
161;Lambayeque/Chiclayo/Chiclayo;19.6;45.0;Camioneta doble tracción;19.0;30.0;True
163;Lambayeque/Chiclayo/Chiclayo;18.0;33.0;Mototaxi;21.2;40.9;True
167;Cajamarca/San Ignacio/Namballe;80.0;200.0;Mini bus público;203.8;488.5;False
169;Cajamarca/San Ignacio/San Ignacio;3.2;20.0;Automóvil particular;37.3;72.3;False
179;Cajamarca/San Ignacio/San Ignacio;7.0;10.0;Automóvil particular;2.3;13.3;False
196;Junín/Huancayo/Huancayo;3.2;15.0;Automóvil particular;3.2;11.5;True
197;Junín/Huancayo/Huancayo;9.9;29.0;Automóvil particular;9.8;21.6;True
198;Junín/Huancayo/Huancayo;14.4;40.0;Automóvil particular;13.6;22.5;True
200;Pasco/Oxapampa/Oxapampa;7.0;25.0;Automóvil particular;8.1;29.1;True
203;Pasco/Oxapampa/Oxapampa;7.1;15.0;Automóvil particular;7.2;18.4;True
215;Pasco/Oxapampa/Oxapampa;76.7;123.0;Automóvil particular;78.3;127.0;True
223;Áncash/Casma/Casma;6.0;14.0;Automóvil particular;5.8;14.1;True
237;Ica/Ica/Ica;5.0;15.0;Automóvil particular;5.7;14.4;True
238;Ica/Ica/Ica;35.0;35.0;Automóvil particular;35.8;47.8;True
239;Ica/Ica/Ica;4.0;15.0;Automóvil particular;4.5;14.0;True
241;Ica/Chincha/Chincha Alta;8.6;18.0;Automóvil particular;6.4;16.3;True
242;Ica/Chincha/Chincha Alta;38.6;65.0;Mini bus turístico;16.7;29.0;False
250;Ica/Nasca/Nasca;3.8;15.0;Automóvil particular;3.4;14.0;True
251;Ica/Nasca/Nasca;26.9;35.0;Automóvil particular;21.0;51.0;True
257;Ica/Pisco/Paracas;4.4;7.0;Automóvil particular;24.2;46.4;False
258;Áncash/Huarmey/Huarmey;9.6;15.0;Automóvil particular;9.5;19.2;True
276;Lambayeque/Chiclayo/Chiclayo;14.0;30.0;Automóvil particular;16.1;26.8;True
278;Lambayeque/Chiclayo/Chiclayo;21.5;30.0;Automóvil particular;19.0;29.5;True
279;Lambayeque/Chiclayo/Chiclayo;42.0;50.0;Automóvil particular;38.1;52.2;True
330;Moquegua/Mariscal Nieto/Moquegua;20.0;15.0;Automóvil particular;26.2;46.7;True
334;Moquegua/Mariscal Nieto/Moquegua;25.0;30.0;Combi;26.4;43.9;True
338;Moquegua/Mariscal Nieto/Moquegua;40.5;57.0;Automóvil particular;42.6;68.1;True
342;Moquegua/Mariscal Nieto/Moquegua;135.0;210.0;Camioneta doble tracción;134.5;234.0;True
344;Arequipa/Arequipa/Arequipa;119.4;194.0;Camioneta doble tracción;114.8;203.3;True
345;Moquegua/Mariscal Nieto/Moquegua;232.3;295.0;Camioneta doble tracción;223.1;327.8;True
352;Moquegua/Ilo/Ilo;6.9;17.0;Automóvil particular;8.6;21.7;True
353;Moquegua/Ilo/Ilo;7.6;14.0;Automóvil particular;7.6;19.2;True
357;Moquegua/Ilo/Ilo;14.0;20.0;Automóvil particular;11.5;22.6;True
358;Moquegua/Ilo/Ilo;34.2;32.0;Camioneta doble tracción;30.0;43.1;True
364;Piura/Piura/Catacaos;17.0;36.0;Mototaxi;5.1;14.3;False
370;Piura/Piura/Piura;219.0;350.0;Camioneta doble tracción;159.2;213.8;True
394;Piura/Piura/Castilla;54.0;60.0;Mototaxi;58.7;74.0;True
397;Piura/Paita/Paita;17.0;20.0;Mini bus turístico;16.9;28.5;True
402;Piura/Sullana/Sullana;71.1;117.0;Camioneta doble tracción;111.5;200.1;False
403;Piura/Sullana/Miguel Checa;15.0;20.0;Taxi;0.7;9.1;False
405;Piura/Talara/Pariñas;67.7;78.0;Mototaxi;67.5;84.9;True
419;Puno/Puno/Puno;38.7;55.0;Taxi;39.3;51.4;True
429;Puno/Puno/Puno;136.9;125.0;Mototaxi;131.8;149.2;True
439;Puno/Puno/Puno;42.0;57.0;Automóvil particular;591.8;762.8;False
441;Puno/Puno/Puno;76.5;85.0;Taxi;81.5;94.7;True
447;Puno/Puno/Puno;118.6;140.0;Taxi;119.9;140.2;True
461;Puno/Puno/Puno;143.1;152.0;Mototaxi;137.9;155.4;True
462;Puno/Puno/Puno;157.6;187.0;Automóvil particular;147.4;176.9;True
468;Puno/Puno/Puno;137.8;155.0;Mototaxi;134.1;153.6;True
483;Tacna/Tacna/Alto De La Alianza;8.0;15.0;Automóvil particular;10.6;19.8;True
484;Tacna/Tacna/Pachia;22.8;25.0;Automóvil particular;6.1;15.9;False
494;Tacna/Tacna/Tacna;56.0;55.0;Automóvil particular;54.2;65.1;True
500;Tacna/Candarave/Candarave;21.0;50.0;Bus público;31.0;79.7;True
507;Tacna/Jorge Basadre/Locumba;66.1;79.0;Automóvil particular;65.9;104.9;True
513;Tacna/Jorge Basadre/Locumba;60.7;55.0;Automóvil particular;61.0;88.2;True
515;Tacna/Tacna/Tacna;104.0;130.0;Automóvil particular;102.4;118.2;True
518;Tacna/Tacna/Tacna;87.0;90.0;Mini bus público;89.3;124.4;True
526;Tacna/Tarata/Ticaco;101.0;100.0;Automóvil particular;1.9;11.6;False
535;Ucayali/Coronel Portillo/Calleria;8.0;25.0;Taxi;6.2;15.6;True
536;Ucayali/Coronel Portillo/Yarinacocha;14.0;30.0;Taxi;13.5;33.2;True
548;Ucayali/Coronel Portillo/Calleria;183.0;210.0;Taxi;182.5;223.3;True
549;Ucayali/Padre Abad/Padre Abad;21.0;28.0;Taxi;21.2;30.8;True
554;Áncash/Huaylas/Caraz;32.0;85.0;Taxi;30.0;90.9;True
557;Áncash/Huaylas/Huallanca;10.0;15.0;Automóvil particular;;;False
566;Áncash/Yungay/Yungay;25.0;65.0;Automóvil particular;26.7;61.3;True
567;Áncash/Recuay/Catac;20.0;41.0;Camioneta doble tracción;20.2;42.7;True
571;Apurímac/Abancay/Curahuasi;25.0;25.0;Automóvil particular;19.8;47.2;True
575;Apurímac/Abancay/Abancay;99.0;130.0;Taxi;69.4;141.0;True
578;Apurímac/Andahuaylas/Andahuaylas;42.0;90.0;Automóvil particular;21.7;43.5;False
580;Apurímac/Antabamba/Antabamba;20.0;25.0;Combi;6.6;19.2;False
587;Arequipa/Arequipa/Arequipa;11.0;15.0;Bus público;3.1;11.7;False
589;Arequipa/Arequipa/Arequipa;11.8;33.0;Automóvil particular;11.3;22.4;True
595;Arequipa/Arequipa/Jacobo Hunter;383.4;480.0;Camioneta doble tracción;376.1;559.9;True
596;Arequipa/Arequipa/Arequipa;9.7;25.0;Automóvil particular;9.7;19.8;True
601;Apurímac/Antabamba/Oropesa;57.4;110.0;Automóvil particular;57.8;118.9;True
602;Apurímac/Abancay/Abancay;73.5;102.0;Automóvil particular;60.0;129.9;True
606;Arequipa/Arequipa/Arequipa;31.0;75.0;Automóvil particular;27.7;40.2;True
610;Arequipa/Arequipa/Arequipa;42.0;90.0;Automóvil particular;60.1;116.1;True
611;Arequipa/Arequipa/Jacobo Hunter;161.9;200.0;Automóvil particular;162.8;203.2;True
612;Arequipa/Arequipa/Jacobo Hunter;154.0;190.0;Combi;171.3;222.1;True
615;Arequipa/Arequipa/Arequipa;201.0;240.0;Bus turístico;201.8;262.2;True
616;Arequipa/Arequipa/Jacobo Hunter;226.0;320.0;Otros (especificar);167.2;214.8;True
617;Arequipa/Arequipa/Jacobo Hunter;204.0;240.0;Taxi;251.9;379.0;True
628;Arequipa/Arequipa/Jacobo Hunter;177.0;175.0;Automóvil particular;147.5;180.1;True
629;Arequipa/Arequipa/Jacobo Hunter;190.0;225.0;Bus turístico;164.5;218.1;True
633;Arequipa/Arequipa/Jacobo Hunter;144.0;150.0;Bus público;138.1;169.8;True
641;Cajamarca/Cajamarca/Cajamarca;9.0;30.0;Bus turístico;9.0;28.9;True
642;Cajamarca/Cajamarca/Cajamarca;3.5;10.0;Combi;3.1;12.4;True
643;Cajamarca/Cajamarca/Los Baños Del Inca;8.0;15.0;Bus turístico;5.0;14.7;False
646;Cajamarca/Cajamarca/Cajamarca;30.0;60.0;Bus turístico;31.7;62.4;True
647;Cajamarca/Cajamarca/Magdalena;40.0;105.0;Bus público;34.2;105.4;True
648;Cajamarca/Cajamarca/Cajamarca;11.0;25.0;Bus turístico;11.2;22.2;True
656;Cajamarca/San Pablo/San Pablo;6.0;8.0;Automóvil particular;3.1;13.1;False
659;Cajamarca/Cajamarca/Cajamarca;6.0;20.0;Taxi;6.5;15.8;True
662;Cajamarca/Cajabamba/Cajabamba;18.0;48.0;Automóvil particular;18.2;63.1;True
665;Cajamarca/Celendín/Oxamarca;50.0;180.0;Automóvil particular;11.5;39.5;False
668;Cajamarca/Contumazá/Tantarica;40.0;150.0;Automóvil particular;14.8;56.8;False
671;Cajamarca/Contumazá/Yonan;8.6;20.0;Automóvil particular;15.6;30.1;False
674;Cajamarca/Cajamarca/Cajamarca;105.0;180.0;Automóvil particular;97.4;161.9;True
675;Cajamarca/Cajamarca/Cajamarca;77.0;115.0;Mototaxi;70.2;111.5;True
682;Huánuco/Huánuco/Huanuco;6.9;15.0;Automóvil particular;8.3;21.4;True
683;Huánuco/Huánuco/Huanuco;5.8;15.0;Automóvil particular;6.0;15.4;True
687;Huánuco/Huánuco/Huanuco;18.9;50.0;Mini bus público;18.5;28.7;True
688;Huánuco/Huánuco/Huanuco;147.0;300.0;Taxi;144.3;252.8;True
714;Junín/Huancayo/Huancayo;6.0;20.0;Automóvil particular;6.1;16.1;True
715;Junín/Huancayo/Huancayo;26.6;60.0;Automóvil particular;31.8;42.9;True
717;Junín/Concepción/Concepción;5.5;12.0;Automóvil particular;6.6;15.7;True
742;Amazonas/Chachapoyas/Chachapoyas;20.0;40.0;Automóvil particular;18.9;51.6;True
744;Amazonas/Chachapoyas/Chachapoyas;74.0;120.0;Automóvil particular;64.9;126.2;True
767;Áncash/Huaraz/Huaraz;7.5;23.0;Automóvil particular;7.6;16.6;True
768;Áncash/Huaraz/Huaraz;7.5;35.0;Automóvil particular;8.1;21.8;True
790;Tumbes/Tumbes/Tumbes;39.7;55.0;Taxi;39.7;53.4;True
794;Junín/Huancayo/Huancayo;11.0;30.0;Automóvil particular;11.3;20.7;True
795;Junín/Huancayo/Huancayo;4.4;30.0;Automóvil particular;4.5;15.5;True
798;Junín/Chupaca/Chupaca;11.0;41.0;Automóvil particular;6.0;17.9;False
800;Junín/Huancayo/Huancayo;21.0;30.0;Automóvil particular;22.0;31.1;True
802;Tumbes/Tumbes/Tumbes;17.7;20.0;Automóvil particular;17.6;26.1;True
803;Junín/Chupaca/Chupaca;6.4;15.0;Automóvil particular;5.9;17.8;True
804;Tumbes/Tumbes/Tumbes;27.0;30.0;Automóvil particular;26.8;36.0;True
805;Tumbes/Contralmirante Villar/Zorritos;54.0;48.0;Automóvil particular;53.7;65.7;True
806;Tumbes/Contralmirante Villar/Zorritos;36.0;35.0;Automóvil particular;36.1;46.6;True
807;Tumbes/Contralmirante Villar/Zorritos;12.6;14.0;Taxi;8.9;16.9;True
808;Tumbes/Contralmirante Villar/Zorritos;7.0;10.0;Mototaxi;6.2;13.9;True
809;Tumbes/Tumbes/Tumbes;30.7;42.0;Automóvil particular;30.4;40.0;True
810;Tumbes/Tumbes/Tumbes;27.0;35.0;Taxi;29.3;39.1;True
816;Tumbes/Zarumilla/Zarumilla;7.0;15.0;Automóvil particular;13.8;29.7;False
817;Tumbes/Tumbes/Tumbes;26.0;40.0;Mototaxi;5.3;13.9;False
818;Tumbes/Tumbes/Tumbes;11.0;25.0;Automóvil particular;14.8;33.3;True
819;Tumbes/Contralmirante Villar/Zorritos;11.9;16.0;Automóvil particular;35.2;53.7;False
820;Junín/Huancayo/Huancayo;21.0;30.0;Automóvil particular;21.9;31.0;True
822;Junín/Huancayo/Huancayo;21.0;30.0;Automóvil particular;22.0;31.0;True
823;Junín/Chupaca/Chupaca;14.2;35.0;Automóvil particular;14.5;33.8;True
824;Junín/Concepción/Concepción;7.3;12.0;Automóvil particular;7.4;16.4;True
827;Junín/Jauja/Jauja;6.5;20.0;Automóvil particular;8.0;20.7;True
828;Junín/Jauja/Jauja;16.5;55.0;Automóvil particular;18.2;42.0;True
830;Junín/Junín/Junín;8.0;11.0;Automóvil particular;10.1;20.6;True
831;Junín/Junín/Junín;31.0;33.0;Automóvil particular;46.7;63.5;False
832;Junín/Chanchamayo/Chanchamayo;12.5;17.0;Automóvil particular;15.4;27.5;True
833;Junín/Chanchamayo/Chanchamayo;23.0;45.0;Automóvil particular;19.2;32.8;True
834;Junín/Chanchamayo/Perene;26.4;51.0;Automóvil particular;6.8;19.9;False
837;Junín/Chanchamayo/San Ramón;7.0;55.0;Automóvil particular;10.9;37.5;False
838;Junín/Huancayo/Huancayo;88.5;120.0;Automóvil particular;90.9;114.7;True
840;Junín/Concepción/Concepción;8.9;15.0;Automóvil particular;9.7;19.2;True
841;Junín/Tarma/Tarma;10.6;20.0;Automóvil particular;10.5;20.7;True
843;Junín/Tarma/Tarma;31.0;60.0;Automóvil particular;29.0;44.6;True
844;Huánuco/Huánuco/Huanuco;19.5;42.0;Automóvil particular;19.2;30.2;True
855;Junín/Satipo/Satipo;16.5;28.0;Automóvil particular;10.8;23.9;False
863;Pasco/Pasco/Chaupimarca;32.0;60.0;Combi;43.5;93.0;True
889;Puno/Puno/Puno;142.1;145.0;Mototaxi;138.4;155.8;True
895;Áncash/Santa/Nepeña;10.0;15.0;Automóvil particular;7.2;18.0;True
905;Cusco/Cusco/Cusco;7.3;20.0;Bus turístico;8.8;22.9;True
906;Cusco/Cusco/Cusco;6.6;25.0;Bus turístico;4.2;15.9;False
907;Cusco/Cusco/Cusco;7.2;20.0;Bus turístico;7.9;20.2;True
910;Cusco/Cusco/Cusco;3.5;20.0;Taxi;0.1;7.5;False
916;Áncash/Casma/Casma;19.7;24.0;Automóvil particular;18.4;30.9;True
917;Cusco/Cusco/Cusco;114.5;211.0;Bus turístico;210.8;329.8;False
921;Cusco/Cusco/Cusco;26.2;49.0;Automóvil particular;27.1;41.6;True
930;Cusco/Calca/Pisac;41.7;63.0;Automóvil particular;2.8;12.5;False
933;Cusco/Canchis/San Pedro;121.0;166.0;Automóvil particular;4.3;13.3;False
935;Cusco/Cusco/Cusco;157.1;217.0;Automóvil particular;158.4;206.5;True
938;Cusco/Cusco/Cusco;108.4;179.0;Mini bus turístico;57.3;79.4;False
939;Cusco/Cusco/Cusco;14.0;38.0;Automóvil particular;11.6;20.8;True
944;Cusco/Cusco/Cusco;40.4;55.0;Mini bus turístico;40.6;52.4;True
957;Puno/Puno/Puno;62.0;75.0;Mini bus público;59.8;78.2;True
974;Arequipa/Arequipa/Arequipa;9.7;30.0;Automóvil particular;0.8;8.8;False
982;Arequipa/Arequipa/Arequipa;4.5;10.0;Automóvil particular;1.2;9.9;False
995;Arequipa/Arequipa/Jacobo Hunter;150.0;200.0;Camioneta doble tracción;134.7;173.9;True
1005;Loreto/Mariscal Ramón Castilla/Ramón Castilla;8.8;15.0;Mototaxi;8.7;25.3;True
1018;Piura/Piura/Piura;59.0;100.0;Mototaxi;80.9;132.9;True
1021;Piura/Piura/Castilla;54.0;57.0;Mototaxi;60.1;72.1;True
1059;Áncash/Santa/Nepeña;7.0;10.0;Automóvil particular;6.8;16.2;True
1070;Áncash/Casma/Casma;33.3;35.0;Automóvil particular;33.0;49.7;True
1122;Ayacucho/Cangallo/Paras;75.0;75.0;Bus público;0.2;7.7;False
1125;Ayacucho/Huamanga/Pacaycasa;45.0;65.0;Mini bus público;5.5;15.5;False
1128;Ayacucho/Huamanga/Ayacucho;34.8;60.0;Automóvil particular;24.9;50.6;True
1133;Ayacucho/Huanta/Huanta;67.0;150.0;Automóvil particular;61.9;124.4;True
1147;Junín/Huancayo/Huancayo;35.0;60.0;Combi;66.3;88.0;False
1148;Huancavelica/Huancavelica/Huancavelica;3.0;15.0;Automóvil particular;7.9;26.1;False
1149;Huancavelica/Huancavelica/Huancavelica;18.0;20.0;Automóvil particular;13.5;27.6;True
1153;Huancavelica/Huancavelica/Huancavelica;26.0;90.0;Automóvil particular;23.4;50.4;True
1155;Huancavelica/Angaraes/Lircay;6.0;20.0;Automóvil particular;7.5;23.3;True
1158;Huancavelica/Huancavelica/Huancavelica;74.0;120.0;Camioneta doble tracción;75.7;126.5;True
1167;Ayacucho/Huanta/Huanta;80.0;255.0;Automóvil particular;122.1;206.3;False
1174;Tacna/Tacna/Tacna;62.2;93.0;Ferrocarril;0.6;8.3;False
1180;Junín/Concepción/Concepción;8.1;10.0;Automóvil particular;9.9;19.1;True
1183;Junín/Huancayo/Huancayo;14.7;46.0;Automóvil particular;12.1;27.7;True
1192;Junín/Huancayo/Huancayo;9.4;25.0;Automóvil particular;9.1;20.0;True
1194;Junín/Huancayo/Huancayo;11.0;20.0;Automóvil particular;9.8;18.5;True
1198;Junín/Concepción/Concepción;5.5;12.0;Automóvil particular;6.6;15.7;True
1208;Lima/Huaura/Huacho;69.0;68.0;Taxi;70.3;91.1;True
1232;Lima/Huaura/Vegueta;25.0;40.0;Taxi;20.0;38.2;True
1234;Lima/Huaura/Huacho;50.0;56.0;Automóvil particular;49.3;66.9;True
1237;Lima/Lima/Independencia;196.4;270.0;Combi;163.9;213.8;True
1254;Lambayeque/Lambayeque/San José;9.4;30.0;Mototaxi;17.6;44.6;False
1259;Huancavelica/Huancavelica/Huancavelica;131.0;300.0;Automóvil particular;171.4;244.9;True
1261;Ayacucho/Lucanas/Puquio;65.0;120.0;Combi;64.9;99.8;True
1262;Ica/Nasca/Nasca;154.0;180.0;Combi;154.0;222.0;True
1265;Ayacucho/Lucanas/Puquio;50.0;30.0;Automóvil particular;47.9;77.2;True
1266;Ayacucho/Huamanga/Ayacucho;259.0;397.0;Bus turístico;251.9;414.9;True
1292;Áncash/Huaraz/Huaraz;29.0;36.0;Automóvil particular;30.6;46.2;True
1296;Áncash/Yungay/Yungay;31.6;80.0;Automóvil particular;17.1;32.8;False
1298;Lima/Lima/Lima;218.0;210.0;Automóvil particular;197.7;245.5;True
1306;Callao/Prov. Const. Del Callao/Callao;10.0;23.0;Automóvil particular;1.6;9.3;False
1309;Lima/Lima/Los Olivos;3.0;15.0;Taxi;9.5;18.6;False
1315;La Libertad/Trujillo/Trujillo;182.0;248.0;Mototaxi;178.7;259.6;True
1316;Apurímac/Andahuaylas/Andahuaylas;17.0;25.0;Automóvil particular;13.4;28.9;True
1396;Lima/Lima/Lima;15.0;30.0;Automóvil particular;12.3;22.4;True
1402;Callao/Prov. Const. Del Callao/Callao;25.0;40.0;Automóvil particular;22.2;31.6;True
1404;Callao/Prov. Const. Del Callao/Callao;4.0;15.0;Automóvil particular;24.0;34.7;False
1409;Huánuco/Leoncio Prado/Rupa-Rupa;7.1;17.0;Mototaxi;6.6;18.8;True
1443;Áncash/Huari/Huari;18.0;40.0;Automóvil particular;14.6;41.6;True
1449;Puno/Puno/Puno;76.0;110.0;Combi;73.9;95.3;True
1469;Piura/Sechura/Sechura;7.0;15.0;Mototaxi;6.6;20.5;True
1521;Lambayeque/Chiclayo/Chiclayo;22.2;45.0;Automóvil particular;18.9;29.3;True
1537;Tacna/Tacna/Tacna;41.0;30.0;Automóvil particular;41.3;54.2;True
1592;San Martín/Moyobamba/Moyobamba;23.2;30.0;Automóvil particular;21.1;46.1;True
1598;San Martín/Moyobamba/Moyobamba;3.3;13.0;Automóvil particular;2.4;11.7;True
1599;Ica/Chincha/Chincha Alta;31.5;40.0;Automóvil particular;32.3;49.4;True
1610;Ica/Ica/Ica;9.0;15.0;Automóvil particular;8.5;20.7;True
1613;Ica/Palpa/Palpa;21.0;32.0;Camioneta doble tracción;15.8;34.9;True
1614;Ica/Nasca/Nasca;28.0;38.0;Automóvil particular;28.2;45.0;True
1615;Ica/Nasca/Nasca;3.5;12.0;Automóvil particular;1.6;10.0;False
1648;Puno/Puno/Puno;18.0;25.0;Combi;19.4;29.7;True
1655;Puno/Puno/Puno;207.5;260.0;Camioneta doble tracción;194.0;240.1;True
1686;Áncash/Huari/Huari;7.3;42.0;Taxi;8.5;28.1;True
1704;Áncash/Mariscal Luzuriaga/Fidel Olivas Escudero;13.0;40.0;Automóvil particular;33.1;102.7;False
1707;Áncash/Recuay/Catac;22.0;47.0;Camioneta doble tracción;22.4;47.5;True
1714;Áncash/Yungay/Yungay;42.8;120.0;Automóvil particular;42.4;95.0;True
1729;Huánuco/Huánuco/Huanuco;8.8;28.0;Taxi;0.1;7.5;False
1734;La Libertad/Chepén/Chepen;6.3;12.0;Taxi;6.8;15.1;True
1736;San Martín/Moyobamba/Moyobamba;29.1;70.0;Automóvil particular;33.3;65.6;True
1740;Arequipa/Arequipa/Arequipa;190.0;225.0;Mini bus público;158.8;211.7;True
1747;Huancavelica/Huancavelica/Huancavelica;7.0;30.0;Automóvil particular;12.8;39.9;False
1763;San Martín/Huallaga/Sacanche;10.6;22.0;Automóvil particular;11.1;27.2;True
1779;Cusco/Urubamba/Urubamba;4.0;22.0;Mini bus turístico;7.0;19.6;False
1799;Apurímac/Abancay/Lambrama;24.0;50.0;Taxi;18.4;52.2;True
1800;Apurímac/Andahuaylas/Andahuaylas;77.0;130.0;Taxi;73.3;111.9;True
1814;Cusco/Cusco/Cusco;55.5;92.0;Mini bus turístico;44.9;72.4;True
1818;Cusco/Cusco/Cusco;51.9;72.0;Mini bus turístico;36.7;61.9;True
1821;Cusco/Cusco/Cusco;43.5;68.0;Bus turístico;44.6;56.5;True
1822;Cusco/Cusco/Cusco;43.0;50.0;Automóvil particular;45.4;57.6;True
1828;Cusco/Cusco/Cusco;142.0;255.0;Mini bus turístico;148.3;251.6;True
1837;La Libertad/Trujillo/Trujillo;124.7;140.0;Bus público;117.7;146.6;True
1843;La Libertad/Trujillo/Trujillo;211.0;285.0;Automóvil particular;208.1;309.6;True
1850;Lima/Lima/Ate;3.4;12.0;Automóvil particular;3.6;12.0;True
1851;Lima/Canta/Canta;11.0;70.0;Mini bus público;18.8;47.9;False
1853;San Martín/Rioja/Rioja;16.1;25.0;Automóvil particular;16.4;26.4;True
1854;Lima/Lima/San Juan De Miraflores;161.6;165.0;Combi;160.5;195.6;True
1859;Huánuco/Huánuco/Huanuco;19.9;36.0;Mototaxi;20.4;33.9;True
1869;Pasco/Pasco/Chaupimarca;44.0;40.0;Combi;41.6;57.7;True
1876;Moquegua/Mariscal Nieto/Moquegua;147.0;185.0;Camioneta doble tracción;134.5;234.1;True
1890;Lima/Lima/Miraflores;3.0;10.0;Automóvil particular;3.4;11.7;True
1908;Tacna/Candarave/Quilahuani;163.9;240.0;Automóvil particular;20.8;45.3;False
1913;Lima/Lima/Miraflores;3.8;11.0;Automóvil particular;4.0;12.1;True
1939;Áncash/Huaraz/Huaraz;81.0;120.0;Bus turístico;21.9;52.6;False
1943;Lima/Huaura/Huacho;110.5;115.0;Bus público;109.7;135.5;True
1944;Cajamarca/Cutervo/Cutervo;264.0;430.0;Combi;73.6;182.2;False
1946;La Libertad/Trujillo/Trujillo;160.0;240.0;Camioneta doble tracción;149.0;251.4;True
1947;Ayacucho/Huamanga/Quinua;37.0;55.0;Mini bus turístico;1.3;9.8;False
1952;Cajamarca/Chota/Querocoto;77.0;127.0;Combi;12.0;32.3;False
1961;Lambayeque/Chiclayo/Chiclayo;110.4;220.0;Camioneta doble tracción;76.9;112.4;True
1971;Loreto/Maynas/Iquitos;40.0;40.0;Automóvil particular;66.9;112.2;False
1991;Lima/Lima/Lima;3.5;15.0;Automóvil particular;2.9;11.6;True
1993;Lima/Lima/Miraflores;4.9;17.0;Automóvil particular;4.1;12.5;True
2018;Lima/Lima/Santiago De Surco;3.8;15.0;Automóvil particular;1.2;9.1;False
2030;Arequipa/Arequipa/Jacobo Hunter;144.2;157.0;Mototaxi;144.9;174.1;True
2032;Arequipa/Arequipa/Jacobo Hunter;123.7;158.0;Automóvil particular;121.0;152.4;True
2033;Arequipa/Arequipa/Jacobo Hunter;124.5;160.0;Automóvil particular;119.9;150.6;True
2034;Arequipa/Arequipa/Jacobo Hunter;124.5;160.0;Automóvil particular;121.0;152.3;True
2039;Apurímac/Abancay/Abancay;72.5;105.0;Taxi;60.0;130.0;True
2054;Lima/Huaura/Vegueta;3.0;10.0;Taxi;4.2;16.1;True
2056;Lima/Barranca/Barranca;58.0;61.0;Automóvil particular;52.9;70.4;True
2057;Lima/Barranca/Barranca;59.1;70.0;Automóvil particular;53.1;71.2;True
2059;Lima/Barranca/Barranca;70.5;84.0;Automóvil particular;67.5;92.4;True
2070;Callao/Prov. Const. Del Callao/Callao;9.0;12.0;Automóvil particular;4.1;12.4;False
2118;Lima/Lima/Miraflores;3.0;10.0;Automóvil particular;4.1;12.3;True
2133;Junín/Huancayo/Huancayo;11.0;30.0;Automóvil particular;10.6;19.6;True
2136;La Libertad/Trujillo/Trujillo;155.5;220.0;Combi;141.0;257.4;True
2139;Pasco/Pasco/Chaupimarca;67.5;69.0;Taxi;68.1;107.6;True
2140;Pasco/Pasco/Chaupimarca;67.5;69.0;Taxi;68.1;107.7;True
2146;Cajamarca/Santa Cruz/Santa Cruz;22.0;45.0;Mototaxi;24.4;64.3;True
2156;Piura/Piura/Piura;61.0;50.0;Automóvil particular;57.5;68.5;True
2166;Áncash/Bolognesi/Chiquian;56.0;120.0;Combi;200.8;524.1;False
2173;Áncash/Huaraz/Huaraz;31.6;60.0;Automóvil particular;27.3;56.6;True
2175;Áncash/Huaylas/Caraz;39.8;115.0;Taxi;37.9;77.2;True
2180;Áncash/Huaraz/Huaraz;107.0;180.0;Bus público;98.0;148.0;True
2194;Lima/Canta/Canta;193.0;210.0;Automóvil particular;104.8;137.7;False
2195;Lima/Lima/Lima;30.0;40.0;Automóvil particular;22.1;33.9;True
2200;Lima/Huaral/Huaral;13.8;25.0;Taxi;12.6;25.4;True
2234;Cusco/Cusco/Cusco;552.0;570.0;Camioneta doble tracción;475.4;749.6;True
2238;Cusco/Cusco/Cusco;3.6;32.0;Taxi;1.1;9.4;False
2249;Puno/Lampa/Santa Lucia;49.0;80.0;Taxi;50.2;81.6;True
2272;Tacna/Jorge Basadre/Locumba;66.7;82.0;Automóvil particular;67.4;114.0;True
2283;Huánuco/Huánuco/Huanuco;16.1;41.0;Automóvil particular;16.0;29.3;True
2298;Cajamarca/Cajamarca/Encañada;26.0;75.0;Combi;19.2;61.2;True
2302;Tumbes/Tumbes/San Jacinto;18.0;20.0;Taxi;23.8;42.6;True
2338;Cajamarca/Cajabamba/Cajabamba;8.2;15.0;Automóvil particular;8.1;19.0;True
2339;Lambayeque/Chiclayo/Chongoyape;4.0;15.0;Mototaxi;38.6;72.8;False
2349;Lambayeque/Chiclayo/Chiclayo;18.4;40.0;Mini bus público;21.0;34.4;True
2350;Lambayeque/Chiclayo/Chiclayo;77.0;100.0;Automóvil particular;68.0;87.2;True
2352;Lambayeque/Chiclayo/Chiclayo;24.2;48.0;Automóvil particular;11.5;20.0;False
2356;Lambayeque/Chiclayo/Chiclayo;33.0;40.0;Automóvil particular;35.6;47.2;True
2381;Cajamarca/Celendín/Sucre;12.0;25.0;Automóvil particular;;;False
2400;Cajamarca/Celendín/Celendín;28.0;90.0;Combi;37.7;118.1;True
2405;Ucayali/Coronel Portillo/Yarinacocha;8.0;25.0;Camioneta doble tracción;22.7;41.1;False
2413;Moquegua/Ilo/Ilo;33.9;33.0;Camioneta doble tracción;33.6;44.2;True
2418;Huancavelica/Huancavelica/Huancavelica;108.0;200.0;Automóvil particular;91.1;162.9;True
2420;Ucayali/Coronel Portillo/Yarinacocha;16.0;35.0;Camioneta doble tracción;15.2;36.7;True
2429;Huánuco/Huánuco/Pillco Marca;130.0;190.0;Taxi;96.4;131.3;True
2431;Puno/San Román/Juliaca;10.0;20.0;Mototaxi;14.1;28.5;True
2433;Cajamarca/Cajamarca/Cajamarca;3.0;15.0;Bus turístico;3.6;13.4;True
2445;Pasco/Pasco/Chaupimarca;59.8;109.0;Taxi;49.1;83.6;True
2450;Pasco/Pasco/Chaupimarca;3.0;17.0;Combi;2.2;11.4;True
2453;Áncash/Huaylas/Caraz;10.3;18.0;Automóvil particular;9.3;21.3;True
2457;Cajamarca/Chota/Chota;22.5;55.0;Combi;0.2;7.7;False
2460;Áncash/Huaylas/Caraz;33.3;85.0;Taxi;24.0;75.1;True
2466;Áncash/Huaraz/Huaraz;7.6;40.0;Automóvil particular;7.3;20.1;True
2468;Ica/Palpa/Palpa;8.8;9.0;Mini bus turístico;4.2;13.5;False
2473;La Libertad/Trujillo/Trujillo;210.0;295.0;Automóvil particular;205.0;322.4;True
2489;Pasco/Oxapampa/Villa Rica;171.3;301.0;Automóvil particular;125.2;206.0;True
2497;La Libertad/Trujillo/Trujillo;10.0;15.0;Automóvil particular;8.8;18.6;True
2499;La Libertad/Trujillo/Trujillo;76.8;125.0;Mototaxi;70.4;87.6;True
2500;La Libertad/Trujillo/Trujillo;146.0;219.0;Bus público;144.8;237.2;True
2508;Ucayali/Coronel Portillo/Yarinacocha;53.0;140.0;Camioneta doble tracción;34.2;84.0;False
2511;Ucayali/Coronel Portillo/Yarinacocha;3.6;15.0;Mototaxi;3.5;12.6;True
2517;Ucayali/Coronel Portillo/Calleria;160.0;180.0;Automóvil particular;160.5;199.2;True
2521;Áncash/Huaraz/Huaraz;77.0;120.0;Bus turístico;80.2;111.0;True
2525;Moquegua/Mariscal Nieto/Moquegua;122.4;156.0;Automóvil particular;120.2;178.4;True
2528;La Libertad/Trujillo/Trujillo;4.8;30.0;Automóvil particular;5.1;13.9;True
2544;Tacna/Jorge Basadre/Ite;3.0;5.0;Automóvil particular;6.9;17.9;False
2545;Tacna/Candarave/Candarave;173.0;240.0;Automóvil particular;15.0;43.7;False
2549;Callao/Prov. Const. Del Callao/Ventanilla;4.0;15.0;Mototaxi;6.0;19.0;True
2555;Cusco/Cusco/Cusco;120.7;164.0;Automóvil particular;106.6;164.4;True
2569;La Libertad/Trujillo/Trujillo;82.0;155.0;Bus público;72.3;148.1;True
2573;Moquegua/Ilo/Ilo;39.4;49.0;Automóvil particular;35.4;52.8;True
2575;Cusco/La Convención/Echarate;7.5;15.0;Bus público;8.5;19.1;True
2580;Cusco/Cusco/Cusco;109.2;153.0;Taxi;104.5;169.2;True
2596;Cusco/Espinar/Espinar;28.6;50.0;Automóvil particular;35.6;57.7;True
2600;Cusco/Cusco/Cusco;3.5;20.0;Taxi;0.4;8.1;False
2644;Huánuco/Dos De Mayo/La Unión;51.1;82.0;Automóvil particular;50.5;84.7;True
2657;Huánuco/Huánuco/Huanuco;51.0;60.0;Mini bus público;44.2;63.0;True
2664;Ucayali/Coronel Portillo/Yarinacocha;21.0;120.0;Camioneta doble tracción;39.1;96.2;False
2668;Cusco/Canchis/Sicuani;41.5;50.0;Automóvil particular;41.5;54.7;True
2718;Ica/Nasca/Nasca;27.5;25.0;Camioneta doble tracción;28.1;37.3;True
2737;Arequipa/Arequipa/Jacobo Hunter;417.2;450.0;Otros (especificar);422.9;505.1;True
2747;Arequipa/Arequipa/Jacobo Hunter;471.2;487.0;Camioneta doble tracción;470.7;544.6;True
2761;Arequipa/Arequipa/Jacobo Hunter;315.0;495.0;Camioneta doble tracción;331.6;452.9;True
2766;Arequipa/Arequipa/José Luis Bustamante Y Rivero;170.0;180.0;Mini bus público;167.0;203.7;True
2768;Arequipa/Arequipa/Arequipa;35.0;60.0;Automóvil particular;23.8;37.8;True
2771;Puno/San Román/Juliaca;86.0;100.0;Automóvil particular;77.5;106.5;True
2786;Lima/Lima/Lima;41.3;66.0;Automóvil particular;34.4;48.8;True
2788;Lima/Lima/Lima;45.2;90.0;Mini bus público;31.3;45.8;True
2805;Lima/Lima/Lima;37.7;56.0;Automóvil particular;33.4;49.4;True
2829;Arequipa/Arequipa/Jacobo Hunter;383.5;484.0;Camioneta doble tracción;336.3;464.6;True
2836;Cajamarca/San Miguel/Catilluc;44.0;160.0;Automóvil particular;8.5;27.4;False
2837;Arequipa/Arequipa/Arequipa;5.0;25.0;Bus público;2.3;10.9;False
2844;Arequipa/Arequipa/Jacobo Hunter;240.0;330.0;Taxi;226.6;293.2;True
2869;Huánuco/Puerto Inca/Puerto Inca;3.6;15.0;Mototaxi;2.3;12.2;False
2872;Huánuco/Puerto Inca/Puerto Inca;10.2;40.0;Mototaxi;7.5;23.4;True
2876;Huánuco/Huánuco/Amarilis;451.0;615.0;Camioneta doble tracción;320.3;535.0;True
2880;La Libertad/Otuzco/Salpo;30.0;40.0;Mini bus turístico;16.3;52.4;False
2882;Huánuco/Lauricocha/Jesús;4.0;10.0;Automóvil particular;5.8;19.1;True
2887;Huánuco/Lauricocha/Jesús;5.0;10.0;Combi;3.6;16.5;True
2906;Áncash/Bolognesi/Huallanca;18.0;35.0;Bus público;23.2;39.3;True
2915;Áncash/Recuay/Catac;25.0;53.0;Camioneta doble tracción;25.3;54.1;True
2923;Áncash/Recuay/Catac;8.8;20.0;Camioneta doble tracción;8.6;27.6;True
2926;Arequipa/Arequipa/José Luis Bustamante Y Rivero;161.7;168.0;Automóvil particular;160.8;198.1;True
2928;Arequipa/Arequipa/Jacobo Hunter;216.9;230.0;Bus público;156.9;201.8;True
2930;Arequipa/Arequipa/Jacobo Hunter;214.1;224.0;Bus público;155.7;201.5;True
2931;Arequipa/Arequipa/Jacobo Hunter;207.0;230.0;Taxi;183.9;219.9;True
2934;Arequipa/Arequipa/Jacobo Hunter;195.6;200.0;Bus público;186.4;218.7;True
2937;Arequipa/Arequipa/Jacobo Hunter;188.0;210.0;Automóvil particular;185.7;216.3;True
2938;Arequipa/Arequipa/Jacobo Hunter;214.1;224.0;Bus público;154.8;199.3;True
2944;Arequipa/Arequipa/Jacobo Hunter;214.7;234.0;Bus público;154.9;199.5;True
2946;Arequipa/Arequipa/Jacobo Hunter;231.2;248.0;Taxi;158.2;196.2;True
2947;Arequipa/Camaná/Camaná;13.0;25.0;Automóvil particular;12.9;24.0;True
2969;Cajamarca/Cajamarca/Cajamarca;103.0;170.0;Automóvil particular;97.8;162.8;True
2972;Áncash/Huaraz/Huaraz;25.0;27.0;Automóvil particular;25.9;38.0;True
2973;Áncash/Huaraz/Huaraz;22.0;30.0;Automóvil particular;21.3;51.3;True
2977;Áncash/Yungay/Yungay;9.9;20.0;Automóvil particular;5.1;13.4;False
2980;Áncash/Huaraz/Huaraz;33.0;40.0;Automóvil particular;32.6;49.5;True
2989;San Martín/San Martín/Tarapoto;15.2;30.0;Bus turístico;13.1;26.0;True
2993;Áncash/Recuay/Catac;30.0;67.0;Camioneta doble tracción;30.1;65.7;True
3004;San Martín/San Martín/Tarapoto;5.0;13.0;Automóvil particular;3.3;11.6;False
3010;Piura/Sechura/Vice;22.0;43.0;Camioneta doble tracción;22.2;47.5;True
3016;Huánuco/Lauricocha/Jesús;34.0;85.0;Mototaxi;26.8;65.9;True
3023;San Martín/San Martín/Tarapoto;22.2;30.0;Mini bus turístico;22.1;35.1;True
3034;Puno/Puno/Puno;88.5;130.0;Taxi;78.9;94.5;True
3046;San Martín/Moyobamba/Moyobamba;5.1;14.0;Automóvil particular;5.5;14.6;True
3047;Piura/Piura/Piura;73.0;76.0;Automóvil particular;77.5;95.7;True
3071;Lima/Lima/Lima;38.7;78.0;Automóvil particular;39.3;54.9;True
3094;Cajamarca/San Ignacio/San Ignacio;9.0;30.0;Automóvil particular;37.1;71.6;False
3111;San Martín/San Martín/Tarapoto;137.7;161.0;Automóvil particular;137.5;166.7;True
3120;Lima/Barranca/Barranca;119.8;278.0;Automóvil particular;80.0;133.4;False
3124;San Martín/Moyobamba/Moyobamba;4.0;13.0;Automóvil particular;2.4;11.8;False
3146;Áncash/Santa/Chimbote;3.0;8.0;Automóvil particular;2.5;10.5;True
3147;San Martín/Moyobamba/Moyobamba;11.5;25.0;Automóvil particular;10.7;23.0;True
3151;Lima/Lima/Lima;44.8;118.0;Automóvil particular;36.8;51.7;True
3189;Tumbes/Tumbes/Tumbes;36.9;45.0;Automóvil particular;17.7;26.9;False
3194;Piura/Piura/Castilla;48.5;50.0;Mototaxi;62.3;76.0;True
3212;San Martín/Rioja/Nueva Cajamarca;9.5;20.0;Automóvil particular;9.7;24.3;True
3273;Lima/Lima/Lima;10.7;30.0;Automóvil particular;9.3;18.8;True
3314;Lima/Lima/Lima;7.0;30.0;Automóvil particular;6.3;15.8;True
3319;Lima/Lima/Lima;14.0;40.0;Automóvil particular;12.7;22.8;True
3321;Lima/Lima/Miraflores;3.0;10.0;Automóvil particular;4.7;12.9;False
3329;Tumbes/Contralmirante Villar/Zorritos;6.9;13.0;Automóvil particular;6.8;14.9;True
3344;Piura/Piura/Piura;143.0;150.0;Automóvil particular;67.5;80.7;False
3368;Lima/Huaura/Huacho;20.0;40.0;Automóvil particular;11.2;23.2;False
3373;Lima/Barranca/Barranca;50.7;59.0;Automóvil particular;48.3;65.3;True
3375;Lima/Barranca/Barranca;64.0;78.0;Automóvil particular;48.7;65.3;True
3379;Lima/Lima/Independencia;152.2;158.0;Automóvil particular;131.7;166.3;True
3382;Lima/Lima/Independencia;96.0;116.0;Automóvil particular;94.7;128.3;True
3392;Lima/Lima/La Victoria;72.0;135.0;Mini bus público;67.5;88.4;True
3404;Lima/Cañete/Chilca;4.6;12.0;Mototaxi;4.4;13.8;True
3405;Lima/Cañete/Chilca;4.5;12.0;Combi;4.1;13.3;True
3429;Lima/Huaura/Huacho;158.0;275.0;Taxi;146.4;225.6;True
3456;Lima/Barranca/Barranca;51.7;62.0;Automóvil particular;46.6;63.5;True
3461;Lima/Lima/San Juan De Miraflores;172.2;168.0;Automóvil particular;170.2;207.1;True
3474;Puno/Chucuito/Juli;51.0;50.0;Combi;49.9;61.8;True
3479;Puno/Carabaya/Macusani;98.0;170.0;Taxi;98.0;150.1;True
3485;Lima/Huaura/Huacho;17.4;36.0;Automóvil particular;17.4;31.0;True
3486;Lima/Huaura/Huacho;11.2;20.0;Automóvil particular;12.3;23.5;True
3495;Lima/Cañete/San Vicente De Cañete;14.0;29.0;Automóvil particular;12.7;21.4;True
3499;Lima/Huaura/Huacho;5.4;13.0;Automóvil particular;3.2;11.3;False
3547;Pasco/Oxapampa/Oxapampa;5.6;12.0;Mototaxi;5.7;16.5;True
3554;Pasco/Oxapampa/Oxapampa;7.6;18.0;Automóvil particular;6.9;19.2;True
3582;Huánuco/Huánuco/Huanuco;49.0;111.0;Camioneta doble tracción;37.1;86.1;True
3593;Cusco/Cusco/Cusco;42.1;70.0;Automóvil particular;35.7;57.3;True
3595;Cusco/La Convención/Echarate;29.0;30.0;Automóvil particular;25.0;41.3;True
3618;Cusco/Cusco/Cusco;55.7;105.0;Bus turístico;45.3;91.9;True
3628;Cusco/Cusco/Cusco;130.2;196.0;Mini bus turístico;200.6;309.8;False
3632;Arequipa/Arequipa/Arequipa;29.5;60.0;Bus turístico;34.2;54.5;True
3644;Cusco/Canchis/San Pablo;125.0;150.0;Bus turístico;0.1;7.6;False
3661;Cusco/Cusco/Cusco;37.0;60.0;Automóvil particular;31.6;51.5;True
3690;Cusco/Cusco/Cusco;50.0;80.0;Mini bus turístico;44.3;71.4;True
3698;Cusco/Cusco/Cusco;56.0;82.0;Mini bus turístico;40.5;66.7;True
3700;Cusco/La Convención/Santa Ana;99.0;145.0;Bus turístico;99.8;157.6;True
3702;Cusco/Urubamba/Ollantaytambo;5.0;30.0;Automóvil particular;8.0;26.1;False
3705;Cusco/Urubamba/Ollantaytambo;19.0;35.0;Taxi;12.7;32.9;False
3707;Cusco/Urubamba/Ollantaytambo;16.2;33.0;Automóvil particular;17.2;43.7;True
3744;Lambayeque/Chiclayo/Chiclayo;18.4;30.0;Camioneta doble tracción;18.5;28.8;True
3747;Lambayeque/Chiclayo/Chiclayo;51.2;60.0;Mototaxi;43.0;63.0;True
3749;Lambayeque/Chiclayo/Chiclayo;18.4;40.0;Automóvil particular;18.0;28.1;True
3752;Lambayeque/Chiclayo/Chiclayo;47.3;45.0;Automóvil particular;44.2;62.0;True
3754;Lambayeque/Chiclayo/Chiclayo;47.3;45.0;Automóvil particular;43.6;61.1;True
3755;Lambayeque/Chiclayo/Pimentel;17.2;65.0;Mototaxi;3.5;11.5;False
3756;Lambayeque/Chiclayo/Chiclayo;97.4;140.0;Automóvil particular;43.7;61.0;False
3820;Arequipa/Arequipa/Jacobo Hunter;151.7;184.0;Mototaxi;167.5;215.2;True
3828;Arequipa/Caylloma/Chivay;30.4;65.0;Taxi;29.5;61.5;True
3831;Arequipa/Arequipa/Jacobo Hunter;160.1;197.0;Automóvil particular;174.9;225.7;True
3836;Lima/Lima/San Juan De Miraflores;179.5;183.0;Automóvil particular;176.8;216.0;True
3840;Puno/El Collao/Ilave;264.0;300.0;Camioneta doble tracción;85.1;115.4;False
3841;Puno/Moho/Conima;3.0;10.0;Automóvil particular;12.3;27.4;False
3842;Puno/El Collao/Ilave;14.0;20.0;Taxi;13.6;22.7;True
3845;Lambayeque/Chiclayo/Chiclayo;40.0;45.0;Automóvil particular;49.2;65.0;True
3862;Cajamarca/San Marcos/Pedro Gálvez;5.0;45.0;Automóvil particular;15.5;42.9;False
3881;Junín/Huancayo/Huancayo;21.0;30.0;Automóvil particular;21.9;31.0;True
3910;Lima/Huaura/Huacho;109.4;111.0;Bus público;106.5;131.4;True
3918;Cajamarca/Hualgayoc/Bambamarca;31.2;50.0;Camioneta doble tracción;8.0;20.9;False
3924;La Libertad/Trujillo/Trujillo;188.7;370.0;Automóvil particular;147.8;255.0;True
3941;Arequipa/Arequipa/Arequipa;14.4;30.0;Automóvil particular;12.8;24.0;True
3943;San Martín/San Martín/Tarapoto;21.5;47.0;Automóvil particular;20.1;38.3;True
3948;San Martín/San Martín/Tarapoto;22.7;39.0;Combi;22.0;34.9;True
3954;Junín/Huancayo/Huancayo;17.0;20.0;Automóvil particular;16.2;24.6;True
3955;Junín/Huancayo/Huancayo;17.0;20.0;Automóvil particular;16.1;24.5;True
3956;Junín/Huancayo/Huancayo;11.0;30.0;Automóvil particular;11.3;20.6;True
3958;Junín/Huancayo/Huancayo;11.4;20.0;Automóvil particular;11.6;20.3;True
3959;Junín/Huancayo/Huancayo;57.0;80.0;Automóvil particular;53.9;91.9;True
3960;Junín/Huancayo/Huancayo;6.0;20.0;Automóvil particular;6.1;16.1;True
3961;Junín/Huancayo/Huancayo;14.8;35.0;Automóvil particular;13.9;22.5;True
3962;Junín/Huancayo/Huancayo;14.8;35.0;Automóvil particular;13.9;22.5;True
3963;San Martín/Tocache/Tocache;8.0;15.0;Automóvil particular;7.5;17.0;True
3970;La Libertad/Trujillo/Trujillo;103.0;120.0;Bus público;104.5;140.0;True
3980;Arequipa/Castilla/Aplao;366.1;690.0;Mini bus público;183.8;335.5;False
3993;Lambayeque/Chiclayo/Patapo;10.0;20.0;Bus público;9.4;18.9;True
4014;La Libertad/Trujillo/Trujillo;140.0;135.0;Automóvil particular;108.3;145.9;True
4026;La Libertad/Otuzco/Otuzco;76.3;123.0;Bus público;0.1;7.4;False
4028;La Libertad/Otuzco/Otuzco;70.1;112.0;Automóvil particular;0.1;7.4;False
4033;Lima/Lima/Lima;3.8;15.0;Automóvil particular;3.6;12.5;True
4037;La Libertad/Trujillo/Trujillo;96.0;129.0;Automóvil particular;94.1;134.5;True
4053;Junín/Junín/Junín;40.3;60.0;Automóvil particular;40.3;70.3;True
4090;Arequipa/Arequipa/Jacobo Hunter;402.0;457.0;Bus público;386.4;558.2;True
4096;Junín/Chanchamayo/San Ramón;6.6;13.0;Automóvil particular;6.8;16.9;True
4107;Puno/Azángaro/Azángaro;14.0;30.0;Taxi;15.1;41.7;True
4110;Puno/Puno/Puno;296.7;325.0;Camioneta doble tracción;289.5;354.1;True
4111;Puno/Puno/Puno;294.0;450.0;Mini bus público;312.2;412.0;True
4113;Puno/Puno/Puno;108.3;220.0;Mini bus público;105.9;121.7;True
4151;Huánuco/Huamalíes/Tantamayo;167.5;180.0;Automóvil particular;7.2;22.0;False
4167;Moquegua/Mariscal Nieto/Moquegua;15.0;15.0;Automóvil particular;4.5;13.3;False
4172;Arequipa/Arequipa/José Luis Bustamante Y Rivero;73.9;122.0;Camioneta doble tracción;64.3;98.7;True
4195;Huancavelica/Huancavelica/Huancavelica;7.0;30.0;Automóvil particular;14.4;44.0;False
4214;Lima/Lima/Santiago De Surco;4.2;15.0;Taxi;1.2;9.1;False
4237;Junín/Huancayo/Huancayo;48.4;45.0;Automóvil particular;47.5;58.1;True
4242;Junín/Jauja/Jauja;83.8;155.0;Automóvil particular;43.7;61.2;False
4243;Junín/Jauja/Jauja;51.1;130.0;Automóvil particular;58.2;88.4;True
4244;Junín/Jauja/Jauja;51.4;145.0;Automóvil particular;62.3;97.1;True
4252;Junín/Huancayo/Huancayo;91.0;150.0;Combi;73.5;104.3;True
4278;Cajamarca/Hualgayoc/Bambamarca;3.5;10.0;Automóvil particular;1.0;8.9;False
4281;Huancavelica/Huancavelica/Huancavelica;111.0;205.0;Automóvil particular;83.0;145.9;True
4285;Huancavelica/Huancavelica/Huancavelica;106.0;190.0;Mototaxi;87.7;150.9;True
4303;Arequipa/Arequipa/Jacobo Hunter;364.3;494.0;Combi;320.9;479.2;True
4326;Cajamarca/San Ignacio/San Ignacio;8.0;20.0;Automóvil particular;14.3;45.9;False
4335;Pasco/Oxapampa/Oxapampa;24.1;53.0;Automóvil particular;24.5;55.5;True
4337;Pasco/Oxapampa/Oxapampa;10.0;17.0;Automóvil particular;11.0;20.8;True
4339;San Martín/San Martín/Tarapoto;22.7;30.0;Automóvil particular;22.1;35.1;True
4391;Cajamarca/San Ignacio/San José De Lourdes;10.2;30.0;Automóvil particular;25.3;55.0;False
4396;Cajamarca/San Ignacio/San José De Lourdes;27.0;60.0;Mototaxi;7.0;29.2;False
4402;Junín/Huancayo/Huancayo;149.0;270.0;Automóvil particular;144.9;245.6;True
4416;Huancavelica/Huancavelica/Huancavelica;147.6;186.0;Mototaxi;140.4;205.7;True
4423;Cajamarca/San Ignacio/San José De Lourdes;44.1;120.0;Automóvil particular;7.2;29.9;False
4443;Arequipa/Arequipa/Arequipa;8.3;45.0;Automóvil particular;8.9;19.2;True
4545;Lima/Barranca/Supe;32.7;53.0;Automóvil particular;24.4;37.2;True
4606;Arequipa/Arequipa/Jacobo Hunter;178.2;193.0;Combi;178.6;207.9;True
4631;Lima/Barranca/Supe;31.7;51.0;Automóvil particular;23.4;37.2;True
4651;Áncash/Carhuaz/Carhuaz;19.6;50.0;Camioneta doble tracción;29.1;65.9;True
4665;Áncash/Carhuaz/Carhuaz;12.3;46.0;Automóvil particular;14.2;46.7;True
4677;Apurímac/Abancay/Abancay;102.0;180.0;Taxi;64.5;130.7;False
4679;Lima/Lima/San Juan De Miraflores;165.6;165.0;Combi;163.6;199.2;True
4687;Lima/Lima/San Juan De Miraflores;172.6;170.0;Combi;171.6;208.8;True
4688;Apurímac/Chincheros/Chincheros;22.0;40.0;Taxi;22.0;40.6;True
4697;Arequipa/Arequipa/Arequipa;17.1;25.0;Taxi;16.9;27.6;True
4703;Arequipa/Arequipa/Jacobo Hunter;171.0;200.0;Taxi;175.6;233.0;True
4727;Lima/Lima/San Juan De Miraflores;167.6;170.0;Combi;166.0;202.1;True
4736;Puno/Yunguyo/Yunguyo;22.0;70.0;Automóvil particular;21.0;39.2;True
4740;Arequipa/Arequipa/Arequipa;158.0;192.0;Bus turístico;167.5;216.2;True
4758;Puno/Carabaya/Macusani;58.0;85.0;Taxi;42.3;67.4;True
4760;Puno/Sandia/Sandia;101.0;160.0;Automóvil particular;72.9;155.1;True
4761;Puno/Sandia/Sandia;114.0;175.0;Automóvil particular;70.2;148.8;False
4762;Puno/Sandia/Sandia;9.0;30.0;Camioneta doble tracción;5.1;22.0;False
4763;Puno/Azángaro/Azángaro;66.0;90.0;Taxi;61.4;75.7;True
4771;Arequipa/Caylloma/Chivay;29.4;40.0;Bus turístico;29.2;49.3;True
4775;Arequipa/Arequipa/Arequipa;28.0;60.0;Automóvil particular;29.3;43.0;True
4782;Huancavelica/Huancavelica/Huancavelica;106.5;190.0;Mototaxi;87.8;151.1;True
4788;Lima/Lima/Lima;7.0;30.0;Automóvil particular;6.3;15.8;True
4809;Puno/Carabaya/Macusani;111.7;145.0;Taxi;107.6;154.4;True
4811;Lima/Lima/Lima;5.3;21.0;Automóvil particular;5.4;14.6;True
4818;Huánuco/Leoncio Prado/Pueblo Nuevo;6.5;15.0;Mini bus público;40.5;56.5;False
4855;Huánuco/Huánuco/Huanuco;117.9;150.0;Automóvil particular;111.9;162.0;True
4858;Huánuco/Leoncio Prado/Pueblo Nuevo;22.8;30.0;Automóvil particular;12.4;22.4;False
4875;Piura/Piura/Piura;72.0;55.0;Automóvil particular;49.6;63.5;True
4896;Lambayeque/Chiclayo/Chiclayo;35.0;55.0;Mototaxi;34.8;47.8;True
4897;Lambayeque/Chiclayo/Chiclayo;18.0;33.0;Mototaxi;19.4;36.5;True
4898;Lambayeque/Chiclayo/Chiclayo;24.0;50.0;Mototaxi;17.7;28.6;True
4899;Lambayeque/Chiclayo/Chiclayo;14.0;30.0;Mototaxi;13.4;25.4;True
4982;Cajamarca/Chota/Chota;6.0;15.0;Automóvil particular;3.6;16.2;False
4983;Cajamarca/Cajamarca/Cajamarca;19.9;43.0;Automóvil particular;19.9;36.5;True
5002;Junín/Huancayo/Huancayo;18.5;45.0;Automóvil particular;12.3;22.1;False
5005;Junín/Huancayo/Huancayo;21.0;30.0;Automóvil particular;22.1;31.1;True
5007;Junín/Huancayo/Huancayo;8.8;30.0;Automóvil particular;8.8;16.9;True
5008;Junín/Jauja/Jauja;14.9;32.0;Automóvil particular;12.9;27.4;True
5011;Junín/Concepción/Concepción;4.8;15.0;Automóvil particular;5.1;13.6;True
5020;Puno/Puno/Puno;79.0;95.0;Taxi;82.7;96.8;True
5021;Puno/El Collao/Ilave;58.0;95.0;Automóvil particular;58.7;77.1;True
5022;Puno/Puno/Puno;93.4;118.0;Automóvil particular;84.4;107.9;True
5025;Puno/Melgar/Ayaviri;27.0;40.0;Automóvil particular;28.3;61.8;True
5029;Puno/Huancané/Huancane;41.0;80.0;Camioneta doble tracción;38.5;66.7;True
5038;Madre De Dios/Tambopata/Tambopata;3.7;9.0;Taxi;1.6;9.8;False
5040;Lima/Lima/Lima;21.1;70.0;Taxi;8.7;18.5;False
5041;Lima/Lima/Lima;18.3;43.0;Automóvil particular;15.9;25.7;True
5066;Amazonas/Bagua/Bagua;3.8;15.0;Automóvil particular;4.1;17.6;True
5112;Amazonas/Utcubamba/Bagua Grande;7.0;7.0;Mototaxi;12.9;27.1;False
5166;San Martín/Rioja/Rioja;34.6;50.0;Automóvil particular;20.1;38.0;False
5181;Ica/Pisco/San Clemente;157.0;210.0;Automóvil particular;153.1;219.8;True
5185;Ica/Pisco/Humay;37.0;62.0;Camioneta doble tracción;19.7;34.6;False
5191;Huancavelica/Huancavelica/Huancavelica;164.8;215.0;Camioneta doble tracción;78.3;155.9;False
5193;Huancavelica/Huancavelica/Huancavelica;54.0;156.0;Automóvil particular;67.0;135.5;True
5195;Huancavelica/Huancavelica/Huancavelica;55.5;165.0;Taxi;65.1;131.7;True
5198;Huancavelica/Huancavelica/Palca;69.0;105.0;Automóvil particular;4.8;16.4;False
5236;Lima/Lima/Miraflores;4.0;20.0;Automóvil particular;3.8;12.4;True
5264;Amazonas/Chachapoyas/Chachapoyas;83.0;120.0;Automóvil particular;76.0;125.1;True
5275;Junín/Huancayo/Huancayo;21.0;30.0;Automóvil particular;21.9;30.9;True
5342;San Martín/San Martín/Tarapoto;84.6;125.0;Camioneta doble tracción;52.0;68.3;False
5355;Piura/Morropón/Morropon;3.0;10.0;Automóvil particular;6.1;16.3;False
5369;Piura/Piura/Piura;71.0;90.0;Mototaxi;82.1;115.4;True
5374;Piura/Talara/Pariñas;71.0;100.0;Mototaxi;73.0;93.3;True
5376;Piura/Piura/Piura;72.0;65.0;Combi;66.4;79.4;True
5380;Piura/Paita/Paita;14.5;20.0;Automóvil particular;8.3;25.1;False
5398;Junín/Jauja/Jauja;44.5;35.0;Automóvil particular;41.5;57.4;True
5415;Lambayeque/Chiclayo/Chiclayo;48.0;75.0;Mototaxi;52.1;70.2;True
5438;Lima/Lima/Lima;13.6;40.0;Automóvil particular;11.3;21.0;True
5531;Lima/Lima/Independencia;78.8;90.0;Automóvil particular;61.8;84.9;True
5537;Lima/Cañete/San Antonio;3.5;12.0;Mototaxi;3.5;16.0;True
5539;Lima/Cañete/San Antonio;3.0;10.0;Taxi;3.6;12.8;True
5547;Lima/Lima/Independencia;182.2;232.0;Mototaxi;145.8;182.8;True
5557;Lima/Huaral/Huaral;22.0;30.0;Taxi;18.8;30.3;True
5559;Lima/Canta/Canta;37.7;46.0;Automóvil particular;36.6;54.8;True
5560;Lima/Canta/Canta;32.3;39.0;Mini bus público;21.0;34.5;False
5573;Lima/Cañete/Nuevo Imperial;16.0;20.0;Mini bus público;15.5;26.1;True
5579;Lima/Huaura/Huacho;111.3;138.0;Mototaxi;109.9;135.8;True
5581;Lima/Lima/Independencia;305.4;422.0;Bus turístico;222.0;315.9;True
5584;Lima/Huaura/Huacho;115.1;129.0;Mototaxi;110.1;136.2;True
5585;Lima/Lima/Lima;16.0;30.0;Automóvil particular;12.7;22.8;True
5621;Moquegua/Mariscal Nieto/San Antonio;6.6;9.0;Automóvil particular;6.7;15.3;True
5623;Lima/Lima/Independencia;162.1;195.0;Mototaxi;155.7;191.2;True
5637;Junín/Tarma/Tarma;10.6;20.0;Automóvil particular;10.4;20.5;True
5643;Junín/Huancayo/Huancayo;9.7;25.0;Automóvil particular;10.6;18.9;True
5647;Arequipa/Arequipa/Jacobo Hunter;378.0;540.0;Bus público;368.0;523.7;True
5677;Cajamarca/Cajamarca/Jesús;24.0;45.0;Automóvil particular;9.5;34.6;False
5726;Lima/Lima/Lima;25.2;50.0;Automóvil particular;27.2;38.6;True
5727;Lima/Lima/Independencia;23.7;45.0;Mini bus público;18.3;29.2;True
5731;Lima/Lima/Lima;43.0;80.0;Automóvil particular;32.1;48.3;True
5773;Amazonas/Chachapoyas/Huancas;5.0;10.0;Automóvil particular;4.8;15.5;True
5787;Amazonas/Chachapoyas/Chachapoyas;7.5;25.0;Taxi;8.5;21.1;True
5811;Amazonas/Luya/Luya;3.2;8.0;Automóvil particular;3.3;11.5;True
5855;Lambayeque/Chiclayo/Chiclayo;28.4;38.0;Mototaxi;24.2;33.6;True
5861;Ucayali/Coronel Portillo/Calleria;25.0;30.0;Taxi;12.2;29.8;False
5878;Lima/Huaura/Huacho;17.2;35.0;Automóvil particular;18.0;31.5;True
5909;Lima/Lima/San Juan De Miraflores;172.7;169.0;Automóvil particular;170.8;207.9;True
5949;Cajamarca/Cajamarca/Cajamarca;189.2;389.0;Combi;131.6;273.3;True
5958;Loreto/Maynas/Iquitos;42.1;64.0;Mototaxi;41.9;57.5;True
5966;Moquegua/Mariscal Nieto/San Antonio;6.0;13.0;Automóvil particular;7.6;16.7;True
5995;Amazonas/Rodríguez De Mendoza/San Nicolás;32.8;126.0;Automóvil particular;6.3;18.4;False
6006;Lima/Lima/Independencia;33.1;83.0;Bus público;31.5;42.9;True
6008;Lima/Lima/Miraflores;7.7;15.0;Automóvil particular;7.1;16.5;True
6021;Moquegua/Mariscal Nieto/Moquegua;7.0;15.0;Automóvil particular;7.3;20.5;True
6029;Cusco/La Convención/Echarate;40.1;80.0;Bus público;19.9;48.2;False
6031;Cusco/Canchis/Checacupe;20.0;26.0;Bus turístico;8.4;22.1;False
6175;Junín/Jauja/Jauja;33.1;40.0;Automóvil particular;30.9;49.1;True
6176;Junín/Jauja/Jauja;31.2;35.0;Automóvil particular;26.0;38.6;True
6184;Cusco/Cusco/Cusco;21.1;45.0;Mini bus turístico;17.3;29.0;True
6187;Cajamarca/Cajamarca/Cajamarca;36.0;85.0;Mototaxi;36.0;54.6;True
6189;Cajamarca/Cajamarca/Cajamarca;39.0;70.0;Automóvil particular;40.9;71.5;True
6216;Cusco/Cusco/Cusco;208.0;287.0;Automóvil particular;203.9;299.0;True
6235;Arequipa/Arequipa/Arequipa;5.6;16.0;Automóvil particular;5.6;15.2;True
6236;Arequipa/Arequipa/Jacobo Hunter;3.0;10.0;Taxi;5.8;15.1;False
6240;Lima/Cañete/San Vicente De Cañete;174.9;340.0;Automóvil particular;174.8;267.5;True
6250;Lima/Cañete/San Vicente De Cañete;186.0;275.0;Automóvil particular;150.7;212.3;True
6255;Cajamarca/Cajamarca/Cajamarca;45.0;90.0;Automóvil particular;63.4;105.7;True
6262;Lima/Cañete/San Vicente De Cañete;174.0;281.0;Automóvil particular;174.1;249.7;True
6275;Lima/Cañete/San Vicente De Cañete;185.0;311.0;Automóvil particular;170.0;241.0;True
6276;Lima/Cañete/San Vicente De Cañete;179.5;296.0;Automóvil particular;168.7;238.1;True
6277;Cajamarca/Cajamarca/Chetilla;35.0;60.0;Combi;0.1;7.5;False
6278;Cajamarca/San Ignacio/San Ignacio;10.0;45.0;Automóvil particular;0.5;7.9;False
6279;Cajamarca/Contumazá/Chilete;10.0;15.0;Automóvil particular;0.1;7.4;False
6290;Cajamarca/San Ignacio/San Ignacio;8.0;10.0;Automóvil particular;4.3;17.3;False
6291;Cajamarca/San Ignacio/San Ignacio;4.0;15.0;Automóvil particular;2.4;13.6;False
6292;Lima/Cañete/San Vicente De Cañete;177.0;291.0;Automóvil particular;177.3;256.5;True
6298;Cajamarca/Cajamarca/San Juan;11.0;50.0;Automóvil particular;12.3;43.7;True
6322;Cajamarca/San Ignacio/San Ignacio;9.0;25.0;Automóvil particular;9.7;32.9;True
6336;Junín/Satipo/Satipo;92.9;195.0;Automóvil particular;96.8;192.5;True
6344;Cusco/Anta/Anta;11.6;28.0;Bus público;15.9;28.0;True
6388;Moquegua/Mariscal Nieto/Moquegua;30.0;33.0;Combi;26.4;44.1;True
6399;Cajamarca/Cajamarca/Cajamarca;97.5;122.0;Automóvil particular;91.4;164.7;True
6405;Piura/Piura/Piura;65.7;68.0;Automóvil particular;57.8;71.9;True
6436;Lima/Lima/Independencia;133.0;151.0;Bus público;65.6;88.9;False
6463;Lima/Lima/Miraflores;7.7;15.0;Automóvil particular;6.8;15.8;True
6464;Lima/Lima/Miraflores;7.7;15.0;Automóvil particular;7.2;16.6;True
6477;Lima/Lima/Miraflores;7.3;23.0;Automóvil particular;5.8;14.4;True
6478;Lima/Lima/Miraflores;4.7;15.0;Automóvil particular;5.2;13.7;True
6539;Junín/Huancayo/El Tambo;130.8;210.0;Camioneta doble tracción;113.7;200.4;True
6543;Lima/Cañete/San Vicente De Cañete;181.0;304.0;Automóvil particular;182.3;268.3;True
6550;Lima/Lima/La Victoria;362.0;525.0;Taxi;325.4;450.5;True
6556;Lima/Lima/La Victoria;332.0;465.0;Taxi;307.3;403.4;True
6585;Pasco/Oxapampa/Oxapampa;70.0;97.0;Mini bus turístico;42.0;93.6;False
6654;Áncash/Huaraz/Huaraz;29.0;45.0;Automóvil particular;22.4;50.9;True
6655;Junín/Chanchamayo/San Ramón;11.8;25.0;Automóvil particular;12.2;24.7;True
6659;Arequipa/Arequipa/Arequipa;29.5;60.0;Automóvil particular;29.3;43.0;True
6660;Arequipa/Arequipa/Arequipa;29.0;60.0;Automóvil particular;29.6;43.9;True
6662;Arequipa/Arequipa/Arequipa;34.0;60.0;Automóvil particular;34.4;54.9;True
6664;Arequipa/Arequipa/Arequipa;28.5;120.0;Bus turístico;29.2;43.0;True
6666;Cajamarca/Jaén/Jaén;3.5;10.0;Automóvil particular;2.7;11.7;True
6688;Áncash/Huaraz/Huaraz;26.0;40.0;Automóvil particular;22.1;50.5;True
6692;Cajamarca/Cajamarca/Cajamarca;350.4;536.0;Combi;159.6;358.0;False
6710;Junín/Chanchamayo/San Ramón;19.8;70.0;Automóvil particular;12.9;37.6;False
6738;Arequipa/Arequipa/José Luis Bustamante Y Rivero;55.3;80.0;Bus turístico;55.3;87.0;True
6758;Arequipa/Arequipa/Arequipa;7.8;31.0;Taxi;9.4;22.3;True
6861;La Libertad/Pacasmayo/Guadalupe;25.4;45.0;Automóvil particular;25.3;60.4;True
6871;Junín/Tarma/Tarma;28.2;50.0;Automóvil particular;28.6;44.0;True
6872;Junín/Tarma/Tarma;35.3;67.0;Automóvil particular;36.1;68.3;True
6875;Amazonas/Utcubamba/Bagua Grande;7.0;20.0;Mototaxi;10.5;23.1;True
6894;Junín/Huancayo/Huancayo;11.4;29.0;Automóvil particular;10.2;19.8;True
6905;Junín/Tarma/Tarma;32.0;60.0;Automóvil particular;31.7;56.8;True
6915;Cusco/La Convención/Santa Ana;56.0;80.0;Mini bus público;46.3;74.5;True
6927;Junín/Jauja/Jauja;18.6;40.0;Automóvil particular;19.5;40.5;True
6942;Moquegua/Ilo/Ilo;28.8;32.0;Automóvil particular;27.0;38.2;True
6947;Junín/Huancayo/Huancayo;10.2;35.0;Automóvil particular;10.6;18.9;True
6949;Ica/Ica/Ica;7.0;5.0;Camioneta doble tracción;5.0;13.2;True
6954;Moquegua/Ilo/Ilo;22.2;36.0;Camioneta doble tracción;21.9;32.3;True
6960;Pasco/Pasco/Chaupimarca;28.6;51.0;Combi;28.1;47.8;True
6961;Junín/Huancayo/Huancayo;6.4;20.0;Automóvil particular;7.1;15.4;True
6964;Junín/Huancayo/Huancayo;7.0;12.0;Automóvil particular;6.5;14.3;True
6970;Ica/Ica/Ica;10.0;10.0;Automóvil particular;9.8;18.7;True
6972;Ica/Ica/Ica;10.0;15.0;Camioneta doble tracción;11.1;23.3;True
6976;Ica/Ica/Ica;8.0;18.0;Automóvil particular;9.9;18.8;True
6989;Pasco/Oxapampa/Oxapampa;11.3;31.0;Taxi;11.4;30.9;True
6990;Pasco/Oxapampa/Chontabamba;5.7;12.0;Taxi;10.8;28.0;False
6993;Pasco/Oxapampa/Oxapampa;3.8;10.0;Mototaxi;4.3;14.5;True
6999;Madre De Dios/Tambopata/Tambopata;4.0;30.0;Taxi;6.0;14.9;False
7042;Arequipa/Arequipa/Jacobo Hunter;370.4;450.0;Bus público;368.1;523.7;True
7046;Junín/Chupaca/Chupaca;48.9;75.0;Automóvil particular;38.3;57.8;True
7050;Junín/Chupaca/Chupaca;48.0;80.0;Automóvil particular;39.4;58.3;True
7051;Junín/Chupaca/Chupaca;33.6;50.0;Automóvil particular;30.2;49.0;True
7053;Junín/Chupaca/Chupaca;45.9;65.0;Automóvil particular;40.2;63.0;True
7062;Pasco/Oxapampa/Oxapampa;18.5;35.0;Automóvil particular;18.5;35.3;True
7069;Ica/Ica/Ica;3.0;8.0;Camioneta doble tracción;3.3;11.1;True
7076;Lambayeque/Chiclayo/Lagunas;16.0;20.0;Mototaxi;19.5;38.1;True
7109;Pasco/Oxapampa/Oxapampa;24.9;41.0;Automóvil particular;25.1;48.8;True
7123;Pasco/Oxapampa/Oxapampa;49.5;77.0;Taxi;24.4;47.1;False
7129;Ucayali/Coronel Portillo/Calleria;19.0;20.0;Automóvil particular;18.5;26.8;True
7143;Pasco/Pasco/Chaupimarca;49.0;78.0;Taxi;44.0;61.0;True
7173;Lima/Lima/Independencia;100.7;141.0;Automóvil particular;91.9;128.0;True
7206;Cusco/La Convención/Echarate;24.3;55.0;Bus público;18.4;48.2;True
7207;Cusco/La Convención/Echarate;15.7;50.0;Bus público;16.1;42.8;True
7225;Cusco/Urubamba/Urubamba;24.5;26.0;Automóvil particular;14.3;32.8;False
7226;Cusco/Calca/Calca;24.0;35.0;Bus turístico;23.9;35.1;True
7238;Cusco/Urubamba/Ollantaytambo;6.6;15.0;Automóvil particular;8.6;18.0;True
7255;Pasco/Oxapampa/Oxapampa;3.9;10.0;Automóvil particular;38.3;86.1;False
7257;Pasco/Oxapampa/Oxapampa;67.7;90.0;Automóvil particular;39.1;87.0;False
7260;Pasco/Oxapampa/Oxapampa;66.3;85.0;Automóvil particular;40.4;88.4;False
7269;Pasco/Oxapampa/Oxapampa;41.0;93.0;Mototaxi;40.7;89.4;True
7275;Pasco/Oxapampa/Villa Rica;5.1;20.0;Automóvil particular;5.4;19.6;True
7278;Áncash/Huaraz/Huaraz;15.5;40.0;Automóvil particular;16.1;41.4;True
7282;Junín/Huancayo/Huancayo;14.4;40.0;Automóvil particular;13.6;22.6;True
7293;Junín/Huancayo/Huancayo;14.6;35.0;Automóvil particular;14.1;22.5;True
7324;Junín/Satipo/Satipo;14.9;57.0;Automóvil particular;14.7;31.8;True
7336;Lima/Lima/Miraflores;29.0;50.0;Automóvil particular;27.4;41.2;True
7343;Lima/Lima/Lima;37.6;73.0;Automóvil particular;36.2;53.2;True
7356;Junín/Satipo/Satipo;22.4;47.0;Automóvil particular;22.5;31.7;True
7357;Junín/Satipo/Satipo;42.0;102.0;Automóvil particular;25.9;54.2;False
7398;Junín/Satipo/Satipo;112.0;100.0;Combi;67.2;90.5;False
7446;Junín/Satipo/Satipo;24.7;49.0;Automóvil particular;38.1;77.4;False
7472;Junín/Satipo/Satipo;26.0;40.0;Automóvil particular;19.2;28.8;True
7473;Junín/Satipo/Satipo;28.1;53.0;Automóvil particular;27.8;46.0;True
7475;Junín/Huancayo/Huancayo;67.0;110.0;Automóvil particular;65.4;110.2;True
7477;Junín/Satipo/Satipo;23.0;30.0;Automóvil particular;22.9;32.1;True
7480;Junín/Satipo/Satipo;31.1;64.0;Automóvil particular;31.3;56.6;True
7482;Junín/Huancayo/Huancayo;66.0;105.0;Automóvil particular;64.8;110.7;True
7483;Junín/Huancayo/Huancayo;57.5;82.0;Automóvil particular;54.3;92.7;True
7484;Junín/Satipo/Satipo;35.5;60.0;Automóvil particular;36.5;55.4;True
7485;Junín/Satipo/Satipo;35.0;73.0;Camioneta doble tracción;30.8;46.9;True
7486;Junín/Huancayo/Huancayo;57.0;80.0;Automóvil particular;54.0;88.6;True
7497;Tumbes/Tumbes/Tumbes;134.0;169.0;Automóvil particular;112.4;143.1;True
7510;Tumbes/Tumbes/Tumbes;32.6;53.0;Camioneta doble tracción;39.2;81.6;True
7545;Lambayeque/Chiclayo/Chiclayo;54.4;75.0;Automóvil particular;48.6;64.5;True
7586;Ica/Ica/Ica;5.0;8.0;Automóvil particular;5.4;15.2;True
7593;Junín/Satipo/Satipo;47.0;61.0;Camioneta doble tracción;47.1;75.4;True
7599;Junín/Satipo/Mazamari;23.0;50.0;Automóvil particular;22.7;42.5;True
7607;Junín/Satipo/Satipo;46.4;67.0;Camioneta doble tracción;46.4;69.3;True
7608;Junín/Satipo/Satipo;35.3;35.0;Automóvil particular;35.3;46.6;True
7625;Junín/Huancayo/Huancayo;57.0;80.0;Automóvil particular;53.9;91.9;True
7640;Cusco/Anta/Anta;53.9;55.0;Bus turístico;16.4;34.5;False
7643;Cusco/Calca/Calca;6.0;15.0;Automóvil particular;3.4;11.2;False
7674;Loreto/Maynas/Iquitos;13.5;35.0;Mototaxi;13.3;26.3;True
7702;Junín/Chanchamayo/Chanchamayo;6.1;14.0;Automóvil particular;1.9;10.8;False
7705;Moquegua/Mariscal Nieto/Moquegua;182.2;245.0;Camioneta doble tracción;188.7;301.9;True
7707;Moquegua/Mariscal Nieto/Moquegua;168.3;217.0;Camioneta doble tracción;172.3;268.8;True
7735;Cusco/Cusco/Cusco;39.7;60.0;Taxi;20.9;49.0;False
7737;Junín/Chanchamayo/Chanchamayo;37.0;48.0;Bus turístico;36.7;53.8;True
7767;Ica/Ica/Ica;111.7;111.0;Automóvil particular;109.7;129.9;True
7771;Ica/Pisco/San Clemente;68.0;71.0;Bus público;66.7;82.9;True
7772;Ica/Ica/Ica;10.0;10.0;Camioneta doble tracción;9.1;18.1;True
7774;Ica/Ica/Ica;9.4;22.0;Automóvil particular;9.2;18.3;True
7775;Ica/Ica/Ica;13.0;15.0;Camioneta doble tracción;9.7;19.3;True
7796;Amazonas/Rodríguez De Mendoza/San Nicolás;11.5;30.0;Mototaxi;9.5;21.8;True
7851;Cusco/Cusco/Cusco;148.0;265.0;Bus turístico;51.9;84.8;False
7869;Cusco/Cusco/Cusco;40.4;55.0;Mini bus turístico;40.4;52.1;True
7907;Lima/Cañete/San Vicente De Cañete;165.0;261.0;Automóvil particular;171.5;241.0;True
7911;Lima/Cañete/San Vicente De Cañete;171.0;263.0;Automóvil particular;171.2;239.7;True
8039;Áncash/Carhuaz/Carhuaz;23.3;40.0;Automóvil particular;30.0;56.3;True
8066;Apurímac/Abancay/San Pedro De Cachora;65.0;120.0;Taxi;11.4;35.6;False
8068;Apurímac/Abancay/Tamburco;3.0;10.0;Taxi;3.3;12.2;True
8070;Ica/Ica/Ica;79.0;77.0;Automóvil particular;75.3;94.7;True
8091;Ica/Nasca/Nasca;5.2;10.0;Automóvil particular;5.6;14.8;True
8093;Ica/Nasca/Nasca;9.5;30.0;Automóvil particular;6.6;21.7;True
8099;San Martín/Rioja/Rioja;13.0;20.0;Automóvil particular;12.3;27.3;True
8186;Arequipa/Arequipa/Arequipa;168.0;180.0;Automóvil particular;168.9;222.1;True
8200;Ucayali/Coronel Portillo/Yarinacocha;10.0;25.0;Camioneta doble tracción;6.2;18.6;False
8246;Apurímac/Andahuaylas/Andahuaylas;5.0;25.0;Taxi;5.0;20.0;True
8256;Apurímac/Abancay/Abancay;20.0;90.0;Taxi;14.1;42.1;True
8264;Apurímac/Abancay/Abancay;130.0;180.0;Automóvil particular;138.9;220.0;True
8266;Apurímac/Andahuaylas/Andahuaylas;34.0;60.0;Taxi;24.1;62.2;True
8274;Apurímac/Andahuaylas/Andahuaylas;9.0;25.0;Taxi;4.9;15.0;False
8286;Piura/Piura/Piura;123.7;136.0;Mototaxi;124.1;140.8;True
8292;Cusco/Cusco/Cusco;5.0;10.0;Automóvil particular;4.0;13.7;True
8304;Áncash/Carhuaz/Carhuaz;10.8;19.0;Taxi;11.4;24.8;True
8321;Apurímac/Grau/Chuquibambilla;28.0;45.0;Combi;28.8;57.0;True
8336;Ica/Ica/Ica;11.0;26.0;Automóvil particular;10.7;20.6;True
8423;Cusco/Cusco/Cusco;120.0;170.0;Taxi;114.4;192.6;True
8425;Cusco/Canchis/Sicuani;28.8;40.0;Automóvil particular;29.0;41.1;True
8431;Cusco/Canchis/Sicuani;22.4;45.0;Camioneta doble tracción;12.5;31.0;False
8432;Cusco/Cusco/Cusco;293.3;387.0;Bus turístico;151.5;197.2;False
8435;Cusco/Canchis/Sicuani;41.5;51.0;Automóvil particular;18.4;28.4;False
8436;Cusco/Canchis/Combapata;107.1;131.0;Bus público;1.5;9.7;False
8451;Ica/Palpa/Palpa;9.0;15.0;Automóvil particular;8.4;19.3;True
8581;Arequipa/Caylloma/Chivay;30.4;65.0;Taxi;29.4;61.5;True
8617;Ica/Palpa/Palpa;5.0;25.0;Automóvil particular;5.7;18.0;True
8644;Apurímac/Abancay/Abancay;10.9;20.0;Automóvil particular;6.7;20.8;False
8645;Apurímac/Abancay/Abancay;43.0;65.0;Automóvil particular;41.2;69.0;True
8647;Apurímac/Abancay/Pichirhua;26.9;40.0;Automóvil particular;27.5;53.2;True
8696;Puno/Puno/Puno;137.7;155.0;Mototaxi;133.8;153.5;True
8714;La Libertad/Trujillo/Trujillo;15.0;30.0;Automóvil particular;13.0;22.9;True
8729;Apurímac/Abancay/Abancay;90.0;120.0;Taxi;78.1;147.2;True
8809;Apurímac/Andahuaylas/Andahuaylas;3.0;10.0;Taxi;3.5;11.8;True
8821;Piura/Piura/Castilla;146.0;180.0;Bus público;142.2;167.7;True
8823;Apurímac/Andahuaylas/Andahuaylas;5.0;15.0;Taxi;4.6;13.2;True
8832;Lima/Lima/Lima;8.0;30.0;Taxi;10.3;19.9;True
8847;Arequipa/Arequipa/Jacobo Hunter;381.5;481.0;Camioneta doble tracción;384.9;472.5;True
8850;Arequipa/Arequipa/José Luis Bustamante Y Rivero;171.5;185.0;Automóvil particular;178.0;217.2;True
8853;Lima/Lima/Lima;9.5;22.0;Automóvil particular;9.5;19.4;True
8865;Arequipa/Arequipa/Arequipa;67.7;100.0;Automóvil particular;53.5;72.8;True
8867;Arequipa/Arequipa/José Luis Bustamante Y Rivero;168.0;170.0;Automóvil particular;150.1;182.2;True
8868;Arequipa/Arequipa/José Luis Bustamante Y Rivero;173.6;180.0;Automóvil particular;155.8;193.2;True
8874;Apurímac/Andahuaylas/Andahuaylas;108.0;180.0;Combi;106.3;161.9;True
8886;Ica/Chincha/Chincha Alta;9.3;22.0;Automóvil particular;9.1;17.8;True
8962;Piura/Talara/Los Organos;68.0;85.0;Mototaxi;1.5;9.6;False
8964;Piura/Talara/Los Organos;68.0;80.0;Mototaxi;1.8;10.8;False
8975;Piura/Piura/Piura;182.0;200.0;Camioneta doble tracción;157.4;209.2;True
9020;Ica/Nasca/Nasca;3.5;10.0;Automóvil particular;4.7;13.5;True
9023;Apurímac/Abancay/Abancay;28.0;75.0;Taxi;28.2;67.5;True
9024;Apurímac/Andahuaylas/Andahuaylas;17.6;34.0;Automóvil particular;15.3;34.2;True
9025;Apurímac/Chincheros/Anco-Huallo;38.2;75.0;Taxi;37.6;109.4;True
9027;Apurímac/Andahuaylas/Andahuaylas;141.8;270.0;Taxi;106.2;162.5;True
9033;Piura/Piura/Piura;174.0;180.0;Bus público;149.2;188.7;True
9047;Piura/Piura/Piura;174.0;180.0;Bus público;149.2;188.7;True
9053;Junín/Jauja/Jauja;10.4;17.0;Automóvil particular;8.3;21.8;True
9073;Áncash/Santa/Chimbote;11.0;20.0;Automóvil particular;9.1;22.5;True
9107;Arequipa/Arequipa/Jacobo Hunter;123.2;156.0;Automóvil particular;120.6;151.7;True
9120;Madre De Dios/Tambopata/Tambopata;3.0;20.0;Automóvil particular;3.4;11.7;True
9169;Amazonas/Bongará/Jumbilla;82.4;140.0;Automóvil particular;82.5;149.6;True
9241;Arequipa/Arequipa/Jacobo Hunter;175.2;185.0;Bus público;176.0;203.8;True
9251;Piura/Piura/Piura;89.0;95.0;Automóvil particular;71.1;90.9;True
9258;Piura/Talara/Los Organos;8.5;20.0;Mini bus público;17.7;32.6;False
9278;Cusco/Canchis/Sicuani;73.4;160.0;Otros (especificar);84.7;154.6;True
9285;Apurímac/Chincheros/Chincheros;71.0;175.0;Taxi;42.5;120.2;False
9291;Ica/Ica/Ica;54.0;75.0;Bus turístico;59.5;79.3;True
9312;Piura/Morropón/Morropon;48.8;125.0;Mototaxi;38.8;88.3;True
9441;Junín/Huancayo/Huancayo;15.0;40.0;Automóvil particular;14.1;22.8;True
9473;Huánuco/Lauricocha/Jesús;31.0;60.0;Automóvil particular;29.2;82.8;True
9505;San Martín/Rioja/Rioja;95.0;120.0;Automóvil particular;91.0;111.3;True
9727;Lima/Lima/La Victoria;333.5;485.0;Taxi;308.2;405.2;True
9733;Junín/Huancayo/Huancayo;48.3;60.0;Automóvil particular;50.8;85.1;True
9735;Junín/Huancayo/Huancayo;58.3;125.0;Automóvil particular;51.5;91.5;True
9736;Junín/Huancayo/Huancayo;49.8;90.0;Automóvil particular;55.2;91.8;True
9815;Junín/Huancayo/Huancayo;93.8;150.0;Automóvil particular;77.8;135.9;True
9829;Lima/Cañete/Mala;32.0;40.0;Mototaxi;22.6;42.7;True
9839;Junín/Huancayo/Huancayo;47.9;60.0;Automóvil particular;49.8;82.7;True
9851;San Martín/San Martín/Tarapoto;47.0;81.0;Automóvil particular;46.8;75.4;True
9902;Junín/Huancayo/Huancayo;56.0;85.0;Automóvil particular;55.4;95.7;True
9903;Junín/Huancayo/Huancayo;82.9;120.0;Automóvil particular;79.7;140.6;True
9904;Junín/Huancayo/Huancayo;69.9;115.0;Automóvil particular;70.8;126.6;True
9906;Junín/Huancayo/Huancayo;70.5;120.0;Automóvil particular;69.9;138.7;True
9910;Junín/Huancayo/Huancayo;65.8;115.0;Automóvil particular;67.3;123.8;True
9931;Junín/Huancayo/Huancayo;73.5;140.0;Automóvil particular;67.2;117.0;True
9933;Junín/Huancayo/Huancayo;59.7;95.0;Automóvil particular;61.7;112.5;True
9950;Huánuco/Huánuco/Churubamba;67.5;85.0;Automóvil particular;25.2;74.9;False
9999;Lima/Lima/Lima;44.8;118.0;Automóvil particular;36.8;51.7;True
10003;Lima/Lima/Lima;44.8;118.0;Automóvil particular;37.0;52.2;True
10004;Lima/Lima/San Borja;35.3;59.0;Automóvil particular;29.3;43.0;True
10005;Lima/Lima/San Borja;39.3;58.0;Automóvil particular;22.1;35.5;False
10007;Lima/Lima/Pachacamac;10.7;28.0;Automóvil particular;7.3;22.1;True
10008;Lima/Lima/San Borja;39.1;68.0;Automóvil particular;25.6;42.1;False
10081;Lima/Lima/San Borja;41.4;99.0;Automóvil particular;25.6;42.3;False
10096;Lambayeque/Lambayeque/Lambayeque;67.0;90.0;Automóvil particular;67.1;79.6;True
10099;Lima/Lima/Lima;51.2;139.0;Automóvil particular;34.2;53.3;False
10122;Lima/Lima/Lima;40.3;50.0;Automóvil particular;34.4;48.8;True
10176;Cusco/Cusco/Cusco;45.5;70.0;Automóvil particular;39.3;65.7;True
10215;Junín/Yauli/La Oroya;68.3;110.0;Automóvil particular;61.3;113.4;True
10216;Junín/Jauja/Jauja;25.0;55.0;Automóvil particular;25.6;54.4;True
10220;Junín/Yauli/La Oroya;58.0;95.0;Automóvil particular;47.6;81.6;True
10224;Junín/Yauli/La Oroya;88.5;105.0;Automóvil particular;50.6;79.6;False
10225;Junín/Yauli/La Oroya;72.0;85.0;Automóvil particular;29.4;58.9;False
10226;Junín/Yauli/La Oroya;50.5;60.0;Automóvil particular;47.3;74.3;True
10242;Junín/Yauli/La Oroya;111.5;173.0;Automóvil particular;83.8;136.1;True
10244;Junín/Yauli/La Oroya;96.5;148.0;Automóvil particular;93.6;156.2;True
10249;Junín/Chanchamayo/San Ramón;18.4;45.0;Automóvil particular;12.2;35.4;False
10256;Lima/Huaura/Huacho;157.0;265.0;Taxi;146.3;225.4;True
10262;Junín/Chanchamayo/San Ramón;5.1;16.0;Automóvil particular;4.0;12.4;True
10263;Junín/Chanchamayo/Chanchamayo;9.4;18.0;Automóvil particular;10.2;19.6;True
10265;Junín/Chanchamayo/San Ramón;9.5;25.0;Automóvil particular;5.7;18.2;False
10301;Lima/Lima/Santa Anita;102.4;223.0;Taxi;101.4;176.7;True
10304;Cusco/Quispicanchi/Ocongate;139.2;238.0;Mini bus turístico;37.5;62.0;False
10305;San Martín/Moyobamba/Moyobamba;38.8;60.0;Automóvil particular;44.6;68.3;True
10309;Loreto/Mariscal Ramón Castilla/Ramón Castilla;8.8;15.0;Mototaxi;8.4;24.6;True
10318;Lima/Lima/Lima;29.4;40.0;Automóvil particular;23.8;35.0;True
10319;Lima/Lima/Lima;9.2;50.0;Automóvil particular;7.1;19.3;True
10338;Huánuco/Dos De Mayo/La Unión;19.0;30.0;Mototaxi;15.1;27.9;True
10347;Huánuco/Huánuco/Huanuco;69.5;132.0;Automóvil particular;85.3;180.2;True
10349;Huánuco/Huánuco/Huanuco;59.0;115.0;Automóvil particular;74.9;154.7;True
10350;Huánuco/Huánuco/Huanuco;199.0;302.0;Automóvil particular;198.2;300.0;True
10375;Cajamarca/Cajamarca/Los Baños Del Inca;6.0;20.0;Combi;0.1;7.4;False
10463;Lima/Huaura/Huacho;133.3;177.0;Mini bus público;125.5;181.3;True
10465;Lima/Huaura/Huacho;173.0;229.0;Combi;128.8;190.4;True
10680;Lima/Huarochirí/Huarochiri;146.8;356.0;Automóvil particular;50.3;117.4;False
10684;Lima/Cajatambo/Cajatambo;23.5;40.0;Camioneta doble tracción;24.9;63.9;True
10685;Lima/Cajatambo/Cajatambo;26.9;60.0;Camioneta doble tracción;27.5;70.2;True
10688;Cusco/La Convención/Santa Ana;46.3;100.0;Mini bus turístico;45.1;70.8;True
10697;Cusco/Cusco/Cusco;110.2;130.0;Mini bus turístico;121.7;150.2;True
10760;Piura/Piura/Piura;105.0;120.0;Camioneta doble tracción;115.0;148.4;True
10826;Lima/Cajatambo/Cajatambo;34.6;120.0;Camioneta doble tracción;33.6;84.4;True
10855;Cusco/Urubamba/Maras;63.0;115.0;Automóvil particular;0.2;7.7;False
10866;Cusco/Paruro/Paccaritambo;60.6;95.0;Automóvil particular;9.5;34.4;False
10868;Cusco/Cusco/Cusco;42.2;55.0;Automóvil particular;44.2;59.6;True
10874;Lima/Lima/Miraflores;3.8;7.0;Taxi;3.6;12.1;True
10878;Ucayali/Coronel Portillo/Calleria;44.7;52.0;Mototaxi;42.2;58.1;True
10885;Lima/Lima/San Borja;37.8;67.0;Automóvil particular;26.1;42.2;True
10898;Lima/Lima/Lima;11.7;24.0;Taxi;10.9;20.7;True
10900;Cusco/Cusco/Cusco;209.0;379.0;Camioneta doble tracción;206.6;346.3;True
10924;Arequipa/Arequipa/Jacobo Hunter;127.6;135.0;Taxi;120.8;152.0;True
10926;Arequipa/Arequipa/Jacobo Hunter;128.8;145.0;Taxi;120.8;152.4;True
10927;Arequipa/Arequipa/Jacobo Hunter;132.6;147.0;Taxi;120.1;151.6;True
10930;Áncash/Santa/Nuevo Chimbote;9.4;20.0;Automóvil particular;0.5;8.1;False
10933;Ica/Nasca/Nasca;83.5;85.0;Automóvil particular;83.4;99.8;True
10934;Junín/Chanchamayo/Chanchamayo;12.3;10.0;Automóvil particular;11.8;22.6;True
10935;Áncash/Santa/Nuevo Chimbote;9.5;20.0;Automóvil particular;10.0;19.4;True
10936;Junín/Huancayo/Huancayo;13.0;30.0;Automóvil particular;13.4;23.0;True
10937;Lima/Cajatambo/Cajatambo;36.0;90.0;Camioneta doble tracción;36.1;94.5;True
10941;Callao/Prov. Const. Del Callao/Callao;20.6;32.0;Automóvil particular;23.3;33.6;True
10944;Junín/Huancayo/Huancayo;9.9;30.0;Automóvil particular;10.6;19.5;True
10945;Ucayali/Coronel Portillo/Calleria;60.0;60.0;Taxi;58.9;70.1;True
10946;Ucayali/Atalaya/Raymondi;18.0;60.0;Mototaxi;19.9;38.7;True
10950;Ucayali/Coronel Portillo/Yarinacocha;18.4;50.0;Taxi;18.2;44.3;True
10958;Ucayali/Padre Abad/Padre Abad;17.5;45.0;Taxi;33.4;59.1;False
10960;Tumbes/Contralmirante Villar/Zorritos;6.0;12.0;Automóvil particular;9.0;17.5;True
10963;Cusco/Cusco/Wanchaq;247.7;289.0;Taxi;186.9;229.4;True
10965;Lima/Huaura/Santa Leonor;29.0;70.0;Automóvil particular;109.7;179.1;False
10968;Arequipa/Arequipa/Jacobo Hunter;151.6;185.0;Mototaxi;167.4;214.9;True
10969;Cajamarca/San Ignacio/La Coipa;469.0;560.0;Mini bus público;11.4;37.6;False
10970;Cajamarca/San Ignacio/La Coipa;83.7;144.0;Mini bus público;20.2;67.5;False
10971;Cajamarca/San Ignacio/La Coipa;65.0;65.0;Mini bus turístico;20.2;67.7;False
10972;Cajamarca/San Ignacio/La Coipa;20.0;65.0;Taxi;15.2;55.0;True
10974;Cusco/Canchis/Sicuani;27.0;33.0;Mini bus público;26.7;37.7;True
10983;Ucayali/Atalaya/Raymondi;35.0;90.0;Camioneta doble tracción;39.0;74.7;True
11002;Lima/Huarochirí/San Damian;88.0;220.0;Automóvil particular;4.9;19.1;False
11003;Lima/Huarochirí/San Damian;97.5;255.0;Automóvil particular;14.8;44.9;False
11004;Lima/Huarochirí/San Damian;86.0;215.0;Automóvil particular;4.5;17.5;False
11005;Lima/Huarochirí/San Damian;82.0;195.0;Automóvil particular;0.0;7.3;False
11009;Áncash/Huaraz/Huaraz;30.0;45.0;Automóvil particular;30.6;50.9;True
11010;Áncash/Santa/Chimbote;11.0;18.0;Mototaxi;38.9;51.1;False
11014;Áncash/Santa/Samanco;18.0;20.0;Automóvil particular;18.8;29.5;True
11021;Ica/Ica/Ica;10.2;24.0;Camioneta doble tracción;10.7;19.0;True
11025;San Martín/Rioja/Rioja;53.0;80.0;Automóvil particular;48.5;67.7;True
11030;Amazonas/Bagua/Bagua;10.3;13.0;Automóvil particular;10.5;19.7;True
11032;La Libertad/Gran Chimú/Cascas;4.4;12.0;Bus turístico;5.0;16.2;True
11036;Apurímac/Aymaraes/Chalhuanca;26.0;50.0;Taxi;27.0;43.8;True
11039;Cusco/Cusco/Santiago;85.5;132.0;Taxi;66.2;133.3;True
11042;Lima/Huarochirí/San Damian;73.5;180.0;Automóvil particular;8.5;26.8;False
11044;Cusco/Calca/Calca;78.0;120.0;Automóvil particular;74.1;134.4;True
11053;Lima/Lima/Lima;40.0;75.0;Bus público;33.5;49.5;True
11055;Cusco/Cusco/Cusco;297.3;410.0;Automóvil particular;295.4;430.7;True
11059;Ica/Ica/Ica;14.5;25.0;Automóvil particular;11.9;20.5;True
11060;Lima/Huaral/Chancay;19.4;30.0;Bus público;10.3;21.1;False
11061;Lima/Huaura/Huacho;69.0;70.0;Mototaxi;70.3;91.1;True
11076;Áncash/Huari/Chavin De Huantar;22.0;50.0;Automóvil particular;35.0;65.7;False
11078;La Libertad/Trujillo/Trujillo;160.0;240.0;Camioneta doble tracción;142.6;235.5;True
11079;Lambayeque/Lambayeque/Jayanca;55.0;105.0;Combi;8.0;17.8;False
11088;Huánuco/Huánuco/Huanuco;182.2;215.0;Automóvil particular;178.9;266.1;True
11089;Huánuco/Huánuco/Huanuco;193.9;244.0;Automóvil particular;191.4;287.7;True
11090;Junín/Huancayo/Huancayo;46.2;65.0;Automóvil particular;44.7;64.2;True
11094;San Martín/Moyobamba/Moyobamba;35.8;57.0;Automóvil particular;42.5;63.8;True
11098;Lima/Lima/Lima;89.2;108.0;Taxi;83.1;105.1;True
11099;Lima/Lima/Lima;89.6;108.0;Taxi;83.1;104.1;True
11100;Lima/Lima/Lima;87.6;108.0;Taxi;80.2;101.9;True
11101;Lima/Lima/Lima;84.6;100.0;Taxi;78.8;99.0;True
11102;Apurímac/Abancay/Abancay;7.0;15.0;Automóvil particular;3.6;14.7;False
11107;Lima/Lima/Independencia;137.0;195.0;Automóvil particular;132.1;167.7;True
11108;Lima/Lima/Independencia;189.6;240.0;Taxi;164.2;206.6;True
11110;Lima/Lima/Independencia;197.0;391.0;Automóvil particular;172.7;289.4;True
11111;Apurímac/Abancay/Abancay;65.0;130.0;Taxi;60.0;142.3;True
11112;Cajamarca/Cajamarca/Cajamarca;11.6;31.0;Automóvil particular;2.6;11.4;False
11114;Tumbes/Tumbes/Pampas De Hospital;98.3;177.0;Camioneta doble tracción;34.2;102.1;False
11119;Cusco/La Convención/Santa Ana;37.0;70.0;Mini bus turístico;23.7;59.5;False
11123;Junín/Chanchamayo/Chanchamayo;85.2;130.0;Automóvil particular;47.4;89.9;False
11124;Huánuco/Ambo/Tomay Kichwa;3.7;20.0;Automóvil particular;35.6;85.1;False
11125;Ucayali/Coronel Portillo/Calleria;81.0;85.0;Camioneta doble tracción;68.3;102.5;True
11127;Cusco/La Convención/Echarate;188.0;375.0;Bus público;63.3;125.2;False
11129;Lima/Oyón/Pachangara;105.4;175.0;Camioneta doble tracción;85.9;182.0;True
11132;Loreto/Maynas/Iquitos;53.4;45.0;Mototaxi;21.9;33.9;False
11133;Junín/Huancayo/Huancayo;66.0;80.0;Automóvil particular;51.1;68.3;True
11134;Huancavelica/Tayacaja/Tintay Puncu;143.2;337.0;Camioneta doble tracción;16.3;43.1;False
11135;San Martín/Moyobamba/Moyobamba;18.8;31.0;Automóvil particular;17.7;27.9;True
11136;San Martín/Moyobamba/Moyobamba;31.5;60.0;Automóvil particular;42.3;63.6;True
11137;Moquegua/Ilo/Ilo;28.1;28.0;Automóvil particular;28.2;40.2;True
11138;Moquegua/Ilo/Ilo;16.7;32.0;Automóvil particular;16.3;29.8;True
11139;Ayacucho/Huanta/Huanta;68.0;90.0;Camioneta doble tracción;50.4;92.1;True
11140;Huancavelica/Huancavelica/Yauli;59.9;90.0;Camioneta doble tracción;23.8;53.3;False
11141;Huánuco/Dos De Mayo/La Unión;17.0;30.0;Taxi;17.1;29.9;True
11145;Moquegua/Ilo/Ilo;9.7;18.0;Automóvil particular;7.0;16.8;True
11148;Moquegua/Ilo/Ilo;3.0;7.0;Automóvil particular;3.4;11.8;True
11149;Moquegua/Ilo/Ilo;14.1;17.0;Automóvil particular;13.1;22.2;True
11153;Cusco/La Convención/Echarate;26.0;60.0;Bus público;16.6;43.0;False
11154;Piura/Piura/Piura;236.0;495.0;Camioneta doble tracción;204.6;351.5;True
11158;Cusco/Cusco/San Jerónimo;10.0;20.0;Automóvil particular;0.1;7.4;False
11175;Huánuco/Huánuco/Huanuco;93.3;170.0;Taxi;91.7;185.0;True
11176;Cajamarca/San Marcos/Ichocan;58.4;90.0;Combi;0.1;7.5;False
11182;Lima/Huaura/Huacho;87.0;78.0;Automóvil particular;84.9;108.9;True
11183;Lima/Huaura/Huacho;89.3;78.0;Automóvil particular;83.0;108.9;True
11191;Moquegua/Ilo/Ilo;15.0;21.0;Automóvil particular;15.7;26.5;True
11192;Lima/Lima/Lima;19.7;52.0;Bus público;17.6;28.6;True
11193;Lima/Lima/San Juan De Miraflores;168.5;180.0;Automóvil particular;167.5;203.9;True
11194;Moquegua/Ilo/Ilo;31.7;30.0;Camioneta doble tracción;23.6;35.1;True
11196;Pasco/Oxapampa/Oxapampa;76.3;120.0;Automóvil particular;78.0;126.6;True
11201;San Martín/Rioja/Rioja;73.0;110.0;Automóvil particular;97.8;121.9;True
11202;Lima/Cañete/San Vicente De Cañete;14.6;33.0;Automóvil particular;13.3;23.0;True
11206;Lima/Cañete/San Vicente De Cañete;14.5;41.0;Automóvil particular;14.7;29.5;True
11207;Ucayali/Coronel Portillo/Calleria;231.1;360.0;Camioneta doble tracción;231.1;297.1;True
11208;Lima/Lima/San Juan De Miraflores;93.8;125.0;Combi;91.3;119.5;True
11209;Lima/Lima/San Juan De Miraflores;98.8;135.0;Combi;97.1;127.3;True
11212;Lima/Lima/Independencia;5.7;15.0;Bus público;9.3;19.1;False
11215;Ica/Nasca/Marcona;3.4;9.0;Automóvil particular;4.0;13.9;True
11217;Ica/Nasca/Marcona;3.5;10.0;Camioneta doble tracción;4.5;15.0;True
11218;Ica/Nasca/Marcona;3.7;17.0;Automóvil particular;6.0;18.2;False
11220;Ica/Ica/Ica;89.0;123.0;Automóvil particular;78.8;96.7;True
11225;Lima/Cañete/San Vicente De Cañete;14.3;45.0;Mototaxi;12.6;21.3;True
11229;Cusco/La Convención/Santa Teresa;94.2;240.0;Mini bus turístico;333.8;543.6;False
11230;Cusco/Anta/Mollepata;18.0;18.0;Automóvil particular;0.1;7.4;False
11232;Lima/Lima/Miraflores;4.0;16.0;Automóvil particular;4.1;12.5;True
11239;Junín/Huancayo/Huancayo;73.7;105.0;Automóvil particular;69.2;119.6;True
11241;Junín/Huancayo/Huancayo;97.4;200.0;Automóvil particular;92.0;136.4;True
11242;Junín/Huancayo/Huancayo;69.2;88.0;Automóvil particular;59.2;95.6;True
11244;Junín/Huancayo/Huancayo;68.7;85.0;Automóvil particular;51.5;82.8;True
11246;Pasco/Oxapampa/Oxapampa;60.0;83.0;Automóvil particular;59.5;101.6;True
11253;Moquegua/Ilo/Ilo;18.6;21.0;Automóvil particular;18.6;29.5;True
11259;Cajamarca/Jaén/Jaén;6.2;20.0;Automóvil particular;7.6;25.5;True
11262;Ica/Pisco/Paracas;16.6;25.0;Automóvil particular;14.3;28.5;True
11263;Cusco/Urubamba/Maras;55.8;105.0;Automóvil particular;7.8;19.4;False
11266;Áncash/Santa/Moro;87.8;145.0;Automóvil particular;20.7;49.9;False
11267;Áncash/Santa/Chimbote;10.0;20.0;Taxi;9.6;18.1;True
11275;Áncash/Huaraz/Huaraz;26.0;67.0;Automóvil particular;32.9;78.8;True
11279;Lima/Lima/Lima;27.6;70.0;Automóvil particular;22.1;35.6;True
11280;Lima/Lima/Independencia;203.4;199.0;Taxi;113.0;144.4;False
11282;Áncash/Sihuas/Sihuas;10.0;35.0;Automóvil particular;10.8;28.0;True
11283;Áncash/Sihuas/Sihuas;20.5;70.0;Automóvil particular;21.0;61.9;True
11288;San Martín/Rioja/Rioja;62.0;90.0;Automóvil particular;81.4;96.0;True
11289;Áncash/Santa/Santa;15.8;30.0;Automóvil particular;6.0;17.8;False
11291;Moquegua/Mariscal Nieto/Moquegua;189.5;292.0;Camioneta doble tracción;221.1;358.3;True
11294;Moquegua/Mariscal Nieto/Moquegua;240.9;422.0;Camioneta doble tracción;197.2;287.2;True
11299;Moquegua/Mariscal Nieto/Moquegua;213.5;288.0;Camioneta doble tracción;222.5;378.6;True
11306;Ayacucho/Huamanga/Ayacucho;107.0;180.0;Automóvil particular;104.1;166.2;True
11307;Ayacucho/Huamanga/Ayacucho;119.0;225.0;Bus turístico;102.4;206.8;True
11310;Lima/Huaura/Huacho;3.0;11.0;Mototaxi;2.9;11.1;True
11313;San Martín/Rioja/Pardo Miguel;71.0;110.0;Automóvil particular;38.6;56.2;False
11314;Áncash/Huaraz/Huaraz;35.0;50.0;Automóvil particular;32.2;60.6;True
11315;Áncash/Huaraz/Huaraz;27.0;92.0;Automóvil particular;29.0;69.4;True
11316;Ica/Chincha/Chincha Alta;11.0;12.0;Camioneta doble tracción;0.9;8.5;False
11317;Ica/Chincha/Chincha Alta;3.0;12.0;Camioneta doble tracción;1.7;9.9;False
11321;Arequipa/Arequipa/Jacobo Hunter;501.0;580.0;Camioneta doble tracción;501.9;592.4;True
11328;San Martín/Rioja/Rioja;69.0;120.0;Automóvil particular;88.5;107.2;True
11329;Huancavelica/Huancavelica/Huancavelica;60.0;120.0;Camioneta doble tracción;57.9;98.7;True
11337;Moquegua/Mariscal Nieto/Moquegua;248.1;373.0;Camioneta doble tracción;224.1;365.2;True
11339;Moquegua/Mariscal Nieto/Moquegua;223.0;279.0;Camioneta doble tracción;237.2;410.1;True
11342;Moquegua/Mariscal Nieto/Moquegua;210.7;260.0;Camioneta doble tracción;225.2;384.7;True
11343;Lima/Lima/Lima;14.0;40.0;Taxi;12.0;22.0;True
11344;Junín/Chanchamayo/Pichanaqui;4.0;10.0;Automóvil particular;5.2;13.4;True
11345;Cajamarca/San Pablo/Tumbaden;55.0;100.0;Combi;26.9;89.2;False
11347;Áncash/Santa/Santa;7.0;7.0;Automóvil particular;1.9;10.6;False
11348;Cajamarca/Jaén/Jaén;7.0;20.0;Automóvil particular;7.2;19.4;True
11356;Cajamarca/Jaén/Jaén;24.0;60.0;Automóvil particular;27.0;81.3;True
11357;Lima/Cañete/San Vicente De Cañete;13.0;30.0;Bus público;12.6;20.9;True
11359;Lima/Huaura/Huacho;57.3;64.0;Automóvil particular;51.4;62.3;True
11363;La Libertad/Trujillo/Trujillo;113.0;100.0;Automóvil particular;114.4;139.4;True
11365;Pasco/Oxapampa/Oxapampa;76.6;125.0;Automóvil particular;78.3;127.0;True
11376;Cusco/Cusco/Cusco;129.7;193.0;Mini bus turístico;131.3;198.2;True
11378;Lima/Cañete/San Vicente De Cañete;9.6;15.0;Automóvil particular;9.4;17.5;True
11380;Cusco/Quispicanchi/Cusipata;84.6;118.0;Mini bus turístico;4.7;18.3;False
11381;Cusco/La Convención/Villa Kintiarina;22.0;45.0;Automóvil particular;19.6;58.1;True
11383;Cusco/La Convención/Villa Kintiarina;17.0;20.0;Automóvil particular;12.0;40.0;True
11384;Cajamarca/Cajamarca/Namora;39.8;95.0;Camioneta doble tracción;14.2;40.7;False
11386;Cusco/La Convención/Vilcabamba;9.1;15.0;Automóvil particular;;;False
11389;Madre De Dios/Tambopata/Tambopata;8.0;10.0;Taxi;10.5;20.0;True
11390;Tumbes/Tumbes/Tumbes;23.0;15.0;Automóvil particular;22.7;31.6;True
11392;Lima/Lima/Lima;17.0;35.0;Automóvil particular;12.3;23.3;True
11398;Cusco/La Convención/Villa Kintiarina;8.1;15.0;Automóvil particular;8.4;26.4;True
11402;Lima/Lima/Lima;24.1;41.0;Automóvil particular;11.4;22.6;False
11403;Lima/Lima/Lima;33.7;38.0;Automóvil particular;13.2;25.4;False
11404;Lima/Lima/La Molina;21.0;46.0;Automóvil particular;7.6;17.7;False
11410;Cusco/La Convención/Echarate;20.0;32.0;Bus público;20.3;36.5;True
11416;San Martín/Moyobamba/Soritor;32.5;120.0;Automóvil particular;18.8;37.3;False
11417;Cusco/Canchis/Checacupe;111.0;136.0;Bus turístico;20.4;37.1;False
11418;Lima/Cañete/San Vicente De Cañete;13.9;40.0;Automóvil particular;12.0;20.5;True
11425;Tumbes/Tumbes/Tumbes;66.0;110.0;Camioneta doble tracción;54.7;83.7;True
11431;Moquegua/Mariscal Nieto/Moquegua;216.5;273.0;Camioneta doble tracción;227.2;394.4;True
11434;San Martín/San Martín/Tarapoto;24.5;45.0;Automóvil particular;25.6;48.0;True
11435;Cusco/Cusco/Cusco;145.0;197.0;Bus turístico;131.6;190.1;True
11437;San Martín/San Martín/Tarapoto;17.0;30.0;Taxi;15.0;29.3;True
11441;Piura/Huancabamba/Huancabamba;42.0;100.0;Combi;30.8;76.2;True
11442;Piura/Huancabamba/Huancabamba;16.0;65.0;Combi;22.0;49.8;True
11447;Madre De Dios/Tambopata/Tambopata;9.7;13.0;Taxi;11.4;21.9;True
11448;Tumbes/Tumbes/Tumbes;106.2;180.0;Otros (especificar);48.9;83.8;False
11453;Ayacucho/Huamanga/Chiara;50.0;65.0;Camioneta doble tracción;26.2;53.8;False
11454;Lima/Lima/Lima;112.8;208.0;Taxi;111.9;141.4;True
11456;San Martín/Lamas/Caynarachi;11.3;18.0;Automóvil particular;11.7;25.5;True
11460;Áncash/Bolognesi/Chiquian;90.0;133.0;Automóvil particular;89.6;147.2;True
11461;Áncash/Bolognesi/Chiquian;98.4;163.0;Automóvil particular;98.7;169.9;True
11466;San Martín/San Martín/Tarapoto;13.1;25.0;Automóvil particular;11.0;27.0;True
11471;Áncash/Sihuas/Sihuas;40.5;70.0;Automóvil particular;111.8;263.3;False
11473;Áncash/Sihuas/Sihuas;25.2;85.0;Automóvil particular;22.0;66.8;True
11475;Áncash/Bolognesi/Chiquian;88.9;123.0;Automóvil particular;88.6;136.2;True
11478;Áncash/Bolognesi/Chiquian;85.3;118.0;Automóvil particular;84.9;131.6;True
11480;Áncash/Bolognesi/Chiquian;93.6;165.0;Automóvil particular;74.1;116.2;True
11481;Áncash/Huarmey/Huarmey;5.0;10.0;Automóvil particular;5.4;15.1;True
11485;Lima/Huaura/Huacho;199.9;560.0;Taxi;159.5;261.6;True
11486;Lima/Huaura/Huacho;199.9;560.0;Taxi;166.5;280.4;True
11498;Puno/Puno/Puno;109.0;125.0;Combi;97.3;114.4;True
11500;Cusco/La Convención/Santa Ana;63.0;180.0;Automóvil particular;46.0;84.3;True
11503;Moquegua/Mariscal Nieto/Moquegua;207.0;309.0;Camioneta doble tracción;224.2;365.5;True
11516;Ucayali/Coronel Portillo/Calleria;85.5;185.0;Camioneta doble tracción;104.8;158.3;True
11518;Ucayali/Coronel Portillo/Calleria;34.0;25.0;Automóvil particular;31.7;41.0;True
11521;Lima/Lima/Lima;110.9;205.0;Taxi;109.5;139.8;True
11522;Lima/Lima/Lima;109.0;200.0;Taxi;107.8;136.2;True
11526;Áncash/Bolognesi/Chiquian;98.3;220.0;Automóvil particular;98.0;171.0;True
11528;Lima/Lima/Lima;135.7;260.0;Bus público;119.8;208.1;True
11529;Áncash/Bolognesi/Chiquian;87.8;157.0;Automóvil particular;84.7;132.7;True
11530;Ucayali/Coronel Portillo/Calleria;40.6;48.0;Mototaxi;34.0;48.9;True
11537;Áncash/Huaraz/Huaraz;18.5;145.0;Automóvil particular;26.4;63.9;True
11538;Ucayali/Coronel Portillo/Manantay;19.5;35.0;Mototaxi;27.1;48.1;True
11557;Cusco/Cusco/San Jerónimo;8.7;40.0;Mini bus turístico;9.8;27.6;True
11558;Cajamarca/San Ignacio/La Coipa;84.0;180.0;Mini bus público;23.1;80.1;False
11559;Amazonas/Chachapoyas/Chachapoyas;50.9;80.0;Automóvil particular;45.6;99.9;True
11561;Puno/Puno/Puno;83.0;87.0;Taxi;81.4;94.6;True
11576;Apurímac/Aymaraes/Chalhuanca;23.8;28.0;Taxi;24.2;40.4;True
11578;Puno/San Román/Juliaca;233.0;255.0;Automóvil particular;184.3;260.6;True
11580;Ica/Ica/Ica;83.0;84.0;Automóvil particular;81.1;100.6;True
11581;Ica/Pisco/Paracas;28.2;41.0;Automóvil particular;12.6;25.3;False
11583;Ica/Pisco/Paracas;43.0;54.0;Automóvil particular;24.0;37.6;False
11584;Ica/Pisco/Paracas;16.0;22.0;Automóvil particular;13.7;27.2;True
11586;Lima/Lima/Lima;118.6;232.0;Taxi;118.9;157.4;True
11589;Ica/Ica/Ica;100.0;75.0;Combi;91.8;108.9;True
11590;Ica/Pisco/Pisco;94.0;102.0;Bus turístico;4.7;13.0;False
11591;Ica/Pisco/Pisco;22.3;40.0;Automóvil particular;26.7;39.9;True
11592;Ica/Nasca/Marcona;31.0;53.0;Automóvil particular;41.9;77.2;True
11593;Puno/Yunguyo/Yunguyo;22.3;55.0;Taxi;20.8;37.4;True
11597;Lima/Lima/Independencia;330.4;572.0;Taxi;239.6;330.4;True
11604;Pasco/Oxapampa/Oxapampa;76.8;122.0;Automóvil particular;78.4;127.3;True
11606;Pasco/Oxapampa/Oxapampa;76.6;123.0;Automóvil particular;78.2;126.9;True
11609;Pasco/Oxapampa/Oxapampa;73.2;115.0;Automóvil particular;75.0;123.3;True
11610;Ica/Pisco/Pisco;62.5;74.0;Automóvil particular;20.8;36.3;False
11611;Ica/Chincha/Chincha Alta;38.0;39.0;Automóvil particular;7.5;15.8;False
11612;Ica/Ica/Ica;228.0;220.0;Bus público;106.9;126.0;False
11613;Lima/Lima/Independencia;307.4;517.0;Taxi;225.2;321.8;True
11614;Lima/Lima/Independencia;308.4;567.0;Taxi;251.9;366.9;True
11615;Lima/Lima/Independencia;330.4;572.0;Taxi;253.0;368.2;True
11616;Lima/Lima/Independencia;308.4;577.0;Taxi;241.8;336.8;True
11618;Lima/Lima/Independencia;330.4;572.0;Taxi;234.7;345.0;True
11619;Puno/San Román/Juliaca;354.0;330.0;A pie;293.7;430.6;True
11621;Ica/Pisco/Paracas;7.1;10.0;Automóvil particular;6.5;14.9;True
11622;San Martín/Rioja/Rioja;44.8;65.0;Automóvil particular;62.0;76.1;True
11626;Apurímac/Abancay/Abancay;120.5;124.0;Taxi;117.4;151.8;True
11628;Ica/Pisco/Tupac Amaru Inca;10.0;15.0;Automóvil particular;10.3;19.5;True
11632;Ica/Ica/Ica;221.4;218.0;Mototaxi;219.8;245.6;True
11635;Lima/Lima/La Victoria;317.2;491.0;Automóvil particular;250.1;309.0;True
11637;Cajamarca/San Ignacio/La Coipa;101.0;205.0;Mini bus público;41.8;105.6;False
11640;Puno/San Antonio De Putina/Putina;79.0;95.0;Camioneta doble tracción;82.5;111.7;True
11641;Puno/San Antonio De Putina/Putina;90.0;113.0;Camioneta doble tracción;86.6;115.2;True
11643;Junín/Huancayo/Colca;98.7;170.0;Automóvil particular;21.0;61.5;False
11665;Tacna/Candarave/Candarave;23.4;70.0;Automóvil particular;24.2;65.4;True
11667;Tacna/Tarata/Tarata;100.0;120.0;Automóvil particular;92.0;152.9;True
11672;Huánuco/Huánuco/Huanuco;215.6;380.0;Otros (especificar);111.4;235.5;False
11683;Pasco/Pasco/Chaupimarca;39.0;67.0;Automóvil particular;33.5;49.1;True
11684;Pasco/Pasco/Chaupimarca;52.6;81.0;Taxi;47.6;65.4;True
11689;Áncash/Huari/Huari;3.0;15.0;Taxi;2.7;12.4;True
11694;Pasco/Pasco/Ninacaca;59.6;90.0;Automóvil particular;22.0;35.4;False
11699;Ayacucho/Huamanga/Jesús Nazareno;56.5;83.0;Automóvil particular;54.7;82.5;True
11701;Áncash/Mariscal Luzuriaga/Piscobamba;71.9;190.0;Automóvil particular;55.1;146.0;True
11703;Ayacucho/Huamanga/Jesús Nazareno;47.0;60.0;Automóvil particular;45.9;70.2;True
11706;Ayacucho/Huamanga/Jesús Nazareno;47.0;60.0;Automóvil particular;45.6;69.8;True
11708;Ayacucho/Huanta/Huanta;21.0;45.0;Combi;23.9;70.4;True
11709;Ayacucho/Huamanga/Jesús Nazareno;47.0;60.0;Automóvil particular;45.9;70.3;True
11710;Ayacucho/Huanta/Huanta;5.4;13.0;Automóvil particular;5.5;15.0;True
11713;Ayacucho/Huamanga/Jesús Nazareno;47.0;60.0;Automóvil particular;45.2;69.6;True
11721;Moquegua/Mariscal Nieto/Moquegua;19.0;25.0;Automóvil particular;19.1;29.5;True
11722;Arequipa/Arequipa/Arequipa;118.4;190.0;Camioneta doble tracción;114.8;203.3;True
11724;Moquegua/Mariscal Nieto/Moquegua;176.0;225.0;Bus turístico;172.5;268.9;True
11725;Moquegua/Mariscal Nieto/Moquegua;182.2;245.0;Camioneta doble tracción;188.7;302.0;True
11726;Madre De Dios/Tambopata/Tambopata;15.0;40.0;Automóvil particular;18.1;35.1;True
11729;Moquegua/Mariscal Nieto/Moquegua;183.0;200.0;Bus turístico;181.8;287.4;True
11732;Moquegua/Mariscal Nieto/Moquegua;127.7;168.0;Automóvil particular;127.9;204.8;True
11735;Moquegua/Mariscal Nieto/Moquegua;217.0;340.0;Camioneta doble tracción;203.2;391.8;True
11736;Moquegua/Mariscal Nieto/Samegua;200.0;255.0;Bus turístico;59.1;151.8;False
11737;Madre De Dios/Tambopata/Tambopata;201.0;250.0;Camioneta doble tracción;175.4;214.9;True
11738;Madre De Dios/Tambopata/Tambopata;195.0;235.0;Camioneta doble tracción;179.9;226.0;True
11747;Madre De Dios/Tahuamanu/Iñapari;64.0;40.0;Mini bus público;57.9;70.8;True
11748;Madre De Dios/Tahuamanu/Iñapari;60.0;45.0;Automóvil particular;59.4;72.7;True
11761;Áncash/Carhuaz/Carhuaz;26.4;80.0;Camioneta doble tracción;35.1;91.1;True
11764;Moquegua/Ilo/Ilo;15.0;15.0;Automóvil particular;14.9;27.3;True
11765;Apurímac/Aymaraes/Chalhuanca;18.0;40.0;Taxi;20.4;53.4;True
11766;Áncash/Bolognesi/Chiquian;367.9;430.0;Bus público;15.2;39.1;False
11774;Áncash/Huaraz/Huaraz;80.0;90.0;Automóvil particular;248.9;372.7;False
11776;Áncash/Sihuas/Sihuas;6.2;15.0;Automóvil particular;5.3;18.2;True
11779;Puno/Puno/Puno;75.6;85.0;Taxi;82.1;95.7;True
11780;Áncash/Carhuaz/Carhuaz;76.0;120.0;Taxi;75.0;138.5;True
11783;Ayacucho/Huamanga/Jesús Nazareno;51.5;75.0;Automóvil particular;47.3;76.5;True
11784;Ayacucho/Huamanga/Jesús Nazareno;51.5;75.0;Automóvil particular;48.6;78.6;True
11785;Áncash/Huaraz/Huaraz;415.0;420.0;Bus público;130.4;212.0;False
11787;Áncash/Huaraz/Huaraz;96.4;150.0;Automóvil particular;96.2;148.5;True
11790;Moquegua/Mariscal Nieto/Moquegua;208.8;315.0;Automóvil particular;272.7;329.2;True
11791;Áncash/Huari/Huari;55.8;120.0;Camioneta doble tracción;37.2;87.0;False
11792;Áncash/Asunción/Chacas;14.0;22.0;Automóvil particular;19.2;36.9;True
11794;Puno/Puno/Puno;83.5;86.0;Taxi;81.5;94.8;True
11796;Áncash/Huaraz/Huaraz;88.3;125.0;Automóvil particular;86.9;133.2;True
11798;Puno/Puno/Puno;57.0;80.0;Combi;53.2;72.5;True
11800;Puno/Puno/Puno;8.5;15.0;Combi;9.6;18.7;True
11802;Puno/Puno/Puno;33.0;50.0;Automóvil particular;30.4;55.2;True
11803;Puno/Puno/Puno;126.0;220.0;Automóvil particular;122.5;172.0;True
11808;Puno/Puno/Puno;3.0;20.0;Taxi;3.1;12.6;True
11809;Puno/Puno/Puno;127.0;133.0;Automóvil particular;131.1;160.0;True
11817;Áncash/Carhuaz/Carhuaz;15.7;30.0;Automóvil particular;14.7;32.7;True
11818;Áncash/Carhuaz/Carhuaz;46.9;86.0;Bus turístico;46.0;89.9;True
11819;Piura/Piura/Piura;58.0;65.0;Taxi;58.2;69.5;True
11821;Áncash/Yungay/Yungay;69.6;150.0;Mini bus público;71.7;156.9;True
11829;Tacna/Tacna/Tacna;77.0;80.0;Mini bus público;80.9;111.9;True
11830;Lima/Lima/Independencia;170.0;217.0;Automóvil particular;150.5;178.0;True
11831;Lima/Huaral/Huaral;83.2;99.0;Automóvil particular;76.9;100.1;True
11834;Tacna/Tacna/Tacna;17.0;30.0;Automóvil particular;17.2;26.1;True
11835;Tacna/Tacna/Tacna;8.8;20.0;Automóvil particular;8.6;17.9;True
11838;Tacna/Tacna/Tacna;11.0;20.0;Automóvil particular;12.8;22.1;True
11842;Pasco/Oxapampa/Oxapampa;89.0;147.0;Automóvil particular;191.5;333.9;False
11848;Cusco/Cusco/Cusco;191.0;240.0;Bus turístico;199.0;304.5;True
11857;Arequipa/Arequipa/Jacobo Hunter;160.6;194.0;Automóvil particular;160.9;198.6;True
11862;Ica/Palpa/Palpa;10.0;10.0;Automóvil particular;8.9;17.6;True
11866;La Libertad/Gran Chimú/Cascas;11.3;20.0;Automóvil particular;11.0;30.0;True
11867;Tacna/Tacna/Tacna;6.0;15.0;Automóvil particular;6.0;14.8;True
11869;Arequipa/Arequipa/Jacobo Hunter;255.9;316.0;Mini bus público;256.3;347.5;True
11872;Lima/Lima/Miraflores;11.0;25.0;Taxi;9.0;18.4;True
11873;Lima/Barranca/Supe;31.7;51.0;Automóvil particular;39.1;58.5;True
11875;San Martín/Rioja/Rioja;20.8;40.0;Automóvil particular;20.2;56.8;True
11877;Lima/Canta/San Buenaventura;107.0;177.0;Automóvil particular;1.5;11.6;False
11880;Lambayeque/Chiclayo/Chiclayo;72.0;135.0;Mototaxi;48.0;58.4;False
11884;Cusco/La Convención/Pichari;593.8;769.0;Bus público;2.2;10.8;False
11885;San Martín/San Martín/Tarapoto;42.8;65.0;Automóvil particular;46.6;75.1;True
11887;Cusco/La Convención/Pichari;304.4;425.0;Automóvil particular;11.5;23.4;False
11888;Cusco/La Convención/Pichari;299.0;424.0;Automóvil particular;6.5;16.2;False
11891;Lima/Lima/Lima;18.0;40.0;Automóvil particular;6.4;16.4;False
11892;Cusco/La Convención/Pichari;303.9;419.0;Automóvil particular;2.3;11.3;False
11895;Cusco/La Convención/Pichari;7.6;20.0;Automóvil particular;8.8;21.2;True
11897;Cusco/La Convención/Pichari;306.7;435.0;Automóvil particular;16.5;36.3;False
11901;Ucayali/Coronel Portillo/Calleria;116.0;135.0;Taxi;109.3;130.2;True
11902;Ucayali/Coronel Portillo/Calleria;116.0;135.0;Taxi;109.3;130.4;True
11906;Áncash/Pallasca/Pampas;16.7;45.0;Camioneta doble tracción;17.7;46.4;True
11908;Áncash/Pallasca/Pampas;17.7;45.0;Camioneta doble tracción;18.7;52.1;True
11909;Áncash/Huarmey/Huarmey;50.0;50.0;Automóvil particular;63.0;105.0;True
11911;Arequipa/Arequipa/Jacobo Hunter;382.7;484.0;Camioneta doble tracción;337.5;466.8;True
11916;Cusco/La Convención/Pichari;293.5;410.0;Automóvil particular;1.8;10.0;False
11917;Cusco/La Convención/Pichari;296.6;417.0;Automóvil particular;3.7;13.1;False
11927;Cusco/La Convención/Pichari;295.0;415.0;Automóvil particular;11.6;36.8;False
11930;San Martín/Moyobamba/Moyobamba;15.5;25.0;Automóvil particular;10.9;21.8;True
11934;Cusco/La Convención/Pichari;292.0;405.0;Bus público;0.2;7.5;False
11944;Ayacucho/Huamanga/Jesús Nazareno;47.0;60.0;Automóvil particular;45.9;70.1;True
11945;Ayacucho/Huamanga/Jesús Nazareno;47.0;60.0;Automóvil particular;46.1;70.6;True
11946;Ayacucho/Huamanga/Jesús Nazareno;50.3;68.0;Mototaxi;43.3;72.5;True
11947;Ayacucho/Huamanga/Jesús Nazareno;47.0;60.0;Combi;44.9;69.0;True
11948;Áncash/Huaraz/Huaraz;144.9;244.0;Automóvil particular;154.4;292.8;True
11950;Cusco/La Convención/Pichari;311.8;455.0;Automóvil particular;19.7;49.7;False
11951;San Martín/San Martín/Tarapoto;156.8;180.0;Automóvil particular;140.4;181.3;True
11953;Ayacucho/Huamanga/Jesús Nazareno;41.0;50.0;Combi;40.6;63.6;True
11955;La Libertad/Sánchez Carrión/Huamachuco;38.7;84.0;Automóvil particular;23.2;50.4;False
11956;La Libertad/Sánchez Carrión/Marcabal;45.0;164.0;Automóvil particular;17.9;61.0;False
11958;Ayacucho/Huamanga/Jesús Nazareno;53.0;73.0;Combi;51.0;77.3;True
11962;Huánuco/Huánuco/Huanuco;15.0;40.0;Automóvil particular;15.3;30.6;True
11978;Áncash/Huaraz/Huaraz;15.0;37.0;Automóvil particular;20.0;48.1;True
11979;Ayacucho/Huamanga/Jesús Nazareno;60.5;90.0;Automóvil particular;52.5;92.2;True
11981;Cusco/Canchis/San Pablo;164.0;240.0;Bus turístico;33.7;78.0;False
11982;Cusco/Canchis/San Pablo;151.5;210.0;Bus turístico;24.8;53.6;False
11984;Cusco/Canchis/San Pablo;129.0;160.0;Bus turístico;4.2;13.0;False
11989;Áncash/Huaraz/Huaraz;26.0;67.0;Automóvil particular;27.2;65.4;True
11992;Madre De Dios/Tambopata/Tambopata;53.0;80.0;Automóvil particular;39.9;51.6;True
11994;Tacna/Tacna/Tacna;105.0;85.0;Automóvil particular;105.5;120.3;True
11998;Arequipa/Arequipa/Jacobo Hunter;381.5;481.0;Camioneta doble tracción;338.5;468.9;True
12012;Lima/Lima/Independencia;307.8;259.0;Automóvil particular;285.6;355.9;True
12013;Lima/Lima/Independencia;305.6;252.0;Automóvil particular;283.9;355.4;True
12014;Ayacucho/Huamanga/Jesús Nazareno;57.0;96.0;Automóvil particular;51.1;82.1;True
12015;Lima/Lima/Independencia;305.6;252.0;Automóvil particular;283.7;354.6;True
12018;Ayacucho/Huamanga/Jesús Nazareno;39.5;58.0;Combi;40.5;65.7;True
12024;Loreto/Maynas/San Juan Bautista;23.5;70.0;Mototaxi;25.0;39.5;True
12034;Cusco/Cusco/Cusco;97.0;160.0;Mini bus turístico;93.6;137.2;True
12039;Cusco/Cusco/Cusco;83.0;120.0;Mini bus turístico;87.2;109.3;True
12045;Cusco/Cusco/Cusco;83.0;125.0;Mini bus turístico;86.1;106.1;True
12046;Cusco/Cusco/Cusco;77.0;105.0;Mini bus turístico;82.4;102.3;True
12052;Áncash/Pallasca/Cabana;35.0;120.0;Camioneta doble tracción;22.4;70.0;False
12053;Moquegua/Mariscal Nieto/Moquegua;6.0;10.0;Automóvil particular;3.8;12.3;False
12056;Cusco/Cusco/Cusco;462.0;650.0;Camioneta doble tracción;416.6;631.6;True
12064;Arequipa/Arequipa/Arequipa;365.0;390.0;Automóvil particular;365.3;443.9;True
12065;Cusco/Canchis/San Pablo;157.0;220.0;Bus público;30.3;64.3;False
12067;Arequipa/Arequipa/Jacobo Hunter;312.0;365.0;Combi;313.8;366.8;True
12068;Lima/Lima/Independencia;159.6;191.0;Mototaxi;153.0;187.9;True
12072;Huánuco/Huánuco/Huanuco;21.4;60.0;Automóvil particular;21.4;36.1;True
12078;Lima/Lima/Independencia;301.4;249.0;Automóvil particular;279.5;351.3;True
12081;Ucayali/Coronel Portillo/Calleria;15.0;30.0;Taxi;7.2;17.8;False
12090;Puno/Puno/Puno;7.0;26.0;Taxi;3.7;14.9;False
12097;Junín/Huancayo/El Tambo;131.2;205.0;Camioneta doble tracción;113.9;200.6;True
12107;Ucayali/Coronel Portillo/Yarinacocha;12.7;30.0;Camioneta doble tracción;11.6;29.2;True
12110;Pasco/Oxapampa/Oxapampa;88.0;145.0;Automóvil particular;63.4;107.1;True
12111;San Martín/San Martín/Tarapoto;3.7;20.0;Mototaxi;3.7;15.7;True
12113;Lima/Lima/Independencia;299.5;244.0;Automóvil particular;278.7;349.7;True
12114;Lima/Lima/Independencia;306.8;253.0;Automóvil particular;286.5;357.9;True
12118;San Martín/Moyobamba/Moyobamba;23.1;40.0;Automóvil particular;22.8;34.5;True
12130;Áncash/Carhuaz/Carhuaz;7.0;30.0;Automóvil particular;7.8;31.6;True
12134;Arequipa/Arequipa/Jacobo Hunter;148.5;168.0;Combi;137.7;169.5;True
12135;Arequipa/Arequipa/Jacobo Hunter;149.5;168.0;Taxi;136.2;167.9;True
12139;Lima/Lima/Lima;39.0;70.0;Automóvil particular;37.9;50.1;True
12141;Arequipa/Arequipa/José Luis Bustamante Y Rivero;179.0;192.0;Taxi;157.6;228.9;True
12142;Arequipa/Arequipa/José Luis Bustamante Y Rivero;190.4;211.0;Taxi;193.1;239.8;True
12143;Junín/Huancayo/Huancayo;3.0;15.0;Automóvil particular;5.2;13.4;False
12145;Lambayeque/Chiclayo/Monsefu;18.0;25.0;Automóvil particular;4.2;12.5;False
12147;Lima/Lima/Independencia;307.6;250.0;Automóvil particular;285.4;354.4;True
12148;Lima/Lima/Independencia;308.8;251.0;Automóvil particular;287.2;356.7;True
12149;Lima/Lima/Independencia;308.0;250.0;Automóvil particular;287.1;356.5;True
12151;Lima/Lima/Independencia;307.8;252.0;Automóvil particular;285.5;355.8;True
12152;Lima/Lima/Independencia;307.5;252.0;Automóvil particular;285.4;355.5;True
12157;Puno/San Román/San Miguel;417.0;585.0;Camioneta doble tracción;269.5;391.6;False
12160;Cusco/Cusco/Cusco;394.5;575.0;Camioneta doble tracción;369.2;552.8;True
12162;Cusco/Cusco/Cusco;390.0;580.0;Camioneta doble tracción;365.1;556.0;True
12164;La Libertad/Trujillo/Trujillo;103.5;167.0;Automóvil particular;97.0;146.2;True
12171;Ayacucho/La Mar/Tambo;70.0;45.0;Automóvil particular;24.4;62.2;False
12172;Arequipa/Arequipa/Jacobo Hunter;146.5;170.0;Combi;146.2;176.1;True
12173;Arequipa/Arequipa/Jacobo Hunter;148.0;168.0;Combi;144.8;176.7;True
12174;Tacna/Tacna/Tacna;42.3;54.0;Mini bus público;43.9;55.0;True
12175;Tacna/Tacna/Tacna;67.4;104.0;Mini bus público;70.4;102.1;True
12178;Tacna/Tacna/Tacna;55.7;79.0;Mini bus turístico;39.3;56.5;True
12179;Tacna/Tacna/Inclan;38.0;48.0;Mini bus turístico;1.5;10.1;False
12180;Tacna/Tacna/Tacna;57.0;82.0;Mini bus público;42.2;61.5;True
12181;Tacna/Tacna/Tacna;37.0;45.0;Mini bus turístico;38.9;49.4;True
12183;Cusco/Cusco/Cusco;5.0;15.0;Bus público;1.8;10.4;False
12185;Lima/Lima/Independencia;100.7;141.0;Automóvil particular;91.8;127.8;True
12188;Ayacucho/Huamanga/Ayacucho;350.0;771.0;Camioneta doble tracción;196.8;311.3;False
12190;Cusco/Cusco/Cusco;332.5;544.0;Camioneta doble tracción;375.5;562.9;True
12193;Arequipa/Arequipa/Arequipa;87.3;132.0;Camioneta doble tracción;137.7;256.4;False
12196;Ayacucho/Huamanga/Ayacucho;360.0;751.0;Camioneta doble tracción;192.2;305.3;False
12200;Cusco/Cusco/Cusco;393.0;575.0;Camioneta doble tracción;369.0;552.2;True
12206;Puno/Chucuito/Juli;6.1;9.0;Taxi;6.7;16.1;True
12212;Puno/Puno/Puno;102.0;105.0;Mini bus público;104.4;120.7;True
12214;Arequipa/Arequipa/Jacobo Hunter;458.0;495.0;Camioneta doble tracción;456.4;530.1;True
12215;Puno/Puno/Puno;85.7;97.0;Taxi;86.0;100.2;True
12216;Puno/Chucuito/Juli;9.5;15.0;Taxi;7.2;18.2;True
12219;Puno/Puno/Puno;90.7;110.0;Automóvil particular;86.3;102.5;True
12220;Puno/Puno/Puno;100.0;110.0;Mini bus público;101.7;117.9;True
12224;Moquegua/Mariscal Nieto/Moquegua;136.4;178.0;Camioneta doble tracción;134.5;234.1;True
12225;Lima/Huarochirí/Matucana;122.0;300.0;Automóvil particular;121.3;265.1;True
12228;Huánuco/Huánuco/Huanuco;163.6;311.0;Automóvil particular;74.6;145.9;False
12229;Huánuco/Huánuco/Huanuco;101.4;204.0;Automóvil particular;95.7;196.5;True
12233;Huánuco/Huánuco/Huanuco;147.2;283.0;Automóvil particular;137.3;309.6;True
12235;Lima/Lima/Independencia;256.9;266.0;Mini bus público;202.2;245.7;True
12236;Apurímac/Abancay/Abancay;130.0;180.0;Automóvil particular;138.4;218.7;True
12237;Apurímac/Abancay/Abancay;130.0;180.0;Automóvil particular;138.4;218.7;True
12238;Apurímac/Abancay/Abancay;130.0;180.0;Automóvil particular;139.1;219.9;True
12239;Apurímac/Abancay/Abancay;138.0;180.0;Automóvil particular;141.5;225.0;True
12240;La Libertad/Trujillo/Trujillo;114.2;194.0;Automóvil particular;93.8;156.0;True
12241;Ayacucho/Huanta/Huanta;52.9;124.0;Automóvil particular;47.0;79.9;True
12242;Tacna/Tacna/Calana;9.0;23.0;Automóvil particular;0.5;8.1;False
12243;Lima/Lima/Independencia;257.9;268.0;Mini bus público;207.4;251.7;True
12244;Tacna/Tacna/Tacna;6.0;10.0;Automóvil particular;3.9;12.3;False
12248;Arequipa/Arequipa/José Luis Bustamante Y Rivero;173.8;187.0;Taxi;178.4;220.4;True
12250;La Libertad/Trujillo/Trujillo;93.5;182.0;Automóvil particular;76.4;155.6;True
12252;Ayacucho/Huamanga/San Juan Bautista;133.0;210.0;Combi;127.7;212.9;True
12254;Ayacucho/Huamanga/San Juan Bautista;135.0;245.0;Automóvil particular;128.4;221.7;True
12256;Apurímac/Abancay/Abancay;130.0;180.0;Automóvil particular;175.8;285.4;True
12257;Ayacucho/Huamanga/San Juan Bautista;133.0;210.0;Combi;127.7;213.1;True
12264;Arequipa/Islay/Mollendo;88.0;100.0;Camioneta doble tracción;81.4;112.1;True
12268;Áncash/Santa/Chimbote;224.0;496.0;Camioneta doble tracción;203.4;356.9;True
12269;Áncash/Pallasca/Pampas;8.0;30.0;Camioneta doble tracción;7.5;23.9;True
12270;Lima/Lima/Independencia;182.4;235.0;Taxi;142.0;179.3;True
12271;Lima/Lima/Independencia;180.9;228.0;Mini bus público;145.1;181.8;True
12273;Lima/Lima/Independencia;212.4;206.0;Combi;207.3;251.4;True
12279;Arequipa/Arequipa/José Luis Bustamante Y Rivero;173.8;187.0;Taxi;178.4;220.4;True
12280;Ayacucho/Huamanga/Jesús Nazareno;42.0;60.0;Automóvil particular;30.3;65.8;True
12283;Lima/Lima/Lima;39.1;76.0;Automóvil particular;32.9;46.1;True
12284;Huánuco/Huánuco/Huanuco;8.9;30.0;Taxi;0.3;7.8;False
12286;Pasco/Oxapampa/Oxapampa;3.9;9.0;Mototaxi;4.0;13.8;True
12287;Pasco/Oxapampa/Oxapampa;13.2;37.0;Automóvil particular;7.1;20.1;False
12290;Piura/Piura/Piura;120.5;123.0;Mototaxi;120.8;136.0;True
12291;Ayacucho/Huamanga/Acocro;15.0;70.0;Mototaxi;14.3;45.2;True
12293;Arequipa/Arequipa/José Luis Bustamante Y Rivero;173.8;187.0;Taxi;178.4;220.4;True
12295;Ayacucho/Huamanga/Andrés Avelino Cáceres Dorregaray;50.8;80.0;Mototaxi;48.7;92.1;True
12296;Lambayeque/Chiclayo/Saña;27.0;45.0;Bus público;15.7;29.5;False
12297;Ayacucho/Huamanga/Andrés Avelino Cáceres Dorregaray;51.0;60.0;Mototaxi;43.8;89.7;True
12299;Lima/Lima/Independencia;218.8;205.0;Mototaxi;207.9;252.7;True
12301;Lima/Cañete/San Vicente De Cañete;174.0;281.0;Automóvil particular;174.1;249.6;True
12304;Ayacucho/Huamanga/Jesús Nazareno;64.0;80.0;Taxi;70.6;138.2;True
12307;Lima/Huarochirí/Matucana;106.0;240.0;Automóvil particular;101.2;212.3;True
12308;Lima/Cañete/San Vicente De Cañete;209.0;305.0;Automóvil particular;168.3;256.4;True
12309;Arequipa/Islay/Mollendo;47.9;47.0;Bus público;81.4;112.2;False
12310;Lima/Cañete/San Vicente De Cañete;181.0;292.0;Automóvil particular;159.1;234.3;True
12312;Arequipa/Islay/Mollendo;18.0;25.0;Combi;15.0;25.7;True
12313;Arequipa/Arequipa/Jacobo Hunter;183.7;166.0;Taxi;182.3;210.9;True
12320;Huánuco/Huánuco/Huanuco;71.4;135.0;Camioneta doble tracción;48.7;73.1;True
12321;Lima/Cañete/San Vicente De Cañete;176.0;341.0;Automóvil particular;180.5;263.5;True
12324;Huánuco/Huánuco/Huanuco;67.7;129.0;Camioneta doble tracción;59.4;114.9;True
12326;Lima/Cañete/San Vicente De Cañete;225.0;365.0;Automóvil particular;225.6;353.8;True
12335;Ayacucho/Huamanga/Andrés Avelino Cáceres Dorregaray;67.3;110.0;Automóvil particular;70.3;99.1;True
12336;Ayacucho/Huamanga/Andrés Avelino Cáceres Dorregaray;48.0;100.0;Automóvil particular;42.5;83.1;True
12337;Ayacucho/Huamanga/Andrés Avelino Cáceres Dorregaray;69.9;150.0;Automóvil particular;84.4;119.6;True
12338;Huánuco/Dos De Mayo/La Unión;28.2;55.0;Taxi;23.7;44.9;True
12339;Lima/Lima/Independencia;156.0;210.0;Taxi;145.6;182.5;True
12340;Lima/Cañete/San Vicente De Cañete;169.8;287.0;Automóvil particular;159.1;234.3;True
12341;Lima/Lima/Independencia;104.0;119.0;Mototaxi;96.2;125.3;True
12344;Lima/Lima/Miraflores;6.1;22.0;Taxi;5.4;13.9;True
12350;Lima/Cañete/San Vicente De Cañete;180.0;309.0;Automóvil particular;181.8;267.2;True
12352;Ayacucho/Huamanga/Ayacucho;7.1;47.0;Automóvil particular;6.0;19.7;True
12360;Ayacucho/Huamanga/Ayacucho;7.1;47.0;Automóvil particular;5.2;15.3;True
12364;Ayacucho/Huamanga/Andrés Avelino Cáceres Dorregaray;68.0;145.0;Automóvil particular;61.7;120.0;True
12365;Ayacucho/Huamanga/Andrés Avelino Cáceres Dorregaray;78.0;160.0;Automóvil particular;62.8;127.3;True
12367;Huancavelica/Huancavelica/Huachocolpa;81.6;240.0;Automóvil particular;15.0;35.4;False
12369;Arequipa/Arequipa/Yura;45.1;210.0;Bus turístico;13.8;31.8;False
12370;Ayacucho/Huamanga/Andrés Avelino Cáceres Dorregaray;3.0;29.0;Automóvil particular;4.6;16.6;False
12377;Pasco/Pasco/Chaupimarca;83.3;103.0;Taxi;52.5;114.8;False
12379;Áncash/Santa/Chimbote;175.2;400.0;Taxi;167.7;265.1;True
12380;Áncash/Santa/Chimbote;163.1;350.0;Taxi;157.5;239.1;True
12385;Lima/Cañete/San Vicente De Cañete;205.1;314.0;Automóvil particular;205.3;294.0;True
12388;Cusco/Cusco/Cusco;54.7;85.0;Automóvil particular;44.5;71.6;True
12392;Lima/Cañete/San Vicente De Cañete;136.0;217.0;Automóvil particular;136.8;192.6;True
12393;Ayacucho/Huamanga/Ayacucho;220.2;315.0;Automóvil particular;106.9;180.4;False
12396;Lima/Lima/Miraflores;4.6;19.0;Automóvil particular;3.3;11.6;True
12397;Lima/Lima/Lima;7.3;22.0;Automóvil particular;6.4;15.9;True
12404;Lima/Lima/Miraflores;4.4;15.0;Automóvil particular;4.8;13.2;True
12410;Lima/Lima/Independencia;33.0;61.0;Mini bus público;29.2;41.4;True
12411;Lima/Lima/Santa Anita;42.2;152.0;Bus público;25.1;36.1;False
12413;Lima/Cañete/San Vicente De Cañete;171.4;276.0;Automóvil particular;172.7;259.2;True
12414;Lima/Cañete/San Vicente De Cañete;195.8;332.0;Automóvil particular;184.5;290.3;True
12415;Lima/Cañete/San Vicente De Cañete;174.9;340.0;Automóvil particular;169.6;252.7;True
12416;Lima/Cañete/San Vicente De Cañete;181.9;355.0;Automóvil particular;169.6;252.7;True
12417;Lima/Cañete/San Vicente De Cañete;194.9;385.0;Automóvil particular;181.3;283.8;True
12418;Lima/Cañete/San Vicente De Cañete;182.4;275.0;Automóvil particular;182.3;257.9;True
12420;Lima/Cañete/San Vicente De Cañete;182.7;301.0;Automóvil particular;187.9;298.2;True
12421;Lima/Cañete/San Vicente De Cañete;169.8;257.0;Automóvil particular;164.2;228.8;True
12422;Ayacucho/Huamanga/San Juan Bautista;89.3;127.0;Automóvil particular;85.5;134.4;True
12424;Amazonas/Chachapoyas/Chachapoyas;20.5;35.0;Mototaxi;24.7;57.7;True
12426;Lima/Cañete/San Vicente De Cañete;228.5;475.0;Automóvil particular;223.7;354.4;True
12427;Lima/Cañete/Lunahuana;99.5;174.0;Automóvil particular;131.9;192.4;True
12428;Lima/Cañete/San Vicente De Cañete;166.0;255.0;Automóvil particular;164.2;227.9;True
12430;Lima/Cañete/San Vicente De Cañete;238.3;384.0;Automóvil particular;216.6;340.1;True
12440;Huánuco/Leoncio Prado/Rupa-Rupa;34.5;36.0;Mototaxi;16.3;26.0;False
12441;Piura/Piura/Piura;52.8;42.0;Bus público;58.0;69.0;True
12448;Piura/Sullana/Sullana;84.0;103.0;Mototaxi;82.2;102.2;True
12462;Arequipa/Arequipa/La Joya;44.5;45.0;Automóvil particular;45.5;57.7;True
12465;Cusco/La Convención/Santa Ana;75.0;132.0;Bus turístico;76.2;121.2;True
12484;Ayacucho/Huamanga/Ayacucho;130.0;212.0;Mini bus público;92.5;187.0;True
12485;Moquegua/Mariscal Nieto/Moquegua;136.1;195.0;Camioneta doble tracción;140.2;249.6;True
12487;Puno/Chucuito/Juli;104.0;135.0;Automóvil particular;89.5;130.6;True
12494;Puno/Carabaya/Macusani;68.0;70.0;Camioneta doble tracción;48.7;93.1;True
12495;Piura/Piura/Piura;120.5;125.0;Mototaxi;120.8;136.0;True
12497;Cusco/Cusco/Cusco;132.0;210.0;Bus turístico;134.1;181.5;True
12500;Lima/Lima/Rímac;68.0;95.0;Automóvil particular;42.0;55.8;False
12501;Ayacucho/Huamanga/Ayacucho;265.0;463.0;Bus turístico;258.4;427.1;True
12502;Cusco/Cusco/Cusco;132.0;210.0;Bus turístico;134.1;181.5;True
12503;Cusco/Cusco/Cusco;157.0;305.0;Bus turístico;134.1;181.5;True
12507;Tumbes/Tumbes/Tumbes;80.0;75.0;Taxi;74.3;86.9;True
12508;Lima/Huarochirí/Matucana;102.0;228.0;Automóvil particular;97.2;203.3;True
12514;Piura/Morropón/Santa Catalina De Mossa;4.6;10.0;Camioneta doble tracción;;;False
12515;Cusco/Cusco/Cusco;148.0;265.0;Bus turístico;135.3;196.9;True
12516;Cusco/Cusco/Cusco;38.0;120.0;Bus turístico;89.5;177.6;False
12518;Tumbes/Tumbes/Tumbes;14.0;20.0;Automóvil particular;14.8;24.2;True
12523;Arequipa/Arequipa/Arequipa;324.0;495.0;Automóvil particular;290.5;474.3;True
12529;Puno/Puno/Puno;295.0;330.0;Combi;279.9;375.4;True
12532;Puno/Puno/Puno;281.0;300.0;Combi;264.8;332.0;True
12543;Ayacucho/Huamanga/Ayacucho;274.0;487.0;Bus turístico;275.3;421.4;True
12547;Puno/Puno/Puno;297.0;400.0;Automóvil particular;296.4;384.4;True
12549;Cusco/La Convención/Pichari;301.2;430.0;Automóvil particular;9.8;29.6;False
12555;Arequipa/Arequipa/Arequipa;22.3;91.0;Camioneta doble tracción;40.0;72.4;False
12561;Arequipa/Arequipa/Arequipa;316.0;492.0;Automóvil particular;290.5;474.3;True
12564;Cusco/Cusco/Cusco;69.2;99.0;Automóvil particular;;;False
12566;Cusco/Cusco/Cusco;187.0;227.0;Automóvil particular;178.5;235.1;True
12573;Lima/Huarochirí/Matucana;105.0;233.0;Automóvil particular;103.5;221.5;True
12574;Lima/Lima/Santa Anita;23.5;55.0;Taxi;4.3;12.9;False
12580;Cusco/Canas/Layo;202.0;262.0;Automóvil particular;21.6;64.8;False
12582;Arequipa/Islay/Mollendo;18.0;25.0;Combi;15.8;26.8;True
12584;Huánuco/Huánuco/Huanuco;39.0;180.0;Camioneta doble tracción;36.0;98.0;True
12587;Huánuco/Huánuco/Huanuco;39.0;180.0;Camioneta doble tracción;36.6;99.9;True
12591;Junín/Huancayo/Huancayo;8.9;22.0;Automóvil particular;9.1;20.1;True
12594;Junín/Huancayo/Huancayo;12.7;40.0;Automóvil particular;13.7;33.9;True
12595;Junín/Huancayo/Huancayo;12.3;37.0;Automóvil particular;12.1;27.6;True
12599;Ayacucho/Lucanas/Puquio;17.0;32.0;Automóvil particular;14.9;31.3;True
12604;Ayacucho/Huamanga/Jesús Nazareno;215.0;375.0;Camioneta doble tracción;186.7;353.9;True
12607;Ayacucho/Huamanga/Jesús Nazareno;230.0;405.0;Camioneta doble tracción;184.0;361.9;True
12608;Ayacucho/Huamanga/Jesús Nazareno;217.0;385.0;Camioneta doble tracción;185.9;353.3;True
12609;Cusco/Cusco/Cusco;187.0;227.0;Automóvil particular;178.2;234.4;True
12612;Cusco/Cusco/Cusco;12.9;30.0;Bus turístico;14.0;23.1;True
12617;Puno/Puno/Puno;50.0;67.0;Combi;52.4;79.5;True
12620;Puno/Puno/Puno;300.0;300.0;Bus público;207.3;273.8;True
12622;Puno/Puno/Puno;134.0;180.0;Automóvil particular;148.9;177.3;True
12623;Puno/Puno/Puno;156.8;165.0;Mototaxi;151.9;186.8;True
12624;Puno/Puno/Puno;143.5;150.0;Mototaxi;138.5;157.3;True
12625;Puno/Puno/Puno;153.0;170.0;Taxi;149.7;182.5;True
12628;Ucayali/Coronel Portillo/Yarinacocha;5.0;15.0;Camioneta doble tracción;6.5;21.6;True
12630;Ayacucho/Páucar Del Sara Sara/Pausa;12.3;43.0;Automóvil particular;12.4;39.2;True
12631;Ayacucho/Páucar Del Sara Sara/Pausa;16.8;54.0;Automóvil particular;17.0;51.9;True
12632;Ayacucho/Páucar Del Sara Sara/Pausa;6.4;16.0;Automóvil particular;6.7;20.4;True
12634;Ayacucho/Páucar Del Sara Sara/Pausa;11.3;42.0;Automóvil particular;11.4;36.8;True
12635;Ayacucho/Páucar Del Sara Sara/Pausa;11.8;43.0;Automóvil particular;12.0;40.0;True
12636;Ayacucho/Páucar Del Sara Sara/Pausa;8.4;33.0;Automóvil particular;9.6;31.7;True
12643;Ayacucho/Huamanga/Jesús Nazareno;7.5;18.0;Mini bus público;8.1;19.4;True
12644;Ayacucho/Huamanga/Ayacucho;101.0;140.0;Mini bus turístico;99.3;160.2;True
12645;Ayacucho/Huamanga/Ayacucho;57.0;80.0;Bus turístico;57.5;107.0;True
12646;Ayacucho/Huamanga/Ayacucho;100.0;160.0;Mini bus turístico;99.3;160.3;True
12649;Puno/Puno/Puno;285.0;350.0;Camioneta doble tracción;295.7;415.8;True
12651;Ayacucho/Huamanga/Ayacucho;101.0;140.0;Mini bus turístico;99.3;160.3;True
12652;Ayacucho/Huamanga/Ayacucho;71.0;110.0;Mini bus turístico;73.6;138.8;True
12655;Cusco/Cusco/Cusco;198.9;370.0;Automóvil particular;273.0;345.0;True
12656;Cusco/Cusco/Cusco;196.5;365.0;Automóvil particular;274.5;348.6;True
12657;Ayacucho/Huamanga/Jesús Nazareno;8.9;20.0;Combi;29.8;65.5;False
12659;Ayacucho/Huamanga/Vinchos;20.0;35.0;Mini bus turístico;32.2;69.8;False
12660;Cusco/Cusco/Cusco;167.2;330.0;Automóvil particular;246.6;296.6;True
12661;Cusco/Cusco/Cusco;181.2;350.0;Automóvil particular;255.4;311.8;True
12662;Junín/Huancayo/Huancayo;8.3;30.0;Automóvil particular;7.6;17.0;True
12667;Ica/Nasca/Vista Alegre;251.5;335.0;Automóvil particular;205.0;357.7;True
12676;Lima/Lima/Lima;63.5;167.0;Mototaxi;18.0;30.9;False
12679;Cusco/Cusco/Cusco;197.8;360.0;Automóvil particular;275.4;345.8;True
12681;Arequipa/Arequipa/Jacobo Hunter;425.9;480.0;Camioneta doble tracción;413.5;481.7;True
12683;Puno/Puno/Puno;117.5;175.0;Automóvil particular;114.8;134.4;True
12685;Arequipa/Arequipa/Arequipa;425.9;480.0;Camioneta doble tracción;414.3;486.2;True
12688;Ica/Nasca/Vista Alegre;257.0;345.0;Automóvil particular;213.2;377.2;True
12690;La Libertad/Trujillo/Trujillo;167.4;304.0;Automóvil particular;108.5;169.4;False
12691;Áncash/Huaraz/Huaraz;36.7;37.0;Automóvil particular;22.3;38.8;False
12692;Lima/Lima/Independencia;122.5;138.0;Mini bus público;103.3;137.2;True
12694;Lima/Lima/Independencia;110.5;128.0;Automóvil particular;101.1;130.8;True
12695;Lima/Lima/Independencia;107.0;128.0;Mini bus turístico;97.7;126.7;True
12696;Lima/Lima/Independencia;108.5;133.0;Automóvil particular;99.1;128.9;True
12711;Ayacucho/Huanta/Huanta;105.0;220.0;Camioneta doble tracción;111.0;229.7;True
12712;Lima/Lima/Independencia;127.0;140.0;Taxi;99.4;127.8;True
12714;Lima/Lima/Independencia;108.0;123.0;Taxi;99.4;127.8;True
12715;Lima/Lima/Independencia;102.0;113.0;Combi;95.0;122.9;True
12716;Cusco/Cusco/Cusco;105.5;135.0;Bus turístico;101.9;152.6;True
12721;Ucayali/Coronel Portillo/Yarinacocha;5.0;15.0;Camioneta doble tracción;5.1;16.2;True
12722;Arequipa/Arequipa/Arequipa;421.2;468.0;Camioneta doble tracción;414.3;481.0;True
12723;Arequipa/Arequipa/Arequipa;432.9;485.0;Camioneta doble tracción;426.5;499.6;True
12732;Arequipa/Arequipa/Arequipa;91.4;99.0;Camioneta doble tracción;83.8;108.2;True
12734;Ucayali/Coronel Portillo/Yarinacocha;4.0;10.0;Camioneta doble tracción;2.3;11.9;False
12741;Lima/Lima/Santa Anita;89.4;220.0;Automóvil particular;93.5;140.6;True
12743;Pasco/Oxapampa/Oxapampa;194.0;327.0;Taxi;127.5;258.1;False
12745;Lima/Cañete/San Vicente De Cañete;68.6;69.0;Taxi;53.2;67.5;True
12746;Junín/Jauja/Jauja;40.5;80.0;Automóvil particular;33.6;57.3;True
12747;Lima/Cañete/San Vicente De Cañete;66.8;70.0;Taxi;62.5;82.2;True
12748;Lima/Cañete/San Vicente De Cañete;63.7;63.0;Combi;58.6;74.4;True
12752;Cajamarca/Cajamarca/Los Baños Del Inca;11.5;40.0;Combi;5.2;15.1;False
12755;San Martín/Moyobamba/Moyobamba;18.7;28.0;Automóvil particular;24.4;35.1;True
12766;Cusco/Cusco/San Sebastian;6.8;22.0;Automóvil particular;5.6;15.2;True
12770;Ayacucho/La Mar/Tambo;18.0;60.0;Camioneta doble tracción;25.9;68.0;True
12772;Cusco/La Convención/Pichari;544.0;815.0;Camioneta doble tracción;23.4;41.0;False
12775;Cusco/La Convención/Pichari;524.2;766.0;Camioneta doble tracción;5.9;15.8;False
12776;Cusco/La Convención/Pichari;585.0;875.0;Camioneta doble tracción;0.2;7.6;False
12777;San Martín/Rioja/Rioja;23.4;25.0;Automóvil particular;21.9;44.7;True
12778;Ayacucho/La Mar/Santa Rosa;3.0;15.0;Camioneta doble tracción;4.3;15.5;True
12779;Ayacucho/La Mar/San Miguel;48.4;135.0;Camioneta doble tracción;36.7;90.7;True
12780;Cusco/Cusco/Cusco;59.8;90.0;Bus turístico;57.3;79.4;True
12781;Áncash/Asunción/Chacas;50.9;65.0;Automóvil particular;28.4;55.2;False
12798;Áncash/Asunción/Chacas;48.0;60.0;Automóvil particular;27.2;52.8;False
12810;Lima/Huaura/Huacho;134.3;183.0;Mini bus turístico;125.7;181.7;True
12811;Pasco/Oxapampa/Oxapampa;67.7;90.0;Mini bus turístico;39.1;87.1;False
12822;Pasco/Pasco/Chaupimarca;91.8;162.0;Combi;89.5;143.5;True
12825;Pasco/Pasco/Chaupimarca;89.8;160.0;Camioneta doble tracción;93.1;157.7;True
12828;Arequipa/Camaná/Camaná;6.0;10.0;Automóvil particular;5.8;14.6;True
12829;Arequipa/Arequipa/Jacobo Hunter;196.4;215.0;Camioneta doble tracción;194.2;225.8;True
12835;Lima/Huarochirí/Matucana;87.0;185.0;Automóvil particular;87.9;181.9;True
12836;Ayacucho/Huamanga/Jesús Nazareno;26.0;42.0;Combi;17.9;44.2;True
12838;Arequipa/Camaná/Camaná;9.0;11.0;Automóvil particular;9.7;18.4;True
12839;Arequipa/Camaná/Camaná;3.2;7.0;Automóvil particular;4.2;13.5;True
12842;Junín/Jauja/Yauli;34.0;100.0;Automóvil particular;31.9;78.2;True
12843;Pasco/Oxapampa/Oxapampa;197.3;345.0;Camioneta doble tracción;156.6;305.6;True
12844;Ucayali/Coronel Portillo/Yarinacocha;7.0;15.0;Taxi;0.4;8.0;False
12845;Cusco/Cusco/Cusco;177.0;290.0;Camioneta doble tracción;180.5;236.6;True
12846;Cusco/Cusco/Cusco;176.0;260.0;Camioneta doble tracción;178.6;232.0;True
12848;Cusco/Cusco/Cusco;154.8;213.0;Camioneta doble tracción;153.8;181.0;True
12849;Cusco/Cusco/Cusco;158.5;218.0;Camioneta doble tracción;164.4;197.6;True
12850;Cusco/Cusco/Cusco;166.0;235.0;Camioneta doble tracción;167.1;217.3;True
12851;Arequipa/Islay/Mollendo;17.0;20.0;Combi;16.1;27.4;True
12852;Arequipa/Islay/Mollendo;13.0;12.0;Automóvil particular;17.3;29.1;True
12853;Arequipa/Islay/Mollendo;15.0;16.0;Combi;16.3;27.8;True
12855;La Libertad/Sánchez Carrión/Chugay;5.4;35.0;Camioneta doble tracción;11.8;44.0;False
12861;Puno/Puno/Puno;53.5;74.0;Combi;55.3;83.8;True
12864;Arequipa/Islay/Mollendo;10.0;8.0;Automóvil particular;11.1;22.0;True
12865;Arequipa/Arequipa/Jacobo Hunter;286.0;300.0;Camioneta doble tracción;284.4;338.1;True
12867;Pasco/Daniel Alcides Carrión/Yanahuanca;13.6;28.0;Mototaxi;12.7;34.2;True
12876;Lima/Lima/Lima;113.8;220.0;Taxi;117.5;149.3;True
12877;Pasco/Oxapampa/Oxapampa;154.3;250.0;Taxi;78.0;126.6;False
12879;Junín/Tarma/Tarma;46.0;120.0;Automóvil particular;41.1;72.1;True
12882;Lima/Huaura/Huacho;134.3;187.0;Automóvil particular;125.5;181.4;True
12886;Ayacucho/Huamanga/Vinchos;53.5;110.0;Bus público;19.1;55.7;False
12887;Ayacucho/Huamanga/Vinchos;47.0;90.0;Bus público;10.2;32.7;False
12888;Ayacucho/Huamanga/Vinchos;55.7;120.0;Automóvil particular;31.0;87.5;False
12889;Junín/Tarma/Tarma;37.0;75.0;Automóvil particular;38.9;64.5;True
12890;Arequipa/Arequipa/Jacobo Hunter;184.0;200.0;Automóvil particular;181.6;210.1;True
12891;Arequipa/Arequipa/Jacobo Hunter;225.0;241.0;Automóvil particular;223.5;261.7;True
12895;Cusco/Cusco/Cusco;126.2;159.0;Automóvil particular;124.5;155.4;True
12897;Lima/Lima/Lurigancho;104.0;200.0;Automóvil particular;77.2;105.1;True
12898;Junín/Tarma/Tarma;30.7;40.0;Automóvil particular;31.1;44.0;True
12900;Junín/Tarma/Tarma;36.0;80.0;Automóvil particular;47.7;87.5;True
12903;Junín/Tarma/Tarma;17.1;34.0;Automóvil particular;12.1;24.9;True
12904;Junín/Tarma/Tarma;4.0;15.0;Automóvil particular;3.6;16.0;True
12905;Pasco/Pasco/Chaupimarca;51.6;100.0;Combi;42.3;89.4;True
12906;Pasco/Oxapampa/Oxapampa;43.2;96.0;Automóvil particular;40.4;91.8;True
12908;Cajamarca/Hualgayoc/Bambamarca;10.7;24.0;Automóvil particular;6.5;17.9;False
12910;Arequipa/Arequipa/Arequipa;42.3;65.0;Mini bus público;46.2;68.7;True
12915;Lima/Lima/San Borja;20.8;48.0;Combi;13.7;26.8;False
12926;Cajamarca/Cajamarca/Cajamarca;20.0;45.0;Automóvil particular;21.8;49.8;True
12928;Pasco/Oxapampa/Oxapampa;5.9;12.0;Mini bus turístico;6.0;14.0;True
12929;Pasco/Oxapampa/Oxapampa;3.0;10.0;Automóvil particular;4.6;15.9;False
12936;Cajamarca/San Ignacio/La Coipa;72.0;110.0;Mini bus público;0.9;9.8;False
12942;Cusco/La Convención/Santa Ana;38.0;54.0;Automóvil particular;39.0;62.0;True
12943;Cusco/Urubamba/Chinchero;24.6;27.0;Mini bus turístico;18.2;32.1;True
12944;Pasco/Oxapampa/Oxapampa;67.8;95.0;Mini bus turístico;39.3;87.3;False
12946;Puno/Puno/Puno;18.0;30.0;Mini bus público;19.8;30.2;True
12949;Pasco/Oxapampa/Oxapampa;67.6;90.0;Automóvil particular;39.3;87.2;False
12960;Cusco/Cusco/Cusco;505.5;700.0;Camioneta doble tracción;502.6;769.2;True
12961;Cusco/Cusco/Cusco;515.0;778.0;Camioneta doble tracción;502.6;769.2;True
12962;Cusco/Cusco/Cusco;508.5;738.0;Camioneta doble tracción;553.2;848.4;True
12963;Ayacucho/Huanca Sancos/Santiago De Lucanamarca;38.8;80.0;Combi;156.4;301.6;False
12967;Ayacucho/Huanca Sancos/Sancos;63.0;140.0;Taxi;28.8;64.3;False
12968;Pasco/Pasco/Yanacancha;11.1;23.0;Automóvil particular;17.5;32.3;False
12973;Huánuco/Huánuco/Huanuco;35.0;35.0;Automóvil particular;16.3;27.0;False
12979;Arequipa/Arequipa/Pocsi;12.6;15.0;Bus público;12.0;24.7;True
12984;Ayacucho/Huanca Sancos/Sancos;44.1;100.0;Taxi;18.5;46.8;False
12986;Ayacucho/Huanca Sancos/Sancos;50.7;180.0;Taxi;16.7;37.7;False
12990;Puno/Carabaya/Macusani;109.5;125.0;Taxi;107.5;154.4;True
12995;Puno/Moho/Moho;8.0;25.0;Camioneta doble tracción;8.4;25.8;True
12997;Puno/Huancané/Huancane;21.0;35.0;Combi;12.3;21.7;False
12999;Lima/Huarochirí/Santa Eulalia;60.0;150.0;Bus público;48.1;112.2;True
13013;Junín/Yauli/La Oroya;111.1;178.0;Automóvil particular;108.1;192.8;True
13016;Lima/Canta/Canta;39.3;47.0;Automóvil particular;39.5;58.5;True
13017;Huánuco/Leoncio Prado/Rupa-Rupa;54.5;70.0;Mini bus público;54.0;67.5;True
13018;Loreto/Maynas/Iquitos;4.0;11.0;Mototaxi;4.3;13.3;True
13026;Arequipa/Arequipa/Jacobo Hunter;484.0;504.0;Camioneta doble tracción;487.4;568.3;True
13027;Pasco/Oxapampa/Villa Rica;127.2;230.0;Automóvil particular;125.2;206.0;True
13035;Junín/Jauja/Jauja;6.0;15.0;Automóvil particular;6.7;15.9;True
13037;Junín/Satipo/Satipo;64.7;112.0;Automóvil particular;49.9;79.5;True
13039;Pasco/Oxapampa/Oxapampa;3.6;9.0;Mototaxi;3.5;11.3;True
13044;Puno/Carabaya/Coasa;112.5;165.0;Camioneta doble tracción;17.7;37.7;False
13049;Cusco/Cusco/Cusco;773.6;825.0;Camioneta doble tracción;483.4;745.9;False
13057;Ayacucho/Huamanga/Ayacucho;219.0;240.0;Camioneta doble tracción;169.3;300.3;True
13060;Junín/Chanchamayo/Chanchamayo;72.0;70.0;Automóvil particular;73.1;95.8;True
13061;Lima/Yauyos/Yauyos;96.0;210.0;Mini bus turístico;95.8;185.9;True
13071;Ayacucho/Huanta/Huanta;215.0;240.0;Camioneta doble tracción;157.4;292.9;True
13076;San Martín/Rioja/Rioja;28.8;48.0;Automóvil particular;28.8;41.5;True
13078;Ayacucho/Huanta/Huanta;242.3;293.0;Camioneta doble tracción;184.7;334.0;True
13085;Lima/Huarochirí/Matucana;92.0;180.0;Automóvil particular;90.4;188.4;True
13087;Ayacucho/Huanta/Huanta;333.0;307.0;Camioneta doble tracción;156.9;292.5;False
13088;La Libertad/Trujillo/Trujillo;76.5;120.0;Bus turístico;70.3;87.7;True
13090;Lima/Huarochirí/Matucana;81.0;170.0;Automóvil particular;82.2;169.4;True
13091;Lima/Huarochirí/Carampoma;29.4;64.0;Automóvil particular;31.8;73.6;True
13095;La Libertad/Trujillo/Trujillo;14.0;40.0;Automóvil particular;8.7;17.2;False
13096;Junín/Jauja/Jauja;35.0;55.0;Automóvil particular;17.8;42.7;False
13097;Junín/Jauja/Jauja;34.9;60.0;Automóvil particular;18.3;44.3;False
13098;Junín/Jauja/Jauja;31.0;55.0;Automóvil particular;26.8;45.2;True
13102;Apurímac/Antabamba/Antabamba;32.0;65.0;Taxi;26.2;62.7;True
13104;Ayacucho/Huanta/Huanta;217.0;245.0;Mototaxi;158.2;295.0;True
13108;Cusco/Cusco/Cusco;136.9;320.0;Automóvil particular;138.3;196.5;True
13109;Junín/Jauja/Jauja;39.5;70.0;Automóvil particular;34.7;63.6;True
13110;Junín/Jauja/Jauja;36.0;70.0;Automóvil particular;17.3;41.6;False
13111;Ayacucho/Huanta/Huanta;216.0;250.0;Mototaxi;160.1;297.1;True
13113;Loreto/Maynas/Iquitos;11.6;53.0;Mototaxi;14.5;25.3;True
13115;Puno/Carabaya/Macusani;64.0;88.0;Camioneta doble tracción;44.3;79.7;True
13116;Puno/Carabaya/Macusani;59.0;78.0;Taxi;51.0;80.9;True
13119;Junín/Jauja/Jauja;15.3;40.0;Automóvil particular;16.1;26.9;True
13122;Huánuco/Lauricocha/Jesús;33.5;85.0;Mototaxi;26.6;65.1;True
13123;Puno/Huancané/Huancane;12.0;25.0;Combi;15.0;25.1;True
13128;Ica/Ica/Ica;127.0;139.0;Camioneta doble tracción;93.6;141.9;True
13131;La Libertad/Trujillo/Trujillo;105.0;109.0;Bus público;107.8;131.6;True
13132;La Libertad/Trujillo/Trujillo;115.0;150.0;Bus público;108.0;131.9;True
13134;Ica/Ica/Ica;22.0;30.0;Automóvil particular;23.3;36.2;True
13139;Cusco/Cusco/Cusco;65.0;140.0;Automóvil particular;58.5;87.4;True
13141;La Libertad/Pacasmayo/San Pedro De Lloc;13.2;27.0;Automóvil particular;11.5;22.6;True
13143;Ayacucho/Huamanga/Ayacucho;6.3;30.0;Combi;4.8;18.5;True
13145;Ica/Ica/Ica;25.0;25.0;Automóvil particular;46.7;83.4;False
13146;Ayacucho/Huamanga/Ayacucho;5.0;15.0;Bus turístico;4.1;16.2;True
13151;Ica/Ica/Ica;28.0;49.0;Automóvil particular;22.9;39.6;True
13152;Cusco/Cusco/Cusco;135.0;280.0;Automóvil particular;126.1;193.0;True
13155;Puno/Carabaya/Macusani;51.0;55.0;Combi;46.5;82.0;True
13157;Puno/Carabaya/Macusani;129.2;150.0;Taxi;127.6;184.2;True
13158;Cusco/Cusco/Cusco;125.0;195.0;Automóvil particular;116.7;158.9;True
13162;Tacna/Jorge Basadre/Locumba;57.0;71.0;Automóvil particular;58.6;96.1;True
13165;Apurímac/Aymaraes/Chalhuanca;98.0;120.0;Taxi;98.5;152.6;True
13168;Lima/Yauyos/Yauyos;107.5;305.0;Mini bus público;96.2;187.9;True
13169;Junín/Satipo/Satipo;42.8;59.0;Automóvil particular;43.1;59.8;True
13173;La Libertad/Trujillo/Trujillo;80.3;170.0;Camioneta doble tracción;144.7;265.0;False
13179;Ica/Ica/Ica;111.0;183.0;Camioneta doble tracción;100.7;164.5;True
13187;La Libertad/Trujillo/Trujillo;82.8;150.0;Automóvil particular;139.1;248.3;False
13192;Piura/Piura/Piura;113.8;120.0;Automóvil particular;49.5;65.9;False
13193;Piura/Piura/Piura;93.0;90.0;Mini bus público;79.3;99.4;True
13197;La Libertad/Trujillo/Trujillo;13.0;33.0;Automóvil particular;13.3;22.6;True
13198;Cajamarca/San Pablo/Tumbaden;55.0;90.0;Combi;27.1;89.6;False
13202;Junín/Huancayo/Huancayo;41.0;95.0;Automóvil particular;30.9;45.0;True
13205;Puno/Sandia/Sandia;75.0;150.0;Camioneta doble tracción;80.7;142.9;True
13211;Cusco/Cusco/Cusco;132.9;265.0;Automóvil particular;128.9;175.8;True
13217;Junín/Huancayo/Huancayo;41.0;95.0;Automóvil particular;30.7;44.3;True
13219;Pasco/Oxapampa/Villa Rica;125.5;223.0;Automóvil particular;123.8;204.3;True
13247;Moquegua/Mariscal Nieto/San Antonio;17.9;22.0;Camioneta doble tracción;17.9;30.1;True
13248;Piura/Talara/Pariñas;67.6;77.0;Mototaxi;67.4;84.7;True
13249;Lima/Lima/San Borja;34.9;58.0;Automóvil particular;28.1;41.0;True
13251;Tacna/Jorge Basadre/Locumba;49.9;55.0;Automóvil particular;32.2;49.1;False
13252;Tacna/Jorge Basadre/Locumba;71.2;88.0;Automóvil particular;71.8;117.3;True
13253;Piura/Sullana/Sullana;89.8;96.0;Mototaxi;85.2;101.0;True
13254;Tacna/Jorge Basadre/Locumba;49.8;56.0;Automóvil particular;43.2;65.3;True
13255;Tacna/Jorge Basadre/Locumba;41.1;44.0;Automóvil particular;40.8;60.8;True
13256;Tacna/Jorge Basadre/Locumba;47.4;51.0;Automóvil particular;35.3;53.7;True
13257;Tacna/Jorge Basadre/Locumba;51.8;59.0;Camioneta doble tracción;35.4;54.5;True
13259;Tacna/Jorge Basadre/Locumba;50.2;56.0;Automóvil particular;32.0;49.0;False
13260;Tacna/Jorge Basadre/Locumba;55.7;64.0;Automóvil particular;55.4;84.9;True
13261;Piura/Piura/Piura;78.3;71.0;Taxi;78.4;95.7;True
13263;Tacna/Jorge Basadre/Locumba;57.3;69.0;Camioneta doble tracción;56.8;91.8;True
13270;Cusco/Cusco/Santiago;10.9;30.0;Automóvil particular;7.9;21.8;True
13271;Cusco/Cusco/Santiago;12.0;33.0;Automóvil particular;8.7;23.2;True
13273;Moquegua/Mariscal Nieto/San Antonio;11.0;15.0;Automóvil particular;11.4;20.0;True
13274;Moquegua/Mariscal Nieto/Moquegua;4.1;12.0;Automóvil particular;3.0;11.7;True
13276;Apurímac/Andahuaylas/Andahuaylas;3.5;10.0;Taxi;3.2;12.1;True
13279;Junín/Huancayo/Huancayo;38.2;85.0;Automóvil particular;26.1;40.9;True
13281;Lambayeque/Chiclayo/Chiclayo;48.4;75.0;Mototaxi;12.9;22.7;False
13283;Apurímac/Andahuaylas/Andahuaylas;8.0;28.0;Taxi;8.9;20.6;True
13284;Lima/Cañete/Calango;146.0;356.0;Camioneta doble tracción;129.7;280.1;True
13285;Lima/Cañete/Calango;143.0;356.0;Camioneta doble tracción;129.8;288.4;True
13293;Apurímac/Andahuaylas/Andahuaylas;4.5;11.0;Taxi;4.4;13.4;True
13294;Cajamarca/Cajamarca/Cajamarca;121.0;180.0;Combi;118.6;169.3;True
13295;Apurímac/Andahuaylas/Andahuaylas;16.6;60.0;Taxi;14.3;39.6;True
13298;Apurímac/Chincheros/Anco-Huallo;5.0;20.0;Taxi;3.6;14.2;True
13300;Lima/Huarochirí/San Lorenzo De Quinti;34.0;90.0;Camioneta doble tracción;32.4;78.1;True
13301;Lima/Cañete/Calango;134.0;326.0;Camioneta doble tracción;120.4;264.8;True
13302;Cajamarca/Cajamarca/Cajamarca;321.2;370.0;Mototaxi;132.0;246.7;False
13305;Moquegua/Ilo/Ilo;14.9;26.0;Automóvil particular;15.2;28.2;True
13306;Moquegua/Ilo/Ilo;11.0;17.0;Automóvil particular;10.8;22.3;True
13310;Moquegua/Ilo/Ilo;32.1;70.0;Camioneta doble tracción;32.7;61.1;True
13311;Moquegua/Mariscal Nieto/San Antonio;3.0;8.0;Automóvil particular;6.1;14.3;False
13312;Lima/Huarochirí/San Lorenzo De Quinti;45.0;120.0;Camioneta doble tracción;48.2;111.5;True
13314;Moquegua/Mariscal Nieto/San Antonio;11.2;16.0;Automóvil particular;11.3;19.9;True
13317;Cusco/Cusco/Cusco;31.3;50.0;Bus turístico;17.3;29.0;False
13318;Cusco/Cusco/Cusco;41.8;55.0;Camioneta doble tracción;41.1;57.9;True
13319;Cusco/Cusco/Cusco;41.8;60.0;Mototaxi;41.9;54.8;True
13320;Cusco/Cusco/Cusco;42.0;55.0;Mototaxi;40.8;52.9;True
13322;Moquegua/Mariscal Nieto/Moquegua;6.2;11.0;Automóvil particular;3.4;13.4;False
13323;Ayacucho/Huamanga/Chiara;31.7;45.0;Automóvil particular;12.9;36.7;False
13324;Tacna/Jorge Basadre/Locumba;51.6;59.0;Automóvil particular;76.3;131.3;True
13325;Piura/Piura/Piura;90.0;90.0;Mini bus público;64.5;99.5;True
13326;Moquegua/Mariscal Nieto/San Antonio;5.8;12.0;Camioneta doble tracción;5.3;17.0;True
13334;Cusco/Cusco/Santiago;22.0;30.0;Automóvil particular;9.2;25.5;False
13335;Puno/Yunguyo/Yunguyo;21.5;45.0;Automóvil particular;21.0;37.7;True
13340;Junín/Satipo/Satipo;30.1;82.0;Automóvil particular;31.0;53.0;True
13342;Pasco/Oxapampa/Villa Rica;113.8;210.0;Automóvil particular;112.1;219.1;True
13343;Pasco/Oxapampa/Villa Rica;113.8;210.0;Automóvil particular;112.1;219.2;True
13345;Pasco/Oxapampa/Chontabamba;49.9;82.0;Taxi;50.4;97.5;True
13346;Junín/Satipo/Satipo;22.9;49.0;Automóvil particular;23.2;33.4;True
13356;Puno/Carabaya/Macusani;18.0;20.0;Automóvil particular;18.6;29.4;True
13357;Puno/Carabaya/Macusani;112.0;108.0;Camioneta doble tracción;61.9;127.9;False
13360;Cajamarca/Cajamarca/Cajamarca;45.5;75.0;Mototaxi;47.8;75.3;True
13361;Cajamarca/Cajamarca/Cajamarca;28.0;40.0;Combi;29.7;45.0;True
13364;Lambayeque/Chiclayo/Chiclayo;47.7;50.0;Automóvil particular;49.1;64.9;True
13373;San Martín/Mariscal Cáceres/Juanjuí;23.5;37.0;Automóvil particular;22.6;37.9;True
13374;Lima/Lima/San Luis;200.3;320.0;Camioneta doble tracción;211.0;323.1;True
13379;Junín/Satipo/Satipo;60.6;174.0;Automóvil particular;35.2;79.3;False
13384;Junín/Satipo/Río Negro;6.4;14.0;Automóvil particular;18.9;48.3;False
13392;Junín/Huancayo/Huancayo;89.8;125.0;Automóvil particular;91.6;115.7;True
13395;Lima/Huarochirí/San Andrés De Tupicocha;9.9;30.0;Automóvil particular;10.3;31.5;True
13399;Lima/Huarochirí/San Andrés De Tupicocha;7.0;30.0;Automóvil particular;9.9;37.5;True
13401;Ayacucho/Huamanga/Vinchos;66.7;99.0;Taxi;35.5;70.0;False
13402;Ayacucho/Huamanga/Vinchos;76.7;111.0;Taxi;47.9;79.3;False
13408;Junín/Satipo/Satipo;71.0;167.0;Automóvil particular;67.9;130.4;True
13409;Junín/Satipo/Satipo;28.0;57.0;Automóvil particular;29.4;41.7;True
13411;Junín/Satipo/Satipo;6.2;12.0;Automóvil particular;6.5;14.4;True
13415;Lima/Huaura/Huacho;56.5;59.0;Mini bus público;52.0;63.2;True
13421;Ayacucho/Lucanas/Puquio;110.0;190.0;Combi;112.6;187.3;True
13423;Huánuco/Lauricocha/Queropalca;85.7;189.0;Automóvil particular;1.7;10.8;False
13427;Cusco/Canchis/Combapata;107.0;133.0;Mini bus público;0.2;7.8;False
13433;Cusco/Canchis/Combapata;114.0;151.0;Automóvil particular;9.4;26.6;False
13434;Ayacucho/Lucanas/Puquio;113.0;180.0;Combi;109.3;178.9;True
13435;Junín/Satipo/Satipo;51.5;117.0;Automóvil particular;42.6;76.3;True
13437;Cusco/Cusco/Cusco;276.0;300.0;Automóvil particular;119.5;144.1;False
13438;Cusco/Canchis/Sicuani;136.0;160.0;Automóvil particular;41.6;54.9;False
13439;Cusco/Canchis/Sicuani;137.0;160.0;Automóvil particular;41.6;54.9;False
13442;Cusco/Cusco/Cusco;181.2;269.0;Mini bus público;189.5;307.7;True
13448;Piura/Piura/Piura;160.3;200.0;Automóvil particular;81.1;101.6;False
13449;Piura/Piura/Piura;110.0;120.0;Automóvil particular;107.7;133.3;True
13450;Lima/Lima/Lima;8.8;26.0;Automóvil particular;9.1;18.4;True
13454;Piura/Piura/Piura;132.3;189.0;Mototaxi;133.9;153.2;True
13455;Piura/Piura/Piura;130.2;184.0;Automóvil particular;128.6;150.9;True
13459;Ayacucho/Huamanga/Carmen Alto;4.0;25.0;Taxi;9.8;23.9;False
13460;Junín/Satipo/Satipo;27.1;45.0;Automóvil particular;22.4;33.9;True
13463;Lima/Cañete/Chilca;5.5;13.0;Mini bus público;4.2;16.2;True
13466;Lima/Yauyos/Vitis;3.2;8.0;Bus público;4.5;17.7;True
13474;San Martín/Mariscal Cáceres/Juanjuí;10.0;15.0;Automóvil particular;11.8;22.9;True
13476;Huánuco/Huánuco/Huanuco;114.0;230.0;Automóvil particular;109.2;231.6;True
13478;Junín/Satipo/Satipo;17.6;33.0;Automóvil particular;15.2;37.8;True
13480;Piura/Piura/Piura;78.3;69.0;Automóvil particular;80.3;95.6;True
13481;Lambayeque/Chiclayo/Chiclayo;33.3;50.0;Mototaxi;33.9;43.7;True
13482;Lambayeque/Chiclayo/Chiclayo;13.9;41.0;Mototaxi;13.6;23.3;True
13483;Lambayeque/Chiclayo/Chiclayo;17.4;42.0;Mototaxi;16.5;26.3;True
13485;Junín/Tarma/Tarma;27.7;65.0;Automóvil particular;24.3;46.1;True
13489;Lambayeque/Chiclayo/Chiclayo;41.4;73.0;Automóvil particular;19.2;29.8;False
13490;Cusco/Cusco/Cusco;14.0;65.0;Combi;13.6;24.8;True
13491;Junín/Tarma/Tarma;17.6;30.0;Automóvil particular;16.0;32.5;True
13492;Moquegua/Ilo/Ilo;46.5;60.0;Automóvil particular;51.8;71.7;True
13494;Lima/Cañete/Chilca;6.5;17.0;Automóvil particular;3.8;15.4;False
13499;Junín/Tarma/Tarma;16.3;25.0;Automóvil particular;14.0;28.1;True
13504;Lambayeque/Ferreñafe/Ferreñafe;6.1;25.0;Mototaxi;6.7;16.3;True
13512;Loreto/Loreto/Nauta;84.1;90.0;Mototaxi;45.3;70.5;False
13518;Lambayeque/Ferreñafe/Manuel Antonio Mesones Muro;6.0;20.0;Mototaxi;10.9;30.0;False
13524;Lima/Lima/Miraflores;5.1;16.0;Automóvil particular;5.1;13.6;True
13536;Junín/Jauja/Jauja;11.0;15.0;Automóvil particular;11.6;20.9;True
13537;Junín/Jauja/Jauja;11.8;22.0;Automóvil particular;11.6;20.9;True
13539;Junín/Jauja/Jauja;13.8;25.0;Automóvil particular;11.3;21.0;True
13540;Piura/Piura/Piura;159.2;240.0;Camioneta doble tracción;144.3;187.3;True
13542;Huánuco/Lauricocha/Jesús;134.7;189.0;Automóvil particular;59.1;153.4;False
13544;Lima/Lima/Miraflores;10.2;35.0;Automóvil particular;10.2;19.7;True
13545;Ayacucho/Lucanas/Puquio;77.0;150.0;Mini bus turístico;89.9;157.4;True
13548;Moquegua/Mariscal Nieto/Moquegua;3.0;8.0;Taxi;0.6;8.5;False
13555;Puno/Puno/Puno;70.0;110.0;Combi;67.2;93.6;True
13561;Lima/Lima/Miraflores;12.5;52.0;Automóvil particular;13.9;27.8;True
13564;Junín/Jauja/Jauja;36.1;95.0;Automóvil particular;40.2;60.9;True
13565;Cusco/Cusco/Cusco;74.9;112.0;Bus público;73.3;100.2;True
13566;Cusco/Cusco/Cusco;83.7;129.0;Automóvil particular;78.6;109.9;True
13568;Cusco/Cusco/San Jerónimo;12.0;72.0;Camioneta doble tracción;10.5;25.6;True
13569;Cusco/Cusco/Cusco;75.1;116.0;Automóvil particular;76.3;108.1;True
13570;Piura/Sullana/Sullana;78.3;88.0;Taxi;78.0;92.1;True
13573;Puno/Puno/Puno;71.0;110.0;Automóvil particular;67.7;91.4;True
13575;Cusco/Cusco/Cusco;75.1;120.0;Mini bus turístico;81.2;134.4;True
13584;Lima/Lima/Miraflores;34.7;60.0;Automóvil particular;30.2;43.2;True
13586;Cajamarca/Cajamarca/Cajamarca;105.0;135.0;Automóvil particular;100.3;169.0;True
13588;Tumbes/Tumbes/Tumbes;42.4;62.0;Taxi;37.6;48.2;True
13589;Huánuco/Lauricocha/Jesús;65.9;160.0;Automóvil particular;53.8;143.6;True
13590;Lima/Lima/Miraflores;10.0;40.0;Automóvil particular;10.2;19.7;True
13607;Piura/Piura/Piura;148.0;190.0;Mini bus público;144.1;172.1;True
13610;Arequipa/Arequipa/Uchumayo;14.0;25.0;Bus público;3.8;13.4;False
13611;Lima/Huarochirí/Cuenca;12.6;34.0;Automóvil particular;61.8;156.1;False
13614;Ayacucho/Huamanga/Ayacucho;10.5;48.0;Automóvil particular;10.3;31.3;True
13622;Puno/Puno/Puno;64.0;100.0;Mototaxi;60.9;83.4;True
13624;Lambayeque/Chiclayo/Chiclayo;73.0;159.0;Automóvil particular;34.5;49.3;False
13625;Junín/Jauja/Jauja;27.7;60.0;Automóvil particular;42.0;65.1;False
13627;Lambayeque/Chiclayo/Chiclayo;46.8;109.0;Mototaxi;44.1;61.8;True
13628;Junín/Jauja/Jauja;19.0;25.0;Automóvil particular;20.1;32.1;True
13629;Lambayeque/Chiclayo/Chiclayo;46.6;70.0;Mototaxi;47.2;62.4;True
13632;Lima/Lima/Miraflores;9.1;30.0;Automóvil particular;7.9;16.6;True
13634;Lima/Lima/Lima;4.4;14.0;Automóvil particular;4.4;13.2;True
13637;Loreto/Maynas/Iquitos;27.5;80.0;Mototaxi;14.0;26.3;False
13640;Arequipa/Arequipa/Jacobo Hunter;140.6;256.0;Automóvil particular;152.3;189.1;True
13643;Lima/Lima/Miraflores;35.0;58.0;Automóvil particular;30.5;43.7;True
13646;Lima/Lima/Miraflores;11.2;42.0;Automóvil particular;10.1;19.4;True
13648;Cusco/Cusco/San Jerónimo;4.1;25.0;Mini bus público;3.7;12.8;True
13651;Junín/Concepción/Concepción;8.3;20.0;Automóvil particular;7.9;17.7;True
13652;Callao/Prov. Const. Del Callao/Callao;3.0;10.0;Bus público;2.8;10.9;True
13655;Lima/Lima/Miraflores;8.5;22.0;Automóvil particular;8.8;17.8;True
13658;Arequipa/Arequipa/Jacobo Hunter;254.9;274.0;Bus público;141.5;180.6;False
13659;San Martín/Mariscal Cáceres/Juanjuí;88.0;105.0;Automóvil particular;87.5;136.2;True
13662;Lambayeque/Chiclayo/Chiclayo;46.6;70.0;Mototaxi;47.2;62.4;True
13663;Junín/Concepción/Concepción;8.7;25.0;Automóvil particular;8.7;20.0;True
13664;Junín/Yauli/La Oroya;64.4;100.0;Automóvil particular;58.8;107.8;True
13665;Junín/Yauli/La Oroya;68.3;110.0;Automóvil particular;72.6;153.2;True
13666;Junín/Yauli/La Oroya;66.2;105.0;Automóvil particular;60.1;110.2;True
13667;Arequipa/Arequipa/Jacobo Hunter;217.2;236.0;Bus público;157.9;204.7;True
13668;Lambayeque/Chiclayo/Chiclayo;107.5;130.0;Mototaxi;108.0;122.8;True
13672;Piura/Piura/Piura;114.2;170.0;Camioneta doble tracción;111.7;162.1;True
13675;Amazonas/Chachapoyas/Magdalena;9.5;21.0;Automóvil particular;10.7;26.3;True
13681;Arequipa/Arequipa/Jacobo Hunter;259.1;285.0;Bus público;260.6;306.0;True
13693;Piura/Morropón/Morropon;45.3;125.0;Bus turístico;45.6;106.7;True
13696;Huánuco/Huánuco/Chinchao;62.0;110.0;Automóvil particular;33.4;60.1;False
13702;Piura/Piura/Piura;12.0;25.0;Automóvil particular;11.4;20.9;True
13704;Piura/Piura/Piura;12.0;30.0;Bus público;10.2;19.6;True
13705;Piura/Piura/Piura;146.0;180.0;Bus público;142.2;167.9;True
13706;Cusco/Quispicanchi/Urcos;27.2;45.0;Automóvil particular;17.8;29.6;False
13707;Cusco/Quispicanchi/Urcos;22.9;28.0;Automóvil particular;39.7;71.4;False
13708;La Libertad/Trujillo/Trujillo;4.0;15.0;Automóvil particular;2.5;11.1;False
13709;La Libertad/Trujillo/Trujillo;4.0;15.0;Automóvil particular;2.5;11.7;False
13711;Cusco/Quispicanchi/Urcos;8.5;14.0;Bus turístico;7.3;16.4;True
13715;Cusco/La Convención/Santa Ana;338.7;511.0;Camioneta doble tracción;305.5;497.5;True
13718;Piura/Morropón/Morropon;47.3;115.0;Mini bus turístico;44.7;104.3;True
13721;Cusco/Cusco/Cusco;28.5;80.0;Automóvil particular;11.6;20.8;False
13722;Cusco/Quispicanchi/Urcos;5.1;16.0;Automóvil particular;7.3;16.4;True
13728;Lambayeque/Chiclayo/Chiclayo;16.0;25.0;Automóvil particular;13.1;22.6;True
13731;Junín/Jauja/Jauja;34.5;45.0;Automóvil particular;31.5;50.6;True
13733;Lima/Huaura/Huacho;52.7;75.0;Mototaxi;57.4;69.5;True
13736;La Libertad/Trujillo/Trujillo;9.0;25.0;Automóvil particular;6.4;15.4;True
13737;Lambayeque/Chiclayo/Chiclayo;4.7;10.0;Automóvil particular;4.9;13.5;True
13739;Junín/Jauja/Jauja;30.6;35.0;Automóvil particular;27.6;41.1;True
13740;Lima/Huarochirí/San Andrés De Tupicocha;7.4;20.0;Automóvil particular;7.9;25.1;True
13741;Lima/Huaura/Huacho;52.8;69.0;Mototaxi;51.7;62.6;True
13747;Piura/Morropón/Chulucanas;75.0;150.0;Bus público;74.5;190.9;True
13748;Arequipa/Arequipa/José Luis Bustamante Y Rivero;189.3;200.0;Automóvil particular;187.9;231.3;True
13749;Arequipa/Arequipa/Jacobo Hunter;386.0;490.0;Camioneta doble tracción;335.5;462.6;True
13752;Arequipa/Arequipa/José Luis Bustamante Y Rivero;163.0;165.0;Automóvil particular;158.7;194.3;True
13754;Arequipa/Arequipa/José Luis Bustamante Y Rivero;167.4;175.0;Automóvil particular;181.3;236.2;True
13756;Junín/Chanchamayo/Pichanaqui;4.0;10.0;Mototaxi;4.7;13.3;True
13758;La Libertad/Otuzco/Salpo;11.9;45.0;Automóvil particular;11.8;38.4;True
13759;La Libertad/Otuzco/Salpo;11.4;37.0;Automóvil particular;11.2;37.0;True
13760;La Libertad/Otuzco/Otuzco;31.1;70.0;Taxi;31.4;72.1;True
13761;La Libertad/Otuzco/Salpo;18.6;68.0;Automóvil particular;16.7;52.6;True
13762;La Libertad/Otuzco/Salpo;5.1;18.0;Automóvil particular;3.4;17.0;False
13764;La Libertad/Sánchez Carrión/Curgos;12.7;20.0;Automóvil particular;9.6;29.7;True
13765;Moquegua/Mariscal Nieto/Moquegua;26.0;40.0;Automóvil particular;28.9;51.2;True
13766;Pasco/Pasco/Chaupimarca;31.4;73.0;Combi;38.0;85.2;True
13773;Pasco/Pasco/Chaupimarca;3.4;20.0;Combi;2.7;12.1;True
13774;Lima/Huaral/Huaral;79.7;155.0;Taxi;76.8;125.8;True
13777;Pasco/Pasco/Chaupimarca;31.4;65.0;Combi;37.9;84.9;True
13779;Pasco/Pasco/Chaupimarca;29.4;58.0;Combi;38.0;85.2;True
13781;Moquegua/Mariscal Nieto/Moquegua;28.0;35.0;Automóvil particular;25.8;42.2;True
13782;Arequipa/Arequipa/Jacobo Hunter;308.0;370.0;Combi;303.6;356.5;True
13783;Arequipa/Arequipa/Jacobo Hunter;306.5;365.0;Combi;305.9;359.2;True
13784;Lima/Lima/Lima;12.3;26.0;Automóvil particular;12.2;22.2;True
13787;Junín/Huancayo/Huancayo;15.0;40.0;Automóvil particular;14.2;22.8;True
13788;Lambayeque/Chiclayo/Chiclayo;22.0;35.0;Mototaxi;20.7;33.8;True
13789;Arequipa/Arequipa/Jacobo Hunter;261.0;281.0;Automóvil particular;131.1;165.0;False
13790;Huánuco/Puerto Inca/Puerto Inca;52.0;80.0;Camioneta doble tracción;52.6;96.7;True
13792;Cajamarca/Cajamarca/Cajamarca;20.1;40.0;Bus público;19.9;36.5;True
13795;Arequipa/Arequipa/Jacobo Hunter;315.2;375.0;Combi;316.9;371.5;True
13800;Lima/Lima/Miraflores;69.0;90.0;Automóvil particular;61.0;80.3;True
13801;Amazonas/Chachapoyas/Chachapoyas;10.0;30.0;Automóvil particular;10.4;30.4;True
13805;Piura/Piura/Piura;164.7;226.0;Camioneta doble tracción;153.2;192.7;True
13807;Pasco/Oxapampa/Villa Rica;3.3;10.0;Automóvil particular;2.8;13.4;True
13808;Arequipa/Arequipa/Jacobo Hunter;158.7;192.0;Combi;173.3;222.6;True
13809;Arequipa/Arequipa/Jacobo Hunter;173.8;207.0;Combi;188.3;241.1;True
13811;Junín/Huancayo/Huancayo;21.6;70.0;Automóvil particular;20.9;43.3;True
13812;Junín/Chupaca/Chupaca;10.1;25.0;Automóvil particular;8.9;17.2;True
13814;Lambayeque/Chiclayo/Chiclayo;26.2;50.0;Mototaxi;25.2;34.4;True
13821;Ica/Nasca/Nasca;108.3;160.0;Otros (especificar);64.6;86.8;False
13822;La Libertad/Trujillo/Trujillo;8.0;20.0;Automóvil particular;7.7;17.0;True
13824;Huánuco/Huánuco/Amarilis;368.0;540.0;Mini bus público;370.5;477.1;True
13829;Cajamarca/Cajamarca/Cajamarca;19.2;40.0;Bus público;17.6;31.8;True
13830;Arequipa/Arequipa/Jacobo Hunter;206.1;215.0;Bus público;207.7;239.5;True
13831;Arequipa/Arequipa/Jacobo Hunter;254.9;275.0;Bus público;254.9;296.5;True
13832;Arequipa/Arequipa/Jacobo Hunter;250.7;279.0;Bus público;135.6;175.4;False
13840;Lima/Huarochirí/Carampoma;10.3;24.0;Automóvil particular;9.7;29.6;True
13842;Cusco/Cusco/Cusco;13.0;48.0;Taxi;12.5;21.6;True
13844;Cusco/Cusco/Cusco;145.0;206.0;Automóvil particular;139.0;220.6;True
13845;Junín/Chupaca/Chupaca;9.6;22.0;Automóvil particular;8.5;16.6;True
13847;Lima/Huarochirí/Carampoma;13.0;40.0;Automóvil particular;10.5;31.4;True
13849;Lima/Lima/Miraflores;69.2;90.0;Automóvil particular;61.2;80.8;True
13850;Lima/Huarochirí/Carampoma;23.5;34.0;Mini bus turístico;14.2;38.3;False
13857;Cusco/Cusco/Cusco;12.0;45.0;Bus público;11.5;20.7;True
13860;Lima/Huarochirí/Carampoma;28.0;54.0;Automóvil particular;28.6;66.3;True
13862;Lima/Huarochirí/Carampoma;25.0;45.0;Automóvil particular;25.0;58.1;True
13863;Cusco/Cusco/Cusco;212.0;307.0;Camioneta doble tracción;202.7;344.8;True
13864;Junín/Chupaca/Chupaca;9.5;22.0;Automóvil particular;8.8;16.9;True
13865;Lima/Huarochirí/Carampoma;28.4;56.0;Automóvil particular;29.8;68.5;True
13866;Junín/Huancayo/Huancayo;31.0;85.0;Automóvil particular;29.8;54.7;True
13867;Arequipa/Arequipa/Jacobo Hunter;206.0;255.0;Combi;219.8;287.5;True
13868;Junín/Huancayo/Huancayo;29.1;66.0;Automóvil particular;27.0;50.1;True
13870;Junín/Chanchamayo/Pichanaqui;4.0;15.0;Mototaxi;20.4;60.2;False
13871;Junín/Chupaca/Chupaca;10.1;25.0;Automóvil particular;8.6;17.1;True
13879;Arequipa/Arequipa/Jacobo Hunter;151.7;184.0;Mototaxi;167.4;214.9;True
13880;San Martín/Mariscal Cáceres/Juanjuí;4.6;25.0;Automóvil particular;4.1;16.0;True
13881;Arequipa/Arequipa/Jacobo Hunter;250.0;475.0;Automóvil particular;259.9;404.0;True
13886;Lima/Huarochirí/Carampoma;28.9;59.0;Automóvil particular;30.9;71.1;True
13895;Lima/Huarochirí/Carampoma;9.5;21.0;Automóvil particular;9.6;29.4;True
13899;Junín/Chanchamayo/Perene;66.5;80.0;Automóvil particular;28.6;89.6;False
13902;Cajamarca/Cajamarca/Cajamarca;20.0;40.0;Bus público;19.8;36.2;True
13904;Amazonas/Chachapoyas/Chachapoyas;35.0;45.0;Automóvil particular;49.5;86.9;True
13907;Junín/Jauja/Jauja;59.8;85.0;Automóvil particular;29.6;68.7;False
13908;Arequipa/Arequipa/Jacobo Hunter;181.4;201.0;Automóvil particular;120.0;146.3;False
13916;Lima/Huaral/Huaral;90.2;185.0;Taxi;87.9;141.6;True
13922;Lima/Huaura/Huacho;145.0;225.0;Combi;134.8;194.2;True
13925;Lima/Lima/Miraflores;5.5;15.0;Automóvil particular;5.9;14.5;True
13926;Lima/Huaura/Huacho;135.0;210.0;Combi;127.2;178.7;True
13927;Pasco/Oxapampa/Oxapampa;6.2;13.0;Automóvil particular;6.1;18.6;True
13934;Arequipa/Arequipa/Jacobo Hunter;305.3;363.0;Combi;306.8;359.3;True
13940;Arequipa/Arequipa/Jacobo Hunter;307.0;367.0;Combi;305.3;358.3;True
13942;Ayacucho/Huamanga/Vinchos;55.0;90.0;Combi;8.9;28.3;False
13943;Ayacucho/Huamanga/Vinchos;50.5;77.0;Combi;0.9;9.0;False
13944;Junín/Huancayo/Huancayo;25.5;65.0;Automóvil particular;26.8;50.0;True
13945;Cajamarca/Cajamarca/Cajamarca;17.5;30.0;Bus turístico;10.5;29.9;False
13947;La Libertad/Trujillo/Trujillo;14.6;30.0;Bus público;14.0;24.6;True
13950;Piura/Piura/Piura;127.0;225.0;Camioneta doble tracción;149.4;213.2;True
13951;Piura/Paita/Paita;21.0;35.0;Mini bus turístico;20.1;35.1;True
13953;Piura/Piura/Piura;149.0;180.0;Mini bus turístico;141.4;172.6;True
13957;Arequipa/Arequipa/José Luis Bustamante Y Rivero;175.0;193.0;Taxi;179.3;222.6;True
13958;Arequipa/Arequipa/Jacobo Hunter;307.6;368.0;Combi;309.0;362.1;True
13959;Cusco/Cusco/Cusco;31.0;70.0;Mini bus turístico;32.6;47.4;True
13960;Lima/Lima/Lima;44.7;77.0;Automóvil particular;36.7;51.2;True
13962;Lima/Lima/Santa Anita;102.0;297.0;Bus turístico;102.2;185.2;True
13965;Arequipa/Arequipa/Jacobo Hunter;176.5;201.0;Bus público;183.9;230.6;True
13966;Arequipa/Arequipa/José Luis Bustamante Y Rivero;233.0;330.0;Bus público;239.6;335.6;True
13969;Pasco/Oxapampa/Oxapampa;7.5;19.0;Automóvil particular;7.5;20.7;True
13972;Pasco/Oxapampa/Oxapampa;6.3;15.0;Automóvil particular;7.0;19.8;True
13976;Junín/Jauja/Jauja;5.5;13.0;Automóvil particular;5.0;14.0;True
13979;Tumbes/Tumbes/Tumbes;40.1;66.0;Taxi;29.2;46.2;True
13980;Tumbes/Tumbes/Tumbes;41.7;71.0;Taxi;32.2;51.1;True
13986;Loreto/Alto Amazonas/Yurimaguas;14.3;25.0;Mototaxi;35.1;69.4;False
13993;Pasco/Oxapampa/Oxapampa;6.2;15.0;Automóvil particular;7.1;19.9;True
13997;Loreto/Alto Amazonas/Yurimaguas;80.0;90.0;Camioneta doble tracción;69.4;118.6;True
14005;Piura/Piura/Piura;81.9;88.0;Mototaxi;83.7;97.6;True
14007;La Libertad/Sánchez Carrión/Huamachuco;106.5;170.0;Automóvil particular;74.7;149.4;True
14008;La Libertad/Sánchez Carrión/Huamachuco;91.0;150.0;Automóvil particular;74.2;148.2;True
14010;La Libertad/Sánchez Carrión/Huamachuco;87.0;140.0;Automóvil particular;46.9;98.3;False
14014;Huánuco/Huánuco/Huanuco;38.4;105.0;Automóvil particular;18.0;28.3;False
14019;Piura/Piura/Castilla;81.9;88.0;Mototaxi;83.9;97.4;True
14021;Junín/Chanchamayo/San Ramón;14.0;30.0;Automóvil particular;13.9;29.8;True
14022;Puno/San Román/Juliaca;4.5;20.0;Mototaxi;0.7;8.3;False
14026;La Libertad/Sánchez Carrión/Huamachuco;97.6;170.0;Automóvil particular;82.6;169.3;True
14030;La Libertad/Sánchez Carrión/Huamachuco;98.0;175.0;Automóvil particular;81.2;166.1;True
14031;Piura/Piura/Piura;141.0;230.0;Mini bus turístico;130.4;215.8;True
14033;Piura/Piura/Castilla;165.6;210.0;Mini bus turístico;127.2;148.7;True
14035;Piura/Piura/Piura;128.0;180.0;Mini bus turístico;127.1;191.0;True
14036;San Martín/San Martín/Tarapoto;22.4;37.0;Automóvil particular;22.1;35.2;True
14037;Cusco/Cusco/Cusco;41.3;70.0;Mini bus turístico;38.5;54.3;True
14041;Lima/Canta/Canta;5.6;21.0;Automóvil particular;7.2;19.1;True
14043;Pasco/Daniel Alcides Carrión/Yanahuanca;65.5;85.0;Combi;66.6;121.3;True
14052;Apurímac/Chincheros/Anco-Huallo;53.7;105.0;Taxi;45.5;102.2;True
14056;Lima/Lima/Lima;80.2;121.0;Automóvil particular;37.1;52.0;False
14063;Junín/Chanchamayo/San Ramón;19.3;68.0;Automóvil particular;17.6;54.7;True
14070;Huancavelica/Huancavelica/Huancavelica;6.0;30.0;Automóvil particular;14.1;43.3;False
14073;Pasco/Pasco/Chaupimarca;60.6;81.0;Taxi;56.0;85.1;True
14084;Pasco/Pasco/Chaupimarca;37.4;48.0;Combi;38.5;64.5;True
14095;Loreto/Alto Amazonas/Yurimaguas;26.1;36.0;Mototaxi;18.2;32.2;True
14098;Lima/Lima/Miraflores;69.0;90.0;Automóvil particular;60.9;80.2;True
14100;Cusco/Cusco/Cusco;36.0;52.0;Mini bus turístico;31.2;50.8;True
14101;Áncash/Huari/San Marcos;18.0;70.0;Automóvil particular;17.8;48.8;True
14107;Loreto/Alto Amazonas/Yurimaguas;44.1;52.0;Mototaxi;2.5;12.2;False
14112;Piura/Piura/Piura;135.5;221.0;Bus turístico;129.4;197.0;True
14113;La Libertad/Trujillo/Trujillo;182.6;280.0;Automóvil particular;154.5;267.2;True
14115;Junín/Huancayo/Huancayo;12.9;35.0;Automóvil particular;13.4;23.7;True
14116;Junín/Concepción/Concepción;9.3;25.0;Bus público;8.7;19.5;True
14118;Arequipa/Arequipa/Jacobo Hunter;366.0;536.0;Automóvil particular;262.0;422.8;True
14120;Áncash/Pallasca/Cabana;96.9;220.0;Camioneta doble tracción;86.6;197.4;True
14136;La Libertad/Sánchez Carrión/Huamachuco;27.0;60.0;Mini bus público;28.7;68.5;True
14141;Lima/Lima/Lurigancho;34.8;100.0;Mini bus público;34.0;50.1;True
14143;Lima/Lima/Lurigancho;32.5;70.0;Bus público;33.0;46.5;True
14145;Lima/Lima/Lurigancho;33.9;120.0;Bus público;30.4;44.7;True
14147;Lima/Lima/Lurigancho;44.5;145.0;Automóvil particular;47.8;86.3;True
14149;La Libertad/Trujillo/Trujillo;166.2;252.0;Mototaxi;158.8;242.6;True
14150;La Libertad/Trujillo/Trujillo;166.3;252.0;Mototaxi;160.3;245.7;True
14151;Junín/Tarma/Tarma;39.4;77.0;Automóvil particular;39.9;68.6;True
14157;La Libertad/Trujillo/Trujillo;183.7;295.0;Automóvil particular;158.1;275.5;True
14160;Lima/Lima/Lima;8.2;40.0;Automóvil particular;7.5;17.4;True
14161;La Libertad/Santiago De Chuco/Santiago De Chuco;22.6;195.0;Combi;64.1;155.0;False
14162;La Libertad/Sánchez Carrión/Huamachuco;10.0;30.0;Camioneta doble tracción;13.5;38.2;True
14163;Cusco/Quispicanchi/Oropesa;24.0;50.0;Bus público;0.4;8.0;False
14171;Lima/Huarochirí/Langa;28.3;67.0;Automóvil particular;80.1;192.1;False
14172;Lima/Cañete/San Antonio;62.5;65.0;Bus público;154.6;256.6;False
14174;Lima/Huarochirí/Langa;16.7;49.0;Automóvil particular;0.0;7.4;False
14175;Piura/Piura/Piura;134.4;320.0;Camioneta doble tracción;134.0;253.7;True
14180;Lima/Huaral/Huaral;6.0;13.0;Taxi;5.1;13.3;True
14182;Piura/Piura/Castilla;244.0;480.0;Mini bus turístico;159.0;292.5;False
14188;Piura/Piura/Piura;127.0;230.0;Camioneta doble tracción;126.8;236.6;True
14190;Piura/Piura/Piura;60.0;50.0;Bus público;58.3;69.4;True
14191;Piura/Piura/Piura;181.2;230.0;Camioneta doble tracción;157.4;208.8;True
14192;Lambayeque/Chiclayo/Chiclayo;77.5;120.0;Combi;78.4;91.8;True
14193;Huánuco/Lauricocha/Jesús;14.1;31.0;Camioneta doble tracción;8.0;28.2;False
14194;Huánuco/Lauricocha/San Miguel De Cauri;6.0;15.0;Camioneta doble tracción;2.5;12.6;False
14195;Piura/Piura/Piura;134.4;320.0;Camioneta doble tracción;133.8;253.4;True
14198;Junín/Chanchamayo/Pichanaqui;15.0;45.0;Automóvil particular;21.2;51.2;True
14199;Lima/Huarochirí/Matucana;149.0;260.0;Bus público;160.1;236.5;True
14201;Lima/Huarochirí/Matucana;150.0;280.0;Bus público;159.9;236.1;True
14204;Junín/Concepción/Concepción;5.1;10.0;Automóvil particular;5.1;13.4;True
14207;Ica/Nasca/Nasca;81.6;120.0;Camioneta doble tracción;29.0;49.7;False
14209;Piura/Piura/Piura;153.5;269.0;Mini bus turístico;148.1;241.2;True
14215;Lima/Cañete/San Antonio;14.5;20.0;Mototaxi;13.8;26.2;True
14216;Lima/Cañete/San Antonio;62.0;90.0;Mini bus público;4.4;13.9;False
14220;Lambayeque/Chiclayo/Pimentel;9.4;16.0;Automóvil particular;9.4;18.8;True
14221;Piura/Piura/Piura;180.2;215.0;Camioneta doble tracción;156.6;207.4;True
14223;Junín/Satipo/Satipo;23.7;20.0;Automóvil particular;23.0;31.9;True
14225;Arequipa/Caylloma/Maca;5.0;10.0;Bus público;5.0;15.1;True
14231;Cusco/Quispicanchi/Ocongate;28.0;85.0;Mini bus turístico;28.7;64.5;True
14233;La Libertad/Trujillo/La Esperanza;6.4;19.0;Automóvil particular;4.8;14.6;True
14237;Cusco/La Convención/Santa Ana;26.4;50.0;Mini bus turístico;31.6;49.2;True
14238;Junín/Yauli/La Oroya;122.7;196.0;Automóvil particular;70.1;108.4;False
14244;Arequipa/Arequipa/Jacobo Hunter;245.0;310.0;Automóvil particular;212.6;275.8;True
14245;Junín/Chanchamayo/San Ramón;10.0;25.0;Automóvil particular;5.7;18.4;False
14246;Arequipa/Arequipa/Jacobo Hunter;166.0;210.0;Bus público;185.0;252.7;True
14252;Arequipa/Arequipa/José Luis Bustamante Y Rivero;168.5;185.0;Combi;129.3;154.1;True
14253;Arequipa/Arequipa/Jacobo Hunter;231.6;435.0;Bus público;253.1;378.8;True
14255;Lambayeque/Chiclayo/Pimentel;16.1;13.0;Automóvil particular;11.7;23.7;True
14257;Piura/Piura/Piura;103.0;154.0;Camioneta doble tracción;100.3;159.4;True
14263;Pasco/Pasco/Chaupimarca;41.5;85.0;Taxi;41.7;67.2;True
14269;Pasco/Oxapampa/Oxapampa;5.6;11.0;Automóvil particular;5.2;15.6;True
14275;Cusco/La Convención/Santa Ana;11.0;50.0;Automóvil particular;14.0;40.2;True
14278;Junín/Chanchamayo/Pichanaqui;14.2;43.0;Automóvil particular;16.3;44.4;True
14280;Cusco/La Convención/Santa Ana;15.0;30.0;Automóvil particular;16.7;37.4;True
14284;Cusco/La Convención/Santa Ana;7.5;56.0;Camioneta doble tracción;3.1;11.8;False
14286;Cajamarca/Cajamarca/Cajamarca;3.5;18.0;Combi;3.2;12.0;True
14289;Junín/Chanchamayo/Pichanaqui;5.0;10.0;Automóvil particular;2.2;12.0;False
14291;Cusco/Anta/Anta;32.7;45.0;Mini bus turístico;37.0;75.4;True
14293;Junín/Chanchamayo/Pichanaqui;5.0;10.0;Automóvil particular;1.9;11.2;False
14294;Cusco/Anta/Huarocondo;20.0;35.0;Mini bus turístico;33.7;81.2;False
14296;Lima/Lima/Lima;45.0;60.0;Automóvil particular;37.3;52.4;True
14298;Cusco/Cusco/Wanchaq;60.0;60.0;Bus turístico;61.7;105.5;True
14301;Cusco/La Convención/Santa Ana;3.5;15.0;Automóvil particular;3.8;14.3;True
14302;Junín/Huancayo/Huancayo;31.8;90.0;Automóvil particular;30.1;57.6;True
14303;Cajamarca/Cajamarca/Cajamarca;131.3;270.0;Automóvil particular;124.8;256.2;True
14304;Cusco/La Convención/Santa Ana;5.2;26.0;Automóvil particular;11.7;26.9;False
14313;Junín/Jauja/Jauja;78.0;95.0;Automóvil particular;74.8;116.3;True
14314;Arequipa/Arequipa/Jacobo Hunter;152.0;190.0;Mototaxi;167.9;216.1;True
14316;Arequipa/Arequipa/Jacobo Hunter;165.7;202.0;Bus público;179.9;230.9;True
14317;Arequipa/Arequipa/Jacobo Hunter;256.6;355.0;Mini bus público;233.7;345.1;True
14322;Arequipa/Arequipa/Jacobo Hunter;197.3;240.0;Bus público;212.7;276.1;True
14324;Cusco/Cusco/Cusco;71.5;108.0;Bus turístico;70.9;96.5;True
14325;Lambayeque/Chiclayo/Chiclayo;66.7;106.0;Automóvil particular;34.1;43.8;False
14331;Arequipa/Islay/Mollendo;79.4;95.0;Automóvil particular;64.4;96.5;True
14332;Apurímac/Abancay/Abancay;28.9;90.0;Taxi;29.2;76.2;True
14333;Arequipa/Caylloma/Chivay;74.3;145.0;Bus público;75.7;131.6;True
14334;San Martín/San Martín/Tarapoto;22.0;30.0;Automóvil particular;21.5;34.2;True
14335;Callao/Prov. Const. Del Callao/La Punta;23.0;45.0;Taxi;2.8;10.9;False
14338;San Martín/San Martín/Tarapoto;3.4;10.0;Automóvil particular;60.6;77.6;False
14339;Arequipa/Arequipa/Yarabamba;24.7;70.0;Automóvil particular;0.1;7.5;False
14340;Piura/Piura/Piura;81.3;85.0;Mini bus público;75.8;92.7;True
14344;Puno/Carabaya/Macusani;125.0;160.0;Taxi;109.7;272.0;True
14347;Puno/Huancané/Huancane;43.5;90.0;Automóvil particular;93.6;146.3;False
14348;Apurímac/Antabamba/Oropesa;82.3;185.0;Automóvil particular;61.8;144.7;True
14349;Apurímac/Antabamba/Oropesa;67.7;180.0;Automóvil particular;60.9;126.5;True
14350;Áncash/Yungay/Yungay;28.0;80.0;Automóvil particular;28.6;64.4;True
14354;Lima/Lima/Lima;10.0;43.0;Automóvil particular;0.7;8.7;False
14358;Moquegua/Mariscal Nieto/Moquegua;34.0;33.0;Automóvil particular;27.8;48.4;True
14365;Áncash/Recuay/Catac;4.2;15.0;Camioneta doble tracción;6.6;15.4;False
14366;Áncash/Recuay/Catac;25.0;53.0;Camioneta doble tracción;25.2;54.0;True
14368;Junín/Huancayo/Huancayo;27.3;65.0;Automóvil particular;25.2;47.1;True
14375;Pasco/Pasco/Chaupimarca;20.8;45.0;Combi;19.0;41.4;True
14378;Lima/Cañete/San Antonio;64.4;73.0;Automóvil particular;0.3;7.6;False
14387;Piura/Piura/Piura;68.0;95.0;Automóvil particular;63.9;79.8;True
14389;Piura/Talara/Pariñas;74.0;63.0;Mototaxi;80.4;99.0;True
14391;Junín/Chanchamayo/San Ramón;10.5;48.0;Automóvil particular;10.4;33.3;True
14395;Junín/Jauja/Jauja;8.5;19.0;Automóvil particular;11.4;20.9;True
14397;Pasco/Pasco/Chaupimarca;3.6;10.0;Taxi;3.1;13.1;True
14398;Ayacucho/Cangallo/Totos;14.7;40.0;Combi;21.0;54.2;True
14410;Ayacucho/La Mar/San Miguel;154.2;294.0;Mini bus público;138.2;281.4;True
14412;Arequipa/Arequipa/José Luis Bustamante Y Rivero;70.5;110.0;Mini bus público;71.9;93.8;True
14413;Arequipa/Arequipa/Arequipa;35.7;63.0;Automóvil particular;23.1;37.1;False
14418;Lima/Lima/Lima;5.5;20.0;Automóvil particular;3.6;12.6;False
14419;Ayacucho/Lucanas/Chipao;110.0;178.0;Bus público;11.2;37.5;False
14420;Arequipa/Arequipa/Arequipa;35.0;60.0;Combi;23.7;37.8;True
14423;San Martín/San Martín/Tarapoto;46.3;75.0;Automóvil particular;46.8;75.5;True
14426;Piura/Talara/Pariñas;73.4;53.0;Mototaxi;80.4;98.7;True
14429;Ayacucho/Cangallo/María Parado De Bellido;30.0;65.0;Automóvil particular;3.1;15.1;False
14436;Piura/Piura/Castilla;54.0;57.0;Mototaxi;60.1;72.1;True
14438;Cusco/Calca/San Salvador;35.8;55.0;Camioneta doble tracción;19.6;50.2;False
14448;Ucayali/Atalaya/Sepahua;11.0;45.0;Otros (especificar);6.4;21.6;False
14450;Junín/Yauli/La Oroya;6.1;25.0;Automóvil particular;8.3;19.7;True
14451;Junín/Yauli/La Oroya;4.6;15.0;Automóvil particular;4.4;12.5;True
14461;Junín/Chanchamayo/Pichanaqui;77.0;125.0;Camioneta doble tracción;11.9;28.9;False
14463;Lima/Lima/Lima;39.0;78.0;Taxi;37.9;50.1;True
14464;Apurímac/Andahuaylas/Pacobamba;13.0;25.0;Taxi;18.1;51.2;True
14466;Apurímac/Abancay/Abancay;77.0;130.0;Taxi;73.5;136.6;True
14467;Ayacucho/Huamanga/Vinchos;48.6;133.0;Combi;50.1;89.2;True
14469;Piura/Piura/Piura;107.0;180.0;Mini bus público;105.1;183.5;True
14477;Cusco/La Convención/Santa Ana;342.6;562.0;Mototaxi;299.0;491.0;True
14483;Cajamarca/Santa Cruz/Pulan;9.7;23.0;Combi;0.5;8.2;False
14485;Cusco/La Convención/Santa Ana;342.1;562.0;Mototaxi;299.1;491.0;True
14486;Lima/Huaura/Huacho;51.8;66.0;Mini bus público;51.2;61.9;True
14489;Piura/Piura/Piura;91.0;85.0;Automóvil particular;74.7;88.5;True
14490;Ayacucho/Huamanga/Vinchos;15.5;35.0;Automóvil particular;17.1;55.1;True
14492;Tacna/Tarata/Estique-Pampa;20.5;22.0;Automóvil particular;8.6;20.4;False
14493;Tacna/Tacna/Sama;58.0;70.0;Automóvil particular;40.8;96.0;True
14496;Apurímac/Chincheros/Chincheros;57.3;135.0;Taxi;37.7;109.7;False
14497;Callao/Prov. Const. Del Callao/Ventanilla;12.0;30.0;Automóvil particular;10.2;23.5;True
14500;Cajamarca/Cajamarca/Cajamarca;159.0;314.0;Combi;156.8;299.1;True
14501;Cajamarca/Santa Cruz/Santa Cruz;19.0;45.0;Combi;20.3;47.2;True
14507;Piura/Piura/Piura;132.0;250.0;Camioneta doble tracción;98.5;164.4;True
14509;Ucayali/Coronel Portillo/Yarinacocha;26.0;150.0;Camioneta doble tracción;25.0;61.6;True
14512;Cusco/La Convención/Santa Ana;345.0;560.0;Camioneta doble tracción;301.6;501.1;True
14513;Áncash/Recuay/Catac;17.7;55.0;Camioneta doble tracción;9.4;29.4;False
14516;Ucayali/Atalaya/Sepahua;16.0;35.0;Mototaxi;23.5;62.4;True
14517;Ucayali/Atalaya/Sepahua;25.0;35.0;Taxi;18.9;50.1;True
14521;Lima/Huaura/Huacho;5.0;16.0;Combi;5.3;13.3;True
14523;Lima/Lima/Miraflores;6.3;18.0;Automóvil particular;6.0;14.6;True
14525;Piura/Sullana/Sullana;50.0;60.0;Mini bus público;42.1;56.4;True
14528;Apurímac/Abancay/Abancay;53.0;90.0;Combi;48.6;107.7;True
14533;Moquegua/Mariscal Nieto/Moquegua;5.4;13.0;Automóvil particular;4.5;13.0;True
14534;Moquegua/Mariscal Nieto/Moquegua;5.5;15.0;Automóvil particular;5.5;14.6;True
14535;Junín/Jauja/Jauja;17.3;35.0;Automóvil particular;18.6;38.5;True
14536;Junín/Chanchamayo/Chanchamayo;98.0;142.0;Camioneta doble tracción;95.2;143.8;True
14537;Lima/Huarochirí/Huanza;31.0;125.0;Automóvil particular;31.8;81.2;True
14540;Junín/Jauja/Jauja;36.7;90.0;Automóvil particular;38.8;86.4;True
14541;Junín/Jauja/Jauja;18.6;45.0;Automóvil particular;18.7;38.8;True
14543;Moquegua/Mariscal Nieto/Moquegua;4.5;10.0;Automóvil particular;4.5;13.1;True
14544;Junín/Chanchamayo/Chanchamayo;96.0;132.0;Camioneta doble tracción;95.4;143.5;True
14545;Ayacucho/Huamanga/Ayacucho;3.0;15.0;Bus turístico;1.4;10.1;False
14550;Lima/Huarochirí/Huanza;21.0;90.0;Automóvil particular;26.6;66.8;True
14552;Moquegua/Mariscal Nieto/Moquegua;6.5;20.0;Automóvil particular;6.0;19.2;True
14556;Ayacucho/Huamanga/Ayacucho;3.0;15.0;Bus turístico;1.6;10.6;False
14557;Moquegua/Mariscal Nieto/Moquegua;13.4;16.0;Camioneta doble tracción;15.8;27.2;True
14563;Áncash/Huari/Chavin De Huantar;31.5;35.0;Automóvil particular;31.7;55.1;True
14565;Tacna/Jorge Basadre/Ilabaya;168.4;169.0;Automóvil particular;34.0;69.8;False
14566;Pasco/Pasco/Chaupimarca;126.1;212.0;Otros (especificar);122.8;188.4;True
14567;Pasco/Pasco/Chaupimarca;88.7;115.0;Combi;84.6;120.4;True
14568;Pasco/Pasco/Chaupimarca;104.0;173.0;Combi;99.5;155.7;True
14573;Piura/Piura/Piura;60.2;67.0;Automóvil particular;59.1;77.0;True
14574;Piura/Piura/Piura;76.0;80.0;Automóvil particular;77.3;95.0;True
14578;Piura/Piura/Piura;106.0;120.0;Camioneta doble tracción;114.4;146.5;True
14579;Madre De Dios/Tambopata/Tambopata;5.5;13.0;Taxi;4.0;12.2;True
14581;Pasco/Pasco/Chaupimarca;92.7;130.0;Combi;88.9;126.6;True
14585;Pasco/Pasco/Chaupimarca;113.5;163.0;Combi;104.7;149.8;True
14586;Puno/Puno/Puno;40.9;50.0;Automóvil particular;39.1;50.8;True
14588;Piura/Piura/Piura;122.0;220.0;Mini bus público;110.0;197.5;True
14590;Pasco/Pasco/Chaupimarca;94.9;135.0;Combi;90.8;129.8;True
14593;Lima/Lima/Miraflores;35.4;64.0;Automóvil particular;30.5;43.7;True
14595;Puno/Puno/Puno;31.3;44.0;Mini bus público;28.8;42.1;True
14597;Ica/Pisco/Paracas;12.0;8.0;Automóvil particular;13.2;22.3;True
14602;Lima/Huarochirí/Huanza;32.5;240.0;Automóvil particular;0.0;7.3;False
14606;Lima/Huarochirí/Huanza;26.0;120.0;Automóvil particular;30.2;77.5;True
14607;Arequipa/Arequipa/José Luis Bustamante Y Rivero;215.1;278.0;Bus público;217.6;283.5;True
14609;Junín/Jauja/Jauja;9.4;16.0;Automóvil particular;8.3;21.7;True
14611;Lima/Huarochirí/San Mateo;30.5;147.0;Automóvil particular;2.3;13.2;False
14612;Lima/Huarochirí/San Mateo;32.0;130.0;Automóvil particular;28.8;69.3;True
14613;Lima/Huarochirí/San Mateo;29.5;56.0;Camioneta doble tracción;28.8;69.2;True
14614;Lima/Huarochirí/San Mateo;28.3;90.0;Automóvil particular;43.0;108.9;False
14615;Lima/Huarochirí/San Mateo;30.4;90.0;Automóvil particular;33.2;82.3;True
14616;Lima/Huarochirí/San Mateo;34.0;145.0;Automóvil particular;0.6;8.4;False
14617;Lima/Huarochirí/San Mateo;33.0;155.0;Camioneta doble tracción;0.6;8.4;False
14618;Lima/Huarochirí/San Mateo;32.5;110.0;Automóvil particular;0.6;8.4;False
14620;La Libertad/Trujillo/Trujillo;8.0;30.0;Taxi;7.8;19.7;True
14622;La Libertad/Trujillo/Trujillo;4.2;15.0;Automóvil particular;4.6;13.6;True
14625;Cajamarca/Cajamarca/Cajamarca;5.0;17.0;Bus turístico;4.4;14.6;True
14627;La Libertad/Trujillo/Moche;6.8;33.0;Automóvil particular;3.4;13.2;False
14631;Lima/Huarochirí/Huanza;26.0;165.0;Automóvil particular;31.1;79.5;True
14633;Piura/Piura/Piura;109.1;157.0;Camioneta doble tracción;117.8;202.5;True
14634;Junín/Jauja/Jauja;11.7;24.0;Automóvil particular;11.6;24.1;True
14637;Piura/Piura/Piura;164.5;225.0;Camioneta doble tracción;135.9;204.8;True
14638;Piura/Piura/Piura;210.6;227.0;Camioneta doble tracción;148.2;237.5;True
14639;Piura/Sullana/Sullana;154.0;205.0;Camioneta doble tracción;101.3;174.0;False
14642;Loreto/Maynas/Iquitos;5.6;15.0;Mototaxi;5.7;14.3;True
14643;San Martín/San Martín/Tarapoto;47.6;80.0;Automóvil particular;47.5;77.1;True
14645;Apurímac/Abancay/Abancay;30.0;105.0;Automóvil particular;32.1;76.2;True
14646;Ayacucho/Lucanas/Chipao;101.0;165.0;Bus público;5.3;19.7;False
14647;Puno/Chucuito/Juli;4.0;8.0;Taxi;5.1;14.4;True
14648;Amazonas/Chachapoyas/Chachapoyas;124.0;210.0;Automóvil particular;105.7;190.8;True
14649;Piura/Piura/Piura;96.7;95.0;Mototaxi;90.2;116.5;True
14655;Apurímac/Abancay/Abancay;30.0;55.0;Taxi;10.6;24.4;False
14656;Huánuco/Puerto Inca/Codo Del Pozuzo;17.0;45.0;Camioneta doble tracción;19.6;45.8;True
14663;Cusco/La Convención/Villa Virgen;89.5;187.0;Automóvil particular;8.4;26.8;False
14664;Cusco/La Convención/Villa Virgen;91.2;191.0;Automóvil particular;10.0;30.5;False
14668;Junín/Chupaca/Chupaca;9.3;20.0;Automóvil particular;5.3;14.0;False
14670;Piura/Piura/Piura;137.7;280.0;Camioneta doble tracción;81.5;120.6;False
14671;Lima/Huaura/Huacho;52.5;61.0;Mini bus público;51.8;63.1;True
14672;Piura/Piura/Piura;147.0;280.0;Automóvil particular;87.1;134.1;False
14674;La Libertad/Pataz/Tayabamba;25.0;70.0;Automóvil particular;23.2;67.9;True
14675;La Libertad/Pataz/Tayabamba;11.5;30.0;Automóvil particular;15.8;42.7;True
14677;Huánuco/Puerto Inca/Puerto Inca;31.0;90.0;Camioneta doble tracción;27.5;76.8;True
14680;Áncash/Carhuaz/Carhuaz;17.9;62.0;Automóvil particular;16.1;45.9;True
14682;Ayacucho/Cangallo/Chuschi;6.0;15.0;Combi;4.4;16.6;True
14684;Huánuco/Puerto Inca/Puerto Inca;51.0;70.0;Mototaxi;21.8;63.2;False
14685;Huánuco/Puerto Inca/Puerto Inca;50.0;63.0;Mototaxi;23.9;67.9;False
14695;Cusco/Cusco/Cusco;24.7;60.0;Mini bus turístico;21.2;33.1;True
14696;Cusco/Anta/Anta;5.0;8.0;Combi;7.7;18.9;False
14697;Ayacucho/Cangallo/Chuschi;62.0;140.0;Automóvil particular;62.2;144.8;True
14698;Pasco/Pasco/Chaupimarca;18.0;40.0;Combi;16.8;37.3;True
14701;Huánuco/Puerto Inca/Puerto Inca;9.0;15.0;Mototaxi;12.8;25.7;True
14703;Loreto/Maynas/Iquitos;10.1;28.0;Mototaxi;10.0;21.0;True
14707;Áncash/Pallasca/Cabana;18.7;37.0;Camioneta doble tracción;20.6;47.7;True
14708;Apurímac/Abancay/Abancay;8.7;30.0;Taxi;6.9;24.5;True
14716;Cusco/La Convención/Santa Ana;55.0;100.0;Bus público;57.4;108.1;True
14721;Cusco/Cusco/Wanchaq;70.5;90.0;Bus turístico;73.4;101.9;True
14722;Huánuco/Puerto Inca/Codo Del Pozuzo;32.0;40.0;Camioneta doble tracción;30.5;59.4;True
14723;Junín/Yauli/La Oroya;38.5;50.0;Automóvil particular;37.0;57.0;True
14725;Ayacucho/Cangallo/Chuschi;14.9;30.0;Combi;29.0;68.6;False
