CODIGO DEL RECURSO;NOMBRE DEL RECURSO;REGIÓN;latitud;longitud;ALTITUD;ZONA_CLIMATICA;CLUSTER;CLUSTER_KM
11;Festividad Del Señor De Los Temblores;Cusco;-13.5153;-71.9801;3415.0;Templado Seco (Quechua);22;6
16;Petroglifos De Yonan;Cajamarca;-7.2531078579146415;-79.130786;441.0;Cálido / Desértico (Costa);-1;1
17;Sitio Arqueológico De Collacruz;Amazonas;-6.310457893297969;-77.90701353525948;2686.0;Templado Seco (Quechua);18;2
22;Laguna De Lauricocha;Huánuco;-10.31582177475902;-76.66389048099518;3850.0;Frío (Suni);62;5
24;Nevado De Yerupajá De Queropalca;Huánuco;-10.26842392998;-76.90523484;6370.0;Glacial / Nieve (Janca);-1;8
25;Cordillera Huayhuash - Huánuco;Huánuco;-10.21221925;-76.88232421875;4709.0;Muy Frío (Puna);-1;5
29;Andenerías De Caraybamba ;Apurímac;-14.3795384092317;-73.146075710874;3519.0;Frío (Suni);70;18
30; Sitio Arqueológico De Marcapuchungo;Apurímac;-14.118602157492754;-72.24641025066376;3697.0;Frío (Suni);-1;18
31;Puente Colonial Pachachaca;Apurímac;-13.66304310483;-72.93724536895;1700.0;Templado Cálido (Yunga);-1;16
32;Templo Santa Catalina De Curahuasi;Apurímac;-13.542775;-72.6959277777778;2693.0;Templado Seco (Quechua);-1;23
33;Templo De Chuquinga;Apurímac;-14.29133333333;-73.2564220017;2873.0;Templado Seco (Quechua);-1;18
34;Templo Colonial De Cocharcas;Apurímac;-13.611938030618076;-73.73803403439331;3001.0;Templado Seco (Quechua);70;18
36;Baños Termales De Pincahuacho;Apurímac;-14.283773;-73.276745;3043.0;Templado Seco (Quechua);70;18
37;Centro Administrativo Tambo Colorado;Ica;-13.705141030751882;-75.82944777203284;497.0;Cálido / Desértico (Costa);-1;19
42;Laguna De Pomacocha;Junín;-11.785833;-75.252222;4464.0;Muy Frío (Puna);-1;0
48;Pueblo Simbilá;Piura;-5.246814583692445;-80.65157890319824;26.0;Cálido / Desértico (Costa);6;14
49;Iglesia Nuestra Señora Del Carmen;Piura;-5.193248647927614;-80.62566608190536;35.0;Cálido / Desértico (Costa);6;14
50;Parque Ecológico Kurt Beer;Piura;-5.208107683417542;-80.66737309098244;32.0;Cálido / Desértico (Costa);6;14
61;Reserva Nacional Illescas;Piura;-5.9744195697833975;-81.09753973782063;255.0;Cálido / Desértico (Costa);-1;10
62;Manglares San Pedro De Vice;Piura;-5.545027261979392;-80.88067308068275;2.0;Cálido / Desértico (Costa);-1;1
63;Playa San Pablo;Piura;-5.44043;-80.94049;3.0;Cálido / Desértico (Costa);40;1
66;Laguna Ñapique;Piura;-5.5326752935872365;-80.6909966468811;7.0;Cálido / Desértico (Costa);-1;1
68;Estuario De Virrilá;Piura;-5.837882172135044;-80.84821701049806;4.0;Cálido / Desértico (Costa);-1;1
69;Pueblo Artesanal La Encantada;Piura;-5.093196353473787;-80.19854575395584;83.0;Cálido / Desértico (Costa);39;1
70;Iglesia San Lucas De Colán;Piura;-5.007284748778732;-81.05746150016786;10.0;Cálido / Desértico (Costa);40;1
72;Playa Punta Balcones;Piura;-4.679214286254906;-81.32556438446045;0.0;Cálido / Desértico (Costa);53;10
74;Aguas Sulfurosas De Oromina;San Martín;-6.067984358038256;-77.00390741229057;891.0;Templado Cálido (Yunga);54;21
85;Catarata Numparket;Amazonas;-5.493377;-78.33379;1881.0;Templado Cálido (Yunga);55;17
87;Pinturas Rupestres De Yamon;Amazonas;-6.063139253787526;-78.52254614227265;894.0;Tropical Húmedo (Selva);-1;1
88;Lago Sauce (Laguna Azul);San Martín;-6.693080464804169;-76.21833801269531;612.0;Templado Cálido (Yunga);-1;21
90;Cascada De Tununtunumba;San Martín;-6.541111111111;-76.11749999999;321.0;Cálido / Desértico (Costa);-1;1
93;Cascada De Chapawanki;San Martín;-6.383540820592841;-76.5147098690033;724.0;Templado Cálido (Yunga);-1;1
94;Cataratas De Ahuashiyacu;San Martín;-6.453759;-76.307498;874.0;Templado Cálido (Yunga);10;25
96;Complejo Arqueológico Chan Chan;La Libertad;-8.097624182657944;-79.0696308016777;36.0;Cálido / Desértico (Costa);4;14
99;Huaca Arco Iris ;La Libertad;-8.076912452669033;-79.04894178769683;80.0;Cálido / Desértico (Costa);4;14
100;Sitio Arqueológico De Tumshukaiko;Áncash;-9.037916222714118;-77.81460725396727;2326.0;Templado Seco (Quechua);-1;13
101;Basílica Menor Catedral De Santa María - Catedral De Trujillo;La Libertad;-8.110903949280678;-79.02834624052048;38.0;Cálido / Desértico (Costa);4;14
104;Cuento La Laguna Del Toro;La Libertad;-8.1095;-79.0335;33.0;Cálido / Desértico (Costa);4;14
109;Complejo Arqueológico El Brujo;La Libertad;-7.911121903706125;-79.30524200000002;17.0;Cálido / Desértico (Costa);-1;1
113;Casa Urquiaga O Calonge;La Libertad;-8.112335195695051;-79.02814105153084;34.0;Cálido / Desértico (Costa);4;14
114;Huacas Del Sol Y La Luna;La Libertad;-8.13636524168037;-78.99200865029718;32.0;Cálido / Desértico (Costa);4;14
115;Balneario De Huanchaco;La Libertad;-8.07869026497998;-79.1215717792511;0.0;Cálido / Desértico (Costa);4;14
118;Plaza Mayor De Trujillo;La Libertad;-8.111469;-79.028624;38.0;Cálido / Desértico (Costa);4;14
120;Museo De Arqueologia, Antropologia E Historia De La Universidad Nacional De Trujillo (Casa Risco);La Libertad;-8.1108853616314;-79.02426391839981;41.0;Cálido / Desértico (Costa);4;14
122;Museo De Sitio Chan Chan;La Libertad;-8.10011712627256;-79.0656423575274;35.0;Cálido / Desértico (Costa);4;14
125;Complejo Arqueológico De Pakatnamú;La Libertad;-7.3151;-79.5819;43.0;Cálido / Desértico (Costa);46;10
126;Campo Termal Ojo De Aguas Calientes;La Libertad;-8.093125798052004;-78.14302414655685;2966.0;Templado Seco (Quechua);49;28
127;Laguna Sausacocha;La Libertad;-7.800704039251577;-77.98433125019073;3157.0;Templado Seco (Quechua);49;28
128;Complejo Arqueológico De Marcahuamachuco;La Libertad;-7.78354;-78.0801;3561.0;Frío (Suni);49;28
130;Fiesta Patronal Del Señor De La Piedad;La Libertad;-7.97679;-78.8149;577.0;Templado Cálido (Yunga);-1;1
132;Cerro Chepén - Vía Crusis;La Libertad;-7.214511;-79.41132900000002;217.0;Cálido / Desértico (Costa);46;10
134;Iglesia Matriz De San Pedro De Lloc;La Libertad;-7.431925937088454;-79.50466050429918;45.0;Cálido / Desértico (Costa);46;10
135;El Pellón Sanpedrano;La Libertad;-7.4279;-79.5039;47.0;Cálido / Desértico (Costa);46;10
136;Playa Puémape;La Libertad;-7.51939;-79.53953;0.0;Cálido / Desértico (Costa);46;10
140;Bosque Natural El Cañoncillo ;La Libertad;-7.37232825;-79.42158891;113.0;Cálido / Desértico (Costa);46;10
141;Morro De Calzada;San Martín;-6.021409369108987;-77.03750610351568;1321.0;Templado Cálido (Yunga);54;21
143;Aguas Termales San Mateo;San Martín;-6.07481;-76.970802;953.0;Templado Cálido (Yunga);54;21
145;Danza De La Pandilla;Loreto;-3.74993;-73.2622;94.0;Tropical Húmedo (Selva);2;27
146;Danza De La Cajada;Loreto;-3.74993;-73.2622;94.0;Tropical Húmedo (Selva);2;27
147;Iglesia Matriz De Iquitos;Loreto;-3.7494471115295824;-73.2448277;104.0;Tropical Húmedo (Selva);2;27
148;Casa Morey;Loreto;-3.746774;-73.242046;98.0;Tropical Húmedo (Selva);2;27
149;Ex Colegio San Agustín;Loreto;-3.74898505882912;-73.24255010649344;103.0;Tropical Húmedo (Selva);2;27
150;Mirador De La Comunidad De Independencia - Punchana;Loreto;-3.65113;-73.23462;122.0;Tropical Húmedo (Selva);2;27
151;Parque Turístico De Quistococha;Loreto;-3.828286922895427;-73.32069396972656;93.0;Tropical Húmedo (Selva);2;27
152;Pueblo De Belén ;Loreto;-3.75788;-73.24794;107.0;Tropical Húmedo (Selva);2;27
155;Complejo Arqueológico Huaca Rajada - Sipán;Lambayeque;-6.800793622533838;-79.60093122190898;87.0;Cálido / Desértico (Costa);38;1
157;Festival Caballito De Totora;Lambayeque;-6.83708;-79.9362;8.0;Cálido / Desértico (Costa);5;14
159;Quebrada De Los Boliches O Petroglifos Los Pipochinos;Lambayeque;-5.98854;-79.681543;273.0;Cálido / Desértico (Costa);-1;10
161;Centenario Muelle De Puerto Eten;Lambayeque;-6.93414;-79.86669;0.0;Cálido / Desértico (Costa);5;14
162;Semana Santa En Reque;Lambayeque;-6.86449;-79.8181;24.0;Cálido / Desértico (Costa);5;14
163;Complejo Arqueologico Chotuna-Chornancap;Lambayeque;-6.71949;-79.96875;8.0;Cálido / Desértico (Costa);5;14
167;Santuario Nacional Tabaconas Namballe;Cajamarca;-5.157282604536018;-79.31236267089844;2818.0;Templado Seco (Quechua);55;17
169;Pinturas Rupestre Del Cerro Faical;Cajamarca;-5.177178;-78.93898300000001;1308.0;Templado Cálido (Yunga);55;17
179;Finca Parcela Quinta San Antonio;Cajamarca;-5.15457;-79.01435;1332.0;Templado Cálido (Yunga);55;17
181;Leyenda Del Principe Cuan Y La Princesa Tantarica;Cajamarca;-7.30078;-78.9355;2841.0;Templado Seco (Quechua);45;13
195;Casa Del Artesano De Huancayo;Junín;-12.0704;-75.2141;3247.0;Templado Seco (Quechua);26;15
196;Parque De La Identidad Wanka;Junín;-12.0491911;-75.1977013;3299.0;Templado Seco (Quechua);26;15
197;Pueblo Artesanal De Cochas Grande;Junín;-12.00215;-75.19966;3459.0;Templado Seco (Quechua);26;15
198;Pueblo Artesanal De Hualhuas;Junín;-11.9716;-75.25101;3264.0;Templado Seco (Quechua);26;15
200;Parque Nacional Yanachaga Chemillén Zona De Uso Turístico San Alberto;Pasco;-10.539399383469704;-75.3610700572752;2489.0;Templado Seco (Quechua);-1;26
201;Iglesia Matriz Santa Rosa De Oxapampa;Pasco;-10.5747144633961;-75.4041354487198;1815.0;Templado Cálido (Yunga);65;26
202;Casa Tradicional Hassinger Baumann Haus;Pasco;-10.5731332213945;-75.4039279016778;1812.0;Templado Cálido (Yunga);65;26
203;Iglesia Nuestra Señora De Asunción De Quillazú;Pasco;-10.5267519230194;-75.4377860025435;1803.0;Templado Cálido (Yunga);65;26
215;Iglesia San José - Pozuzo;Pasco;-10.067795431784948;-75.55130079388618;748.0;Templado Cálido (Yunga);60;26
219;Cascada Anana;Pasco;-10.489046399913152;-75.62737883037713;1943.0;Templado Cálido (Yunga);-1;19
223;Zona Arqueológica Monumental Cerro Sechín;Áncash;-9.48319401980434;-78.26133550793458;243.0;Cálido / Desértico (Costa);-1;4
224;Museo Regional De Casma Max Uhle;Áncash;-9.479244;-78.25786299999999;99.0;Cálido / Desértico (Costa);-1;4
230;Museo Regional De Ica Adolfo Bermúdez Jenkins;Ica;-14.07191647410158;-75.73386937379843;405.0;Cálido / Desértico (Costa);3;9
231;Bodega Vista Alegre;Ica;-14.055061940716682;-75.72240001137453;407.0;Cálido / Desértico (Costa);3;9
11471;Puente Antonio Raimondi;Áncash;-8.342064296455263;-77.45854542593011;1617.0;Templado Cálido (Yunga);-1;21
237;Laguna De Huacachina;Ica;-14.087854051458232;-75.76291501522064;395.0;Cálido / Desértico (Costa);3;9
238;Bodega Ocucaje;Ica;-14.356002489809494;-75.67636549472809;312.0;Cálido / Desértico (Costa);32;19
239;Caserío De Cachiche;Ica;-14.09501077009113;-75.73552161455154;398.0;Cálido / Desértico (Costa);3;9
241;Huaca La Centinela;Ica;-13.439733817430495;-76.17104530334473;45.0;Cálido / Desértico (Costa);41;4
242;Casa Hacienda San José;Ica;-13.51956931705685;-76.07299447059631;128.0;Cálido / Desértico (Costa);32;19
243;Santuario De La Melchorita;Ica;-13.398660649188182;-76.15720242261887;94.0;Cálido / Desértico (Costa);41;4
244;Comunidad Del Carmen;Ica;-13.502;-76.0539;151.0;Cálido / Desértico (Costa);32;19
245;Sitio Arqueológico La Muña;Ica;-14.554393;-75.224297;307.0;Cálido / Desértico (Costa);32;19
246;Petroglifos De Chichictara;Ica;-14.465341112820498;-75.13591000000001;533.0;Templado Cálido (Yunga);-1;19
247;Paisaje Arqueologico Telar De Sacramento - Reloj Solar;Ica;-14.523877352176;-75.19253253936768;414.0;Cálido / Desértico (Costa);-1;19
250;Acueducto De Cantayo;Ica;-14.826512989741854;-74.91151899814523;639.0;Templado Cálido (Yunga);-1;11
251;Centro Ceremonial Cahuachi;Ica;-14.819147;-75.115087;375.0;Cálido / Desértico (Costa);-1;11
254;Líneas Y Geoglifos De Nasca Y Palpa;Ica;-14.739005943231716;-75.13001561164856;428.0;Cálido / Desértico (Costa);-1;11
257;Reserva Nacional De Paracas;Ica;-13.855618180176403;-76.33722543949261;99.0;Cálido / Desértico (Costa);32;19
258;Playa Tuquillo;Áncash;-10.0175;-78.19325000000003;0.0;Cálido / Desértico (Costa);43;4
260;Monumento Arqueológico Intangible Waullac ;Áncash;-9.52447254841922;-77.51372426748276;3126.0;Templado Seco (Quechua);20;2
261;Catedral De Chiclayo;Lambayeque;-6.771675584683186;-79.83792524324963;33.0;Cálido / Desértico (Costa);5;14
262;Exconvento De Los Padres Franciscanos;Lambayeque;-6.771152403267794;-79.83931614958664;34.0;Cálido / Desértico (Costa);5;14
263;Basílica San Antonio De Padua;Lambayeque;-6.773567083489516;-79.84277486801147;31.0;Cálido / Desértico (Costa);5;14
269;Iglesia San Pedro De Lambayeque;Lambayeque;-6.703459;-79.906217;21.0;Cálido / Desértico (Costa);5;14
270;Iglesia San Pedro De Mórrope;Lambayeque;-6.540897725891095;-80.0152014662043;19.0;Cálido / Desértico (Costa);37;1
271;Iglesia Santa Lucía De Ferreñafe;Lambayeque;-6.6397;-79.78811;41.0;Cálido / Desértico (Costa);5;14
272;Museo Arqueológico Nacional Bruning;Lambayeque;-6.70403;-79.90389;20.0;Cálido / Desértico (Costa);5;14
274;Playa Pimentel;Lambayeque;-6.83773;-79.93747;3.0;Cálido / Desértico (Costa);5;14
276;Playa Las Rocas;Lambayeque;-6.855251043815697;-79.93587939482882;0.0;Cálido / Desértico (Costa);5;14
277;Leyenda Del Carretón;Lambayeque;-6.50974;-79.8596;45.0;Cálido / Desértico (Costa);37;1
278;Playa Santa Rosa;Lambayeque;-6.88389;-79.92165;6.0;Cálido / Desértico (Costa);5;14
279;Santuario Histórico Bosque De Pómac;Lambayeque;-6.48641;-79.75318;80.0;Cálido / Desértico (Costa);37;1
282;Templo De La Merced;Puno;-15.496554524578556;-70.13172715902328;3830.0;Frío (Suni);30;12
283;Muelle De Pimentel;Lambayeque;-6.83571;-79.93791;4.0;Cálido / Desértico (Costa);5;14
284;Parque Artesanal De Monsefú;Lambayeque;-6.87809;-79.86834;13.0;Cálido / Desértico (Costa);5;14
287;Pueblo De Mazan;Loreto;-3.496289;-73.091399;87.0;Tropical Húmedo (Selva);-1;7
289;Museo Amazónico;Loreto;-3.7524467018823375;-73.24435736758666;103.0;Tropical Húmedo (Selva);2;27
290;Casa De Fierro;Loreto;-3.749891405086802;-73.24406862258911;103.0;Tropical Húmedo (Selva);2;27
291;Ex Hotel Palace;Loreto;-3.750688991749461;-73.24371457099915;106.0;Tropical Húmedo (Selva);2;27
299;Mercado Artesanal Turístico De San Juan;Loreto;-3.77442;-73.2866;100.0;Tropical Húmedo (Selva);2;27
302;El Inchicapi;Loreto;-3.74993;-73.2622;94.0;Tropical Húmedo (Selva);2;27
303;Fiesta Patronal San Juan Bautista;Loreto;-3.74993;-73.2622;94.0;Tropical Húmedo (Selva);2;27
305;Tacacho;Loreto;-3.74993;-73.2622;94.0;Tropical Húmedo (Selva);2;27
306;Timbuche;Loreto;-3.74993;-73.2622;94.0;Tropical Húmedo (Selva);2;27
309;Momón El Guardián Del Bosque ;Loreto;-3.74993;-73.2622;94.0;Tropical Húmedo (Selva);2;27
310;Nina Juane;Loreto;-3.74993;-73.2622;94.0;Tropical Húmedo (Selva);2;27
311;Sudado De Gamitana;Loreto;-3.74993;-73.2622;94.0;Tropical Húmedo (Selva);2;27
312;Paiche Frito Con Chonta Y Yuca O Platano;Loreto;-3.74993;-73.2622;94.0;Tropical Húmedo (Selva);2;27
313;Ensalada De Chonta O Palmito;Loreto;-3.74993;-73.2622;94.0;Tropical Húmedo (Selva);2;27
314;Templo Matriz De Santa Catalina ;Puno;-15.493406334309425;-70.13476610183716;3828.0;Frío (Suni);30;12
316;Masato;Loreto;-3.74993;-73.2622;94.0;Tropical Húmedo (Selva);2;27
320;Changanacuy;Loreto;-3.74993;-73.2622;94.0;Tropical Húmedo (Selva);2;27
321;Catedral De Huancayo;Junín;-12.06770222157;-75.20990252494;3258.0;Templado Seco (Quechua);26;15
322;Iglesia  Belén;Moquegua;-17.191506707144796;-70.93124806880951;1414.0;Templado Cálido (Yunga);13;16
327;Casa Chocano;Moquegua;-17.19432573771292;-70.93473737990547;1418.0;Templado Cálido (Yunga);13;16
330;Molinos Coloniales-Fundo La Bobeda;Moquegua;-17.0773;-70.8552;2215.0;Templado Cálido (Yunga);12;16
332;Aguas Termales De Cuchumbaya;Moquegua;-16.751665;-70.682981;3094.0;Templado Seco (Quechua);31;12
333;Geiser De Puente Bello;Moquegua;-16.55408272182;-70.47249056288;4164.0;Muy Frío (Puna);67;3
334;Iglesia San Agustín De Torata ;Moquegua;-17.07632831402758;-70.84406722337008;2187.0;Templado Cálido (Yunga);-1;16
335;Zona Arqueológica Monumental Cerro Baúl;Moquegua;-17.110916067927732;-70.85997074228334;2461.0;Templado Seco (Quechua);12;16
338;Sitio Arqueológico Camata;Moquegua;-17.04538627969091;-70.8279379053431;2884.0;Templado Seco (Quechua);31;12
339;Cataratas De Mollesaja;Moquegua;-17.111102;-70.889649;1889.0;Templado Cálido (Yunga);13;16
342;Valle De Omate;Moquegua;-16.67400733785106;-70.97020983695984;2172.0;Templado Cálido (Yunga);31;12
343;Catarata El Chorro;Moquegua;-16.749321726176063;-70.8763977252006;1804.0;Templado Cálido (Yunga);31;20
344;Aguas Termales De Ullucán;Moquegua;-16.604050419749054;-71.03743570020114;2800.0;Templado Seco (Quechua);31;12
345;Aguas Termales De Ichuña;Moquegua;-16.1383;-70.53620000000001;3849.0;Frío (Suni);67;3
348;Glorieta José Gálvez - Ilo;Moquegua;-17.6437;-71.3455;0.0;Cálido / Desértico (Costa);27;20
350;Casa Tradicional Herbert De La Flor Angulo ;Moquegua;-17.194055862393647;-70.93435579516529;1411.0;Templado Cálido (Yunga);13;16
351;Iglesia De San Jerónimo - Ilo;Moquegua;-17.6464;-71.3449;17.0;Cálido / Desértico (Costa);27;20
352;Punta Coles - Rnsiipg;Moquegua;-17.7014;-71.3725;32.0;Cálido / Desértico (Costa);27;20
353;Playa Pozo De Lisas - Ilo;Moquegua;-17.6926;-71.3546;0.0;Cálido / Desértico (Costa);27;20
354;Caleta  Puerto Inglés - Ilo;Moquegua;-17.6637;-71.3578;2.0;Cálido / Desértico (Costa);27;20
357;Museo Municipal De Sitio El Algarrobal (Chiribaya);Moquegua;-17.6231;-71.2688;95.0;Cálido / Desértico (Costa);27;20
358;Playa Wawakiki - Pacocha;Moquegua;-17.4147;-71.3845;0.0;Cálido / Desértico (Costa);27;20
361;Basílica Catedral San Miguel Arcangel De Piura;Piura;-5.196568939213064;-80.62677919864655;36.0;Cálido / Desértico (Costa);6;14
362;Casa Museo Almirante Miguel Grau;Piura;-5.197863126853503;-80.62728948891163;32.0;Cálido / Desértico (Costa);6;14
364; Complejo Arqueológico Monumental Narihualá;Piura;-5.294514286335275;-80.68644091486931;30.0;Cálido / Desértico (Costa);6;14
366;Iglesia San Juan Bautista;Piura;-5.265065058527784;-80.67578047513962;27.0;Cálido / Desértico (Costa);6;14
367;Calle Comercio;Piura;-5.2658663257105465;-80.67649126052856;28.0;Cálido / Desértico (Costa);6;14
370;Bosque De Cuyas;Piura;-4.618688863234914;-79.78846549987793;2030.0;Templado Cálido (Yunga);55;17
374;Complejo Arqueológico De Aypate;Piura;-4.707437;-79.57572800000003;2820.0;Templado Seco (Quechua);55;17
376;Laguna San Pablo;Piura;-4.995673323093972;-79.6512737266312;2269.0;Templado Cálido (Yunga);55;17
377;Complejo Arqueológico De Caxas;Piura;-5.220878921068208;-79.44488525390625;2133.0;Templado Cálido (Yunga);55;17
386;Plaza Mayor De Ayacucho;Ayacucho;-13.16024737668489;-74.22581881284714;2748.0;Templado Seco (Quechua);24;15
394;Cerro Arqueológico Vicús;Piura;-5.15438;-80.15981299999999;418.0;Cálido / Desértico (Costa);-1;1
397;Playa Colán;Piura;-5.009507826249269;-81.06631278991699;0.0;Cálido / Desértico (Costa);40;1
398;Paseo Turicarami;Piura;-4.89563492772545;-80.69666683673859;36.0;Cálido / Desértico (Costa);-1;1
400;Parroquia Santísima Trinidad ;Piura;-4.890270015477113;-80.68795703351498;62.0;Cálido / Desértico (Costa);39;1
402;Coto De Caza El Angolo ;Piura;-4.199057313652975;-80.86865186614888;145.0;Cálido / Desértico (Costa);53;10
403;Casa Hacienda Sojo;Piura;-4.902136903173308;-80.82044273614883;41.0;Cálido / Desértico (Costa);40;1
405;Playa Los Órganos;Piura;-4.175610286463631;-81.12950697541237;0.0;Cálido / Desértico (Costa);53;10
407;Playa Máncora;Piura;-4.10574389414202;-81.0572201013565;0.0;Cálido / Desértico (Costa);53;10
408;Basilica Menor De La Catedral De Puno;Puno;-15.840906720199383;-70.02873569726944;3843.0;Frío (Suni);8;6
409;Iglesia San Juan Bautista - Santuario Virgen De La Candelaria;Puno;-15.837854468338886;-70.0284218788147;3839.0;Frío (Suni);8;6
410;Parque Pino;Puno;-15.837663197083684;-70.02744555473328;3832.0;Frío (Suni);8;6
412;Reserva Nacional Del Titicaca;Puno;-15.7324545090213;-69.9367774631263;3809.0;Frío (Suni);8;6
413;Lago Titicaca;Puno;-15.796878613098205;-69.50431823730469;3809.0;Frío (Suni);30;12
419;Sitio Arqueológico De Molloco;Puno;-16.007591379633435;-69.77188859259036;3837.0;Frío (Suni);30;12
420;Templo San Juan Evangelista De Acora;Puno;-15.972920466487125;-69.79785650968552;3830.0;Frío (Suni);30;12
422;Templo San Juan De Llaqwa ;Apurímac;-14.22185;-72.14714;3516.0;Frío (Suni);-1;18
423;Templo Colonial De Huaquirca;Apurímac;-14.339382428425038;-72.89441572883607;3497.0;Templado Seco (Quechua);-1;23
424;Complejo Arqueológico De Sillustani;Puno;-15.723518480797308;-70.15513747930527;3870.0;Frío (Suni);8;6
425;Sitio Arqueológico Inka Uyu;Puno;-15.892228232149613;-69.88874065106505;3859.0;Frío (Suni);8;6
426;Templo De Santo Domingo;Puno;-15.892648956075492;-69.88837838172913;3863.0;Frío (Suni);8;6
427;Templo De Nuestra Señora De La Asunción De Chucuito;Puno;-15.89477557797479;-69.8904590457054;3879.0;Frío (Suni);8;6
428;Glorieta - Mirador De Chucuito;Puno;-15.89644621725179;-69.88977313041687;3878.0;Frío (Suni);8;6
429;Templo De Nuestra Señora De La Asunción;Puno;-16.24368919672101;-69.09236949570084;3829.0;Frío (Suni);69;3
430;Complejo Arqueológico De Cutimbo;Puno;-16.02078332568118;-70.0051157433777;4014.0;Muy Frío (Puna);30;12
431;Templo De Nuestra Señora De La Asuncion De Azangaro;Puno;-14.909244;-70.19515999999999;3861.0;Frío (Suni);72;3
432;Templo De Tintiri;Puno;-14.871313;-70.111941;3868.0;Frío (Suni);72;3
433;Laguna San Juan De Salinas;Puno;-14.980772368200023;-70.11835098266603;3828.0;Frío (Suni);72;3
434;Templo San Jeronimo;Puno;-14.78669;-70.35473300000001;3910.0;Frío (Suni);72;3
435;Templo Santiago Apostol - Santiago De Pupuja;Puno;-15.053597;-70.27772199999998;3915.0;Frío (Suni);72;3
436;Arte Rupestre De Chaqatira;Puno;-14.000762854876744;-70.47804557128904;4181.0;Muy Frío (Puna);72;3
437;Nevados Allin Qhapaq, Huayna Qhapaq Y Chichi Qhapaq;Puno;-13.903908808613748;-70.4106903076172;5448.0;Glacial / Nieve (Janca);-1;3
438;Baños Termales De Ollachea;Puno;-13.799678095735974;-70.47044992446894;2684.0;Templado Seco (Quechua);-1;3
439;Capilla Colonial De Cotaña;Puno;-12.985824071305588;-69.60250854492188;226.0;Cálido / Desértico (Costa);51;24
441;Ciudad De Juli;Puno;-16.21322456704548;-69.45916056632996;3872.0;Frío (Suni);30;12
442;Templo San Pedro Martir;Puno;-16.212732639133275;-69.46037292480469;3883.0;Frío (Suni);30;12
443;Templo Museo San Juan De Letran De Juli;Puno;-16.210854;-69.45864599999999;3859.0;Frío (Suni);30;12
444;Templo De La Asunción O Santa Maria La Mayor;Puno;-16.214896082554954;-69.45728838443756;3882.0;Frío (Suni);30;12
446;Templo De Santiago Apóstol O Nuestra Señora Del Rosario;Puno;-16.272665799062008;-69.29234919455392;3868.0;Frío (Suni);69;3
447;Playa Chatuma;Puno;-16.267141615716874;-69.22475881124022;3809.0;Frío (Suni);69;3
449;Templo De San Pedro Y San Pablo De Zepita;Puno;-16.498877397600037;-69.10174548625946;3826.0;Frío (Suni);69;3
450;Complejo Arqueologico De Tanka Tanka;Puno;-16.586164107918826;-69.25002336502077;3961.0;Frío (Suni);69;3
451;Templo Santiago Apostol;Puno;-15.204433335933256;-69.76086616516113;3845.0;Frío (Suni);30;12
454;Biblioteca Municipal De Lampa;Puno;-15.364703163447745;-70.36783665418625;3869.0;Frío (Suni);30;12
455;Templo San Salvador De Antabamba ;Apurímac;-14.365151;-72.878019;3642.0;Frío (Suni);70;18
456;Puente Republicano De Lampa;Puno;-15.371569;-70.36675;3856.0;Frío (Suni);30;12
459;Pueblo Historico De Lampa;Puno;-15.364495;-70.3669429;3869.0;Frío (Suni);30;12
460;Complejo Arqueológico De Pukará;Puno;-15.04563;-70.372454;3909.0;Frío (Suni);72;3
461;Baños Termales De Pojpoquella;Puno;-14.887095911199914;-70.57991087436676;3905.0;Frío (Suni);72;3
462;Cañón De Tinajani;Puno;-15.00266042048268;-70.57786166667944;3943.0;Frío (Suni);72;3
463;Templo De San Pedro Apostol;Puno;-15.36047962143266;-69.49950635433197;3888.0;Frío (Suni);30;12
464;Necrópolis De Huancarani;Puno;-15.32044820472773;-69.39528502502442;3902.0;Frío (Suni);-1;3
466;Sitio Arqueológico De Paru Paru;Puno;-15.33762722663491;-69.62015491724013;3830.0;Frío (Suni);30;12
468;Baños Termales Piscina Municipal José Solorzano Salas ;Puno;-14.913264565257816;-69.86715176052275;3854.0;Frío (Suni);72;3
475;Catedral De Tacna;Tacna;-18.01451695;-70.25198699;561.0;Templado Cálido (Yunga);11;16
478;Centro Cultural Casa  Basadre;Tacna;-18.01372085;-70.25165187;566.0;Templado Cálido (Yunga);11;16
481;Locomotora A Vapor N° 3;Tacna;-18.01634966777509;-70.25250434875488;557.0;Templado Cálido (Yunga);11;16
482;Casa De La Comisión Jurídica;Tacna;-18.011057812362335;-70.24842764418031;573.0;Templado Cálido (Yunga);11;16
483;Escenario De La Batalla Del Alto De La Alianza;Tacna;-17.999284;-70.293657;761.0;Templado Cálido (Yunga);11;16
484;Baños Termales De Calientes-Pachia;Tacna;-17.85717400000002;-70.12194727116395;1299.0;Templado Cálido (Yunga);-1;20
494;Playa Boca Del Rio;Tacna;-18.158737;-70.680973;5.0;Cálido / Desértico (Costa);27;20
496;Volcán Yucamani;Tacna;-17.182500819652695;-70.19888861919452;5418.0;Glacial / Nieve (Janca);-1;3
500;Baños Termales Jhuntu Phuju;Tacna;-17.118199;-70.14392;4334.0;Muy Frío (Puna);-1;3
507;Ciudadela De Qampaycata Y/O Moqui;Tacna;-17.317339;-70.434079;2809.0;Templado Seco (Quechua);31;12
513;Pinturas Rupestres De Toquepala;Tacna;-17.304319;-70.71777;2305.0;Templado Seco (Quechua);-1;3
515;Playa Ite-Inglesa;Tacna;-17.89880519149986;-70.9948078306885;2.0;Cálido / Desértico (Costa);27;20
518;Iglesia San Benedicto;Tacna;-17.474307;-70.031977;3069.0;Templado Seco (Quechua);31;12
526;Baños Termales De Putina-Ticaco;Tacna;-17.434081750822873;-70.03839014980139;3395.0;Templado Seco (Quechua);31;12
529;Aguas Termales De Ccocho;Apurímac;-14.42364130532;-72.80171328811;3583.0;Frío (Suni);70;18
530;Sitio Arqueológico Laguna De Los Cóndores ;Amazonas;-6.852714;-77.692006;2894.0;Templado Seco (Quechua);45;13
534;Área De Conservación Regional Imiria;Ucayali;-8.840294146238357;-74.22646522521973;153.0;Tropical Húmedo (Selva);-1;19
535;Laguna Yarinacocha;Ucayali;-8.351376;-74.57505500000002;138.0;Tropical Húmedo (Selva);9;25
536;Comunidad Nativa San Francisco;Ucayali;-8.272903;-74.63661;153.0;Tropical Húmedo (Selva);9;25
548;Catarata Velo De La Novia;Ucayali;-9.073450123066;-75.68196058273;437.0;Tropical Húmedo (Selva);60;26
549;Catarata Ducha Del Diablo;Ucayali;-9.06672;-75.6792;516.0;Tropical Húmedo (Selva);60;26
554;Laguna Parón;Áncash;-8.994163305480877;-77.67111266137691;4147.0;Muy Frío (Puna);62;5
557;Cañón Del Pato;Áncash;-8.862056937036709;-77.82891276732913;1837.0;Templado Cálido (Yunga);-1;28
558;Quebrada Santa Cruz ;Áncash;-8.939295100314405;-77.68332865008547;3844.0;Frío (Suni);62;5
559;Quebrada Los Cedros;Áncash;-8.828055555555556;-77.72805555555556;4032.0;Muy Frío (Puna);49;28
560;Carrera A La Cinta;Áncash;-8.9769;-77.1843;2759.0;Templado Seco (Quechua);62;13
561;Nevado Alpamayo;Áncash;-8.879315842048872;-77.6522531530952;5495.0;Glacial / Nieve (Janca);-1;5
562;Gruta De San Patricio;Áncash;-9.72369817257239;-77.45734329447748;3416.0;Templado Seco (Quechua);62;5
564;Nevado Pastoruri;Áncash;-9.930295619996317;-77.18991961111453;5156.0;Glacial / Nieve (Janca);-1;5
565;Cerro Pan De Azucar;Áncash;-9.126297315321228;-77.75327503681183;2610.0;Templado Seco (Quechua);62;13
566;Laguna Chinancocha - Llanganuco;Áncash;-9.075358237663016;-77.64601411772155;3825.0;Frío (Suni);62;5
567;Laguna Patococha;Áncash;-9.889675;-77.309036;4151.0;Muy Frío (Puna);62;5
568;Nevado Huascarán;Áncash;-9.12161853861732;-77.60647660176777;6692.0;Glacial / Nieve (Janca);-1;5
569;Campo Santo De Yungay;Áncash;-9.150390031961972;-77.73658484984588;2539.0;Templado Seco (Quechua);-1;13
571;Sitio Arqueológico De Saywite;Apurímac;-13.547273879362905;-72.80286133289337;3628.0;Frío (Suni);22;6
573;Templo San Pedro De Haquira ;Apurímac;-14.213923477524531;-72.18872934579849;3685.0;Frío (Suni);-1;18
575;Baños Termales De Cconoc;Apurímac;-13.542986882051624;-72.63884149241494;1820.0;Templado Cálido (Yunga);-1;23
576;Sitio Arqueológico De Qorimarca;Apurímac;-13.529745068382926;-72.86227762699127;3945.0;Frío (Suni);-1;6
577;Santuario Nacional De Ampay ;Apurímac;-13.6033015386;-72.87594234338;2938.0;Templado Seco (Quechua);-1;6
578;Sitio Arqueológico De Sóndor;Apurímac;-13.605871377046505;-73.26942056085204;3210.0;Templado Seco (Quechua);71;23
580;Laguna De Matara;Apurímac;-14.35128333365;-72.91963733759;3367.0;Templado Seco (Quechua);-1;23
583;Sitio Arqueológico De Markansaya ;Apurímac;-14.184986;-72.18316199999998;3995.0;Frío (Suni);-1;18
584;Laguna Occocco;Apurímac;-14.045608333333334;-72.78266944444442;4371.0;Muy Frío (Puna);-1;23
585;Templo San Miguel Arcángel De Mamara ;Apurímac;-14.22908639498622;-72.58986044047549;3603.0;Frío (Suni);-1;23
587;Iglesia San Miguel Arcángel De Cayma;Arequipa;-16.381175499707467;-71.54592990875244;2403.0;Templado Seco (Quechua);12;16
589;Pueblo De Characato;Arequipa;-16.46870818615489;-71.48409962654114;2466.0;Templado Seco (Quechua);12;16
595;Catarata De Sipia;Arequipa;-15.241841613201856;-72.95837044715881;2050.0;Templado Cálido (Yunga);-1;18
596;La Mansión Del Fundador;Arequipa;-16.464278857774403;-71.55736684799194;2226.0;Templado Cálido (Yunga);12;16
597;Mirador De Yanahuara;Arequipa;-16.387473;-71.541725;2372.0;Templado Seco (Quechua);12;16
598;Cuevas De Sumbay;Arequipa;-15.975883;-71.349351;4097.0;Muy Frío (Puna);-1;12
599;Volcán Misti;Arequipa;-16.29665107684138;-71.4108163118363;5789.0;Glacial / Nieve (Janca);-1;6
600;Casa De La Cultura De La Provincia De Aija Santiago Antúnez De Mayolo;Áncash;-9.780535;-77.60988399999997;3377.0;Templado Seco (Quechua);62;5
601;Aguas Termales De Killcata;Apurímac;-14.45476707549;-72.57911641137;4016.0;Muy Frío (Puna);-1;18
602;Cañón Del Apurímac;Apurímac;-13.522896;-72.695087;3034.0;Templado Seco (Quechua);-1;23
606;Complejo De Aguas Termales De Yura;Arequipa;-16.245555186486175;-71.69380009174347;2519.0;Templado Seco (Quechua);31;12
609;Valle De Los Volcanes;Arequipa;-15.498898577572351;-72.35575842327881;3576.0;Frío (Suni);-1;18
610;Reserva Nacional De Salinas Y Aguada Blanca;Arequipa;-16.366952;-71.204342;4324.0;Muy Frío (Puna);-1;12
611;Complejo Arqueológico  Toro Muerto;Arequipa;-16.2244723346;-72.502147864;649.0;Templado Cálido (Yunga);52;11
612;Complejo Turístico Baños Termales La Calera;Arequipa;-15.614865401587275;-71.58769670933151;3628.0;Frío (Suni);76;3
615;Mirador De La Cruz Del Condor;Arequipa;-15.611146;-71.905903;3755.0;Frío (Suni);76;3
616;Valle Del Colca;Arequipa;-15.638034567493976;-71.60444679629519;3632.0;Frío (Suni);76;3
617;Cañon Del Colca;Arequipa;-15.596139011534111;-71.97620584921265;2215.0;Templado Cálido (Yunga);-1;18
628;Bosque De Piedras De Imata;Arequipa;-15.917355555415469;-71.04006437301638;4489.0;Muy Frío (Puna);-1;12
629;Iglesia San Juan Bautista;Arequipa;-15.486371508972848;-71.45736527116395;3817.0;Frío (Suni);76;3
631;Templo De La Inmaculada Concepción;Arequipa;-15.649889114597269;-71.65886968374258;3429.0;Templado Seco (Quechua);76;3
633;Santuario Nacional Lagunas De Mejía;Arequipa;-17.12731325882878;-71.88122212886806;3.0;Cálido / Desértico (Costa);57;11
635;Iglesia Catedral  Santa Catalina;Cajamarca;-7.15646;-78.51806;2728.0;Templado Seco (Quechua);17;2
636;Iglesia San Antonio De Padua - San Francisco;Cajamarca;-7.15721;-78.51676;2723.0;Templado Seco (Quechua);17;2
637;Mirador Del Cerro Santa Apolonia;Cajamarca;-7.16017;-78.51919;2779.0;Templado Seco (Quechua);17;2
638;Conjunto Monumental Belén;Cajamarca;-7.158915;-78.51690500000001;2733.0;Templado Seco (Quechua);17;2
639;El Cuarto Del Rescate;Cajamarca;-7.157906;-78.51650999999998;2724.0;Templado Seco (Quechua);17;2
641;Complejo Arqueológico De Layzón;Cajamarca;-7.19363;-78.55650000000003;3559.0;Frío (Suni);-1;2
642;Complejo Arqueológico Huacaloma;Cajamarca;-7.17411;-78.50013;2704.0;Templado Seco (Quechua);17;2
643;Ventanillas De Otuzco;Cajamarca;-7.126574;-78.45713799999999;2735.0;Templado Seco (Quechua);17;2
646;Granja Porcón;Cajamarca;-7.036;-78.63239;3132.0;Templado Seco (Quechua);45;13
647;Complejo Arqueológico Cumbemayo;Cajamarca;-7.1926166694488725;-78.57393635276128;3545.0;Frío (Suni);-1;2
648;Hacienda La Colpa;Cajamarca;-7.218143;-78.44677100000001;2617.0;Templado Seco (Quechua);17;2
650;Templo San Pedro De Andahuaylas ;Apurímac;-13.656943000000002;-73.38997970304109;2903.0;Templado Seco (Quechua);71;23
651;Cárcel De Piedra O Qaqacárcel De Haquira;Apurímac;-14.21336600254673;-72.18793541104509;3677.0;Frío (Suni);-1;18
652;Puente Colonial De San Nicolas De Tolentino;Apurímac;-14.076341186648484;-72.62368801719663;2762.0;Templado Seco (Quechua);-1;23
653;Templo Colonial De Ayrihuanca;Apurímac;-14.115222222222222;-72.61460833333331;3511.0;Frío (Suni);-1;23
654;Monumento Arqueológico Chavín De Huantar;Áncash;-9.593837429738326;-77.17763140797615;3161.0;Templado Seco (Quechua);62;5
655;Río Amazonas (Iquitos- Nauta- Pacaya Samiria);Loreto;-3.707099014822673;-73.22688102722168;79.0;Tropical Húmedo (Selva);2;27
656;Museo De Sitio Kuntur Wasi;Cajamarca;-7.125852245363025;-78.84157181349184;2191.0;Templado Cálido (Yunga);45;13
659;Complejo Turístico Baños Del Inca;Cajamarca;-7.16318;-78.46459;2658.0;Templado Seco (Quechua);17;2
662;Laguna De Quengococha;Cajamarca;-7.62928646455273;-77.95892819510652;3780.0;Frío (Suni);45;5
663;Laguna De Yaguarcocha;Cajamarca;-7.581261985593552;-77.9749938306885;3821.0;Frío (Suni);45;5
665;Complejo Arqueológico La Chocta;Cajamarca;-7.086339129358725;-78.03136432800295;3088.0;Templado Seco (Quechua);45;13
668;Complejo Arquelógico Tantarica;Cajamarca;-7.27515;-78.9667;2771.0;Templado Seco (Quechua);45;13
671;Represa Gallito Ciego;Cajamarca;-7.238917146569425;-79.21328366137698;308.0;Cálido / Desértico (Costa);-1;1
674;Ventanillas De Jangala;Cajamarca;-7.000613;-78.851408;2613.0;Templado Seco (Quechua);45;13
675;Complejo Arqueológico Kuntur Wasi;Cajamarca;-7.128683167219721;-78.84620249206546;2252.0;Templado Cálido (Yunga);45;13
676;Iglesia  De San Francisco;Huánuco;-9.927227765867029;-76.242416203022;1900.0;Templado Cálido (Yunga);15;2
677;Iglesia San Cristobal;Huánuco;-9.931077209603965;-76.2360942363739;1897.0;Templado Cálido (Yunga);15;2
678;Iglesia Del Sagrario La Merced;Huánuco;-9.931980778717;-76.23944163322;1899.0;Templado Cálido (Yunga);15;2
679;Iglesia San Sebastián;Huánuco;-9.936546142396;-76.24482750892;1903.0;Templado Cálido (Yunga);15;2
680;Puente Calicanto;Huánuco;-9.932300461928955;-76.23642951250076;1896.0;Templado Cálido (Yunga);15;2
682;Casa Hacienda Pucuchinche;Huánuco;-9.922347;-76.29462;1991.0;Templado Cálido (Yunga);15;2
683;Zona Arqueológica Monumental De Kotosh;Huánuco;-9.931220514331857;-76.27956244907381;1948.0;Templado Cálido (Yunga);15;2
685;Cinco Lagunas De Pichgacocha;Huánuco;-10.026234122;-76.13524317741;3871.0;Frío (Suni);16;22
687;Pueblo Tradicional De Tomay Kichwa;Huánuco;-10.0771322243;-76.21621370315;2015.0;Templado Cálido (Yunga);15;2
688;Zona Arqueológica Monumental De Huánuco Pampa;Huánuco;-9.875390833994908;-76.81643755315145;3646.0;Frío (Suni);62;5
698;Cueva De Las Lechuzas;Huánuco;-9.3298631164;-76.0220003128;717.0;Templado Cálido (Yunga);33;19
702;Plaza Huamanmarca;Junín;-12.070711;-75.208482;3251.0;Templado Seco (Quechua);26;15
703;Plaza De La Constitución;Junín;-12.06805556;-75.21;3258.0;Templado Seco (Quechua);26;15
704;Capilla De La Merced;Junín;-12.0663383902;-75.21197274846;3246.0;Templado Seco (Quechua);26;15
708;Laguna Jahuacocha;Áncash;-10.23830481725482;-76.95511785880964;4052.0;Muy Frío (Puna);48;8
712;Fortaleza De Quequerana;Puno;-15.428093;-69.30085;4037.0;Muy Frío (Puna);-1;3
713;Cerrito De La Libertad;Junín;-12.06246336456;-75.19578455016;3329.0;Templado Seco (Quechua);26;15
714;Santuario Arqueológico De Wariwillka ;Junín;-12.11716075509905;-75.20585800000003;3234.0;Templado Seco (Quechua);26;15
715;Centro Piscícola El Ingenio;Junín;-11.8820109;-75.2585009;3563.0;Frío (Suni);73;0
717;Convento De Santa Rosa De Ocopa ;Junín;-11.874007526779971;-75.29443234205246;3380.0;Templado Seco (Quechua);73;0
718;Collpa Colorado;Madre De Dios;-12.993946484198942;-69.50920240661617;201.0;Tropical Húmedo (Selva);0;20
720;Reserva Nacional De Tambopata;Madre De Dios;-12.92869;-69.27323;220.0;Tropical Húmedo (Selva);0;20
721;Collpa Chuncho;Madre De Dios;-12.975676195564947;-69.50501659259032;202.0;Tropical Húmedo (Selva);0;20
722;Collpa De Guacamayos De Pariamanu;Madre De Dios;-12.40254;-69.50751;216.0;Tropical Húmedo (Selva);0;20
724;Lago Tres Chimbadas;Madre De Dios;-12.790374719124848;-69.34578172460942;180.0;Tropical Húmedo (Selva);0;20
726;Lago Cocococha;Madre De Dios;-12.816622;-69.26311499999997;180.0;Tropical Húmedo (Selva);0;20
727;Lago Sachavacayoc;Madre De Dios;-12.896392;-69.358902;186.0;Tropical Húmedo (Selva);0;20
729;Quebrada El Gato;Madre De Dios;-12.6;-70.0833;221.0;Tropical Húmedo (Selva);51;24
730;Lago Sandoval;Madre De Dios;-12.606712615503442;-69.03840678833006;178.0;Tropical Húmedo (Selva);1;16
731;Lago Valencia;Madre De Dios;-12.439622652751442;-68.81848262963865;162.0;Tropical Húmedo (Selva);0;20
733;Parque Nacional Del Manu;Madre De Dios;-12.11485;-71.641067;575.0;Tropical Húmedo (Selva);51;24
736;Plaza De Armas De Moquegua;Moquegua;-17.193785723664266;-70.93452730182759;1411.0;Templado Cálido (Yunga);13;16
739;Sitio Arqueológico Ollape;Amazonas;-6.4851505;-77.8247512;2799.0;Templado Seco (Quechua);45;13
740;Sitio Arqueológico La Congona;Amazonas;-6.6702872;-77.821401;2491.0;Templado Seco (Quechua);45;13
742;Pueblo Histórico Levanto;Amazonas;-6.307930344477428;-77.89893854232787;2666.0;Templado Seco (Quechua);18;2
743;Zona  Arqueológica Monumental Yálape;Amazonas;-6.315833333333333;-77.87333333333333;2682.0;Templado Seco (Quechua);18;2
744;Centro Histórico De La  Jalca Grande;Amazonas;-6.484551;-77.8155399;2855.0;Templado Seco (Quechua);45;13
745;Sitio Arqueológico Macro;Amazonas;-6.3666907;-77.9174917;1792.0;Templado Cálido (Yunga);-1;2
746;Sitio Arqueológico Tella;Amazonas;-6.36156;-77.89163;2310.0;Templado Seco (Quechua);18;2
11709;Mural De Jaime Ayala ;Ayacucho;-12.940294816170269;-74.25141225980818;2632.0;Templado Seco (Quechua);78;0
748;Sitio Arqueológico Olán;Amazonas;-6.65069;-77.72379999999998;3285.0;Templado Seco (Quechua);45;13
749;Lago Pomacochas;Amazonas;-5.825327;-77.9521056;2219.0;Templado Cálido (Yunga);45;13
750;Catarata Chinata;Amazonas;-5.951924;-77.91912;2488.0;Templado Seco (Quechua);45;13
753;Sitio Arqueológico Revash;Amazonas;-6.5407902;-77.8602223;2825.0;Templado Seco (Quechua);45;13
754;Zona Arqueológica Monumental Kuélap;Amazonas;-6.418731655434615;-77.92272359132755;3004.0;Templado Seco (Quechua);45;13
756;Laguna Churup;Áncash;-9.484431;-77.428987;4453.0;Muy Frío (Puna);19;22
757;Laguna Llaca - Parque Nacional Huascarán ;Áncash;-9.435807;-77.444233;4490.0;Muy Frío (Puna);19;22
759;Danza Las Pallas De Corongo;Áncash;-8.56854;-77.8968;3162.0;Templado Seco (Quechua);49;28
760;Nevado Churup;Áncash;-9.471322610028754;-77.41772526991105;5116.0;Glacial / Nieve (Janca);-1;22
765;Santuario Del Señor De La Soledad - Huaraz ;Áncash;-9.532066933074702;-77.52277135848999;3083.0;Templado Seco (Quechua);20;2
766;Calle José Olaya - Huaraz;Áncash;-9.52834396985447;-77.51981994477461;3094.0;Templado Seco (Quechua);20;2
767;Baños Termales De Monterrey;Áncash;-9.46797360453506;-77.53541260957718;2986.0;Templado Seco (Quechua);20;2
768;Monumento Arquológico De Willkawain;Áncash;-9.483288585859096;-77.5114325852451;3390.0;Templado Seco (Quechua);20;22
770;Sitio Arqueológico Purumllacta De Cheto;Amazonas;-6.25362;-77.74000000000001;2404.0;Templado Seco (Quechua);18;2
771;Plaza Mayor De Tumbes ;Tumbes;-3.570721374808836;-80.45959711074829;8.0;Cálido / Desértico (Costa);7;14
774;Iglesia Matriz San Nicolas De Tolentino.;Tumbes;-3.570159204216482;-80.45936107635498;8.0;Cálido / Desértico (Costa);7;14
775;Plazuela El Beso;Tumbes;-3.5739551875298643;-80.45769274234772;8.0;Cálido / Desértico (Costa);7;14
778;Paseo Jerusalén;Tumbes;-3.568132710225353;-80.45715093612671;16.0;Cálido / Desértico (Costa);7;14
781;Paseo De La Concordia Peruana-Ecuatoriana.;Tumbes;-3.5703867494977044;-80.45925110578537;8.0;Cálido / Desértico (Costa);7;14
790;Aguas Termales Hervideros;Tumbes;-3.716105555555556;-80.6944138888889;40.0;Cálido / Desértico (Costa);34;1
793;Feria Dominical De Huancayo;Junín;-12.0704;-75.2141;3247.0;Templado Seco (Quechua);26;15
794;Pueblo Histórico De Sicaya;Junín;-12.014337;-75.2797593;3279.0;Templado Seco (Quechua);26;15
795;Formaciones Geológicas De Torre Torre;Junín;-12.059932;-75.18166667;3424.0;Templado Seco (Quechua);26;15
797;Laguna De Ñahuinpuquio;Junín;-12.071163;-75.339078;3378.0;Templado Seco (Quechua);26;15
798;Sitio Arqueológico De Arwaturo;Junín;-12.072709;-75.332234;3467.0;Templado Seco (Quechua);26;15
800;La Casa Ugarte León;Junín;-11.91791;-75.31297;3290.0;Templado Seco (Quechua);73;0
802;La Cruz De La Conquista.;Tumbes;-3.6370078787725895;-80.58979053008862;6.0;Cálido / Desértico (Costa);7;14
803;Manantial Virgen De Cocharcas De Matapuquio;Junín;-12.084719;-75.32723;3354.0;Templado Seco (Quechua);26;15
804;Plazuela Faustino Piaggio.;Tumbes;-3.670946217925896;-80.66011024981799;4.0;Cálido / Desértico (Costa);34;1
805;Playa Punta Sal;Tumbes;-3.983279598513124;-80.98395824432373;3.0;Cálido / Desértico (Costa);34;1
806;Playa Punta Mero;Tumbes;-3.901762156384268;-80.87705612182617;0.0;Cálido / Desértico (Costa);34;1
807;Playa Acapulco;Tumbes;-3.71724;-80.74630000000002;0.0;Cálido / Desértico (Costa);34;1
808;Playa Bocapán ;Tumbes;-3.711265;-80.72461900000002;7.0;Cálido / Desértico (Costa);34;1
809;Playa Los Pinos.;Tumbes;-3.68273;-80.68804;3.0;Cálido / Desértico (Costa);34;1
810;Playa Zorritos;Tumbes;-3.678108134762264;-80.67593206745909;0.0;Cálido / Desértico (Costa);34;1
815;Playa El Bendito;Tumbes;-3.4265783450037444;-80.3234281689827;0.0;Cálido / Desértico (Costa);34;1
816;Santuario Nacional Los Manglares De Tumbes;Tumbes;-3.4255630084285618;-80.27158498764038;6.0;Cálido / Desértico (Costa);34;1
817;Zona Arqueológica Monumental Cabeza De Vaca;Tumbes;-3.6021809583182995;-80.49019584555533;20.0;Cálido / Desértico (Costa);7;14
818;Estero La Chepa;Tumbes;-3.562162;-80.524684;0.0;Cálido / Desértico (Costa);7;14
819;Playa Hermosa-Tumbes;Tumbes;-3.5539498043363884;-80.52641093730927;0.0;Cálido / Desértico (Costa);7;14
820;Plaza De Armas De Concepción;Junín;-11.91849;-75.31298;3290.0;Templado Seco (Quechua);73;0
821;Puente Las Balsas De Concepción  Heroinas Toledo;Junín;-11.93806;-75.31327;3260.0;Templado Seco (Quechua);26;15
822;Iglesia Matriz De Concepción;Junín;-11.91843;-75.31223;3289.0;Templado Seco (Quechua);73;0
823;Sitio Arqueológico De Uchaa Wanka;Junín;-12.048895;-75.385686;3627.0;Frío (Suni);26;15
824;Pueblo Tradicional De Mito;Junín;-11.936891;-75.338901;3270.0;Templado Seco (Quechua);73;0
826;Iglesia Matriz De Jauja;Junín;-11.77524;-75.50072;3396.0;Templado Seco (Quechua);73;0
827;Laguna De Paca;Junín;-11.715406;-75.508617;3368.0;Templado Seco (Quechua);73;0
828;Sitio Arqueológico De Tunan Marca;Junín;-11.720389;-75.598361;3891.0;Frío (Suni);73;0
830;Santuario Histórico De Chacamarca ;Junín;-11.21406638309;-75.96517262232;4152.0;Muy Frío (Puna);48;8
831;Reserva Nacional De Junín;Junín;-10.88722222;-76.15722222;4089.0;Muy Frío (Puna);48;8
832;Jardín Botánico El Perezoso;Junín;-10.94394;-75.29043;695.0;Templado Cálido (Yunga);61;26
833;Comunidad Nativa Pampa Michi;Junín;-10.9467;-75.25396;655.0;Templado Cálido (Yunga);61;26
834;Comunidad Nativa De Bajo Marankiari;Junín;-10.94751;-75.19551;954.0;Templado Cálido (Yunga);61;26
837;Catarata El Tirol;Junín;-11.13676;-75.33173;1073.0;Templado Cálido (Yunga);61;26
838;Sitio Arqueológico De Corivinchos;Junín;-11.8524;-75.7468;3761.0;Frío (Suni);73;0
840;Santuario De La Virgen De Cocharcas De Orcotuna;Junín;-11.9669174;-75.3133937;3316.0;Templado Seco (Quechua);26;15
841;Santuario Del Señor De Muruhuay;Junín;-11.3464765;-75.6531228;3073.0;Templado Seco (Quechua);48;8
843;Gruta De Huagapo;Junín;-11.267775;-75.787166;3649.0;Frío (Suni);48;8
844;Casa De La Perricholi;Huánuco;-10.07911745328;-76.21067793239;2051.0;Templado Cálido (Yunga);15;2
845;Laguna Cullicocha;Áncash;-8.865142949971823;-77.74960041046154;4610.0;Muy Frío (Puna);62;5
846;Huaridanza;Áncash;-8.9769;-77.1843;2759.0;Templado Seco (Quechua);62;13
852;Catarata Bayoz;Junín;-10.85608;-75.11312599999997;791.0;Templado Cálido (Yunga);61;26
855;Petroglifos De Huanacaure;Junín;-11.3026207;-74.7119242;806.0;Templado Cálido (Yunga);61;26
861;Catarata Tsomontonari ;Junín;-11.028978;-74.70746200000002;583.0;Templado Cálido (Yunga);61;26
863;Laguna De Punrun;Pasco;-10.844705;-76.487957;4303.0;Muy Frío (Puna);62;5
866;Zona Arqueológica Monumental De Garu;Huánuco;-9.90132;-76.59489;3680.0;Frío (Suni);62;5
871;Iglesia San Pedro De Ninacaca;Pasco;-10.855899123211664;-76.11220970749855;4146.0;Muy Frío (Puna);62;5
882;Sitio Arqueológico Prehispánico Huarautambo;Pasco;-10.46494;-76.53665;3610.0;Frío (Suni);62;5
883;Complejo Arqueológico Goñicutac;Pasco;-10.479379;-76.478615;3756.0;Frío (Suni);62;5
884;Laguna De Chichurraquina;Pasco;-10.5123;-76.3317;4192.0;Muy Frío (Puna);16;22
885;Museo Inca;Cusco;-13.51563972685727;-71.97820286011887;3426.0;Templado Seco (Quechua);22;6
886;Museo Del Convento De La Merced;Cusco;-13.51813293928014;-71.97948363558197;3411.0;Templado Seco (Quechua);22;6
889;Templo De San Francisco De Asís;Puno;-14.881347331017016;-70.58993821933308;3912.0;Frío (Suni);72;3
894;Museo Histórico Regional;Cusco;-13.517593;-71.98037599999998;3416.0;Templado Seco (Quechua);22;6
895;Punkuri Santuario Costeño;Áncash;-9.15524355296482;-78.3043493571472;214.0;Cálido / Desértico (Costa);-1;4
896;Catedral Del Cusco;Cusco;-13.516205493139523;-71.97786727116397;3415.0;Templado Seco (Quechua);22;6
897;Templo De La Compañía De Jesús;Cusco;-13.51731774463075;-71.97822217790991;3403.0;Templado Seco (Quechua);22;6
898; Templo Y  Convento De La Merced;Cusco;-13.518268431598594;-71.97948527116392;3411.0;Templado Seco (Quechua);22;6
899;Templo De San Blas;Cusco;-13.514854823810944;-71.97437395337295;3433.0;Templado Seco (Quechua);22;6
902;Iglesia Y Monasterio De Santa Catalina;Cusco;-13.51776382371544;-71.97727061226846;3405.0;Templado Seco (Quechua);22;6
903;Iglesia Y Monasterio De Santa Teresa;Cusco;-13.515347113268518;-71.9814026355744;3421.0;Templado Seco (Quechua);22;6
904;Parque Arqueológico Nacional De Saqsaywaman;Cusco;-13.509835511888568;-71.98167999999998;3595.0;Frío (Suni);22;6
905;Sitio Arqueológico De Tambomachay;Cusco;-13.47899;-71.967398;3818.0;Frío (Suni);22;6
906;Sitio Arquelógico De Qenqo;Cusco;-13.5090123;-71.9706673;3616.0;Frío (Suni);22;6
907;Sitio Arqueológico De Pukapukara;Cusco;-13.483530929929564;-71.96236389947512;3774.0;Frío (Suni);22;6
910;Centro Histórico Del Cusco ;Cusco;-13.517149187160156;-71.9784951210022;3402.0;Templado Seco (Quechua);22;6
912;Iglesia Y Convento De Santa Clara;Cusco;-13.519807;-71.98215800000003;3421.0;Templado Seco (Quechua);22;6
915;Templo Y Convento De San Francisco;Cusco;-13.518194957512408;-71.98208659887314;3427.0;Templado Seco (Quechua);22;6
916;Playa Tortugas - Casma ;Áncash;-9.371015;-78.41055499999999;6.0;Cálido / Desértico (Costa);44;4
917;Parque Arqueológico Nacional De Machu Picchu;Cusco;-13.162864352674784;-72.54524856805801;2434.0;Templado Seco (Quechua);-1;23
921;Parque Arqueológico De Tipon;Cusco;-13.569698359150014;-71.78229004795458;3462.0;Templado Seco (Quechua);-1;23
926;Templo De San Cristóbal;Cusco;-13.513338329596484;-71.9800143005944;3455.0;Templado Seco (Quechua);22;6
929;Sitio Arqueologico De Qaqyaqawana (Huchuy Qosqo);Cusco;-13.36625;-71.94874405860907;3819.0;Frío (Suni);22;6
930;Parque Arquelógico De Pisaq;Cusco;-13.414408;-71.843796;3370.0;Templado Seco (Quechua);22;6
933;Parque Arqueológico De Raqchi;Cusco;-14.175278;-71.36982699999999;3486.0;Templado Seco (Quechua);75;3
935;Puente Colgante De  QEswachaka ;Cusco;-14.381380944786969;-71.48399358895495;3600.0;Frío (Suni);75;3
937;Parque Arqueológico De Chinchero;Cusco;-13.389599724524262;-72.04796629695892;3719.0;Frío (Suni);22;6
938;Parque Arqueológico De Ollantaytambo;Cusco;-13.2572199999;-72.26306;2855.0;Templado Seco (Quechua);79;23
939;Templo De San Jeronimo;Cusco;-13.544107036451653;-71.88380344047545;3258.0;Templado Seco (Quechua);22;6
943;Parque Arqueológico De Pikillaqta;Cusco;-13.613127;-71.71628199999998;3198.0;Templado Seco (Quechua);79;23
944;Templo De San Pedro Apóstol De Andahuaylillas;Cusco;-13.674515173641396;-71.67780100727083;3129.0;Templado Seco (Quechua);79;23
945;Pozo Yana Yacu;Amazonas;-6.227499;-77.877689;2425.0;Templado Seco (Quechua);18;2
952;Museo Kampac;Puno;-15.363743627731337;-70.36859571933746;3869.0;Frío (Suni);30;12
953;Templo De San Miguel De Ilave;Puno;-16.087578329783224;-69.63911533355714;3854.0;Frío (Suni);30;12
954;Arco Deustua;Puno;-15.834693147335509;-70.02893418073654;3854.0;Frío (Suni);8;6
955;Museo Municipal Carlos Dreyer;Puno;-15.84054289084492;-70.02887785434723;3841.0;Frío (Suni);8;6
956;Cerrito Huajsapata;Puno;-15.502765;-70.015361;3848.0;Frío (Suni);30;12
957;Península De Capachica;Puno;-15.642099319037175;-69.83068943023682;3860.0;Frío (Suni);30;12
958;Isla Amantani;Puno;-15.662616630128449;-69.71238255500793;4034.0;Muy Frío (Puna);30;12
959;Isla Taquile;Puno;-15.770025050844088;-69.6847665309906;3961.0;Frío (Suni);30;12
960;Islas Flotantes De Los Uros;Puno;-15.818631930874682;-69.96899485588074;3812.0;Frío (Suni);8;6
962;Museo Arqueológico De Áncash Augusto Soriano Infante;Áncash;-9.530301314284054;-77.52937090475116;3055.0;Templado Seco (Quechua);20;2
968;Balneario Termomedicinal Municipal De Pomabamba;Áncash;-8.825653892933994;-77.45917603194566;2892.0;Templado Seco (Quechua);62;13
970;Sitio Arqueológico Pumacayán - Huaraz;Áncash;-9.529976;-77.52315900000002;3086.0;Templado Seco (Quechua);20;2
972;Plaza De Armas De Arequipa;Arequipa;-16.398876627591854;-71.53694182634354;2342.0;Templado Seco (Quechua);12;16
973;Basílica Catedral De Arequipa;Arequipa;-16.39811820623425;-71.53669238090515;2342.0;Templado Seco (Quechua);12;16
974;Monasterio De Santa Catalina;Arequipa;-16.395989593105767;-71.53652608394623;2345.0;Templado Seco (Quechua);12;16
975;Iglesia De La Compañia;Arequipa;-16.399752764617098;-71.53650999069214;2341.0;Templado Seco (Quechua);12;16
976;Complejo San Francisco;Arequipa;-16.395073555392678;-71.53460025787354;2355.0;Templado Seco (Quechua);12;16
977;Iglesia Y Convento De Santo Domingo;Arequipa;-16.400569717027956;-71.53432130813599;2351.0;Templado Seco (Quechua);12;16
980;Iglesia San Agustín;Arequipa;-16.3981;-71.53829;2338.0;Templado Seco (Quechua);12;16
982;Iglesia Y Museo De La Recoleta;Arequipa;-16.39364288113065;-71.54159009456635;2348.0;Templado Seco (Quechua);12;16
983;Monasterio De San José Y Santa Teresa De Carmelitas Descalzas De Arequipa;Arequipa;-16.39638;-71.53123;2372.0;Templado Seco (Quechua);12;16
985;Centro Artesanal  Fundo De Fierro;Arequipa;-16.394135320955296;-71.53529830542512;2347.0;Templado Seco (Quechua);12;16
989;Barrio De San Lazaro;Arequipa;-16.393107662158616;-71.53376340866089;2357.0;Templado Seco (Quechua);12;16
993;Museo Arqueologico Jose Maria Morante Maldonado De La Universidad Nacional De San Agustin De Arequipa;Arequipa;-16.400775562763958;-71.53697937726974;2337.0;Templado Seco (Quechua);12;16
995;Ventana Del Colca;Arequipa;-15.662338;-71.416113;4314.0;Muy Frío (Puna);-1;3
998;Pueblo De Indiana;Loreto;-3.50028;-73.0411;90.0;Tropical Húmedo (Selva);-1;7
999;Malecón Tarapacá;Loreto;-3.7530496298879936;-73.24443340301514;103.0;Tropical Húmedo (Selva);2;27
1000;Comunidad Nativa Boras De San Andres Del Río Momón;Loreto;-3.682340148639;-73.2840847891;87.0;Tropical Húmedo (Selva);2;27
1002;Reserva Nacional Pacaya - Samiria (Loreto - Requena - Alto Amazonas);Loreto;-4.6530714457207285;-73.79487872162103;92.0;Tropical Húmedo (Selva);14;7
1005;Laguna Cushillococha;Loreto;-3.941512;-70.44878;69.0;Tropical Húmedo (Selva);14;7
1006;Pueblo De Pebas ;Loreto;-3.320572;-71.861712;100.0;Tropical Húmedo (Selva);14;7
1007;Mirador Del Barrio De Jerusalén;Loreto;-7.352911701171164;-75.00596880912781;163.0;Tropical Húmedo (Selva);-1;21
1008;Aguas Calientes;Loreto;-7.332265779274816;-75.00667691230774;147.0;Tropical Húmedo (Selva);-1;21
1009;Lago Chia Tipishca, C.C. N.N. Canaán;Loreto;-7.389364929965083;-75.03430366516113;131.0;Tropical Húmedo (Selva);-1;21
1011;Museo Municipal Vicús;Piura;-5.1924686574136;-80.62980942428112;34.0;Cálido / Desértico (Costa);6;14
1015;Caleta Constante;Piura;-5.688329;-80.850682;3.0;Cálido / Desértico (Costa);-1;1
1018;Médano Blanco;Piura;-5.650826;-80.68888500000003;3.0;Cálido / Desértico (Costa);-1;1
1021;Parroquia Catedral Sagrada Familia De Chulucanas ;Piura;-5.09723;-80.1611;95.0;Cálido / Desértico (Costa);39;1
1031;Plaza De Armas De Chiquián;Áncash;-10.152035;-77.15688899999998;3379.0;Templado Seco (Quechua);-1;28
1035;Fiesta Patronal De Santa Rosa De Lima - Chiquian;Áncash;-10.1519;-77.1588;3397.0;Templado Seco (Quechua);-1;28
1036;Rocódromo De Los Olivos - Independencia;Áncash;-9.527818709902444;-77.54211169663813;3099.0;Templado Seco (Quechua);20;2
1039;Corpus Danza;Áncash;-8.9769;-77.1843;2759.0;Templado Seco (Quechua);62;13
1041;Sitio Arqueológico Yayno;Áncash;-8.884271238398908;-77.45577544238422;4034.0;Muy Frío (Puna);62;5
11526;Laguna Awashcocha;Áncash;-9.938063423648146;-77.02518258147855;4375.0;Muy Frío (Puna);62;5
1046;Catarata Maria Jiray;Áncash;-9.341066841056255;-77.20354082209013;3444.0;Templado Seco (Quechua);62;5
1057;Fiesta Patronal De La Virgen De Guadalupe - Tocash;Áncash;-9.11168;-77.8025;2480.0;Templado Seco (Quechua);-1;13
1058;Cascada De Usgor;Áncash;-10.138115711999577;-77.16466210473271;3466.0;Templado Seco (Quechua);62;5
1059;Ciudadela De Pañamarca;Áncash;-9.20520127054815;-78.3753490447998;114.0;Cálido / Desértico (Costa);44;4
1070;Playa La Gramita - Casma;Áncash;-9.715202777777778;-78.29364166666664;0.0;Cálido / Desértico (Costa);43;4
1074;Danza Quillalla;Áncash;-8.9769;-77.1843;2759.0;Templado Seco (Quechua);62;13
1076;Cerro De Huancash;Áncash;-8.880190023969279;-77.35287956887339;3333.0;Templado Seco (Quechua);62;5
1088;Semana Santa Huaracina;Áncash;-9.52745;-77.5334;3034.0;Templado Seco (Quechua);20;2
1091;Nevado Urus - Parque Nacional Huascarán ;Áncash;-9.33050575092815;-77.41080522192385;5434.0;Glacial / Nieve (Janca);-1;5
1092;Basilica Catedral;Ayacucho;-13.160733164759725;-74.22512948513031;2748.0;Templado Seco (Quechua);24;15
1094;Templo De Santo Domingo;Ayacucho;-13.1584;-74.22590000000002;2757.0;Templado Seco (Quechua);24;15
1095;Templo Y Monasterio De Santa Clara;Ayacucho;-13.16319865497942;-74.22825694084167;2756.0;Templado Seco (Quechua);24;15
1098;Templo Y Convento De San Francisco De Asis;Ayacucho;-13.163621755679705;-74.22685146331787;2747.0;Templado Seco (Quechua);24;15
1099;Templo Y Monasterio De Santa Teresa;Ayacucho;-13.167799;-74.22777200000002;2751.0;Templado Seco (Quechua);24;15
1100;Templo De Santa Maria Magdalena;Ayacucho;-13.158028;-74.22149100000001;2749.0;Templado Seco (Quechua);24;15
1101;Templo De San Agustín;Ayacucho;-13.1599;-74.22730000000001;2761.0;Templado Seco (Quechua);24;15
1102;Templo San Francisco De Paula;Ayacucho;-13.159594023860286;-74.22728927116395;2761.0;Templado Seco (Quechua);24;15
1107;Casa Castilla Y Zamora;Ayacucho;-13.15981382307364;-74.2255961894989;2752.0;Templado Seco (Quechua);24;15
1108;Casona Colonial Boza Y Solis;Ayacucho;-13.160153353075298;-74.22639816999435;2755.0;Templado Seco (Quechua);24;15
1110;Museo Histórico Regional Hipolito Unanue;Ayacucho;-13.1474598346978;-74.2231822013855;2783.0;Templado Seco (Quechua);24;15
1113;Museo Mariscal Andrés A. Cáceres;Ayacucho;-13.165752958285214;-74.2276759067459;2749.0;Templado Seco (Quechua);24;15
1114;Mirador Turístico Acuchimay;Ayacucho;-13.171429;-74.22193;2852.0;Templado Seco (Quechua);24;15
1115;Barrio De Santa Ana;Ayacucho;-13.170132;-74.23049600000002;2799.0;Templado Seco (Quechua);24;15
1116;Templo De Santa Ana;Ayacucho;-13.170344257637492;-74.23084259033203;2805.0;Templado Seco (Quechua);24;15
1117;Cueva De Pikimachay;Ayacucho;-13.03853;-74.2281552;2942.0;Templado Seco (Quechua);24;15
1118;Arco Del Triunfo;Ayacucho;-13.163162090687072;-74.22699093818665;2750.0;Templado Seco (Quechua);24;15
1122;Aguas Termales De Niñobamba;Ayacucho;-13.5522;-74.62619999999998;3344.0;Templado Seco (Quechua);-1;0
1125;Complejo Arqueológico Wari;Ayacucho;-13.061699;-74.198045;2724.0;Templado Seco (Quechua);24;15
1128;Pueblo De Quinua;Ayacucho;-13.049013;-74.13933400000002;3274.0;Templado Seco (Quechua);24;15
1132;El Valle De Huanta;Ayacucho;-12.947808773184006;-74.27747440429813;2416.0;Templado Seco (Quechua);78;0
1133;Bosque De Piedras De Laupay;Ayacucho;-12.712529310284047;-74.24988198254142;4076.0;Muy Frío (Puna);-1;0
1137;Ushnu  Pirámide Ceremonial;Ayacucho;-13.65274275450672;-73.95510613918304;3467.0;Templado Seco (Quechua);77;23
1138;Plaza Inca Pachacutec De Vilcas Huaman;Ayacucho;-13.652953;-73.95387399999998;3475.0;Templado Seco (Quechua);77;23
1143;Iglesia San Antonio Catedral;Huancavelica;-12.78765;-74.97318;3679.0;Frío (Suni);25;15
1145;Iglesia Y Convento De San Francisco;Huancavelica;-12.788678919776617;-74.97576363835192;3682.0;Frío (Suni);25;15
1146;Museo Regional Daniel Hernández Morillo;Huancavelica;-12.78778527669261;-74.97405052185059;3681.0;Frío (Suni);25;15
1147;Puente Colonial De Izcuchaca;Huancavelica;-12.49918238136177;-74.99719912268449;2896.0;Templado Seco (Quechua);-1;0
1148;Pueblo De Sacsamarca;Huancavelica;-12.79888888888889;-74.99305555555554;3956.0;Frío (Suni);25;15
1149;Bosque De Piedras Cceroncancha - Chacarilla;Huancavelica;-12.745871811115034;-74.90461366137697;4089.0;Muy Frío (Puna);-1;15
1150;Complejo Ecoturístico De San Cristóbal;Huancavelica;-12.782777777777778;-74.97416666666663;3698.0;Frío (Suni);25;15
1152;Casa Hacienda Santa Rosa;Huancavelica;-12.792947662396902;-74.94537629101563;3764.0;Frío (Suni);25;15
1153;Complejo Arqueológico De Uchkus Inkañan;Huancavelica;-12.73492099702771;-74.85755667724605;3716.0;Frío (Suni);25;15
1155;Piscina De  Huapa;Huancavelica;-13.012222222222222;-74.75777777777779;3847.0;Frío (Suni);-1;0
1156;Casona De Ocopa;Huancavelica;-12.947777777777778;-74.7163888888889;3213.0;Templado Seco (Quechua);-1;0
1157;Complejo Arqueológico Palacio Inca;Huancavelica;-13.605029;-75.354265;2697.0;Templado Seco (Quechua);-1;18
1158;Laguna De Choclococha;Huancavelica;-13.207199136878335;-75.07168728027341;4514.0;Muy Frío (Puna);-1;0
1167;Baños Termales De Coris Pampalca;Huancavelica;-12.594718;-74.364393;1948.0;Templado Cálido (Yunga);-1;0
1173;Fuente Ornamental;Tacna;-18.013938797077724;-70.25122372883607;566.0;Templado Cálido (Yunga);11;16
1174;Estacion De Ferrocarril Tacna - Arica;Tacna;-18.012984840325196;-70.25442842824174;555.0;Templado Cálido (Yunga);11;16
1175;Museo Histórico Regional De Tacna;Tacna;-18.013352;-70.24915900000002;570.0;Templado Cálido (Yunga);11;16
1179;Museo Salesiano Vicente Rasetto;Junín;-12.065675;-75.214493;3253.0;Templado Seco (Quechua);26;15
1180;Pueblo Tradicional De Orcotuna;Junín;-11.9689606;-75.3097351;3261.0;Templado Seco (Quechua);26;15
1183;Bosque Dorado De Paccha;Junín;-11.987986;-75.197724;3716.0;Frío (Suni);26;15
1192;Pueblo Artesanal De Cochas Chico;Junín;-12.00792;-75.19584;3464.0;Templado Seco (Quechua);26;15
1194;Iglesia Matriz De San Juan Bautista De Chupaca;Junín;-12.0666667;-75.28305555555;3255.0;Templado Seco (Quechua);26;15
1198;Iglesia Matriz De Santa Rosa De Ocopa;Junín;-11.87416;-75.294147;3383.0;Templado Seco (Quechua);73;0
1205;Balneario De Ancón;Lima;-11.773232;-77.17604599999999;0.0;Cálido / Desértico (Costa);35;19
1208;Centro Turístico Cultural Castillo De Chancay;Lima;-11.57397917916931;-77.27172191009521;0.0;Cálido / Desértico (Costa);35;19
1221;Sitio Arqueológico De Rupak;Lima;-11.32527;-76.80482;3507.0;Frío (Suni);48;8
1232;Área De Conservación Regional Albufera De Medio Mundo;Lima;-10.91511;-77.67461;3.0;Cálido / Desértico (Costa);42;4
1234;Playas De Barranca;Lima;-10.761347587595491;-77.76374670552252;3.0;Cálido / Desértico (Costa);42;4
1237;Ciudad Sagrada De Caral ;Lima;-10.892818284238;-77.52322759259033;349.0;Cálido / Desértico (Costa);-1;4
1238;Playa La Isla Del Faraón;Lima;-10.809988;-77.750314;0.0;Cálido / Desértico (Costa);42;4
1253;Capilla Santa Verónica;Lambayeque;-6.77354;-79.84176;33.0;Cálido / Desértico (Costa);5;14
1254;Playa Naylamp;Lambayeque;-6.7369;-79.99886;2.0;Cálido / Desértico (Costa);5;14
1259;Complejo Arqueológico De Inca Wasi;Huancavelica;-13.573599;-75.254089;3778.0;Frío (Suni);-1;8
1261;Reserva Nacional Pampa Galeras;Ayacucho;-14.66867101154085;-74.40601323920959;3942.0;Frío (Suni);-1;18
1262;Pueblo De Puquio;Ayacucho;-14.693984636643366;-74.12418747947082;3216.0;Templado Seco (Quechua);70;18
1265;Lagunas De Yaurihuiri Y Tahuaccocha;Ayacucho;-14.6163072;-73.96142;4387.0;Muy Frío (Puna);-1;18
1266;Pueblo De Andamarca;Ayacucho;-14.387534;-73.961963;3451.0;Templado Seco (Quechua);70;18
1267;Complejo Arqueológico De Caniche;Ayacucho;-14.383648422067514;-73.95759209108566;3453.0;Templado Seco (Quechua);70;18
1268;Catarata De Puzapaqcha;Ayacucho;-14.434775711360093;-73.97176488352036;3799.0;Frío (Suni);70;18
1269;Aguas Termales De Tinkua;Ayacucho;-14.416008769346696;-73.9585382376671;3546.0;Frío (Suni);70;18
1287;Iglesia Catedral Matriz Del Callao;Callao;-12.059757361093467;-77.14653333498762;6.0;Cálido / Desértico (Costa);21;9
1292;Baños Termales De Chancos;Áncash;-9.31946595607932;-77.57493361830711;2887.0;Templado Seco (Quechua);62;13
1295;Museo Arqueológico Y Etnográfico Del Conjunto Monumental Belen;Cajamarca;-7.15955;-78.51720599999999;2738.0;Templado Seco (Quechua);17;2
1296;Cueva De Guitarrero;Áncash;-9.200276;-77.710038;2598.0;Templado Seco (Quechua);62;13
1298;Fortaleza De Paramonga;Lima;-10.653176;-77.841393;15.0;Cálido / Desértico (Costa);42;4
1302;Islas Cavinzas E Islotes Palomino - Rnsiipg;Callao;-12.127481;-77.231273;0.0;Cálido / Desértico (Costa);-1;9
1305;Islas Ballestas - Rnsiipg;Ica;-13.73707622881292;-76.39696258064563;3.0;Cálido / Desértico (Costa);41;4
1306;Plaza Miguel Grau Del Callao;Callao;-12.059276;-77.148658;4.0;Cálido / Desértico (Costa);21;9
1307; Fortaleza Real Felipe ;Callao;-12.062740169;-77.148824725;6.0;Cálido / Desértico (Costa);21;9
1308;Museo Naval Capitán De Navío Julio Elías Murguia;Callao;-12.06053593450848;-77.14810329447744;7.0;Cálido / Desértico (Costa);21;9
1309;Basilica Santuario Nuestra Señora Del Carmen De La Legua;Callao;-12.05309;-77.09749;50.0;Cálido / Desértico (Costa);-1;9
1310;Plaza Independencia Del Callao;Callao;-12.06152995442827;-77.14765846067213;7.0;Cálido / Desértico (Costa);21;9
1312;Zona Monumental Del Callao;Callao;-12.059361320753462;-77.14706880971791;4.0;Cálido / Desértico (Costa);21;9
1313;Barrio De Chucuito;Callao;-12.064914097814324;-77.15437073743442;2.0;Cálido / Desértico (Costa);21;9
1315;Parque Agua De Los Pajaritos;La Libertad;-7.821292976682013;-78.04140329360956;3210.0;Templado Seco (Quechua);49;28
1316;Laguna De Pacucha;Apurímac;-13.606448;-73.337019;3107.0;Templado Seco (Quechua);71;23
1327;Nevado Pirámide De Garcilaso;Áncash;-8.975825530320352;-77.62061160447354;5526.0;Glacial / Nieve (Janca);-1;5
1330;Nevado  Vallunaraju - Sector Independencia;Áncash;-9.42221103338136;-77.45613455772401;5566.0;Glacial / Nieve (Janca);-1;22
1332;Nevado Ranrapalca;Áncash;-9.411047;-77.41666800000002;6068.0;Glacial / Nieve (Janca);-1;22
1333;Tuktu Picante;Áncash;-8.9769;-77.1843;2759.0;Templado Seco (Quechua);62;13
1334;Nevado Ishinca;Áncash;-9.389230555555557;-77.40360277777779;5378.0;Glacial / Nieve (Janca);-1;5
1335;Danza Los Shajshas De Corongo;Áncash;-8.56854;-77.8968;3162.0;Templado Seco (Quechua);49;28
1336;Nevado Pisco;Áncash;-8.990801748213924;-77.62986594567302;4766.0;Muy Frío (Puna);62;5
1337;Castillos Encantados De Callalli;Arequipa;-15.50983869070976;-71.41245162698362;3879.0;Frío (Suni);76;3
1338;Volcan Chachani;Arequipa;-16.195058477472756;-71.53069496154791;6027.0;Glacial / Nieve (Janca);-1;12
1339;Volcán Ubinas -Moquegua;Moquegua;-16.354979821893377;-70.90292930603022;5413.0;Glacial / Nieve (Janca);-1;3
1360;Museo De Arte De Lima - Mali;Lima;-12.060361623007346;-77.037001682209;140.0;Cálido / Desértico (Costa);28;9
1362;Museo De Los Combatientes Del Morro De Arica;Lima;-12.044414376836777;-77.03260899999998;156.0;Cálido / Desértico (Costa);28;9
1374;Casona San Marcos - Centro Cultural De San Marcos;Lima;-12.05409738679072;-77.03219018650816;152.0;Cálido / Desértico (Costa);28;9
1379;Museo Naval Casa Grau ;Lima;-12.047517929156207;-77.03346332027246;157.0;Cálido / Desértico (Costa);28;9
1384;Palacio Legislativo;Lima;-12.048338241932523;-77.02496078157998;166.0;Cálido / Desértico (Costa);28;9
1393;Museo Central - Mucen (Museo Del Banco Central De Reserva Del Perú);Lima;-12.0482916828035;-77.03009879600665;163.0;Cálido / Desértico (Costa);28;9
1396;Templo De San Francisco De Asís;Lima;-12.144905052259352;-77.01992690563202;72.0;Cálido / Desértico (Costa);29;9
1402;Parque Ecológico Municipal - Laguna El Mirador;Callao;-11.871949663062953;-77.13764905929567;2.0;Cálido / Desértico (Costa);35;19
1409;Parque Nacional Tingo María ;Huánuco;-9.32607;-76.02937;668.0;Templado Cálido (Yunga);33;19
1421;Aguas Termales De Putina;Moquegua;-16.734737;-70.695175;2965.0;Templado Seco (Quechua);31;12
1433;Fiesta Patronal El Agua Y San Pedro;Áncash;-8.56854;-77.8968;3162.0;Templado Seco (Quechua);49;28
1435;Festividad Del Señor De Santa Cruz De Olleros;Áncash;-8.9769;-77.1843;2759.0;Templado Seco (Quechua);62;13
1438;Quebrada Cojup;Áncash;-9.436572688787798;-77.40606295395683;4261.0;Muy Frío (Puna);19;22
1441;Quebrada Llaca;Áncash;-9.444795614989076;-77.45220739853951;4326.0;Muy Frío (Puna);19;22
1443;Laguna Reparin;Áncash;-9.2989533;-77.15344729999998;3395.0;Templado Seco (Quechua);62;5
1446;Puchero De Olleros ;Áncash;-8.9769;-77.1843;2759.0;Templado Seco (Quechua);62;13
1447;Corpus Cristi - Chacas;Áncash;-9.16247;-77.3695;3321.0;Templado Seco (Quechua);62;5
1448;Nevado San Juan - Parque Nacional Huascarán ;Áncash;-9.47273383768504;-77.33909741571256;5105.0;Glacial / Nieve (Janca);-1;5
1449;Comunidad De Llachon;Puno;-15.7229892024;-69.78404045104;3862.0;Frío (Suni);30;12
1455;Nevado Ocshapalca;Áncash;-9.408546491323388;-77.43564273308287;5749.0;Glacial / Nieve (Janca);-1;22
1458;Museo Etnológico;Piura;-5.558242;-80.82448299999999;20.0;Cálido / Desértico (Costa);-1;1
1465;Casa Velarde Alvarez;Ayacucho;-13.160205588418409;-74.22515094280243;2748.0;Templado Seco (Quechua);24;15
1469;Playa De Chulliyachi;Piura;-5.568892;-80.87468100000001;0.0;Cálido / Desértico (Costa);-1;1
1474;Festividad Del Señor Cautivo De Ayabaca;Piura;-4.6394;-79.7162;2747.0;Templado Seco (Quechua);55;17
1482;Mirador Paisajístico Natural Cerro Yantuma;Piura;-4.612753;-79.71850999999998;2703.0;Templado Seco (Quechua);55;17
1508;Templo Del Señor De Amancaes - Conchopata;Ayacucho;-13.1630132217261;-74.2174449563026;2727.0;Templado Seco (Quechua);24;15
1512;Templo De Carmen Alto;Ayacucho;-13.17599059879;-74.22642230987;2799.0;Templado Seco (Quechua);24;15
1515;Iglesia San Juan Bautista;Ayacucho;-13.65401468446282;-73.95379185676575;3473.0;Templado Seco (Quechua);77;23
1519;Iglesia San Pedro Matriz De Huanta;Ayacucho;-12.9395830431011;-74.24756672745502;2641.0;Templado Seco (Quechua);78;0
1521;Playa Hondos;Lambayeque;-6.8858454;-79.919616;0.0;Cálido / Desértico (Costa);5;14
1522;Alforjas Labradas De Monsefú;Lambayeque;-6.87867;-79.8715;13.0;Cálido / Desértico (Costa);5;14
1530;Cerro Yambur;Piura;-4.977682;-79.71850999999998;2206.0;Templado Cálido (Yunga);55;17
1537;Playa Los Palos;Tacna;-18.29644629237209;-70.44710763558197;5.0;Cálido / Desértico (Costa);27;20
1566;Mirador Punta De Tahuishco;San Martín;-6.02612235965214;-76.96738881845478;877.0;Templado Cálido (Yunga);54;21
1570;Las Pozas De Juningue;San Martín;-6.031374723809586;-76.90398573875429;868.0;Templado Cálido (Yunga);-1;1
1576;Cascada De Asnacyacu ;San Martín;-6.069117113116247;-77.00373797553254;897.0;Templado Cálido (Yunga);54;21
1577;Catarata De Huacamaillo;San Martín;-6.388547425944;-76.40119034846;590.0;Templado Cálido (Yunga);10;25
1591;Cueva De Los Huacharos ;San Martín;-6.227735032190953;-77.16466522832306;1018.0;Templado Cálido (Yunga);54;21
1592;Aguas Termales Y Sulfurosas De Jepelacio;San Martín;-6.130629774129879;-76.88852461772495;1033.0;Templado Cálido (Yunga);-1;13
1593;Tabacalera Del Oriente;San Martín;-6.494421753485;-76.36874916231;283.0;Cálido / Desértico (Costa);10;25
1598;Embarcadero Turístico De Tahuishco;San Martín;-6.023874050951437;-76.96395993232727;807.0;Templado Cálido (Yunga);54;21
1599;Petroglifos De Huáncor;Ica;-13.395124866773983;-75.89894318444824;526.0;Templado Cálido (Yunga);-1;19
1610;Bodega Tacama;Ica;-14.004184;-75.718695;428.0;Cálido / Desértico (Costa);3;9
1613;Ciudadela De Huayuri;Ica;-14.529183014823433;-75.26995903690441;507.0;Templado Cálido (Yunga);-1;19
1614;Necrópolis De Chauchilla;Ica;-14.982451360577569;-74.92745518684382;555.0;Templado Cálido (Yunga);-1;11
1615;Centro Administrativo Inca Los Paredones;Ica;-14.841541352442205;-74.93434846401215;591.0;Templado Cálido (Yunga);-1;11
1648;Chucuito Ciudad De Las Cajas Reales;Puno;-15.894431510837252;-69.88993138074875;3874.0;Frío (Suni);8;6
1652;Piscicultura De Chucuito - Centro De Investigación Y Producción Pesquera De Chucuito.;Puno;-15.896932800651497;-69.89650379866362;3909.0;Frío (Suni);8;6
1655;Vicuñas De Cala Cala, Cambria Y Picotani;Puno;-14.559847469332157;-69.80314498309326;4499.0;Muy Frío (Puna);-1;3
1674;Templo De San Salvador;Puno;-15.642383434829446;-69.83048558235168;3860.0;Frío (Suni);30;12
1681;Archipielago De Wiñaymarca;Puno;-16.312490288660072;-68.85705996450426;3847.0;Frío (Suni);69;3
1686;Laguna Purhuay;Áncash;-9.313778;-77.20668599999999;3494.0;Templado Seco (Quechua);62;5
1694;Baños Termales De Chavín;Áncash;-9.599675912275496;-77.17750936746597;3174.0;Templado Seco (Quechua);62;5
1697;Danza Duende, Pallas Y Auqas;Áncash;-9.10077;-77.0184;3499.0;Templado Seco (Quechua);62;5
1701;Quebrada Carhuascancha;Áncash;-9.476487;-77.26899700000001;4053.0;Muy Frío (Puna);62;5
1704;Laguna Canchiscocha;Áncash;-8.790557207770588;-77.33248377045884;4091.0;Muy Frío (Puna);49;28
1707;Agua Gasificada De Pumapampa;Áncash;-9.881175;-77.287662;4192.0;Muy Frío (Puna);62;5
1708;Puchero De San Nicolás;Áncash;-8.9769;-77.1843;2759.0;Templado Seco (Quechua);62;13
1710;Wanka Danza;Áncash;-9.52524;-77.1575;2962.0;Templado Seco (Quechua);62;5
1714;Mirador Natural De Portachuelo ;Áncash;-9.043325681014077;-77.59741901724874;4601.0;Muy Frío (Puna);62;5
1716;Carnaval Huaracino;Áncash;-9.52745;-77.5334;3034.0;Templado Seco (Quechua);20;2
1719;Catedral De Huánuco;Huánuco;-9.928715236452891;-76.23962134122849;1900.0;Templado Cálido (Yunga);15;2
1720;Danza Paso Huanquilla;Áncash;-9.09342;-77.3332;3081.0;Templado Seco (Quechua);62;5
1725;Yuyo Pichu;Áncash;-8.9769;-77.1843;2759.0;Templado Seco (Quechua);62;13
1729;Plaza De Armas De Huánuco;Huánuco;-9.92947350038487;-76.23973399400711;1902.0;Templado Cálido (Yunga);15;2
1734;Complejo Arqueológico San José De Moro;La Libertad;-7.180959330188864;-79.43890307822653;126.0;Cálido / Desértico (Costa);46;10
1735;Sitio Arqueológico Wiracochapampa;La Libertad;-7.7895;-78.04594;3040.0;Templado Seco (Quechua);49;28
1736;Cascada De Paccha;San Martín;-6.221226182585945;-76.91937511775677;1208.0;Templado Cálido (Yunga);-1;13
1738;Museo Nacional De Sicán;Lambayeque;-6.623964751985984;-79.78609775447421;39.0;Cálido / Desértico (Costa);5;14
1739;Cuevas De Mollepunku;Arequipa;-15.663614502529848;-71.41618431027882;4385.0;Muy Frío (Puna);-1;3
1740;Pueblo De  Sibayo;Arequipa;-15.486324023310091;-71.45716488361364;3817.0;Frío (Suni);76;3
1742;Templo De La Purísima Concepción;Arequipa;-15.622902509603083;-71.7683681845665;3358.0;Templado Seco (Quechua);76;3
1747;Complejo Minero Santa Bárbara;Huancavelica;-12.809713;-74.975362;4188.0;Muy Frío (Puna);-1;15
1749;Catarata El Breo;San Martín;-7.36448;-76.81420000000003;362.0;Cálido / Desértico (Costa);58;21
1754;Cascada Timón;San Martín;-7.449139960880176;-76.90192676225385;392.0;Cálido / Desértico (Costa);58;21
1755;Quebrada Churo - Parte Baja;San Martín;-7.46348333447;-76.9191974356;1013.0;Templado Cálido (Yunga);-1;21
1756;Centro De Interpretación Del Parque Nacional Río Abiseo;San Martín;-7.317700530847062;-76.77714943885805;296.0;Cálido / Desértico (Costa);58;21
1760;Cascada De Shima;San Martín;-6.899107350336;-76.83178171847;513.0;Templado Cálido (Yunga);-1;1
1763;Manantial De Sacanche;San Martín;-7.097593335543;-76.78709306524;419.0;Cálido / Desértico (Costa);58;21
1765;Manglares De Tumbes Sector Puerto Pizarro;Tumbes;-3.4998217088267145;-80.38993222453689;0.0;Cálido / Desértico (Costa);7;14
1771;Aguas  Minero Medicinales De Ccaylla ;Cusco;-14.1843942;-71.345888;3487.0;Templado Seco (Quechua);75;3
1779;Zona Arqueológica Yucay;Cusco;-13.31253125887;-72.0850484305;2894.0;Templado Seco (Quechua);79;23
1790;Sitio Arqueológico De Qoricancha;Cusco;-13.520232;-71.97524699999997;3393.0;Templado Seco (Quechua);22;6
1792;Templo De Santiago Apóstol;Cusco;-13.525735744013216;-71.9835106908074;3417.0;Templado Seco (Quechua);22;6
1795;Sitio Arqueológico Karajía;Amazonas;-6.16252959;-78.0213327;2727.0;Templado Seco (Quechua);18;2
1797;Centro De Conservación De Vicuñas De Lliullita  ;Apurímac;-13.996322;-72.805001;4600.0;Muy Frío (Puna);-1;23
1799;Templo Colonial Santa Isabel De Caype;Apurímac;-13.796854487681497;-72.83130884170534;3012.0;Templado Seco (Quechua);-1;6
1800;Sitio Arqueológico De Curamba;Apurímac;-13.62388269847;-73.13735961914;3617.0;Frío (Suni);-1;23
1801;Templo Nuestra Señora De Las Mercedes De Pampamarca;Apurímac;-14.42830056991;-73.20648550987;3405.0;Templado Seco (Quechua);70;18
1802;Museo De Sullana Luis Cruz Merino;Piura;-4.889774276708332;-80.68783700466156;44.0;Cálido / Desértico (Costa);-1;1
1805;Lago Misisipi;Madre De Dios;-12.83117016;-69.44748201;209.0;Tropical Húmedo (Selva);0;20
1812;Templo De San  Francisco De Asis;Cusco;-13.3306988;-72.1561903;3354.0;Templado Seco (Quechua);80;23
1813;Salineras De Maras;Cusco;-13.300127102679188;-72.15586180622108;2980.0;Templado Seco (Quechua);79;23
1814; Complejo Arqueologico De Moray;Cusco;-13.3279193;-72.1956766;3496.0;Templado Seco (Quechua);80;23
1818;Templo De  Tiobamba;Cusco;-13.34;-72.14028;3345.0;Templado Seco (Quechua);80;23
1821;Templo  San Juan Bautista De Huaro;Cusco;-13.690934151038132;-71.64083451032633;3162.0;Templado Seco (Quechua);79;23
1822;Capilla De La Virgen Purificada En Canicunca;Cusco;-13.68735475773505;-71.63547642824176;3202.0;Templado Seco (Quechua);79;23
1828;Sitio Arqueológico Waqrapukara - Sector Pomacanchi;Cusco;-14.019863239368162;-71.69389879638858;4078.0;Muy Frío (Puna);-1;23
1830;Templo Colonial De Chinchero;Cusco;-13.39062498132467;-72.04721383195493;3749.0;Frío (Suni);22;6
1837;Complejo Arqueológico Dos Cabezas;La Libertad;-7.34454141233;-79.58334119428;6.0;Cálido / Desértico (Costa);46;10
1843;Baños Termales De Yanasara;La Libertad;-7.815606407253706;-77.90875237814684;2397.0;Templado Seco (Quechua);-1;28
1849;Iglesia Y Convento De Las Monjas Concepcionistas Descalzas;Cajamarca;-7.158803008049984;-78.51548563558197;2726.0;Templado Seco (Quechua);17;2
1850;Zona Arqueológica Puruchuco - Huaquerones;Lima;-12.04796437;-76.93421239;299.0;Cálido / Desértico (Costa);-1;9
1851;Sitio Arqueológico Cantamarca;Lima;-11.438714;-76.59177699999998;3790.0;Frío (Suni);48;8
1853;Naciente Del Río Tioyacu;San Martín;-5.991234515026867;-77.28749393525698;825.0;Templado Cálido (Yunga);54;21
1854;Sitio Arqueológico De Incahuasi;Lima;-13.023614;-76.17668400000002;375.0;Cálido / Desértico (Costa);41;4
1859;Iglesia Santa Cruz De Churubamba ;Huánuco;-9.825865;-76.133496;1937.0;Templado Cálido (Yunga);15;2
1869;Baños Termales La Calera;Pasco;-10.984092903644694;-76.34464859962463;4208.0;Muy Frío (Puna);62;5
1870;Complejo Arqueológico De Gorish;Pasco;-10.508647;-76.44234;3615.0;Frío (Suni);62;5
1872;Monumento Arqueológico Prehispánico Yarushpampa;Pasco;-10.46414258319656;-76.53899478042602;3605.0;Frío (Suni);62;5
1873;Cueva De Cascayunga;San Martín;-6.100205167628;-77.23987221201;907.0;Templado Cálido (Yunga);54;21
1874;Sitio Arqueológico Ichugan;Pasco;-10.491825;-76.537538;3765.0;Frío (Suni);62;5
1876;Templo Colonial De San Bernardo De Quinistacas;Moquegua;-16.6737;-70.9699;2178.0;Templado Cálido (Yunga);31;12
1878;Reloj Solar Grabado En Piedra.;Moquegua;-16.67362306701;-70.96979717166;2178.0;Templado Cálido (Yunga);31;12
1879;Volcán Huaynaputina;Moquegua;-16.6149733059;-70.86979866027;4739.0;Muy Frío (Puna);-1;12
1888;Laguna Pimientacocha;Ucayali;-8.519918;-74.787376;202.0;Tropical Húmedo (Selva);-1;19
1890;Parque Húsares De Junín De Barranco;Lima;-12.139908735125683;-77.02616398221187;55.0;Cálido / Desértico (Costa);29;9
1896;Biblioteca Municipal Manuel Beingolea;Lima;-12.149867;-77.021361;65.0;Cálido / Desértico (Costa);29;9
1908;Laguna De Aricota;Tacna;-17.370628;-70.307455;2740.0;Templado Seco (Quechua);31;12
1910;Andeneria De Tarata;Tacna;-17.467994;-70.040699;3020.0;Templado Seco (Quechua);31;12
1913;Parque Municipal De Barranco;Lima;-12.149306623513228;-77.02119823081684;65.0;Cálido / Desértico (Costa);29;9
1914;Catedral Santo Domingo-Moquegua;Moquegua;-17.19379;-70.9338;1416.0;Templado Cálido (Yunga);13;16
11905;Catarata Huambavalle;Áncash;-8.186630510099683;-77.87064112722874;3653.0;Frío (Suni);49;28
1931;Museo Nacional De Arqueología, Antropología E Historia Del Perú - La Quinta De Los Libertadores;Lima;-12.077202785532778;-77.06214704968866;91.0;Cálido / Desértico (Costa);-1;9
1937;Mirador Del Cerro San Cristóbal;Lima;-12.0345;-77.0179;364.0;Cálido / Desértico (Costa);-1;9
1939;Parque Nacional Huascarán;Áncash;-9.486262109997169;-77.42882536898834;4453.0;Muy Frío (Puna);19;22
1943;Complejo Termal Las Gemelas;Lima;-10.8188588;-76.8794641;2229.0;Templado Cálido (Yunga);-1;26
1944;Parque Nacional Cutervo;Cajamarca;-6.138974;-78.72496999999998;2188.0;Templado Cálido (Yunga);-1;17
1945;Parque Nacional Río Abiseo;San Martín;-7.68377332111113;-77.28607177734375;3529.0;Frío (Suni);49;28
1946;Reserva Nacional De Calipuy;La Libertad;-8.453037184273255;-78.27141880989076;3602.0;Frío (Suni);49;28
1947;Santuario Histórico De La Pampa De Ayacucho;Ayacucho;-13.042215;-74.131269;3387.0;Templado Seco (Quechua);-1;15
1951;Danza De Los Shapish De Chupaca ;Junín;-12.0628;-75.2897;3280.0;Templado Seco (Quechua);26;15
1952;Bosque De Protección De Pagaibamba;Cajamarca;-6.41242;-79.058876;2864.0;Templado Seco (Quechua);-1;17
1953;Plaza De La Cultura De Nueva Cajamarca;San Martín;-5.940719565951099;-77.30929970741273;873.0;Templado Cálido (Yunga);54;21
1955;Reserva Comunal El Sira;Huánuco;-9.359642815950744;-74.74479675292969;2070.0;Templado Cálido (Yunga);-1;26
1961;Refugio De Vida Silvestre De Laquipampa;Lambayeque;-6.355657391455941;-79.48273667724607;634.0;Templado Cálido (Yunga);-1;1
1965;Teatro Municipal De Lima;Lima;-12.045395850109353;-77.03487753868103;153.0;Cálido / Desértico (Costa);28;9
1967;Formacion Rocosa De Mulla;Puno;-16.16823770787088;-69.54391837120058;3890.0;Frío (Suni);30;12
1969;Parque Nacional Güeppi - Sekime;Loreto;-0.6111029152760514;-74.80865478515;200.0;Tropical Húmedo (Selva);-1;7
1971;Reserva Nacional Allpahuayo - Mishana;Loreto;-3.944405681047413;-73.60633850097656;129.0;Tropical Húmedo (Selva);-1;7
1978;Complejo Arqueológico Maranga;Lima;-12.070681859775998;-77.08571076393127;63.0;Cálido / Desértico (Costa);-1;9
1981;Museo Nacional De La Cultura Peruana;Lima;-12.047878246258856;-77.04303327116395;141.0;Cálido / Desértico (Costa);28;9
1991;Museo José Carlos Mariátegui;Lima;-12.063889999999974;-77.03893604662704;137.0;Cálido / Desértico (Costa);28;9
1993;La Bajada De Los Baños Y Mirador;Lima;-12.149628866393195;-77.02354609325408;29.0;Cálido / Desértico (Costa);-1;9
2008;Museo De Los Descalzos;Lima;-12.0338;-77.0247;154.0;Cálido / Desértico (Costa);28;9
11924;Domingo De Cuasimodo - Carhuaz;Áncash;-11.8989;-77.1423;55.0;Cálido / Desértico (Costa);-1;4
2018;Museo De Historia Natural De La Universidad Ricardo Palma;Lima;-12.132425399297386;-76.98073961226845;115.0;Cálido / Desértico (Costa);-1;9
2030;Playa La Punta De Bombón;Arequipa;-17.190477385221623;-71.79118996064375;4.0;Cálido / Desértico (Costa);57;11
2032;Malecón Ratti;Arequipa;-17.031094392283773;-72.01524221457214;16.0;Cálido / Desértico (Costa);57;11
2033;Castillo Forga;Arequipa;-17.02306;-72.01472;66.0;Cálido / Desértico (Costa);57;11
2034;Estación Ferroviaria De Mollendo;Arequipa;-17.030771254512164;-72.0145689801094;28.0;Cálido / Desértico (Costa);57;11
2039;Mirador Capitán Rumi;Apurímac;-13.51914162347506;-72.70722448825836;2967.0;Templado Seco (Quechua);-1;23
2043;Aguas Termales De Santo Tomás;Apurímac;-13.6526359749;-72.94492780508;1699.0;Templado Cálido (Yunga);-1;16
2044;Capilla De San Francisco De Asís;Lambayeque;-6.7033;-79.906;20.0;Cálido / Desértico (Costa);5;14
2054;Reserva Nacional Sistema De Islas, Islotes Y Puntas Guaneras  Isla Don Martín;Lima;-11.018791;-77.671032;0.0;Cálido / Desértico (Costa);42;4
2056;Playa Hornillos;Lima;-11.15489137;-77.595477;24.0;Cálido / Desértico (Costa);42;4
2057;Playa Chica - Huacho;Lima;-11.15489137;-77.60026641;0.0;Cálido / Desértico (Costa);42;4
2059;Playa El Paraíso;Lima;-11.20617;-77.59655;0.0;Cálido / Desértico (Costa);42;4
2070;Playa Cantolao;Callao;-12.070209736214071;-77.16558694839478;0.0;Cálido / Desértico (Costa);21;9
2089;Laguna 69 ;Áncash;-9.010526314595705;-77.61209667724609;4589.0;Muy Frío (Puna);62;5
2093;Cruz De La Paz De Achkamarka;Junín;-12.014497;-75.197368;3581.0;Frío (Suni);26;15
2094;Danza De La Huaconada De Mito;Junín;-11.9377;-75.3417;3337.0;Templado Seco (Quechua);73;0
2096;Bajada De Reyes De Huancavelica;Huancavelica;-12.787;-74.9758;3680.0;Frío (Suni);25;15
2097;Bajada De Reyes En  Patacancha;Cusco;-13.3062;-72.1163;2870.0;Templado Seco (Quechua);79;23
2098;Fiesta Dulce Nombre De Jesus Y Fajardito- Baile De Los Negritos Niño Perdido.;Huancavelica;-12.787;-74.9758;3680.0;Frío (Suni);25;15
2100;Danza Los Negritos De Huánuco;Huánuco;-9.92703;-76.2405;1899.0;Templado Cálido (Yunga);15;2
2101;Danza De La Tunantada De Yauyos;Junín;-11.7825;-75.4991;3383.0;Templado Seco (Quechua);73;0
2102;Concurso Nacional De Marinera;La Libertad;-8.1095;-79.0335;33.0;Cálido / Desértico (Costa);4;14
2110;Playa Punta Roquitas;Lima;-12.122894622394137;-77.04353831779099;4.0;Cálido / Desértico (Costa);-1;9
2112;Playa Waikiki;Lima;-12.125731335496598;-77.03901322453692;22.0;Cálido / Desértico (Costa);-1;9
2114;Playa Redondo;Lima;-12.131851532512496;-77.0328551530838;4.0;Cálido / Desértico (Costa);-1;9
2118;Parque Federico Villarreal;Lima;-12.148688827582092;-77.02289342880249;65.0;Cálido / Desértico (Costa);29;9
2133;Mirador Los Shapish De Chupaca;Junín;-12.0597222;-75.28833333333;3248.0;Templado Seco (Quechua);26;15
2136;Baños Termales De Huaranchal;La Libertad;-7.704367979550228;-78.44422814623954;1898.0;Templado Cálido (Yunga);-1;13
2139;Baños Termales De Tambochaca;Pasco;-10.4911;-76.54696;3353.0;Templado Seco (Quechua);62;5
2140;Baños Termales De Villo;Pasco;-10.490981984668696;-76.54676840209957;3353.0;Templado Seco (Quechua);62;5
2146;Aguas Termales De Chancaybaños;Cajamarca;-6.550405;-78.889001;1983.0;Templado Cálido (Yunga);-1;17
2152;Las Dormilonas;Piura;-5.26988;-80.6766;26.0;Cálido / Desértico (Costa);6;14
2154;Playa Cabo Blanco;Piura;-4.25016614285213;-81.23260974884033;0.0;Cálido / Desértico (Costa);53;10
2156;Puerto De Paita;Piura;-5.084970387144403;-81.10615968704224;0.0;Cálido / Desértico (Costa);40;1
2159;Semana Santa En Catacaos;Piura;-5.26988;-80.6766;26.0;Cálido / Desértico (Costa);6;14
2160;Festival De La Primavera De Trujillo;La Libertad;-8.1095;-79.0335;33.0;Cálido / Desértico (Costa);4;14
2161;Fiesta De La Virgen De Las Mercedes De Paita;Piura;-5.08837;-81.1166;25.0;Cálido / Desértico (Costa);40;1
2162;Caballitos De Totora De Trujillo;La Libertad;-8.08162;-79.1217;4.0;Cálido / Desértico (Costa);4;14
2166;Cordillera  Huayhuash;Áncash;-10.299719215516284;-76.89794491528323;5372.0;Glacial / Nieve (Janca);-1;8
2168;Fiesta Religiosa De La Santísima Cruz De Chalpón De Motupe;Lambayeque;-6.15368;-79.7154;132.0;Cálido / Desértico (Costa);-1;1
2170;Sombrero De Paja De Monsefú;Lambayeque;-6.87867;-79.8715;13.0;Cálido / Desértico (Costa);5;14
2173;Sitio Arqueológico De Honcopampa;Áncash;-9.359295;-77.516156;3457.0;Templado Seco (Quechua);-1;22
2175;Puyas De Winchus - Pueblo Libre;Áncash;-9.110867983286631;-77.8725103227539;4203.0;Muy Frío (Puna);62;5
2176;Isla Blanca;Áncash;-9.099893;-78.62142599999999;125.0;Cálido / Desértico (Costa);44;4
2177;Mirador De Rataquenua;Áncash;-9.535753;-77.51501200000001;3267.0;Templado Seco (Quechua);20;22
2178;Quebrada Qishqi;Áncash;-9.833305;-77.311219;4290.0;Muy Frío (Puna);62;5
2180;Pueblo Histórico De Chavín De Huantar;Áncash;-9.588662;-77.177908;3141.0;Templado Seco (Quechua);62;5
2186;Museo De Zoología Juan Ormea Rodríguez De La Universidad Nacional De Trujillo;La Libertad;-8.111380224246162;-79.03059739249869;35.0;Cálido / Desértico (Costa);4;14
2188;Leyenda De La Media Luna;Lambayeque;-6.92715;-79.8665;5.0;Cálido / Desértico (Costa);5;14
2191;Catarata Gocta;Amazonas;-6.023029;-77.887359;2304.0;Templado Seco (Quechua);45;13
2194;Santuario Nacional De Huayllay ;Pasco;-10.9593378;-76.3209365;4143.0;Muy Frío (Puna);62;5
2195;Humedales De Los Pantanos De Villa ;Lima;-12.21849396147145;-76.9790341698429;6.0;Cálido / Desértico (Costa);-1;9
2196;Festividad De La Virgen De La Candelaria;Puno;-15.8407;-70.028;3839.0;Frío (Suni);8;6
2200;Sitio Arqueológico Las Shicras;Lima;-11.4740752307423;-77.11026266137696;369.0;Cálido / Desértico (Costa);-1;19
2210;Reserva Ecológica Tingana;San Martín;-5.915727009389023;-77.11492538452154;813.0;Templado Cálido (Yunga);54;21
2216;Nevado De Ausangate;Cusco;-13.79073256583115;-71.23224503173827;6248.0;Glacial / Nieve (Janca);-1;3
2230;Calle Hatunrumiyoc;Cusco;-13.515961061421976;-71.97630662963871;3418.0;Templado Seco (Quechua);22;6
11906;Laguna Pelagatos;Áncash;-8.178838071036937;-77.79781341236563;3968.0;Frío (Suni);49;28
2234;Cataratas Las Golondrinas;Cusco;-12.6743632;-73.5894275;1930.0;Templado Cálido (Yunga);-1;24
2235;Museo De Arte Religioso;Cusco;-13.516209651980512;-71.97648365889552;3418.0;Templado Seco (Quechua);22;6
2238;Templo De Santa Ana;Cusco;-13.514689542248025;-71.98571776322933;3490.0;Templado Seco (Quechua);22;6
2239;Sitio Arqueológico De Kusicancha;Cusco;-13.5188263291569;-71.97574869444276;3398.0;Templado Seco (Quechua);22;6
11838;Iglesia Virgen Del Rosario De Calana;Tacna;-17.93844016531553;-70.18737850066374;893.0;Templado Cálido (Yunga);11;16
12269;Sitio Arqueológico De Huachaper;Áncash;-8.213085845615353;-77.88377389848557;3686.0;Frío (Suni);49;28
12624;Mirador Kolqueparque;Puno;-14.881211587061904;-70.58141827583313;4019.0;Muy Frío (Puna);72;3
2248;Baños Termales De Jathun Phutina;Puno;-14.487576275;-69.55028006;3590.0;Frío (Suni);-1;3
2249;Baños Termales Geiseres De Pinaya;Puno;-15.566830924187968;-70.88783383369447;4367.0;Muy Frío (Puna);-1;3
12623;Paraíso Natural De Keñuacuyo;Puno;-15.03631689756605;-70.58951711716205;3961.0;Frío (Suni);72;3
12933;Catarata Virgen Ccasa;Ayacucho;-12.385943;-74.038782;1016.0;Templado Cálido (Yunga);64;24
12934;Mirador Junín Libertad;Ayacucho;-12.3740812;-74.00176238;1064.0;Templado Cálido (Yunga);64;24
12925;Pantanos De Llochegua;Ayacucho;-12.411739;-73.905691;514.0;Templado Cálido (Yunga);64;24
12826;Mirador De Kinchaco;Ayacucho;-13.723331;-74.126819;3772.0;Frío (Suni);77;0
12631;Sitio Arqueológico Filo De Shilcani;Ayacucho;-15.337319;-73.369461;3469.0;Templado Seco (Quechua);-1;18
2271;Monumento Conmemorativo A Los Héroes, Almirante Miguel Grau Y Coronel Francisco Bolognesi (Arco Parabólico);Tacna;-18.013725872459286;-70.25086034406354;566.0;Templado Cálido (Yunga);11;16
2272;Cataratas De Panina;Tacna;-17.306161;-70.414587;2522.0;Templado Seco (Quechua);-1;3
2283;Hacienda Cachigaga;Huánuco;-10.0542723828;-76.21921777725;1993.0;Templado Cálido (Yunga);15;2
2295;Museo De Arte Religioso San Antonio De Padua (San Francisco);Cajamarca;-7.158308334674275;-78.51603499999999;2724.0;Templado Seco (Quechua);17;2
2298;Ventanillas De Combayo;Cajamarca;-7.041302;-78.39831800000002;3201.0;Templado Seco (Quechua);-1;2
2302;Parque Nacional Cerros De Amotape - Sector Rica Playa;Tumbes;-3.80311;-80.49794;61.0;Cálido / Desértico (Costa);34;1
2303;Casona Del Conde Uceda;Cajamarca;-7.1562507011419845;-78.519145387876;2730.0;Templado Seco (Quechua);17;2
2304;Casona De Toribio Casanova;Cajamarca;-7.154217193141238;-78.51978238661837;2731.0;Templado Seco (Quechua);17;2
2328;Centro Historico De Cajamarca;Cajamarca;-7.156719758700725;-78.5177743434906;2730.0;Templado Seco (Quechua);17;2
2335;Quebrada Las Pozas Del Chivato Huayco;Cajamarca;-7.627328;-78.04539599999998;2640.0;Templado Seco (Quechua);45;13
12650;Glaciar Quelcaya - Corani;Puno;-13.914377;-70.80771;5621.0;Glacial / Nieve (Janca);-1;3
12352;Valle La Glorieta;Ayacucho;-13.142079536671837;-74.19093054290984;2571.0;Templado Seco (Quechua);24;15
2338;Laguna El Ponte;Cajamarca;-7.602771;-78.08487100000002;2393.0;Templado Seco (Quechua);45;13
2339;Petroglifos Del Cerro Mulato;Lambayeque;-6.62884951;-79.59053874;770.0;Templado Cálido (Yunga);-1;1
2344;Cascada De Cochicorral O Cochecorral;Cajamarca;-7.58343;-77.9925;3726.0;Frío (Suni);45;5
2345;Plazuela Elías Aguirre;Lambayeque;-6.77108;-79.843;33.0;Cálido / Desértico (Costa);5;14
2346;Palacio Municipal De Chiclayo;Lambayeque;-6.771306;-79.83814;36.0;Cálido / Desértico (Costa);5;14
2347;Paseo De Las Musas;Lambayeque;-6.7792;-79.83889;29.0;Cálido / Desértico (Costa);5;14
2348;Reservorio Tinajones;Lambayeque;-6.655145512088441;-79.44226900319455;182.0;Cálido / Desértico (Costa);-1;1
2349;Playa Media Luna;Lambayeque;-6.95056;-79.8634;6.0;Cálido / Desértico (Costa);-1;1
2350;Reserva Ecológica De Chaparrí;Lambayeque;-6.574837;-79.431118;282.0;Cálido / Desértico (Costa);-1;1
2352;Museo Tumbas Reales De Sipán;Lambayeque;-6.704959327728368;-79.90012937665176;18.0;Cálido / Desértico (Costa);5;14
2356;Museo De Sitio Túcume;Lambayeque;-6.51373343407908;-79.84743118286134;51.0;Cálido / Desértico (Costa);37;1
2358;Feria Internacional En Honor A Santa Maria Magdalena Y Divino Niño Del Milagro Eucarístico;Lambayeque;-6.90728;-79.8646;7.0;Cálido / Desértico (Costa);5;14
11944;Parque De Los Héroes;Ayacucho;-12.936860534687538;-74.25065641634092;2636.0;Templado Seco (Quechua);78;0
2368;Jatun Ushco;Huánuco;-10.132596635158274;-76.20201871758275;2196.0;Templado Cálido (Yunga);-1;13
12817;Mirador De Waccoto ;Ayacucho;-13.701778;-74.134486;3850.0;Frío (Suni);77;0
2381;Semana Santa En Contumaza;Cajamarca;-7.36542;-78.8066;2646.0;Templado Seco (Quechua);45;13
2384;Carnaval De Cajamarca;Cajamarca;-7.03986;-78.0726;2914.0;Templado Seco (Quechua);45;13
2389;Iglesia De La Santisima Virgen Del Carmen;Cajamarca;-6.865409;-78.14590599999997;2626.0;Templado Seco (Quechua);45;13
12370;El Túnel Del Tren De La Asociación Agroforestal De Huaranjales;Ayacucho;-13.135815034116767;-74.19739426879983;2597.0;Templado Seco (Quechua);24;15
12635;Sitio Arqueológico De Qatanranra;Ayacucho;-15.313182;-73.368093;3316.0;Templado Seco (Quechua);-1;18
12649;Bosque De Rocas Gótico De Sillatira (Quelcaya - Corani);Puno;-14.026564;-70.719238;4965.0;Glacial / Nieve (Janca);-1;3
12608;Playa Huaylisqaqa;Ayacucho;-12.92401;-73.533951;662.0;Templado Cálido (Yunga);-1;19
2400;Baños Termales La Viña Huasmin;Cajamarca;-6.814267;-78.258944;1669.0;Templado Cálido (Yunga);45;13
2405;Laguna Cashibococha;Ucayali;-8.3580049;-74.666479;141.0;Tropical Húmedo (Selva);9;25
2409;Museo Contisuyo - Moquegua;Moquegua;-17.193227333144414;-70.93465581536293;1404.0;Templado Cálido (Yunga);13;16
2410;Barrio De Belén De Moquegua;Moquegua;-17.191427273540583;-70.93125343322754;1414.0;Templado Cálido (Yunga);13;16
2411;Festividad De La Virgen Y Martir Santa Fortunata;Moquegua;-17.1952;-70.9372;1410.0;Templado Cálido (Yunga);13;16
2413;Playa Tronco De Oro - Ilo;Moquegua;-17.82150695610392;-71.14025115966797;11.0;Cálido / Desértico (Costa);27;20
2414;Iglesia De San Sebastián;Huancavelica;-12.788058615210558;-74.97627407312393;3677.0;Frío (Suni);25;15
2415;Iglesia De Santa Ana;Huancavelica;-12.785742799105115;-74.96817212822435;3671.0;Frío (Suni);25;15
2416;Laguna Consuelo;Puno;-13.951995276978042;-68.99051877783205;1382.0;Templado Cálido (Yunga);-1;24
2418;Complejo Arqueológico De Allpas;Huancavelica;-12.864449;-74.582345;3469.0;Templado Seco (Quechua);-1;0
2419;Caserío 11 De Agosto;Ucayali;-8.340443;-74.586608;146.0;Tropical Húmedo (Selva);9;25
2420;Comunidad Nativa Santa Clara;Ucayali;-8.270944750941695;-74.64800629497103;159.0;Tropical Húmedo (Selva);9;25
2427;Iglesia Y Convento La Recoleta;Cajamarca;-7.161043378874012;-78.51274996312515;2721.0;Templado Seco (Quechua);17;2
2429;Monumento A La Columna De Pasco (Soldado Desconocido);Pasco;-10.66595368860589;-76.25241118736776;4354.0;Muy Frío (Puna);16;22
2430;Puma Danza;Áncash;-8.9769;-77.1843;2759.0;Templado Seco (Quechua);62;13
2431;Laguna De Chacas;Puno;-15.411650355588348;-70.21413803100586;3825.0;Frío (Suni);30;12
2432;Plaza De Armas De Cajamarca;Cajamarca;-7.157017825566793;-78.51744174957275;2723.0;Templado Seco (Quechua);17;2
2433;Hacienda Tres Molinos;Cajamarca;-7.130729;-78.51444700000002;2728.0;Templado Seco (Quechua);17;2
11464;Fiesta Patronal Santa Clarita-Zorritos.;Tumbes;-3.68066;-80.6785;6.0;Cálido / Desértico (Costa);34;1
12518;Malecón De Puerto Pizarro;Tumbes;-3.50278;-80.3939;6.0;Cálido / Desértico (Costa);7;14
2437;Fiesta Patronal Inmaculada Concepción De Tumbes.;Tumbes;-3.56473;-80.4539;21.0;Cálido / Desértico (Costa);7;14
2445;Complejo Colonial Minero Metalúrgico De Vizca;Pasco;-10.410141817534608;-76.24256076822918;3323.0;Templado Seco (Quechua);62;5
2447;Plaza Daniel Alcides Carrión De Pasco;Pasco;-10.68361861815854;-76.25609815120697;4343.0;Muy Frío (Puna);16;22
2450;Museo Casa Carrión;Pasco;-10.668024;-76.252394;4351.0;Muy Frío (Puna);16;22
2453;Mirador Catucancha;Áncash;-9.09710745488922;-77.79926827642652;2472.0;Templado Seco (Quechua);-1;13
2454;Complejo Arqueastronómico Chankillo;Áncash;-9.5635179841461;-78.22765931078595;184.0;Cálido / Desértico (Costa);-1;19
2457;Bosque De Piedras De Chucumaca;Cajamarca;-6.561113016592074;-78.6504578590393;2393.0;Templado Seco (Quechua);45;13
2460;Quebrada Parón;Áncash;-9.012441920159477;-77.70062585160997;3976.0;Frío (Suni);62;5
2461;Bosque Natural De Puyas Raymondi;Huancavelica;-12.835085936165417;-75.0084687798517;4567.0;Muy Frío (Puna);-1;15
2462;Complejo Ecoturìstico Seccsachaca - Villa Cariño;Huancavelica;-12.784248891230222;-74.9435933452607;3620.0;Frío (Suni);25;15
2466;Complejo Arqueológico Ichic Willcawain;Áncash;-9.48768;-77.50704999999999;3396.0;Templado Seco (Quechua);20;22
2467;Cataratas Del Condac;Cajamarca;-6.364879;-78.588631;1794.0;Templado Cálido (Yunga);-1;17
2468;Paisaje Arqueológico Santuario Del Dios Paracas;Ica;-14.511782551426336;-75.1613786816597;418.0;Cálido / Desértico (Costa);-1;19
2469;Zona Arqueologica De Pacopampa;Cajamarca;-6.336553;-79.02160900000001;2438.0;Templado Seco (Quechua);-1;17
2473;Agua Termal El Edén;La Libertad;-7.88696691508523;-77.9429157423973;2755.0;Templado Seco (Quechua);49;28
2474;Fiesta Patronal De La Virgen De La Puerta;La Libertad;-7.90234;-78.567;2656.0;Templado Seco (Quechua);45;13
2482;Talla En Piedra Marmolina;La Libertad;-7.40063;-79.5687;7.0;Cálido / Desértico (Costa);46;10
2483;Feria De La Ciruela De Virú;La Libertad;-8.41558;-78.7511;73.0;Cálido / Desértico (Costa);-1;1
2484;El Carnaval De Conache;La Libertad;-8.09137;-78.9611;92.0;Cálido / Desértico (Costa);4;14
2486;Iglesia Inmaculada Concepción De Vicco;Pasco;-10.840819218445972;-76.2367433309555;4104.0;Muy Frío (Puna);16;22
2489;Plaza Principal De Iscozacín;Pasco;-10.18436268488;-75.14955382129;291.0;Cálido / Desértico (Costa);-1;26
2493;Pueblo De Oxapampa;Pasco;-10.574264264886246;-75.4046630859375;1814.0;Templado Cálido (Yunga);65;26
11945;Parque Gervasio Santillana;Ayacucho;-12.940300267085146;-74.25222150631825;2629.0;Templado Seco (Quechua);78;0
2496;Shambar;La Libertad;-8.1095;-79.0335;33.0;Cálido / Desértico (Costa);4;14
2497;Playa Las Delicias;La Libertad;-8.179889;-79.015833;4.0;Cálido / Desértico (Costa);4;14
2499;Playa Puerto Malabrigo;La Libertad;-7.698944;-79.437778;0.0;Cálido / Desértico (Costa);-1;1
2500;Piscigranja La Encajonada;La Libertad;-8.0437675195078;-78.19901260761291;3192.0;Templado Seco (Quechua);49;28
12648;Sitio Arqueologico Del  Muyo Muyo  Aymaña-Corani ;Puno;-13.874333;-70.662213;4171.0;Muy Frío (Puna);72;3
11953;Mirador 3 Cruces De Vueltaccpata;Ayacucho;-12.959939052989322;-74.22529144419403;2808.0;Templado Seco (Quechua);78;0
2505;Catarata Santa Rosa;Ucayali;-9.162458924315;-75.76058329095;1016.0;Tropical Húmedo (Selva);-1;26
2506;Laguna Onercocha;San Martín;-5.630916666666667;-77.61076388888887;1058.0;Templado Cálido (Yunga);54;21
2507;Causa En Lapa - Trujillo;La Libertad;-8.1095;-79.0335;33.0;Cálido / Desértico (Costa);4;14
2508;Laguna Huitococha;Ucayali;-8.170947;-74.714394;141.0;Tropical Húmedo (Selva);-1;19
2511;Parque De La Lupuna;Ucayali;-8.377216;-74.562176;156.0;Tropical Húmedo (Selva);9;25
2515;Malecon De Villa Aguaytia;Ucayali;-9.03548;-75.506288;284.0;Tropical Húmedo (Selva);60;26
2516;Playa Salaverry;La Libertad;-8.21728;-78.98333;0.0;Cálido / Desértico (Costa);4;14
2517;Puente De Aguaytia;Ucayali;-9.03726;-75.505168;278.0;Tropical Húmedo (Selva);60;26
2521;Bosque De Piedras Hatun Machay;Áncash;-10.101638038093398;-77.33999496289063;4097.0;Muy Frío (Puna);62;5
2525;Volcán Ticsani;Moquegua;-16.74737;-70.605825;5017.0;Glacial / Nieve (Janca);-1;12
2526;Biblioteca Municipal Del Callao;Callao;-12.062351379682502;-77.14568495750429;9.0;Cálido / Desértico (Costa);21;9
2528;Museo De Arte Moderno Gerardo Chávez;La Libertad;-8.110056882676043;-78.99507880210878;42.0;Cálido / Desértico (Costa);4;14
13084;Mirador Turístico Huayna Urqu;Puno;-13.436877;-70.410413;841.0;Templado Cálido (Yunga);-1;24
2534;Danza Los Negritos De Otuzco;La Libertad;-7.90234;-78.567;2656.0;Templado Seco (Quechua);45;13
2543;Iglesia De Ascensión;Huancavelica;-12.784295860684258;-74.97875595039791;3681.0;Frío (Suni);25;15
2544;Humedales De Ite;Tacna;-17.89327741977556;-70.99308282209017;3.0;Cálido / Desértico (Costa);27;20
2545;Bosque De Queñuas;Tacna;-17.236016666666668;-70.18987222222222;3656.0;Frío (Suni);-1;3
2547;Marinera Norteña;La Libertad;-8.1095;-79.0335;33.0;Cálido / Desértico (Costa);4;14
2549;Museo Submarino Abtao;Callao;-12.058640376975832;-77.14901227116394;0.0;Cálido / Desértico (Costa);21;9
2554;Playas De Karina Y Churo;Puno;-15.805945838230471;-69.79817282470702;3813.0;Frío (Suni);30;12
2555;Complejo Arqueológico De Watoqto;Cusco;-13.413452143624731;-71.54093564418031;3057.0;Templado Seco (Quechua);79;23
2557;Concurso Nacional De Caballo De Paso Peruano;La Libertad;-8.1095;-79.0335;33.0;Cálido / Desértico (Costa);4;14
2558;Festividad De San Isidro Labrador;La Libertad;-8.17238;-79.0113;8.0;Cálido / Desértico (Costa);4;14
2560;Fiesta De La Santísima Cruz Del Cerro Grande;La Libertad;-8.17238;-79.0113;8.0;Cálido / Desértico (Costa);4;14
2563;Festividad De La Virgen Del Carmen De Paucartambo;Cusco;-13.3191;-71.5998;2996.0;Templado Seco (Quechua);-1;23
2567;Fiesta Del Inti Raymi;Cusco;-13.5153;-71.9801;3415.0;Templado Seco (Quechua);22;6
2569;Pueblo Pintoresco De San Ignacio;La Libertad;-7.829580722319326;-78.71474675035446;3114.0;Templado Seco (Quechua);45;13
2572;Feria De Arte Popular Santurantikuy;Cusco;-13.5153;-71.9801;3415.0;Templado Seco (Quechua);22;6
2573;Playa Platanales - Ilo;Moquegua;-17.3879;-71.3938;5.0;Cálido / Desértico (Costa);27;20
2575;  Siete Tinajas;Cusco;-12.768578;-72.631729;993.0;Templado Cálido (Yunga);63;24
2576;Casa Hacienda Del Marquez De Valleumbroso;Cusco;-13.583150256016417;-71.78598693848426;3151.0;Templado Seco (Quechua);79;23
2579;Parque Arqueológico De Choquequirao;Cusco;-13.39495;-72.87224600000002;2979.0;Templado Seco (Quechua);-1;18
2580;Baños Termales De Lares;Cusco;-13.111571628327852;-72.0559848099947;3245.0;Templado Seco (Quechua);-1;23
2583;Aguas Termales De Chaquella De Ccoñec;Cusco;-15.090496;-71.04441;4190.0;Muy Frío (Puna);-1;3
12365;Reserva De Vicuñas En Tarhuiyocc;Ayacucho;-13.374304;-73.997309;4157.0;Muy Frío (Puna);-1;0
2585;Centro Histórico De Trujillo;La Libertad;-8.111798810808388;-79.0285849571228;34.0;Cálido / Desértico (Costa);4;14
12364;Reserva, Puyas De Raimondi En Tarhuiyocc;Ayacucho;-13.354011;-73.982097;3940.0;Frío (Suni);-1;0
12034;Laguna Chinchaycocha - Cusipata;Cusco;-13.9112786;-71.436418;4311.0;Muy Frío (Puna);-1;23
2596;Zona Arqueológica Monumental Maria Fortaleza -  Taqrachullo;Cusco;-14.96874;-71.605751;4066.0;Muy Frío (Puna);75;3
2600;Plaza De Armas Del Cusco;Cusco;-13.516653;-71.97887600000001;3410.0;Templado Seco (Quechua);22;6
2608;Costumbre El Takanacuy;Cusco;-14.4505;-72.0833;3677.0;Frío (Suni);-1;18
12039;Capilla San Antonio Abad De Yaucat;Cusco;-13.942831;-71.506725;3399.0;Templado Seco (Quechua);-1;23
2610;Leyenda De Los Hermanos Ayar;Cusco;-13.7559;-71.9564;3576.0;Frío (Suni);-1;23
2618;Festividad Del Señor De Huanca;Cusco;-13.4938;-71.7802;3019.0;Templado Seco (Quechua);79;23
2619;Festividad De La Virgen Asunta De Calca;Cusco;-13.3232;-71.958;2924.0;Templado Seco (Quechua);79;23
2630; Agua Mineromedicinal De Marcani ;Cusco;-14.1847;-71.34050000000002;3506.0;Frío (Suni);75;3
2644;Sitio Arqueológico Castillo De Chupán;Huánuco;-9.750900378537;-76.64937973022;3372.0;Templado Seco (Quechua);62;5
2651;Semana Turística De Moyobamba;San Martín;-6.02852;-76.972;880.0;Templado Cálido (Yunga);54;21
2652;Fiesta De Corpus Christi En Moyobamba;San Martín;-6.02852;-76.972;880.0;Templado Cálido (Yunga);54;21
2653;Fiestas Tradicionales De San Juan, San Pedro Y San Pablo;San Martín;-6.02852;-76.972;880.0;Templado Cálido (Yunga);54;21
2657;Acr Bosque Montano De Carpish;Huánuco;-9.723206340367463;-76.10203742980957;2644.0;Templado Seco (Quechua);-1;5
2664;Caño Panaillo;Ucayali;-8.138843;-74.683287;147.0;Tropical Húmedo (Selva);-1;19
12046;Manantial De Poc Poc;Cusco;-13.90067;-71.5028;3323.0;Templado Seco (Quechua);-1;23
2668;Templo De La Virgen Inmaculada De Checacupe;Cusco;-14.02536077302041;-71.45335730919265;3434.0;Templado Seco (Quechua);-1;23
12997;Piedras Talladas Y Pinturas Rupestres De Aziruni;Puno;-15.2407298;-69.6836588;3819.0;Frío (Suni);30;12
12045;Río Vilcanota Tramo Yaucat-Moccoraise;Cusco;-13.9402066;-71.5019846;3329.0;Templado Seco (Quechua);-1;23
2675;Grupo Arqueológico Inkilltambo;Cusco;-13.502798448093536;-71.95255875463101;3532.0;Frío (Suni);22;6
2682;Laguna De Piuray;Cusco;-13.418457478599027;-72.03187617462157;3693.0;Frío (Suni);22;6
2684;Baños Termales De Aguas Calientes ;Cusco;-13.150643059344144;-72.52101600000009;2189.0;Templado Cálido (Yunga);-1;23
2686; Feria Tradicional De Chinchero ;Cusco;-13.3935;-72.0473;3759.0;Frío (Suni);22;6
13066;Zona Arqueologica De Chillwamarka - Ñaupallaccta;Ayacucho;-14.791962;-74.10259;3425.0;Templado Seco (Quechua);70;18
12588;Pueblo De Caballo Cocha ;Loreto;-3.909311517722685;-70.5167996162631;77.0;Tropical Húmedo (Selva);14;7
2690;Festividad Del Señor De Qoyllor Riti;Cusco;-13.6286;-71.3866;3540.0;Frío (Suni);-1;23
2697;Barrio Tradicional De San Pedro;Cusco;-13.520678058286675;-71.98340845767211;3425.0;Templado Seco (Quechua);22;6
2698;Zona Arqueológica  De Wamanmarca;Cusco;-14.402222;-72.074444;3517.0;Frío (Suni);-1;18
13155;Cañon De Viunchuco Ayapata;Puno;-13.82107805766266;-70.32588958740236;3529.0;Frío (Suni);-1;3
2706;Mirador La Ermita;Cajamarca;-7.367854;-78.802707;2759.0;Templado Seco (Quechua);45;13
12047;Parroquia Virgen Asunta De Cusipata;Cusco;-13.9092462;-71.4996923;3313.0;Templado Seco (Quechua);79;23
2708;Manantial El Quique;Cajamarca;-7.366245;-78.80519600000002;2660.0;Templado Seco (Quechua);45;13
12547;Cascada Velo De Novia - Sandia;Puno;-14.1724613902402;-69.36898255302657;1806.0;Templado Cálido (Yunga);-1;24
12044;Sitio Arqueológico De Illaracay;Cusco;-13.864765;-71.519331;3240.0;Templado Seco (Quechua);79;23
2718;Museo Maria Reiche;Ica;-14.681596;-75.136771;338.0;Cálido / Desértico (Costa);-1;11
2725;Petroglifos De Checta;Lima;-11.69289;-76.81504;1068.0;Templado Cálido (Yunga);-1;19
2730;Santuario Nacional Megantoni;Cusco;-12.248301440235066;-72.28524161497269;1510.0;Templado Cálido (Yunga);-1;24
2732;Festival De La Orquídea;San Martín;-6.02852;-76.972;880.0;Templado Cálido (Yunga);54;21
2734;Mirador De Antaymarca;Arequipa;-15.515117015878188;-72.3397108912468;3613.0;Frío (Suni);-1;18
2735;Museo Santuarios Andinos;Arequipa;-16.399558496688872;-71.53761506080627;2337.0;Templado Seco (Quechua);12;16
2737;Lomas De Atiquipa ;Arequipa;-15.756529819343202;-74.37559604644775;811.0;Templado Cálido (Yunga);-1;11
2742;Complejo Arqueologico Quebrada De La Waca O Puerto Inka;Arequipa;-15.83981674565124;-74.31025466910734;11.0;Cálido / Desértico (Costa);50;11
2743;Iglesia Santa Ana De Maca;Arequipa;-15.64066840259628;-71.76826894283295;3278.0;Templado Seco (Quechua);76;18
2744;Casa Tristan Del Pozo;Arequipa;-16.39808925879565;-71.53600037097931;2345.0;Templado Seco (Quechua);12;16
11911;Bosque Seco De Huarangos;Arequipa;-15.778057622432785;-73.3429902584754;1712.0;Templado Cálido (Yunga);-1;11
2747;Museo Paleontologico De Sacaco;Arequipa;-15.544557700434709;-74.73237230555725;66.0;Cálido / Desértico (Costa);50;11
2754;Río Colca -  Sector Sibayo;Arequipa;-15.484626;-71.454831;3808.0;Frío (Suni);76;3
2761;Complejo Arqueológico La Huarca;Arequipa;-15.812999999999988;-73.31279313161639;1639.0;Templado Cálido (Yunga);-1;11
2763;Complejo Arqueológico De Kukuli;Arequipa;-15.853781543671214;-73.31166713428495;1621.0;Templado Cálido (Yunga);-1;11
2764;Iglesia San Juan Bautista De Yanahuara;Arequipa;-16.387773404245355;-71.54198437929153;2369.0;Templado Seco (Quechua);12;16
12996;Cerro Mirador Natural De Cruzpata;Puno;-15.348273510755382;-69.50677987762451;4015.0;Muy Frío (Puna);30;12
2766;Parque Jurásico De Querulpa;Arequipa;-16.161065207658567;-72.48872833596799;591.0;Templado Cálido (Yunga);52;11
2768;Casa Museo De Sitio Heroes Y Martires De Quequeña;Arequipa;-16.55793;-71.45163;2554.0;Templado Seco (Quechua);12;16
2770;Carnavales Chuquibambinos;Arequipa;-15.8398;-72.6543;2943.0;Templado Seco (Quechua);-1;18
2771;Laguna Lagunillas;Puno;-15.757892806176326;-70.67951202392578;4171.0;Muy Frío (Puna);30;12
2774;Pelea De Toros De Arequipa;Arequipa;-16.401;-71.5379;2334.0;Templado Seco (Quechua);12;16
2775;Iglesia Santa Marta;Arequipa;-16.39808925879565;-71.53079152107239;2370.0;Templado Seco (Quechua);12;16
2776;Iglesia Y Convento La Merced;Arequipa;-16.401532043973877;-71.53863966464996;2328.0;Templado Seco (Quechua);12;16
2777;Buque Museo Yavari;Puno;-15.82578052;-70.00475371;3811.0;Frío (Suni);8;6
2786;Catedral San Pedro De Lurín;Lima;-12.273708450830274;-76.86849575826648;10.0;Cálido / Desértico (Costa);36;19
2787;Festividad Del Señor De Burgos;Huánuco;-9.92703;-76.2405;1899.0;Templado Cálido (Yunga);15;2
2788;Mirador Turístico Julio C. Tello;Lima;-12.245822;-76.894098;53.0;Cálido / Desértico (Costa);36;19
2796;Chicharrones De Lurín;Lima;-12.2688;-76.8848;12.0;Cálido / Desértico (Costa);36;19
2797;Semana Santa De Lurín;Lima;-12.2688;-76.8848;12.0;Cálido / Desértico (Costa);36;19
2805;Playa San Pedro;Lima;-12.276438;-76.89858900000002;0.0;Cálido / Desértico (Costa);36;19
2813;Cañon De Huatuscalle;Ayacucho;-12.841823;-74.296867;3046.0;Templado Seco (Quechua);-1;0
12360;Valle De Santiago De Huatatas;Ayacucho;-13.156494362774882;-74.19521429905875;2714.0;Templado Seco (Quechua);24;15
2826;Zona De Reserva Y Conservación Municipal Los Altos De Caravelí;Arequipa;-15.590545299225289;-73.46858485774993;3017.0;Templado Seco (Quechua);-1;18
2827;Festividad De La Virgen Del Buen Paso;Arequipa;-15.7728;-73.3682;1776.0;Templado Cálido (Yunga);-1;11
2829;Paisaje Cultural Petroglifos De Ananta;Arequipa;-15.789458374308138;-73.33347206878658;1695.0;Templado Cálido (Yunga);-1;11
2836;Ventanillas O Necropolis De San Mateo De Quilcate;Cajamarca;-6.81288;-78.738716;3261.0;Templado Seco (Quechua);45;13
2837;Iglesia Del Señor De La Caña;Arequipa;-16.39210926899151;-71.550173163414;2352.0;Templado Seco (Quechua);12;16
2844;Campiña De Chuquibamba;Arequipa;-15.833924;-72.652583;2943.0;Templado Seco (Quechua);-1;18
12359;Casona Colonial Yanamilla;Ayacucho;-13.1433731609537;-74.19184126311659;2581.0;Templado Seco (Quechua);24;15
12470;Arte Rupestre De Chusecani;Puno;-16.5921655;-69.2702724;3846.0;Frío (Suni);69;3
12610;Mirador Natural Guindalo;Ayacucho;-12.9418;-73.533795;1014.0;Templado Cálido (Yunga);-1;19
2869;Balneario La Cooperativa Pintuyacu;Huánuco;-9.362114638772288;-74.96589124202728;199.0;Cálido / Desértico (Costa);60;26
2872;Balneario La Viuda;Huánuco;-9.365813;-74.91655;244.0;Cálido / Desértico (Costa);60;26
2876;Catarata La Huanca;Huánuco;-9.751003322562957;-75.51054304503538;509.0;Templado Cálido (Yunga);60;26
2880;Complejo Arqueológico Cerro Shamana;La Libertad;-8.07392079581;-78.63630652427;3743.0;Frío (Suni);45;5
2882;Sitio Arqueológico De Chiquia;Huánuco;-10.114284;-76.620975;3570.0;Frío (Suni);62;5
2887;Sitio Arqueológico De Kenac;Huánuco;-10.080059354071256;-76.63833513034388;3645.0;Frío (Suni);62;5
2893;Danza Kiyaya;Áncash;-9.16247;-77.3695;3321.0;Templado Seco (Quechua);62;5
2900;Danza Los Negritos De Chiquián;Áncash;-10.1519;-77.1588;3397.0;Templado Seco (Quechua);-1;28
2902;Wallpa Danza;Áncash;-9.09342;-77.3332;3081.0;Templado Seco (Quechua);62;5
2904;Nevado Yerupaja;Áncash;-10.267627361917446;-76.90567016601562;6454.0;Glacial / Nieve (Janca);-1;8
2906;Fósil Huellas De Dinosaurios;Áncash;-9.80341265794517;-77.04937867165671;4465.0;Muy Frío (Puna);62;5
2909;Danza Los Huanquillas (Wankillas) De Pariacaca;Áncash;-9.28075;-77.6472;2632.0;Templado Seco (Quechua);62;13
2911;Festividad De La Santísima Cruz De Mayo;Puno;-15.2019;-69.7615;3839.0;Frío (Suni);30;12
2914;Fiesta Patronal De La Santísima Virgen De La Visitación;La Libertad;-8.08213;-79.0028;110.0;Cálido / Desértico (Costa);4;14
2915;Manantial Pumapashimin;Áncash;-9.879232;-77.270193;4211.0;Muy Frío (Puna);62;5
2917;Mirador Natural Shayhua;Áncash;-9.5215930287345;-77.15159468116762;3245.0;Templado Seco (Quechua);62;5
2920;Danza Los Negritos De Plata Ó Qellee Negro;Áncash;-9.78212;-77.6115;3422.0;Templado Seco (Quechua);62;5
2921;Bosque Monte Potrero;Huánuco;-9.89769;-76.05544199999997;3235.0;Templado Seco (Quechua);62;5
2923;Laguna Wariqucha;Áncash;-9.822149;-77.375899;3978.0;Frío (Suni);62;5
2926;Bodega La Barrera;Arequipa;-16.215049;-72.481563;446.0;Cálido / Desértico (Costa);52;11
2928;Playa La Miel;Arequipa;-16.704269966320922;-72.44472689814751;6.0;Cálido / Desértico (Costa);-1;11
2930;Caleta De Quilca;Arequipa;-16.71523448615521;-72.43498022341765;3.0;Cálido / Desértico (Costa);-1;11
2931;Humedal El Chiflon;Arequipa;-16.626548;-72.771453;2.0;Cálido / Desértico (Costa);56;11
12995;Cerro Mirador Natural De Queahuani ;Puno;-15.357355;-69.551241;3982.0;Frío (Suni);30;12
2934;Valle Del Rio Camana;Arequipa;-16.617276;-72.751087;15.0;Cálido / Desértico (Costa);56;11
12064;Mirador Alto De Calpa - La Capilla;Arequipa;-15.848683037410972;-73.41387002658841;2341.0;Templado Seco (Quechua);-1;18
2937;Bodeguillas De Huacapuy;Arequipa;-16.613013;-72.75078;17.0;Cálido / Desértico (Costa);56;11
2938;Pueblo De Quilca;Arequipa;-16.71679639631488;-72.42547988891602;78.0;Cálido / Desértico (Costa);-1;11
12617;Playa Yayisani De Socca;Puno;-15.91030151456404;-69.69692820877198;3813.0;Frío (Suni);30;12
12313;Mirador Del Inca;Arequipa;-16.588152897937142;-72.73373619623617;62.0;Cálido / Desértico (Costa);56;11
2944;Valle Del Rio Quilca;Arequipa;-16.71715860439484;-72.42517679929733;78.0;Cálido / Desértico (Costa);-1;11
2946;Caleta De Arantas;Arequipa;-16.7942;-72.32817;11.0;Cálido / Desértico (Costa);-1;11
2947;Playa  Las Cuevas;Arequipa;-16.664299;-72.614863;0.0;Cálido / Desértico (Costa);56;11
2955;Parque Suchiche;San Martín;-6.485044601873346;-76.35822504662701;351.0;Cálido / Desértico (Costa);10;25
12513;Huellas Fósiles De Camélidos Sudamericanos En Andamarca  ;Ayacucho;-14.390863;-73.962664;3474.0;Templado Seco (Quechua);70;18
2964;Festival Del Juane Amazonico Sabor Bandino;San Martín;-6.50335;-76.3514;296.0;Cálido / Desértico (Costa);10;25
12471;Sitio Arqueologico De Ichucollo ;Puno;-16.5594314;-69.2736769;3866.0;Frío (Suni);69;3
2969;Puente De Piedra Calicanto;Cajamarca;-6.99917;-78.84528;2496.0;Templado Seco (Quechua);45;13
2972;Pueblo De Recuay;Áncash;-9.7221182;-77.45630360000001;3397.0;Templado Seco (Quechua);62;5
2973;Quebrada Quilcayhuanca;Áncash;-9.497661;-77.416159;3844.0;Frío (Suni);-1;22
2974;Cascadas De Tamushal - Alto Shilcayo;San Martín;-6.43950838;-76.334655;765.0;Templado Cálido (Yunga);10;25
2975;Mirador Natural Alto Shilcayo;San Martín;-6.44987318142978;-76.32835149765015;1000.0;Templado Cálido (Yunga);10;25
2977;Museo De Arqueología E Historia Natural De Yungay-Ranrahirca;Áncash;-9.173025815378134;-77.7222878108368;2475.0;Templado Seco (Quechua);-1;13
2978;Aguas Termales De Baños De Quilcate;Cajamarca;-6.827417;-78.740192;3137.0;Templado Seco (Quechua);45;13
2980;Comunidad De Vicos;Áncash;-9.32846034827403;-77.55332440137863;3007.0;Templado Seco (Quechua);62;5
2988;Mirador Aquishitto De Segunda Jerusalén;San Martín;-6.026441;-77.290516;935.0;Templado Cálido (Yunga);54;21
2989;Mirador Ahuashiyacu;San Martín;-6.463321979177202;-76.30627752255633;779.0;Templado Cálido (Yunga);10;25
2990;Chicha De Jora De Olleros;Áncash;-9.52745;-77.5334;3034.0;Templado Seco (Quechua);20;2
2993;Pinturas Rupestres De Carpa;Áncash;-9.884934;-77.234781;4385.0;Muy Frío (Puna);62;5
3001;Chullpa De Chetilla;Cajamarca;-6.444005;-78.65558399999998;2298.0;Templado Cálido (Yunga);-1;17
3004;Fabrica De Chocolates Orquídea;San Martín;-6.472441;-76.374225;349.0;Cálido / Desértico (Costa);10;25
3010;Playa San Pedro;Piura;-5.491880666337432;-80.90711832046509;2.0;Cálido / Desértico (Costa);-1;1
12472;Templo De San Sebastián;Puno;-16.49557996;-69.10433698;3817.0;Frío (Suni);69;3
3016;Baños Termales Del Inca;Huánuco;-10.046352;-76.718953;3378.0;Templado Seco (Quechua);62;5
12625;Laccaya Tinajani Tierra Del Airampo;Puno;-14.989911903063913;-70.58312565696922;4113.0;Muy Frío (Puna);72;3
12668;Catarata De Limayhuacho;Ayacucho;-14.300082;-73.936179;3031.0;Templado Seco (Quechua);70;18
3023;Castillo Medieval De Lamas;San Martín;-6.419853;-76.520423;839.0;Templado Cálido (Yunga);10;25
13711;Museo Ritos Andinos;Cusco;-13.674382;-71.677405;3128.0;Templado Seco (Quechua);79;23
12501;Laguna De Qoricancha  U Occeccocha ;Ayacucho;-14.416855;-73.952959;3686.0;Frío (Suni);70;18
3031;Malecón Del Reloj Público - Pucallpa;Ucayali;-8.386948000000018;-74.52875758895493;158.0;Tropical Húmedo (Selva);9;25
3033;Capilla De San Pedro De Challapampa.;Puno;-16.268816235508044;-69.33726933770754;3841.0;Frío (Suni);69;3
3034;Putucos;Puno;-15.292671417046508;-69.94810581207275;3815.0;Frío (Suni);30;12
3036;Fiesta Patronal Santiago Apóstol Y Santa Ana De Moyobamba;San Martín;-6.02852;-76.972;880.0;Templado Cálido (Yunga);54;21
3037;Aniversario De Fundación Española De Moyobamba;San Martín;-6.02852;-76.972;880.0;Templado Cálido (Yunga);54;21
3038;Danza Changanacuy;Ucayali;-8.38283;-74.5323;159.0;Tropical Húmedo (Selva);9;25
3043;Danza Anti;Áncash;-8.9769;-77.1843;2759.0;Templado Seco (Quechua);62;13
12689;Observatorio  Natural De Condores  Del Cañon De Yanapaqcha;Ayacucho;-14.325042;-73.906024;3157.0;Templado Seco (Quechua);70;18
3046;Centro De Conservación Waqanki;San Martín;-6.075040394810061;-76.9758948650818;993.0;Templado Cálido (Yunga);54;21
3047;Isla Foca;Piura;-5.210109028643546;-81.20574474334717;53.0;Cálido / Desértico (Costa);40;1
3048;Catarata Alto Shambillo;Ucayali;-9.011907;-75.66523;583.0;Tropical Húmedo (Selva);60;26
3049;Danza Zitaracuy;Ucayali;-8.38283;-74.5323;159.0;Tropical Húmedo (Selva);9;25
3050;Danza Chimaychi;Ucayali;-8.38283;-74.5323;159.0;Tropical Húmedo (Selva);9;25
3052;Danza Pandilla;Ucayali;-8.38283;-74.5323;159.0;Tropical Húmedo (Selva);9;25
3054;Juane;Ucayali;-8.38283;-74.5323;159.0;Tropical Húmedo (Selva);9;25
3055;Mirador De San Cristóbal ;Apurímac;-13.523558333333334;-72.69538333333333;3091.0;Templado Seco (Quechua);-1;23
3056;Aguajina;Ucayali;-8.38283;-74.5323;159.0;Tropical Húmedo (Selva);9;25
3058;Fiesta Patronal De San Juan;Ucayali;-8.38283;-74.5323;159.0;Tropical Húmedo (Selva);9;25
3061;La Capilla De La Piedad Y El Osario;Puno;-15.365018697139082;-70.3669086098671;3868.0;Frío (Suni);30;12
3065;Cecina Con Tacacho;Ucayali;-8.38283;-74.5323;159.0;Tropical Húmedo (Selva);9;25
12372;Laguna De Osccoccocha ;Ayacucho;-12.958048;-74.102158;4217.0;Muy Frío (Puna);-1;0
3071;Playa Arica;Lima;-12.301553;-76.85308600000002;5.0;Cálido / Desértico (Costa);36;19
13320;Valle De Andahuaylillas;Cusco;-13.667076;-71.668444;3089.0;Templado Seco (Quechua);79;23
12206;Playa Ecoturística De Moyapampa;Puno;-16.202482144082705;-69.50338872324828;3814.0;Frío (Suni);30;12
3076;Sitio Arqueológico De Lamparaquen;Puno;-15.319512577579488;-70.45994087304688;4190.0;Muy Frío (Puna);30;12
3077;Refresco De Cocona;Ucayali;-8.38283;-74.5323;159.0;Tropical Húmedo (Selva);9;25
3078;Bebida Tipica Camu Camu;Ucayali;-8.38283;-74.5323;159.0;Tropical Húmedo (Selva);9;25
3085;Cataratas De Shanquillay;Arequipa;-15.47952019333835;-72.34011793254092;3524.0;Frío (Suni);-1;18
3087;Ciudadela De Antaymarca;Arequipa;-15.515243262531566;-72.33985988423922;3613.0;Frío (Suni);-1;18
3088;Volcán Jechapita;Arequipa;-15.53454842911888;-72.31224747341918;3311.0;Templado Seco (Quechua);76;18
3094;Farallones Faical;Cajamarca;-5.17975;-78.93923333333333;1259.0;Templado Cálido (Yunga);55;17
3097;Danza Los Shacshas De Huaraz;Áncash;-9.52745;-77.5334;3034.0;Templado Seco (Quechua);20;2
3101;Fiesta De Carnavales San Nicolas;Áncash;-8.9769;-77.1843;2759.0;Templado Seco (Quechua);62;13
3102;Santuario De Nuestra Señora De Asunción De Chacas (Mama Ashu);Áncash;-9.1630088;-77.3659835;3362.0;Templado Seco (Quechua);62;5
3103;Nevado Palcaraju;Áncash;-9.368323;-77.37091499999997;6148.0;Glacial / Nieve (Janca);-1;5
3105;Lagunas Arreviatadas;Cajamarca;-5.235549;-79.280798;3269.0;Templado Seco (Quechua);55;17
3107;Plaza De Armas De Moyobamba;San Martín;-6.034735865103458;-76.9746957898108;875.0;Templado Cálido (Yunga);54;21
3108;Plaza De Armas De Rioja;San Martín;-6.062667306405227;-77.16774344444276;846.0;Templado Cálido (Yunga);54;21
3111;Mirador Altomira - Saposoa;San Martín;-6.925292130946589;-76.77251822122938;352.0;Cálido / Desértico (Costa);-1;1
11609;Parque De La Identidad Pozucina - Prusia;Pasco;-10.09699;-75.54261;761.0;Templado Cálido (Yunga);60;26
3120;Iglesia Virgen De La Asunción De Ámbar;Lima;-10.75675;-77.27196;2070.0;Templado Cálido (Yunga);-1;26
12667;Laguna De  Huanzo;Ayacucho;-14.298341;-73.959426;3305.0;Templado Seco (Quechua);70;18
12666;Maqueta De Luichumarca;Ayacucho;-14.30383;-73.951806;3414.0;Templado Seco (Quechua);70;18
3124;Río Mayo, Sector Juan Antonio - Tahuishco;San Martín;-6.023603352400985;-76.96378320982171;807.0;Templado Cálido (Yunga);54;21
14343;Templo San Martín De Tours;Puno;-16.9081975;-69.371005;3920.0;Frío (Suni);69;3
13081;Iglesia De Santo Toribio De Mogrovejo De Chosica;Lima;-11.936193009785034;-76.6973849940369;853.0;Templado Cálido (Yunga);-1;19
3137;Lomas De Lúcumo;Lima;-12.20541;-76.88266;381.0;Cálido / Desértico (Costa);-1;19
11754;Parque Nacional Alto Purús;Madre De Dios;-10.974768829884026;-71.28890783390085;431.0;Tropical Húmedo (Selva);-1;24
3146;Centro Recreacional Vivero Forestal De Chimbote;Áncash;-9.05938023710703;-78.5906982421875;14.0;Cálido / Desértico (Costa);44;4
3147;Fundo Niño Jesús;San Martín;-6.079609141181702;-76.90347075462343;933.0;Templado Cálido (Yunga);-1;1
12664;Casa De Felipe Guaman Poma De Ayala;Ayacucho;-14.300685;-73.937787;2988.0;Templado Seco (Quechua);70;18
3151;Plaza De Armas De Pachacámac;Lima;-12.229907689595796;-76.8593966960907;72.0;Cálido / Desértico (Costa);36;19
3152;Carnaval De Catacaos;Piura;-5.26988;-80.6766;26.0;Cálido / Desértico (Costa);6;14
3153;Iglesia San Francisco;Piura;-5.195515823779001;-80.62510348856449;34.0;Cálido / Desértico (Costa);6;14
3156;Fiesta Patronal Santísima Virgen María Del Rosario;Lima;-12.2288;-76.8598;73.0;Cálido / Desértico (Costa);36;19
12492;Pinturas Rupestres De Convental;Puno;-16.8518345;-69.4141511;4015.0;Muy Frío (Puna);69;3
3158;Festival De La Fresa;Lima;-12.2288;-76.8598;73.0;Cálido / Desértico (Costa);36;19
11774;Laguna De Conococha;Áncash;-8.509750398227121;-78.02036936664277;3726.0;Frío (Suni);49;28
3162;Ovalo Grau;Piura;-5.195348206638854;-80.63000589609146;33.0;Cálido / Desértico (Costa);6;14
3163;Plaza De Armas De Piura;Piura;-5.197025711625065;-80.62662228941917;34.0;Cálido / Desértico (Costa);6;14
3165;Plazuela Ignacio Merino;Piura;-5.19322794613705;-80.62549442052841;35.0;Cálido / Desértico (Costa);6;14
11759;Islas Anapia Y Yuspique;Puno;-16.31389254222544;-68.85295961366037;3848.0;Frío (Suni);69;3
3169;Pandilla Moyobambina Y La Umsha;San Martín;-6.02852;-76.972;880.0;Templado Cálido (Yunga);54;21
11775;Farallones Pétreos De Tambillo;Puno;-16.35544456991064;-69.14269779918526;4543.0;Muy Frío (Puna);-1;3
3176;Sopa Seca Con Carapulcra;Ica;-13.4202;-76.1357;92.0;Cálido / Desértico (Costa);41;4
3183;Represa De Poechos;Piura;-4.682870760358314;-80.5226591878976;110.0;Cálido / Desértico (Costa);-1;1
3185;Antigua Taberna Queirolo;Lima;-12.077669191205958;-77.06303805112839;89.0;Cálido / Desértico (Costa);-1;9
12735;Zona Monumental De Yanahuara;Arequipa;-16.387371;-71.542036;2372.0;Templado Seco (Quechua);12;16
3189;Playa La Cruz;Tumbes;-3.63592;-80.58620000000002;0.0;Cálido / Desértico (Costa);7;14
3194;Cerro Ñañañique;Piura;-5.094727189119576;-80.15733361244202;160.0;Cálido / Desértico (Costa);39;1
3197;Leyenda Origen De Contamana;Loreto;-7.32502;-75.0416;135.0;Tropical Húmedo (Selva);-1;21
3198;Cerro Mirador;San Martín;-5.94898969697063;-77.31521129608154;983.0;Templado Cálido (Yunga);54;21
12864;Playa Sombrero Grande;Arequipa;-17.07675335108809;-71.93561082317993;2.0;Cálido / Desértico (Costa);57;11
11597;Laguna Cochaquillo;Lima;-10.8025;-76.6608;4421.0;Muy Frío (Puna);48;8
12824;Zona Arqueológica Marka Marka;Pasco;-10.627066673403476;-75.95299243484514;3871.0;Frío (Suni);62;5
12749;Malecon José Olaya;Lima;-13.0239616;-76.4805987;3.0;Cálido / Desértico (Costa);41;4
3209;Fundación De Contamana;Loreto;-7.32502;-75.0416;135.0;Tropical Húmedo (Selva);-1;21
3212;Cueva De Palestina;San Martín;-5.925738546505658;-77.35169933868406;858.0;Templado Cálido (Yunga);54;21
13319;Río Vilcanota Tramo Ccachabamba - Piñipampa;Cusco;-13.665272;-71.662347;3093.0;Templado Seco (Quechua);79;23
14347;Aguas Termo Medicinales De Machaca Marca Vilquechico;Puno;-15.6265;-69.32545;3809.0;Frío (Suni);30;12
3238;Cascada De Chilinmayo;Cajamarca;-7.33688;-78.010814;3308.0;Templado Seco (Quechua);45;13
13123;Sitio Arqueologico De Cotañi En Vilquechico;Puno;-15.200429666668;-69.67463;3955.0;Frío (Suni);72;3
3248;Vivero Municipal Agrotecnológico ;Lima;-11.82337;-76.62327;1705.0;Templado Cálido (Yunga);-1;19
12494;Laguna De Chuaqota;Puno;-13.852298;-70.217922;4056.0;Muy Frío (Puna);-1;3
12468;Molino De Oro Corani;Puno;-13.86283090750634;-70.6046468524998;4078.0;Muy Frío (Puna);-1;3
12688;Aguas Termales De Qosniq;Ayacucho;-14.310843;-73.923628;2999.0;Templado Seco (Quechua);70;18
3265;Villa San  Miguel De Tangarara;Piura;-4.8853382;-80.82490100000001;35.0;Cálido / Desértico (Costa);40;1
3271;Zona Arqueológica Monumental Huaca Pucllana;Lima;-12.110503;-77.03306199999997;95.0;Cálido / Desértico (Costa);29;9
3272;Los Tamales De Supe;Lima;-10.7994;-77.7135;47.0;Cálido / Desértico (Costa);42;4
3273;Parque Central De Miraflores;Lima;-12.120669785048053;-77.02950239181519;89.0;Cálido / Desértico (Costa);29;9
3285;Centro Comercial Larcomar;Lima;-12.132334036388857;-77.03027486801147;64.0;Cálido / Desértico (Costa);29;9
3290;Parque El Faro De La Marina;Lima;-12.104683058297864;-77.03113585710526;104.0;Cálido / Desértico (Costa);29;9
3292;Parque Alfredo Salazar;Lima;-12.131386072782318;-77.03037947416306;76.0;Cálido / Desértico (Costa);29;9
3309;Palacio Municipal De Miraflores;Lima;-12.121707551888935;-77.02918899140167;86.0;Cálido / Desértico (Costa);29;9
3311;Centro Cultural Ricardo Palma;Lima;-12.125379602623608;-77.0297223329544;86.0;Cálido / Desértico (Costa);29;9
3314;Zona Monumental De Pueblo Libre ;Lima;-12.077708543253925;-77.06222845767212;90.0;Cálido / Desértico (Costa);-1;9
3317;Tiesos De Miel De Barranca;Lima;-10.7567;-77.7604;46.0;Cálido / Desértico (Costa);42;4
3318;La Ermita De Barranco;Lima;-12.149128709905856;-77.02311844295696;65.0;Cálido / Desértico (Costa);29;9
3319;Plazuela Chabuca Granda;Lima;-12.148719978133656;-77.0229495783459;65.0;Cálido / Desértico (Costa);29;9
3321;Museo Pedro De Osma;Lima;-12.154496962603597;-77.02281607327902;59.0;Cálido / Desértico (Costa);29;9
3322;El Tacu Tacu De Barranca;Lima;-10.7567;-77.7604;46.0;Cálido / Desértico (Costa);42;4
3328;Baile Cuadrillas De Negritos;Ica;-14.0679;-75.732;408.0;Cálido / Desértico (Costa);3;9
3329;Playa Grau - Tumbes.;Tumbes;-3.66242;-80.62720000000002;0.0;Cálido / Desértico (Costa);34;1
3331;Festival De La Identidad Yánesha;Pasco;-10.7364;-75.2725;1498.0;Templado Cálido (Yunga);66;26
3333;Fiesta Patronal De Villa Rica;Pasco;-10.7364;-75.2725;1498.0;Templado Cálido (Yunga);66;26
3344;Playa Yacila;Piura;-5.130525793916448;-81.16854786872864;0.0;Cálido / Desértico (Costa);40;1
3348;Plaza Mayor De Lima;Lima;-12.045947477780944;-77.03060082209015;158.0;Cálido / Desértico (Costa);28;9
3349;Palacio De Gobierno Del Perú;Lima;-12.045074;-77.02995199999998;162.0;Cálido / Desértico (Costa);28;9
3350;Palacio Municipal De Lima;Lima;-12.045249985241425;-77.03116818650818;161.0;Cálido / Desértico (Costa);28;9
3351;Iglesia Y Convento De Santo Domingo De Lima;Lima;-12.044398564405853;-77.03173722453687;161.0;Cálido / Desértico (Costa);28;9
3353;Parque De La Muralla;Lima;-12.044561652575888;-77.02640104662703;155.0;Cálido / Desértico (Costa);28;9
3354;Santuario De Santa Rosa De Lima;Lima;-12.042782636691843;-77.03544339384842;148.0;Cálido / Desértico (Costa);28;9
3367;Santuario De Nuestra Señora De Las Mercedes;Piura;-5.08578;-81.11530132591724;16.0;Cálido / Desértico (Costa);40;1
3368;Albúfera El Paraíso;Lima;-11.18566292;-77.59005323;0.0;Cálido / Desértico (Costa);42;4
3369;Zona Arqueológica Monumental Bandurria;Lima;-11.18686573;-77.5884657;27.0;Cálido / Desértico (Costa);42;4
3372;Wapululos - Carnaval De Lampa;Puno;-15.3639;-70.3654;3866.0;Frío (Suni);30;12
3373;Casona Pittaluga;Lima;-11.108392;-77.61260099999998;29.0;Cálido / Desértico (Costa);42;4
3375;Club Casino Huacho;Lima;-11.108972472195632;-77.61042641104507;32.0;Cálido / Desértico (Costa);42;4
3378;Playa Colorado;Lima;-11.148227;-77.60355800000002;7.0;Cálido / Desértico (Costa);42;4
3379;Plaza De Armas De Huacho;Lima;-11.10852823;-77.61033811;32.0;Cálido / Desértico (Costa);42;4
3381;Fiesta Patronal De San Bartolomé De Huacho;Lima;-11.1071;-77.6102;33.0;Cálido / Desértico (Costa);42;4
3382;Reserva Nacional De Lachay;Lima;-11.37555;-77.36068;308.0;Cálido / Desértico (Costa);-1;4
14103;Casona Salesiana María Auxiliadora;Puno;-15.83854247;-70.03141767;3852.0;Frío (Suni);8;6
13318;Puente Yunka Punku;Cusco;-13.629615;-71.681832;3117.0;Templado Seco (Quechua);79;23
3392;Laguna Milagrosa;Lima;-12.544352829984334;-76.72300100326538;1.0;Cálido / Desértico (Costa);36;19
14180;Capilla Y Ex Casa Hacienda De La Huaca;Lima;-11.52795104;-77.19832511;172.0;Cálido / Desértico (Costa);35;19
14366;Bosque De Puya Raimondi;Áncash;-9.879895;-77.269761;4207.0;Muy Frío (Puna);62;5
3404;Laguna La Encantada;Lima;-12.5429494818026;-76.7275071144104;2.0;Cálido / Desértico (Costa);36;19
3405;Laguna La Mellicera;Lima;-12.542844754019704;-76.72524333000183;2.0;Cálido / Desértico (Costa);36;19
13479;Plaza De Armas De Juanjui;San Martín;-7.180259;-76.726479;276.0;Cálido / Desértico (Costa);58;21
3410;La Campana De Oro;Lima;-10.9568;-76.9336;3238.0;Templado Seco (Quechua);48;8
3418;Fiesta Patronal De La Virgen De La Asunción;Lima;-10.7573;-77.2695;2080.0;Templado Cálido (Yunga);-1;26
3421;Festival Del Queso Ambarino;Lima;-10.7573;-77.2695;2080.0;Templado Cálido (Yunga);-1;26
3429;Casa De Cuentas O Kaha Wayi ;Lima;-10.873683;-76.70475499999998;4007.0;Muy Frío (Puna);48;8
14586;Taller De Artesanía Chullpa Aimara Molloco;Puno;-16.005403;-69.772198;3833.0;Frío (Suni);30;12
12543;Ñawin Puquio De Huayllahuarmi;Ayacucho;-14.434828;-73.936367;3938.0;Frío (Suni);70;18
13850;Pintura Rupestre Shilla;Lima;-11.62507;-76.43314;3866.0;Frío (Suni);68;0
3439;Museo Arqueológico Arturo Ruiz Estrada - Universidad Nacional José Faustino Sánchez Carrión;Lima;-11.108999;-77.61325199999999;29.0;Cálido / Desértico (Costa);42;4
13703;Nevado De Chichiqhapaq - Ayapata;Puno;-13.9449798782;-70.36445992279;5537.0;Glacial / Nieve (Janca);-1;3
12312;Iglesia De La Inmaculada Concepción ;Arequipa;-17.10229;-71.90646;19.0;Cálido / Desértico (Costa);57;11
3456;Iglesia De Santa María;Lima;-11.08634889;-77.58670215;76.0;Cálido / Desértico (Costa);42;4
3461;Bodega Santa Maria;Lima;-12.95301;-76.14163;500.0;Cálido / Desértico (Costa);41;4
14216;Playa Cerro La Virgen ;Lima;-12.62715;-76.67305;0.0;Cálido / Desértico (Costa);36;19
3463;Iglesia Matriz San Jerónimo De Sayán;Lima;-11.13459;-77.19157;671.0;Templado Cálido (Yunga);-1;4
12100;Mirador San Cristóbal De Vilca;Lima;-12.114762;-75.827278;3844.0;Frío (Suni);48;8
3471;Plaza Colonial De Chucuito;Puno;-15.894369598925014;-69.88976240158081;3874.0;Frío (Suni);8;6
3473;Laguna Umayo;Puno;-15.73546196944517;-70.1646416892123;3832.0;Frío (Suni);8;6
3474;Sitio Histórico De Chua Chua;Puno;-16.46092145;-69.14564728;3815.0;Frío (Suni);69;3
3475;Templo De Santa Barbara;Puno;-16.087132478577693;-69.63597446680069;3853.0;Frío (Suni);30;12
3477;Templo De Santa Isabel;Puno;-15.042309;-70.368774;3879.0;Frío (Suni);72;3
3478;Parque Nacional Bahuaja Sonene;Puno;-13.266667;-69.452101;274.0;Cálido / Desértico (Costa);-1;24
3479;Baños Termales De Uchuhuma;Puno;-13.952049250259623;-70.0721394686584;4001.0;Muy Frío (Puna);72;3
3482;Museo Comunitario De Végueta José Mateo García De Los Santos;Lima;-11.02284;-77.64388;18.0;Cálido / Desértico (Costa);42;4
13059;Iglesia San Pablo De Hongos;Lima;-12.810345;-75.765095;3170.0;Templado Seco (Quechua);48;8
3484;Zona Arqueológica Monumental Los Huacos;Lima;-11.097040506877464;-77.61516809463501;33.0;Cálido / Desértico (Costa);42;4
3485;Caleta San Martín De Végueta;Lima;-11.00655;-77.65527;0.0;Cálido / Desértico (Costa);42;4
3486;Sitio Arqueológico De Vichama;Lima;-11.030155;-77.629975;27.0;Cálido / Desértico (Costa);42;4
3487;Mito Del Dios Vichama;Lima;-11.0225;-77.6427;25.0;Cálido / Desértico (Costa);42;4
3488;Artesanía Veguetana;Lima;-11.0225;-77.6427;25.0;Cálido / Desértico (Costa);42;4
12540;Aguas Termales De Putina Cucho;Puno;-15.380424541120636;-69.47412366137696;3831.0;Frío (Suni);30;12
3492;El Kankacho Ayavireño;Puno;-14.8812;-70.5898;3912.0;Frío (Suni);72;3
3495;Muelle De Cerro Azul;Lima;-13.0271967;-76.4832477;0.0;Cálido / Desértico (Costa);41;4
14558;Mirador Cerro El Calvario;Puno;-15.356349106013258;-70.36974906921388;3966.0;Frío (Suni);30;12
13592;Mirador De San José De Los Chorrillos;Lima;-12.12756;-76.43409;2590.0;Templado Seco (Quechua);68;0
13477;Mirador Jardin De La Amistad ;Lima;-12.07212;-76.25239;3457.0;Templado Seco (Quechua);48;8
3499;Iglesia San Pedro Apóstol;Lima;-11.09192;-77.62817799999999;12.0;Cálido / Desértico (Costa);42;4
13516;Catarata Tarapacche ;Lima;-11.234996;-76.665684;2843.0;Templado Seco (Quechua);-1;8
3502;Mito Del Pescador;Lima;-11.0917;-77.6279;12.0;Cálido / Desértico (Costa);42;4
3506;Fiesta De San Pedro De Caleta De Carquín;Lima;-11.0917;-77.6279;12.0;Cálido / Desértico (Costa);42;4
3509;Iglesia De Nuestra Señora De La Asunción De Chilca;Lima;-12.51912805144678;-76.73847198486328;12.0;Cálido / Desértico (Costa);36;19
3510;Cascada El Oso;San Martín;-7.447736850291922;-76.92741835245867;416.0;Cálido / Desértico (Costa);58;21
12818;Zona Arqueológica Shauqamarka;Pasco;-10.62804032598725;-75.97797514181502;3631.0;Frío (Suni);62;5
3513;Parque Ecológico Ex Campo De Aterrizaje;Pasco;-10.58093726505;-75.40164982301;1815.0;Templado Cálido (Yunga);65;26
3516;Danzas Tradicionales Oxapampinas;Pasco;-10.5728;-75.4041;1812.0;Templado Cálido (Yunga);65;26
12822;Qhapaq Ñan De Jancapunta;Pasco;-10.53527756152073;-75.88240424738504;4081.0;Muy Frío (Puna);62;5
3533;Cueva De Los Franceses;San Martín;-7.465676991646;-76.95831005245;1509.0;Templado Cálido (Yunga);-1;21
3547;Piscigranja La Cumbre;Pasco;-10.606527751015811;-75.43010632682406;1826.0;Templado Cálido (Yunga);65;26
13345;Plaza Principal De Mallampampa;Pasco;-10.50250927792;-75.66878281973;2027.0;Templado Cálido (Yunga);-1;0
3553;Parque Nacional Yanachaga Chemillén  - Zona De Uso Turístico San Daniel;Pasco;-10.43281938418;-75.45688913596;2395.0;Templado Seco (Quechua);-1;26
3554;Planta De Procesamiento El Wharapo;Pasco;-10.604260006991586;-75.4439874894104;1845.0;Templado Cálido (Yunga);65;26
14375;Gruta Del Señor De Puncuy;Pasco;-10.553929674359749;-76.26214385032655;3800.0;Frío (Suni);16;22
3573;Museo Departamental San Martín;San Martín;-6.03300337801527;-76.97127988343236;878.0;Templado Cálido (Yunga);54;21
3582;Laguna Mancapozo;Huánuco;-9.949154366739364;-76.12741019018596;3706.0;Frío (Suni);16;22
3593;Sitio Arqueológico Andenes De Zurite;Cusco;-13.451487;-72.25908200000003;3462.0;Templado Seco (Quechua);80;23
3595;Plaza Mayor De Quillabamba;Cusco;-12.863456025322014;-72.69297122955322;1054.0;Templado Cálido (Yunga);63;24
3596;Pueblo Historico De Quillabamba;Cusco;-12.86333;-72.69306;1053.0;Templado Cálido (Yunga);63;24
3597; Parroquia Inmaculada Concepción De Quillabamba;Cusco;-12.862859;-72.693271;1053.0;Templado Cálido (Yunga);63;24
14475;Chullpa De Sancuta;Puno;-16.09717548535;-69.54262018203;3863.0;Frío (Suni);30;12
12041;Mirador Histórico De Yayanmarca;Cusco;-13.903144;-71.495251;3483.0;Templado Seco (Quechua);-1;23
3612;Cordillera La Viuda (Sector Junín).;Junín;-11.37070410561;-76.41659000512;4928.0;Glacial / Nieve (Janca);48;8
3618;Zona Arqueológica De Maukallaqta ;Cusco;-13.704948;-71.96786500000002;3398.0;Templado Seco (Quechua);80;23
3623;Sopa De Cholo;Lambayeque;-6.63968;-79.7913;40.0;Cálido / Desértico (Costa);5;14
3628;Baños Termales De  Cocalmayo;Cusco;-13.10929771384165;-72.60082932142639;1402.0;Templado Cálido (Yunga);-1;24
3630;Leyenda De La Princesa Acafala;Lambayeque;-6.50974;-79.8596;45.0;Cálido / Desértico (Costa);37;1
3632;Iglesia De San Andres De Yura;Arequipa;-16.21522099251079;-71.70207798459931;2636.0;Templado Seco (Quechua);31;12
3633;Espesado A La Monsefuana;Lambayeque;-6.87867;-79.8715;13.0;Cálido / Desértico (Costa);5;14
12369;Volcán Nicholson O Cerro Negro;Arequipa;-16.26123442170154;-71.75488471984863;2525.0;Templado Seco (Quechua);31;12
3638;Panquitas De Life;Lambayeque;-6.87867;-79.8715;13.0;Cálido / Desértico (Costa);5;14
3640;Boda De Arroz Molido;Lambayeque;-6.87867;-79.8715;13.0;Cálido / Desértico (Costa);5;14
3644;Templo De San Pablo;Cusco;-14.201361;-71.314407;3490.0;Templado Seco (Quechua);75;3
3646;Laguna De Urcos;Cusco;-13.68771624252;-71.63045167922974;3147.0;Templado Seco (Quechua);79;23
3647;Fiesta Del Tanta Raymi;Cusco;-13.5959;-71.7644;3106.0;Templado Seco (Quechua);79;23
3653;Museo De Sitio De Chinchero;Cusco;-13.395701698232797;-72.05223947486877;3720.0;Frío (Suni);22;6
3655;Barrio Tradicional De San Blas;Cusco;-13.515509;-71.97447399999999;3427.0;Templado Seco (Quechua);22;6
3661;Laguna De Huaypo;Cusco;-13.401704923554544;-72.12981467724609;3509.0;Frío (Suni);80;23
3662;Sitio Arqueológico De Sillkinchani;Cusco;-13.554658;-71.86045999999999;3198.0;Templado Seco (Quechua);22;6
3663;Festival Folklorico De Kanamarka;Cusco;-14.7791;-71.2544;4035.0;Muy Frío (Puna);75;3
3665;Las Canteras  De Cachiccata;Cusco;-13.262214211625054;-72.28917213220222;3037.0;Templado Seco (Quechua);79;23
3668;Catarata De Illapani;Cusco;-12.672523717780397;-72.62754577279281;1358.0;Templado Cálido (Yunga);-1;24
3674;Catarata De Mandor;Cusco;-13.14198522563;-72.5353002548;2039.0;Templado Cálido (Yunga);-1;23
3678;Planta Industrial De La Central De Cooperativas Agrarias Cafetaleras Cocla Ltda N° 281;Cusco;-12.876984;-72.69065799999998;1042.0;Templado Cálido (Yunga);63;24
3680;Mirador De Torrechayoc;Cusco;-12.853308;-72.69929000000002;988.0;Templado Cálido (Yunga);63;24
13700;Camino Inka Chachabamba (Km. 104);Cusco;-13.1857370128;-72.50971990171;2227.0;Templado Cálido (Yunga);-1;23
3687;Museo De Sitio Manuel Chávez Ballón;Cusco;-13.160802;-72.539379;1977.0;Templado Cálido (Yunga);-1;23
3688;Templo De San Pedro Apóstol De Urubamba.;Cusco;-13.3055229;-72.1160821;2872.0;Templado Seco (Quechua);79;23
3690;Villa De Urubamba ;Cusco;-13.305923;-72.11600299999998;2870.0;Templado Seco (Quechua);79;23
13701;Camino Inka Piskacucho (Km. 82);Cusco;-13.21509877053;-72.38286495208;2662.0;Templado Seco (Quechua);-1;23
13712;Sitio Arqueológico De Paucarcancha;Cusco;-13.28041142995;-72.45104657951;3100.0;Templado Seco (Quechua);-1;23
13699;Camino Inka Qorywayrachina (Km. 88);Cusco;-13.22564000130618;-72.43649291340262;2492.0;Templado Seco (Quechua);-1;23
13698;Sitio Arqueológico Patawasi;Cusco;-13.2650955;-72.4478811;2966.0;Templado Seco (Quechua);-1;23
3698;Zona Arqueológica De Cheqoq;Cusco;-13.346056119431632;-72.15038736106874;3446.0;Templado Seco (Quechua);80;23
3700; Área De Conservación Privada: Abra Málaga Thastayoq - Royal Cinclodes ;Cusco;-13.138381;-72.301683;4334.0;Muy Frío (Puna);-1;23
3702;Sitio Arqueológico De Pumamarka;Cusco;-13.2313017767;-72.22896589449;3408.0;Templado Seco (Quechua);80;23
3704;Catarata De Perolniyoc;Cusco;-13.31041256817;-72.26263403881;3567.0;Frío (Suni);80;23
3705;Pueblo De Huilloc;Cusco;-13.202911111111112;-72.20195833333332;3532.0;Frío (Suni);80;23
3706;Festividad Del Señor De Choqekillka;Cusco;-13.2582;-72.2632;2853.0;Templado Seco (Quechua);79;23
3707;Pueblo De Patacancha;Cusco;-13.1753247626;-72.19349550548;3783.0;Frío (Suni);-1;23
3723;Zona Arqueológica De Huaclas Marca De Parco;Junín;-11.79430948578;-75.56712222608;4016.0;Muy Frío (Puna);73;0
3727;Danza El Lundero;Lambayeque;-6.92335;-79.5841;60.0;Cálido / Desértico (Costa);38;1
3729;Danza De Los Diablicos De Túcume;Lambayeque;-6.50974;-79.8596;45.0;Cálido / Desértico (Costa);37;1
3731;El Diablo Hecho Cabra;Lambayeque;-6.63968;-79.7913;40.0;Cálido / Desértico (Costa);5;14
3733;Festividad Señor De La Justicia;Lambayeque;-6.63968;-79.7913;40.0;Cálido / Desértico (Costa);5;14
3734;Fiesta Patronal De Santa Lucía De Siracuse;Lambayeque;-6.63968;-79.7913;40.0;Cálido / Desértico (Costa);5;14
3735;Festividad De San Pablo Pedrero;Lambayeque;-6.63968;-79.7913;40.0;Cálido / Desértico (Costa);5;14
3737;Leyenda Del Cerro La Vieja;Lambayeque;-6.15368;-79.7154;132.0;Cálido / Desértico (Costa);-1;1
3738;Fiesta De San Isidro El Labrador De Ferreñafe;Lambayeque;-6.63968;-79.7913;40.0;Cálido / Desértico (Costa);5;14
3739;Fiesta De La Virgen Del Carmen;Lambayeque;-6.63968;-79.7913;40.0;Cálido / Desértico (Costa);5;14
3740;Causa Ferreñafana;Lambayeque;-6.63968;-79.7913;40.0;Cálido / Desértico (Costa);5;14
3741;Festival Del Mar De Puerto Eten;Lambayeque;-6.92715;-79.8665;5.0;Cálido / Desértico (Costa);5;14
3742;Morro De Eten O Cerro Las Campanas;Lambayeque;-6.93329;-79.86437;14.0;Cálido / Desértico (Costa);5;14
3743;Museo Afroperuano;Lambayeque;-6.92234;-79.58576;56.0;Cálido / Desértico (Costa);38;1
3744;Playa El Ensueño;Lambayeque;-6.927328;-79.869161;4.0;Cálido / Desértico (Costa);5;14
3745;Bordados De Santa Rosa;Lambayeque;-6.88021;-79.9232;6.0;Cálido / Desértico (Costa);5;14
3746;Sitio Arqueológico Cerro La Vieja;Lambayeque;-6.20902;-79.70423;175.0;Cálido / Desértico (Costa);-1;1
3747;Sitio Arqueológico Cerro Corbacho;Lambayeque;-6.91951;-79.56303;280.0;Cálido / Desértico (Costa);-1;1
3748;Festividad Jesus Nazareno Cautivo;Lambayeque;-6.87867;-79.8715;13.0;Cálido / Desértico (Costa);5;14
3749;Antigua Estación Del Ferrocarril De Puerto Eten;Lambayeque;-6.925559112623198;-79.86622808580245;6.0;Cálido / Desértico (Costa);5;14
3750;La Campana María Angola;Lambayeque;-6.92335;-79.5841;60.0;Cálido / Desértico (Costa);38;1
3751;Festividad De La Santísima Cruz Del Tres De Mayo;Lambayeque;-6.92715;-79.8665;5.0;Cálido / Desértico (Costa);5;14
3752;Portada De La Iglesia De Nuestra Señora De Las Mercedes De Saña;Lambayeque;-6.926810266168594;-79.58714962005617;56.0;Cálido / Desértico (Costa);38;1
3753;Iglesia San Francisco De Saña;Lambayeque;-6.927583121189056;-79.58288933498761;56.0;Cálido / Desértico (Costa);38;1
3754;Iglesia Matriz De Saña;Lambayeque;-6.923934615253861;-79.58295464515687;62.0;Cálido / Desértico (Costa);38;1
3755;Zoocriadero De Aves Gigantes;Lambayeque;-6.81269;-79.94068;7.0;Cálido / Desértico (Costa);5;14
3756;Convento San Agustín.;Lambayeque;-6.9245;-79.5848;56.0;Cálido / Desértico (Costa);38;1
3757;El King Kong;Lambayeque;-6.7008;-79.9073;18.0;Cálido / Desértico (Costa);5;14
3758;Leyenda Del Cerro Chalpón Y El Cerro Rajado;Lambayeque;-6.15368;-79.7154;132.0;Cálido / Desértico (Costa);-1;1
3759;Feria De Exposiciones Típicas Del Mar - Fextimar;Lambayeque;-6.88021;-79.9232;6.0;Cálido / Desértico (Costa);5;14
3760;Decimas De Zaña;Lambayeque;-6.92335;-79.5841;60.0;Cálido / Desértico (Costa);38;1
3761;Sombrero De Paja De Ciudad Eten;Lambayeque;-6.90728;-79.8646;7.0;Cálido / Desértico (Costa);5;14
3763;La Sombra;Lambayeque;-6.92335;-79.5841;60.0;Cálido / Desértico (Costa);38;1
3764;Artesanía En Miniatura De Ciudad Eten;Lambayeque;-6.90728;-79.8646;7.0;Cálido / Desértico (Costa);5;14
3765;Feria De Exposiciones Tipico Culturales De Monsefú - Fexticum;Lambayeque;-6.87867;-79.8715;13.0;Cálido / Desértico (Costa);5;14
3766;Fiesta De Aniversario De Saña;Lambayeque;-6.92335;-79.5841;60.0;Cálido / Desértico (Costa);38;1
3768;Fiesta Patronal De San Isidro El Labrador ;Lambayeque;-6.92335;-79.5841;60.0;Cálido / Desértico (Costa);38;1
3769;Fiesta Patronal En Honor A Santo Toribio De Mogrovejo.;Lambayeque;-6.92335;-79.5841;60.0;Cálido / Desértico (Costa);38;1
3770;Leyenda Del Cerro La Raya;Lambayeque;-6.50974;-79.8596;45.0;Cálido / Desértico (Costa);37;1
3771;Iglesia San Julián De Motupe;Lambayeque;-6.15404;-79.71721;131.0;Cálido / Desértico (Costa);-1;1
3779;Danza La Divina Estrella;Lambayeque;-6.63674;-79.795;37.0;Cálido / Desértico (Costa);5;14
3780;Curanderismo En Túcume;Lambayeque;-6.50974;-79.8596;45.0;Cálido / Desértico (Costa);37;1
3781;Casa Museo Jose Abelardo Quiñones Gonzáles;Lambayeque;-6.838195767585821;-79.93626932020874;8.0;Cálido / Desértico (Costa);5;14
3782;Los Humedales De Eten;Lambayeque;-6.918801002275388;-79.87300872802734;2.0;Cálido / Desértico (Costa);5;14
3783;Quebrada De Toboganes Naturales Encanto De La Novia;Ucayali;-9.073688;-75.700027;482.0;Tropical Húmedo (Selva);60;26
3786;Casa De Don Federico Villarreal;Lambayeque;-6.510208971089284;-79.8607;45.0;Cálido / Desértico (Costa);37;1
3787;Iglesia San Pedro De Túcume;Lambayeque;-6.50978;-79.85898;45.0;Cálido / Desértico (Costa);37;1
3788;Festividad Patronal De La Virgen Purísima Concepción - Tucume;Lambayeque;-6.50974;-79.8596;45.0;Cálido / Desértico (Costa);37;1
3792;Complejo Arqueológico Túcume;Lambayeque;-6.5167;-79.84154;114.0;Cálido / Desértico (Costa);37;1
3795;Fiesta Patronal San Pedro De Santa Rosa;Lambayeque;-6.88021;-79.9232;6.0;Cálido / Desértico (Costa);5;14
3799;Semana Santa De Lambayeque;Lambayeque;-6.7008;-79.9073;18.0;Cálido / Desértico (Costa);5;14
3800;Bosque Shiringal;San Martín;-7.442533618065798;-76.89921718870045;516.0;Templado Cálido (Yunga);58;21
3802;Rápidos De San Jerónimo;San Martín;-7.446992792742456;-76.93218850004499;417.0;Cálido / Desértico (Costa);58;21
3804;Festival Del Carnaval Ucayalino;Ucayali;-8.35513;-74.577;157.0;Tropical Húmedo (Selva);9;25
3808;Festividad De San Pedro De Lambayeque;Lambayeque;-6.7008;-79.9073;18.0;Cálido / Desértico (Costa);5;14
3809;Festividad Del Corpus Christi;Lambayeque;-6.7008;-79.9073;18.0;Cálido / Desértico (Costa);5;14
3812;Fiesta De La Virgen Del Carmen  De  Chachas;Arequipa;-15.5019;-72.2722;3056.0;Templado Seco (Quechua);-1;18
12215;Camino Inca Tramo Cruz Pata Ccaje;Puno;-16.20389317;-69.42295807;3942.0;Frío (Suni);30;12
3815;Sitio Arqueológico De Mallkuamaya;Puno;-15.987432604511524;-70.01652896404266;3929.0;Frío (Suni);8;6
3820;Templo Nuestra Señora De La Asuncion;Arequipa;-15.636600309326267;-71.60177886486053;3635.0;Frío (Suni);76;3
3824;Capilla San Sebastian;Arequipa;-15.6269;-71.6465;3596.0;Frío (Suni);76;3
3825;Templo Apostol Santiago De Coporaque;Arequipa;-15.626518838395988;-71.64598703384401;3604.0;Frío (Suni);76;3
3827;Templo San Juan Bautista De Ichupampa;Arequipa;-15.649716068647034;-71.687062382698;3411.0;Templado Seco (Quechua);76;3
3828;Iglesia De San Santiago De Madrigal;Arequipa;-15.60798189548984;-71.8079736828804;3279.0;Templado Seco (Quechua);76;18
3831;Baños Termales De Chacapi;Arequipa;-15.655369688186846;-71.67033880949026;3353.0;Templado Seco (Quechua);76;3
3834;Artesania De Taquile;Puno;-15.6572;-69.7197;3844.0;Frío (Suni);30;12
3836;Pueblo De Catapalla ;Lima;-12.917612;-76.10491100000002;586.0;Templado Cálido (Yunga);41;4
3838;Templo De San Andres Apostol;Puno;-15.688348366799884;-70.14375620734023;3829.0;Frío (Suni);30;12
3839;Templo De San Martin De Vilque;Puno;-15.766599701197322;-70.25801628828049;3867.0;Frío (Suni);30;12
3840;Arte Rupestre De Qelqatani;Puno;-16.73547177987606;-69.72489198419191;3972.0;Frío (Suni);69;3
3841;Sitio Arqueológico De Siani;Puno;-15.46884300340118;-69.37024819657898;4059.0;Muy Frío (Puna);-1;3
3842;El Bebedero Del Inka;Puno;-16.161430335528333;-69.54495550850675;3819.0;Frío (Suni);30;12
3844;Repujado En Lamina Metalica;Lambayeque;-6.50974;-79.8596;45.0;Cálido / Desértico (Costa);37;1
3845;Ex Casa Hacienda Batan Grande;Lambayeque;-6.483468000076933;-79.6532663233719;108.0;Cálido / Desértico (Costa);37;1
3846;Teñido En Reserva;Lambayeque;-6.50974;-79.8596;45.0;Cálido / Desértico (Costa);37;1
3847;Orfebrería Monsefuana;Lambayeque;-6.87867;-79.8715;13.0;Cálido / Desértico (Costa);5;14
3848;Festividad De San Benito De Palermo;Lambayeque;-6.87867;-79.8715;13.0;Cálido / Desértico (Costa);5;14
3849;Jagüeyes De Mayascón;Lambayeque;-6.4262;-79.54132;335.0;Cálido / Desértico (Costa);-1;1
3851;El Kechcan Sicán;Lambayeque;-6.56663;-79.781;51.0;Cálido / Desértico (Costa);37;1
13488;Iglesia Matriz Santísima Virgen De La Asunción;Lima;-12.12398;-76.42104;2871.0;Templado Seco (Quechua);68;0
3862;Catarata De Huayanay;Cajamarca;-7.28264;-78.13530000000003;2874.0;Templado Seco (Quechua);45;13
3867;Laguna Mamacocha;Cajamarca;-6.91528;-78.42278;3835.0;Frío (Suni);-1;13
13475;Catarata Canova;Lima;-12.08185;-76.24543;3485.0;Templado Seco (Quechua);48;8
3877;Catarata De Antankallo;Lima;-11.859064;-76.37141;2783.0;Templado Seco (Quechua);68;0
3878;Complejo Arqueologico Sicán;Lambayeque;-6.479451061869469;-79.78050470352173;67.0;Cálido / Desértico (Costa);37;1
3880;Puente Colonial  De Ascensión;Huancavelica;-12.784271;-74.97605799999997;3676.0;Frío (Suni);25;15
3881;Pueblo Histórico De Concepción;Junín;-11.91849;-75.31298;3290.0;Templado Seco (Quechua);73;0
3883;Festival Regional De La Naranja;San Martín;-7.1821;-76.7319;283.0;Cálido / Desértico (Costa);58;21
3884;Fiesta Patronal Virgen De Las Mercedes ;San Martín;-7.1821;-76.7319;283.0;Cálido / Desértico (Costa);58;21
3890;Capilla San Juan Bautista San Pablo;Cajamarca;-7.118393457569783;-78.82294940647296;2383.0;Templado Seco (Quechua);45;13
3897;Cerro Llipta;Cajamarca;-6.5304301;-79.11876000000001;2741.0;Templado Seco (Quechua);-1;17
3899;Complejo Arqueológico El Huarco;Lima;-13.0306;-76.48692;28.0;Cálido / Desértico (Costa);41;4
3910;Baños Termo Medicinales De Tingo;Lima;-10.840646;-76.8911928;2130.0;Templado Cálido (Yunga);-1;26
3917;Danza De Diablos De Ichocán;Cajamarca;-6.67876;-78.5242;2585.0;Templado Seco (Quechua);45;13
3918;Bosque De Piedras Auque El Mirador;Cajamarca;-6.644701122377879;-78.56374740600586;3051.0;Templado Seco (Quechua);45;13
3919;Capilla Colonial De Chulipampa;Cajamarca;-6.736573;-78.54348700000003;2676.0;Templado Seco (Quechua);45;13
3923;Complejo Arqueologico De Arascorgue;Cajamarca;-6.69615;-78.53015;2747.0;Templado Seco (Quechua);45;13
3924;Complejo Arqueológico De Huasochugo;La Libertad;-8.217920638869435;-78.3885943756714;3498.0;Templado Seco (Quechua);45;13
13774;Pueblo De San Juan De Uchucuanico;Lima;-11.28441669;-76.77500156;2893.0;Templado Seco (Quechua);48;8
3937;Museo Andrés Del Castillo;Lima;-12.052055;-77.03594499999997;147.0;Cálido / Desértico (Costa);28;9
3938;Collpa De Tapir - Tambo Senke;Madre De Dios;-12.71204;-71.15931999999998;474.0;Tropical Húmedo (Selva);51;24
3941;Canteras De Sillar De Añashuayco;Arequipa;-16.3608271235661;-71.60972356796265;2371.0;Templado Seco (Quechua);12;16
3942;Sitio Arqueológico Incaraccay;Apurímac;-13.51208717653704;-72.81281232833862;2889.0;Templado Seco (Quechua);-1;6
3943;La Pampa;San Martín;-6.38742;-76.43641;581.0;Templado Cálido (Yunga);10;25
3948;Chocolatería Pepitas De Cacao;San Martín;-6.417713;-76.515988;793.0;Templado Cálido (Yunga);10;25
3954;Iglesia Matriz De San Jerónimo De Tunán;Junín;-11.94833;-75.28222;3261.0;Templado Seco (Quechua);26;15
3955;Pueblo Artesanal De San Jerónimo De Tunán;Junín;-11.94861;-75.2825;3261.0;Templado Seco (Quechua);26;15
3956;Iglesia Matriz De Santo Domingo De Guzmán;Junín;-12.0140613;-75.279389;3279.0;Templado Seco (Quechua);26;15
3957;Fiesta Del Tayta Niño  Chinchilpos Y Gamonales;Junín;-12.1369;-75.2249;3190.0;Templado Seco (Quechua);26;15
3958;Pueblo Artesanal De Viques;Junín;-12.1596904;-75.2323859;3184.0;Templado Seco (Quechua);26;15
3959;Iglesia Inmaculada Concepción De Chongos Alto ;Junín;-12.31159;-75.289177;3541.0;Frío (Suni);73;0
3960;Museo De Sitio Wariwillka;Junín;-12.11716075509;-75.205858;3234.0;Templado Seco (Quechua);26;15
3961;Pueblo Histórico De Pucará;Junín;-12.1723568;-75.1453884;3350.0;Templado Seco (Quechua);26;15
3962;Mirador Gran Miravalle De Pucará;Junín;-12.1723568;-75.1453884;3350.0;Templado Seco (Quechua);26;15
3963;Laguna Huayranga;San Martín;-8.2291;-76.4753;480.0;Cálido / Desértico (Costa);-1;21
3965;Cementerio General Presbitero Maestro;Lima;-12.04206388406931;-77.00852095337297;192.0;Cálido / Desértico (Costa);-1;9
3966;Cascada  Santa Cruz;San Martín;-8.548680783036;-76.28085905125;634.0;Templado Cálido (Yunga);60;21
3969;Catarata Velo De Plata;San Martín;-8.482899;-76.596603;1383.0;Templado Cálido (Yunga);-1;21
3970;Pueblo De Cascas;La Libertad;-7.479471956325938;-78.81942386011883;1273.0;Templado Cálido (Yunga);-1;13
3971;Fiesta Patronal Virgen Del Rosario De Chiquinquirá;La Libertad;-7.48055;-78.8168;1278.0;Templado Cálido (Yunga);-1;13
3972;Feria Regional De La Uva;La Libertad;-7.48055;-78.8168;1278.0;Templado Cálido (Yunga);-1;13
3973;Cascada San Juan De Ishanga;San Martín;-8.33036097144482;-76.57311916220351;550.0;Templado Cálido (Yunga);-1;21
3974;Cascada La Victoria;San Martín;-8.38404;-76.74211;1253.0;Templado Cálido (Yunga);-1;21
3976;Iglesia De  Nuestra Señora De La Asuncion De Cocachacra;Arequipa;-17.089146;-71.758865;82.0;Cálido / Desértico (Costa);57;11
3980;Pueblo De Panahua  ;Arequipa;-15.36587;-72.31251;4165.0;Muy Frío (Puna);-1;3
3988;Mazamorra Morada;Lima;-12.0467;-77.0323;160.0;Cálido / Desértico (Costa);28;9
3989;Suspiro De Limeña;Lima;-12.0467;-77.0323;160.0;Cálido / Desértico (Costa);28;9
3993;Museo De Sitio Huaca Rajada - Sipán;Lambayeque;-6.799603115430434;-79.60146856278448;86.0;Cálido / Desértico (Costa);38;1
4001;Procesión Del Señor De Los Milagros;Lima;-12.0467;-77.0323;160.0;Cálido / Desértico (Costa);28;9
4002;Acueducto Inca;Ayacucho;-13.654028231605476;-73.95341779862066;3473.0;Templado Seco (Quechua);77;23
4003;Semana Tradicional Del King Kong - Lambayeque;Lambayeque;-6.7008;-79.9073;18.0;Cálido / Desértico (Costa);5;14
4005;Leyenda De Naymlap;Lambayeque;-6.7008;-79.9073;18.0;Cálido / Desértico (Costa);5;14
11954;Cascada De Sirenachayocc;Ayacucho;-12.907680281327575;-74.25185399878345;2755.0;Templado Seco (Quechua);78;0
4008;Semana Santa De Lima;Lima;-12.0467;-77.0323;160.0;Cálido / Desértico (Costa);28;9
4009;Festividad De Santa Rosa De Lima;Lima;-12.0467;-77.0323;160.0;Cálido / Desértico (Costa);28;9
4014;Cristo De Las Rocas;La Libertad;-7.46339772411685;-78.81072217790984;1388.0;Templado Cálido (Yunga);-1;13
4019;El Obispo De Piedra Santiago Ophelan;Ayacucho;-12.939948;-74.247355;2640.0;Templado Seco (Quechua);78;0
4020;Ccoto Pichi;Ayacucho;-12.942465;-74.245131;2630.0;Templado Seco (Quechua);78;0
4026;Museo Religioso Cultural Inmaculada Virgen De La Puerta;La Libertad;-7.902225125903062;-78.56602780794867;2647.0;Templado Seco (Quechua);45;13
4027;Santuario Inmaculada Virgen De La Puerta;La Libertad;-7.9020684286787075;-78.56585628602204;2647.0;Templado Seco (Quechua);45;13
4028;El Campanario De Otuzco;La Libertad;-7.902266626955464;-78.56607795337294;2647.0;Templado Seco (Quechua);45;13
4033;Parque De La Reserva - Circuito Mágico Del Agua;Lima;-12.070980419064586;-77.03413226256555;132.0;Cálido / Desértico (Costa);28;9
4036;Fiesta De San Isidro Labrador;La Libertad;-7.90234;-78.567;2656.0;Templado Seco (Quechua);45;13
4037;Cerro Los Peroles;La Libertad;-8.022596014202;-78.53888871384;3248.0;Templado Seco (Quechua);45;13
4038;Paseo De Las Vacas;La Libertad;-7.90234;-78.567;2656.0;Templado Seco (Quechua);45;13
4046;Convento Sagrado Corazón De Jesús;Ayacucho;-12.94248606085292;-74.24502769622006;2630.0;Templado Seco (Quechua);78;0
4047;Sitio Arqueológico De Inampu;Puno;-14.618094397412802;-70.36339759826662;4090.0;Muy Frío (Puna);72;3
4048;Capilla Pentecostes Esmeralda;Puno;-15.036441556059662;-70.15185713768007;3836.0;Frío (Suni);72;3
4053;Templo Colonial De San Pedro De Pari;Junín;-10.9645751;-76.2299981;4085.0;Muy Frío (Puna);48;8
4061;Capilla Del Panteon;Ayacucho;-13.167627818320693;-74.21114006240826;2737.0;Templado Seco (Quechua);24;15
4065;Centro Turistico-Cultural San Cristobal;Ayacucho;-13.161691597037596;-74.22679131415555;2754.0;Templado Seco (Quechua);24;15
4066;Casa Solariega Gutierrez;Ayacucho;-13.16080099999998;-74.2265509153442;2755.0;Templado Seco (Quechua);24;15
4088;Fiesta Patronal De Santa Rosa;San Martín;-7.06553;-76.5884;288.0;Cálido / Desértico (Costa);-1;1
4090;Baños Termales De Luicho;Arequipa;-15.1433503;-72.783762;2710.0;Templado Seco (Quechua);-1;18
13465;Sitio Arqueologico Chaparcosa;Lima;-12.8122;-76.252689;2022.0;Templado Cálido (Yunga);-1;26
4096;Casa Hacienda El Naranjal;Junín;-11.1397;-75.4014;1046.0;Templado Cálido (Yunga);61;26
4098;Catarata Velo De La Novia De Bayoz;Junín;-10.852133;-75.10914300000002;675.0;Templado Cálido (Yunga);61;26
4100;Playa Pichanaqui;Junín;-10.921798;-74.86628999999999;494.0;Cálido / Desértico (Costa);61;26
4107;Laguna De Quequerana;Puno;-14.946526344434012;-70.27705192565918;4031.0;Muy Frío (Puna);72;3
4108;Sitio Arqueologico Machu Asillo - Calvario De Asillo;Puno;-14.77697307032186;-70.35793211621092;4085.0;Muy Frío (Puna);72;3
4109;Balneario Termal De Juntuma;Puno;-14.7732062394695;-70.29696885061651;3871.0;Frío (Suni);72;3
4110;Arte Rupestre De Corani;Puno;-13.934349;-70.578894;4390.0;Muy Frío (Puna);-1;3
4111;Bosque De Rocas De Corani (Jaylluwa);Puno;-13.899140214683737;-70.67442702092539;4368.0;Muy Frío (Puna);-1;3
4113;Museo Lítico De Pucará;Puno;-15.042573;-70.36863;3880.0;Frío (Suni);72;3
4132;Pinacoteca Municipal Ignacio Merino - Hospicio Bartolomé Manrique;Lima;-12.053078301430885;-77.03812636435032;143.0;Cálido / Desértico (Costa);28;9
4151;Zona Arqueológica Piruro I Y Ii;Huánuco;-9.378883;-76.704567;3969.0;Frío (Suni);62;5
4163;Capilla Santa Peregrina;Huánuco;-9.278772256252584;-76.39808893203735;924.0;Templado Cálido (Yunga);33;19
4165;Templo Parroquial San Lino  De Omate;Moquegua;-16.67366;-70.96985;2178.0;Templado Cálido (Yunga);31;12
4167;Geoglifos De Chen Chen ;Moquegua;-17.221707424035117;-70.92618998200074;1448.0;Templado Cálido (Yunga);13;16
4168;Festividad De Semana Santa De Omate;Moquegua;-16.6741;-70.9721;2157.0;Templado Cálido (Yunga);31;12
4172;Andenería De La Cultura Puquina;Moquegua;-16.619404315963344;-71.16851091384888;3327.0;Templado Seco (Quechua);31;12
4195;Iglesia Colonial De Santa Bárbara;Huancavelica;-12.812278;-74.973886;4213.0;Muy Frío (Puna);-1;15
4197;La Danza De Las Tijeras;Huancavelica;-12.787;-74.9758;3680.0;Frío (Suni);25;15
4198;Semana Santa Huancavelica;Huancavelica;-12.787;-74.9758;3680.0;Frío (Suni);25;15
4199;Fiesta De Cruces De Huancavelica;Huancavelica;-12.787;-74.9758;3680.0;Frío (Suni);25;15
4202;Chullpas De Santa María;Puno;-14.54509335979485;-70.2998755051575;4052.0;Muy Frío (Puna);72;3
4204;Carnaval De Santiago De Pupuja;Puno;-14.9911;-70.1056;3832.0;Frío (Suni);72;3
13880;Mirador Fundo Vainilla;San Martín;-7.192482976732;-76.75250268652;460.0;Cálido / Desértico (Costa);58;21
4214;Parque De La Amistad ;Lima;-12.1317396850632;-76.9816592046525;116.0;Cálido / Desértico (Costa);-1;9
4216;Cascada De Cajañahui;San Martín;-7.164590679655;-77.10093355628;403.0;Cálido / Desértico (Costa);58;21
11120;Catarata Maquisapa;San Martín;-7.446244780083212;-76.93371596655875;497.0;Cálido / Desértico (Costa);58;21
11951;Museo Etno Arqueológico De Pachiza;San Martín;-7.297638894280201;-76.77289784292219;293.0;Cálido / Desértico (Costa);58;21
4226;La Leyenda Del Morro Angaiza;San Martín;-6.02852;-76.972;880.0;Templado Cálido (Yunga);54;21
4227;Leyenda Del Hombre De Piedra Del Morro De Calzada;San Martín;-6.02852;-76.972;880.0;Templado Cálido (Yunga);54;21
4228;Leyenda Del Ayaymama;San Martín;-6.02852;-76.972;880.0;Templado Cálido (Yunga);54;21
4229;Puente Cococho;San Martín;-6.028437579079;-76.97631190825;874.0;Templado Cálido (Yunga);54;21
4230;Centro Cultural Moyobamba (Cumo);San Martín;-6.033533193668;-76.97234912896;877.0;Templado Cálido (Yunga);54;21
4234;Catarata De Zotarari;Junín;-10.92352;-74.840591;598.0;Templado Cálido (Yunga);61;26
4236;Catarata De Tunquimayo;Junín;-11.28518932498;-75.30722136609;1219.0;Templado Cálido (Yunga);-1;26
4237;Zona Monumental De Jauja;Junín;-11.775275603875048;-75.50005316734314;3396.0;Templado Seco (Quechua);73;0
4239;Rodal De Puyas De Raimondi De Canchayllo;Junín;-11.8267;-75.6999;3770.0;Frío (Suni);73;0
4240;El Cañón De Shutjo;Junín;-11.8563;-75.7512;3844.0;Frío (Suni);73;0
4241;Herranza Comunal De Ovinos De Masajcancha;Junín;-11.8012;-75.7202;3678.0;Frío (Suni);73;0
4242;Reserva Paisajística Nor Yauyos Cochas;Junín;-11.8019222;-75.71780556;3612.0;Frío (Suni);73;0
4243;Laguna Tipicocha;Junín;-11.7475047;-75.2167883;4319.0;Muy Frío (Puna);-1;0
4244;Laguna De Tranca Grande;Junín;-11.7253101;-75.2343701;4365.0;Muy Frío (Puna);-1;0
4252;Casa Hacienda San Juan De Pillo;Huancavelica;-12.38200518;-74.9457855;3386.0;Templado Seco (Quechua);-1;0
4253;Carnaval Del Tipaki Tipaki;Huancavelica;-12.4097;-74.9032;3274.0;Templado Seco (Quechua);73;0
4263;Playa San José;Lambayeque;-6.77213;-79.9704;2.0;Cálido / Desértico (Costa);5;14
4264;Fiesta Patronal A San Jose Patriarca;Lambayeque;-6.77031;-79.9689;9.0;Cálido / Desértico (Costa);5;14
4265;Festividad De San Pedro  Pescador - San José;Lambayeque;-6.77031;-79.9689;9.0;Cálido / Desértico (Costa);5;14
4267;Ventanillas De Apan;Cajamarca;-6.710385040938189;-78.53507995605469;2829.0;Templado Seco (Quechua);45;13
4271;Tinajas Y Ventanillas De Cerro Shater;Cajamarca;-6.725225;-78.46116;3376.0;Templado Seco (Quechua);45;13
4278;Cerro Perfil De Cristo;Cajamarca;-6.678582;-78.51362899999998;2559.0;Templado Seco (Quechua);45;13
4281;Pinturas Rupestres De Quillamachay;Huancavelica;-12.806528550631793;-74.57639694213867;3767.0;Frío (Suni);-1;0
13356;Abra Oquepuño ;Puno;-14.1759665;-70.3309808;4866.0;Glacial / Nieve (Janca);-1;3
4285;Iglesia San Juan Bautista;Huancavelica;-12.847311422019231;-74.5672201149967;3388.0;Templado Seco (Quechua);-1;0
4290;Museo Numismático Del Perú - Mucen Numismático;Lima;-12.049257216090693;-77.02407130919268;170.0;Cálido / Desértico (Costa);28;9
4298;Casa De Aliaga;Lima;-12.0441767389938;-77.0302667202377;160.0;Cálido / Desértico (Costa);28;9
4302;Alameda Chabuca Granda;Lima;-12.042418554212563;-77.03287661075592;141.0;Cálido / Desértico (Costa);28;9
4303;Baños Termales De Huancarama;Arequipa;-15.2154;-72.3121;3917.0;Frío (Suni);-1;18
4308;Los Huachanacos;Arequipa;-16.6184;-72.7364;15.0;Cálido / Desértico (Costa);56;11
4309;Fiesta Costumbrista Escarbo De Acequia-Fiesta Del Agua;Arequipa;-15.2413;-73.0699;3402.0;Templado Seco (Quechua);-1;18
4311;Fiesta Patronal San Pedro El Pescador;Arequipa;-16.6184;-72.7364;15.0;Cálido / Desértico (Costa);56;11
4326;Mirador Turistico Cerro Campana;Cajamarca;-5.08143;-79.00326;886.0;Templado Cálido (Yunga);55;10
4335;Área De Conservación Ambiental Bosque De Sho´Llet;Pasco;-10.675284372452737;-75.3166437149048;2399.0;Templado Seco (Quechua);-1;26
4337;Manantial De La Virgen;Pasco;-10.6545939863084;-75.3882405728081;1760.0;Templado Cálido (Yunga);65;26
4339; Centro Artesanal Waska Waska Warmi Wasi;San Martín;-6.421999;-76.521998;787.0;Templado Cálido (Yunga);10;25
12539;Isla San Pedro De Juspique;Puno;-15.366452;-69.62787;3878.0;Frío (Suni);30;12
11813;La Casa Del Corregidor;Puno;-15.840520003079224;-70.02873336227668;3841.0;Frío (Suni);8;6
13632;Museo Oro Del Perú Y Armas Del Mundo;Lima;-12.107854;-76.966853;168.0;Cálido / Desértico (Costa);-1;9
11798;Península De Chucuito;Puno;-15.793015549918271;-69.80419210594326;3827.0;Frío (Suni);30;12
13496;Parque Ecológico Loma Amarilla;Lima;-12.13542;-76.98659;108.0;Cálido / Desértico (Costa);-1;9
4351;Museo Etnográfico Amazónico José Pío Aza;Lima;-12.043071;-77.03612900000002;148.0;Cálido / Desértico (Costa);28;9
4353;Casa De La Literatura Peruana - Antigua Estación De Desamparados;Lima;-12.044509884188814;-77.02888505522537;156.0;Cálido / Desértico (Costa);28;9
4356;Plaza San Martín;Lima;-12.051617;-77.03467;156.0;Cálido / Desértico (Costa);28;9
4359;Casa Aspíllaga - Centro Cultural Inca Garcilaso;Lima;-12.048693507514493;-77.02914558895492;168.0;Cálido / Desértico (Costa);28;9
4363;Fiesta Patronal Virgen De La Natividad De Tabalosos;San Martín;-6.38559;-76.6334;561.0;Templado Cálido (Yunga);-1;1
4367;Teatro Principal Manuel Ascencio Segura;Lima;-12.047343684196091;-77.0343313126125;154.0;Cálido / Desértico (Costa);28;9
4376;Museo De Arqueologia Y Ecologia Los Faicales;Cajamarca;-5.145355;-79.005739;1299.0;Templado Cálido (Yunga);55;17
12829;Playa San Isidro La Bomba;Arequipa;-16.590516;-72.818592;0.0;Cálido / Desértico (Costa);56;11
4391;Petroglifos De San Juan ;Cajamarca;-5.144887416785544;-79.00212764739996;1293.0;Templado Cálido (Yunga);55;17
4396;Chorrera De Los Peroles Negros;Cajamarca;-5.102113;-78.89055200000001;1553.0;Templado Cálido (Yunga);55;17
4398;Iglesia San Pedro - Pampas;Huancavelica;-12.398349176112252;-74.86855688832588;3257.0;Templado Seco (Quechua);-1;0
13622;Playas De Chifron Capachica;Puno;-15.63882421033;-69.81287956237;3822.0;Frío (Suni);30;12
4402;Complejo Hidro Eléctrico Santiago Antunez De Mayolo;Huancavelica;-12.353827;-74.65565552;1841.0;Templado Cálido (Yunga);-1;19
4407;Museo Arqueológico Samuel Humberto Espinoza Lozano;Huancavelica;-13.604913;-75.352951;2706.0;Templado Seco (Quechua);-1;18
4414;Casona Colonial Altez Zambrano;Huancavelica;-12.844027496593702;-74.56896472883608;3424.0;Templado Seco (Quechua);-1;0
4416;Parque Ecologico De Chalapampa;Huancavelica;-12.40133171;-74.87413005;3249.0;Templado Seco (Quechua);-1;0
4423;Puente Colgante Rumichina;Cajamarca;-5.102283981195147;-78.89029450793458;1553.0;Templado Cálido (Yunga);55;17
4427;Reserva Natural De Orquideas Amaru;Huancavelica;-12.973019;-74.83680500000003;3611.0;Frío (Suni);-1;0
4442;Iglesia Virgen De Las Nieves - Catedral De Yurimaguas;Loreto;-5.89511;-76.10504;153.0;Tropical Húmedo (Selva);47;21
4443;Iglesia San Fernando Rey De Socabaya;Arequipa;-16.467761625062703;-71.5290373563767;2310.0;Templado Seco (Quechua);12;16
4451;Museo Municipal Prehispánico - Casa De Las Trece Puertas;Lima;-12.045281246309605;-77.02799513128281;161.0;Cálido / Desértico (Costa);28;9
4458;Cascada Imperitaja (Tina De Piedra);Junín;-11.4797512;-74.5625888;1386.0;Templado Cálido (Yunga);-1;26
4459;Catarata De Meretari;Junín;-11.11887604203;-74.33690179006;444.0;Cálido / Desértico (Costa);-1;26
4464;Basílica Catedral De Lima;Lima;-12.046615;-77.02993100000003;157.0;Cálido / Desértico (Costa);28;9
4465;Iglesia De Nuestra Señora De La Merced;Lima;-12.048297910043674;-77.03267254232787;158.0;Cálido / Desértico (Costa);28;9
14201;Lago Aullo;Lima;-12.1256616;-76.4212701;2867.0;Templado Seco (Quechua);68;0
14595;Taller De Artesanía Awana Wasi;Puno;-15.697551236811318;-70.14817714691164;3874.0;Frío (Suni);30;12
4481;Museo De Sitio De La Casa Bodega Y Quadra;Lima;-12.044703231605432;-77.02860172883607;156.0;Cálido / Desértico (Costa);28;9
13585;Iglesia Matriz Inmaculada Concepción De Chancay;Lima;-11.5635257;-77.2698004;44.0;Cálido / Desértico (Costa);35;19
4484;Parque De La Exposición De Lima;Lima;-12.063062;-77.03576900000002;138.0;Cálido / Desértico (Costa);28;9
4545;Sitio Arqueológico Miraya;Lima;-10.882305;-77.53977199999997;308.0;Cálido / Desértico (Costa);42;4
4548;Barrio Chino - Calle Capón;Lima;-12.050969330176796;-77.02574219881137;165.0;Cálido / Desértico (Costa);28;9
4568;Causa Limeña;Lima;-12.0467;-77.0323;160.0;Cálido / Desértico (Costa);28;9
4577;Volcanes Los Mellizos;Arequipa;-15.486375719889743;-72.35400438308716;3720.0;Frío (Suni);-1;18
13644;Hotel Bolívar;Lima;-12.05096081289837;-77.03514039516449;156.0;Cálido / Desértico (Costa);28;9
4591;Turrón De Doña Pepa;Lima;-12.0467;-77.0323;160.0;Cálido / Desértico (Costa);28;9
4592;Zona Arqueologica De Itac;Arequipa;-15.796879;-72.63867;3342.0;Templado Seco (Quechua);-1;18
4600;Fiesta De San Juan Bautista;Arequipa;-15.4861;-71.4586;3852.0;Frío (Suni);76;3
4606;Pueblo Tradicional San José;Arequipa;-16.61964299999997;-72.73597853372956;14.0;Cálido / Desértico (Costa);56;11
4607;Ranfañote;Lima;-12.0467;-77.0323;160.0;Cálido / Desértico (Costa);28;9
4608;Danza El Wititi;Arequipa;-15.4861;-71.4586;3852.0;Frío (Suni);76;3
4614;Jirón De La Unión;Lima;-12.048552;-77.03308500000003;159.0;Cálido / Desértico (Costa);28;9
4626;Pisco Sour;Lima;-12.0467;-77.0323;160.0;Cálido / Desértico (Costa);28;9
4627;Pasaje Santa Rosa;Lima;-12.04541;-77.03150199999999;161.0;Cálido / Desértico (Costa);28;9
4631;Sitio Arqueológico  Lurihuasi;Lima;-10.877111;-77.54972600000002;294.0;Cálido / Desértico (Costa);42;4
4640;Playa El Faro;La Libertad;-7.4116;-79.58265;0.0;Cálido / Desértico (Costa);46;10
11315;Quebrada Rajucolta ;Áncash;-9.536983297994954;-77.3714151781921;4159.0;Muy Frío (Puna);19;22
4647;Feria De Arte Popular En Miniatura - Alasitas;Puno;-15.8407;-70.028;3839.0;Frío (Suni);8;6
4651;Quebrada Honda;Áncash;-9.310594033984035;-77.44387153991698;3702.0;Frío (Suni);62;5
4652;Cerámica El Torito De Pucará;Puno;-15.042;-70.3689;3879.0;Frío (Suni);72;3
14346;Chullpa De Qinariri- Comunidad Thunco;Puno;-15.986414107497191;-69.80129241943361;3841.0;Frío (Suni);30;12
12147;Playa Princesa;Áncash;-9.981423728536395;-78.20063389813279;12.0;Cálido / Desértico (Costa);43;4
4665;Pampas De Shonquilpampa;Áncash;-9.233430625108952;-77.57527828151069;3603.0;Frío (Suni);62;5
4667;Laguna 513;Áncash;-9.212134555406656;-77.54977580665809;4423.0;Muy Frío (Puna);62;5
4669;Laguna Qishqiqucha;Áncash;-9.829458;-77.312842;4260.0;Muy Frío (Puna);62;5
4670;Lago Túpac Amaru;Madre De Dios;-12.589282106499288;-69.33141231536865;176.0;Tropical Húmedo (Selva);1;16
4673;Casa Hacienda De Yaca;Apurímac;-13.850361770628991;-72.97825366258621;2009.0;Templado Cálido (Yunga);-1;23
4675;Casa Hacienda De Patibamba;Apurímac;-13.639939;-72.886169;2336.0;Templado Seco (Quechua);23;6
4677; Casa Hacienda El Ingenio De Tambobamba ;Apurímac;-13.482868330917942;-72.92930603027344;3090.0;Templado Seco (Quechua);-1;6
4678;Mirador De Taraccasa;Apurímac;-13.62413086012;-72.86423134843;2766.0;Templado Seco (Quechua);23;6
4679;Bodega De La Cruz;Lima;-13.003554191501909;-76.1607027053833;404.0;Cálido / Desértico (Costa);41;4
4685;Capilla De Yaca;Apurímac;-13.849999783524302;-72.97793179750443;2004.0;Templado Cálido (Yunga);-1;23
4687;Bodega Viña Los Reyes;Lima;-12.945508431393424;-76.13542556762691;502.0;Templado Cálido (Yunga);41;4
4688;Valle Del Río Pampas ;Apurímac;-13.498308887784694;-73.81876945495607;1960.0;Templado Cálido (Yunga);-1;24
4695;Valle De Sangalle;Arequipa;-15.596026021714556;-71.97678923606873;2202.0;Templado Cálido (Yunga);-1;18
4697;Pueblo De Uchumayo;Arequipa;-16.425208251643966;-71.67262698591851;1962.0;Templado Cálido (Yunga);12;16
4701;Conjunto Arqueológico De San Antonio;Arequipa;-15.618477172219253;-71.63577264781571;3763.0;Frío (Suni);76;3
4703;Aguas Termales De Sallihua;Arequipa;-15.640206;-71.647782;3359.0;Templado Seco (Quechua);76;3
13630;Plaza De Armas Ricardo Bentin - San José De Los Chorrillos;Lima;-12.13199;-76.43518;2741.0;Templado Seco (Quechua);68;0
11225;Museo Municipal De Cerro Azul;Lima;-13.02802;-76.4823;3.0;Cálido / Desértico (Costa);41;4
4712;Cerro Apu Khapia;Puno;-16.33123564685634;-69.14227874205972;4790.0;Muy Frío (Puna);-1;3
13741;Bodega Ras;Lima;-11.1369;-77.19494;663.0;Templado Cálido (Yunga);-1;4
4715;Festividad De San Francisco De Borja - Tata Pancho;Puno;-16.2472;-69.0952;3824.0;Frío (Suni);69;3
4727;Bodega El Sol;Lima;-12.984036353326278;-76.15811705589294;416.0;Cálido / Desértico (Costa);41;4
13582;Iglesia Matriz De San José De Los Chorrillos;Lima;-12.13247;-76.43551;2741.0;Templado Seco (Quechua);68;0
13370;Cascada De  Hierbabuena De Vilca      ;Lima;-12.1117;-75.8296;3854.0;Frío (Suni);48;8
4730;Cerro Asiru Phatjata;Puno;-16.26750062822192;-69.14416709049729;3991.0;Frío (Suni);69;3
4732;Sitio Arqueológico De Pajana San Agustín;Puno;-16.264991175315632;-69.03410017490387;3826.0;Frío (Suni);69;3
11762;Sitio Arqueológico De Unicachi (Thupu Inka - Sector B);Puno;-16.224288757237442;-68.98569233715534;3845.0;Frío (Suni);69;3
4736;Jakje Pucara;Puno;-16.20395488952594;-68.9956350287656;4107.0;Muy Frío (Puna);69;3
4737;Sitio Arqueológico De Thupu Inka;Puno;-16.224935521338438;-68.98638394833637;3827.0;Frío (Suni);69;3
4740;Pueblo De Yanque;Arequipa;-15.649578;-71.658804;3429.0;Templado Seco (Quechua);76;3
4744;Anfiteatro De Occolle;Arequipa;-15.645445;-71.65966300000002;3403.0;Templado Seco (Quechua);76;3
4745;Tumbas Shininea;Arequipa;-15.64207;-71.66102;3413.0;Templado Seco (Quechua);76;3
4746;Complejo Arqueologico De Uyo Uyo;Arequipa;-15.639617497424304;-71.66949090674592;3526.0;Frío (Suni);76;3
4753;Complejo Funerario De Amaytera;Arequipa;-15.463466;-71.460317;3862.0;Frío (Suni);76;3
4757;Templo De San Anton;Puno;-14.591871488058333;-70.31215207605743;3962.0;Frío (Suni);72;3
4758;Sitio Arqueológico De Chichacori;Puno;-13.836739471006917;-70.49090431462315;3058.0;Templado Seco (Quechua);-1;3
4759;Sitio Arqueológico De Wilakaya;Puno;-13.95797447620486;-69.95480060577394;4211.0;Muy Frío (Puna);-1;3
4760;Sitio Arqueológico De Qolo Qolo;Puno;-14.35259859;-69.62002384;3320.0;Templado Seco (Quechua);-1;3
4761;Sitio Arqueológico De Trinchera;Puno;-14.382681824013412;-69.62553262710573;4265.0;Muy Frío (Puna);-1;3
4762;Sitio Arqueológico De Maukallacta;Puno;-14.333995671821576;-69.47754101586915;2829.0;Templado Seco (Quechua);-1;3
4763;Formación Pétrea De Qilca;Puno;-14.528825647860526;-70.27704467826845;3993.0;Frío (Suni);72;3
13077;Mirador Buenos Aires  San Mateo De Otao;Lima;-11.357155;-76.424241;4738.0;Muy Frío (Puna);48;8
4771;Mirador De Patapampa;Arequipa;-15.75256;-71.58208;4869.0;Glacial / Nieve (Janca);-1;12
4775;Pueblo La Calera;Arequipa;-16.246968918216968;-71.70613557100296;2464.0;Templado Seco (Quechua);31;12
4777;Templo De San Pedro, En Acora;Puno;-15.97333333;-69.79944444;3846.0;Frío (Suni);30;12
4780;Willca Uta - Aramu Muro;Puno;-16.17068758548351;-69.54103767871857;3847.0;Frío (Suni);30;12
4782;Manantial Willka Puquio;Huancavelica;-12.848866;-74.567684;3374.0;Templado Seco (Quechua);73;0
4784;Sitio Arqueológico De Inka Machay;Huancavelica;-12.31999395;-75.06980662;3693.0;Frío (Suni);73;0
4788;Plaza De Los Libertadores;Lima;-12.0777155363566;-77.06223497975142;90.0;Cálido / Desértico (Costa);-1;9
4790;Sitio Arqueológico De Intini Uyu Pata;Puno;-16.22878701654837;-68.98475782442097;3852.0;Frío (Suni);69;3
14162;Laguna De Cushuro;La Libertad;-7.90932;-78.01007;3941.0;Frío (Suni);49;28
4809;Sitio Arqueológico Santuario Del Lagarto - Petroglifos Boca Chaqui Mayu;Puno;-13.429987304971306;-70.38159370422365;622.0;Templado Cálido (Yunga);51;24
4811;Complejo Arqueológico Mateo Salado ;Lima;-12.067429436142795;-77.06363618373871;104.0;Cálido / Desértico (Costa);-1;9
4813;Mirador De La Biodiversidad;Madre De Dios;-12.593996969768073;-69.18914991730628;203.0;Tropical Húmedo (Selva);1;16
4818;Aguas Sulfurosas De Jacintillo;Huánuco;-9.324066736085122;-76.02735131978989;729.0;Templado Cálido (Yunga);33;19
4820;Zoocriadero Y Centro De Rescate Animals´Paradise-Serpentario ;Huánuco;-9.285342330922642;-76.00897550582886;647.0;Templado Cálido (Yunga);33;19
11730;Lago Trinidad - Vuelta Grande.;Madre De Dios;-12.430934;-69.3107227323672;193.0;Tropical Húmedo (Selva);0;20
4834;Catarata Gloriapata;Huánuco;-9.424581861;-75.9793639183;891.0;Templado Cálido (Yunga);33;19
4836;Cascada El Encanto De Las Palmas;Huánuco;-9.450291;-75.970043;766.0;Templado Cálido (Yunga);33;19
4838;Balneario Cueva De Las Pavas;Huánuco;-9.370419199507309;-75.97378492355347;748.0;Templado Cálido (Yunga);33;19
4842;Catarata Derrepente;Huánuco;-9.505190887957;-75.98912715911;1059.0;Templado Cálido (Yunga);33;19
4843;Catarata Honolulo;Huánuco;-9.447008667033;-75.984749794;800.0;Templado Cálido (Yunga);33;19
4844;Catarata Quinceañera;Huánuco;-9.356812139532;-75.97926617319;674.0;Templado Cálido (Yunga);33;19
4846;Catarata Las Golondrinas;Huánuco;-9.362733914969;-76.06528043746;982.0;Templado Cálido (Yunga);33;19
4854;Catarata Santa Carmen;Huánuco;-9.35098;-75.96653;806.0;Templado Cálido (Yunga);33;19
4855;Balneario Santa Rosa De Quezada;Huánuco;-9.379904878546151;-75.9521900991974;892.0;Templado Cálido (Yunga);33;19
13546;Playa Charcas;Puno;-15.9043415;-69.73275464;3811.0;Frío (Suni);30;12
4857;Jardín Botánico De La Universidad Nacional Agraria De La Selva;Huánuco;-9.541290437305967;-77.03314203963751;4096.0;Muy Frío (Puna);49;28
4858;Laguna De Los Milagros;Huánuco;-9.145211;-75.995758;671.0;Templado Cálido (Yunga);60;26
4859;Zoologico De La Unas;Huánuco;-9.31274135781;-75.99566471534;689.0;Templado Cálido (Yunga);33;19
4863;Alameda Perú;Huánuco;-9.29835;-76.00029;653.0;Templado Cálido (Yunga);33;19
4875;Quebrada Los Peroles De Peñarol;Piura;-4.935148215567206;-80.34234166145325;71.0;Cálido / Desértico (Costa);39;1
4876;Cataratas De Panahua;Arequipa;-15.36186333874;-72.29051113128668;4362.0;Muy Frío (Puna);-1;3
4895;Festival Gastronómico Del Pato En Callanca;Lambayeque;-6.87867;-79.8715;13.0;Cálido / Desértico (Costa);5;14
4896;Huaca Las Balsas;Lambayeque;-6.525388087804424;-79.84781220370485;48.0;Cálido / Desértico (Costa);37;1
4897;Museo De Sitio Chotuna - Chornacap;Lambayeque;-6.72205;-79.95609;7.0;Cálido / Desértico (Costa);5;14
4898;Santuario Del Divino Niño Del Milagro;Lambayeque;-6.9189546;-79.8698115;4.0;Cálido / Desértico (Costa);5;14
4899;Sitio Arqueológico Huaca Ventarrón;Lambayeque;-6.805869;-79.758982;46.0;Cálido / Desértico (Costa);5;14
4915;Cueva De Las Catorce Ventanas;Huánuco;-10.3139059618;-76.64976596832;3897.0;Frío (Suni);62;5
13920;Piedra De Los Sacrificios;Ayacucho;-13.653282390749098;-73.95376997017594;3475.0;Templado Seco (Quechua);77;23
4941;Mirador San Cristobal;Huánuco;-10.0429;-76.4416;3792.0;Frío (Suni);62;5
4946;Puente Inca;Huánuco;-10.310813192335257;-76.65933340787888;3876.0;Frío (Suni);62;5
4949;Chancho Al Palo;Lima;-10.1431;-76.6252;3593.0;Frío (Suni);48;8
4950;Festividad De Las  Cruces De Carumas;Moquegua;-16.8107;-70.6955;3039.0;Templado Seco (Quechua);31;12
4951;Festividad De La Virgen Inmaculada Concepcion De  Carumas;Moquegua;-16.8107;-70.6955;3039.0;Templado Seco (Quechua);31;12
4954;Parque Malecón Miguel Grau;Madre De Dios;-12.593388617680224;-69.17472404662703;198.0;Tropical Húmedo (Selva);1;16
4967;Danza El Sarawja;Moquegua;-16.8107;-70.6955;3039.0;Templado Seco (Quechua);31;12
4969;Muelle Fiscal - Ilo;Moquegua;-17.6435;-71.3461;0.0;Cálido / Desértico (Costa);27;20
4979;Danza Los Phules;Moquegua;-16.8107;-70.6955;3039.0;Templado Seco (Quechua);31;12
4980;Festividad De San Isidro Labrador De Carumas;Moquegua;-16.7525;-70.6879;3105.0;Templado Seco (Quechua);31;12
4982;Centro Poblado De Cuyumalca;Cajamarca;-6.58146805573468;-78.65920351666409;2425.0;Templado Seco (Quechua);45;13
4983;Molinos De Piedra Hidraulicos;Cajamarca;-7.248983405699831;-78.37934017181396;2554.0;Templado Seco (Quechua);17;2
4991;Fiesta Patronal De San Juan - Caserío El Prado;Madre De Dios;-12.5974;-69.1876;202.0;Tropical Húmedo (Selva);1;16
4994;Casa De La Cultura - Moquegua;Moquegua;-17.192220618338823;-70.93304959929156;1409.0;Templado Cálido (Yunga);13;16
4999;Huaylarsh Antiguo De Viques;Junín;-12.1604;-75.2342;3172.0;Templado Seco (Quechua);26;15
5000;Huaylarsh Moderno De Viques;Junín;-12.1604;-75.2342;3172.0;Templado Seco (Quechua);26;15
5001;Tejidos De Fajas De Viques;Junín;-12.1604;-75.2342;3172.0;Templado Seco (Quechua);26;15
5002;Bosque De Mayopampa;Junín;-12.1610151;-75.2373649;3158.0;Templado Seco (Quechua);26;15
5005;El Paseo De Los Héroes De Concepción;Junín;-11.91804;-75.31298;3290.0;Templado Seco (Quechua);73;0
5006;Planta Lechera Concelac (Concepción Lácteos S.C.R.L.);Junín;-11.914337;-75.32402;3293.0;Templado Seco (Quechua);73;0
5007;Plaza Principal De Huayucachi;Junín;-12.13825;-75.223083;3205.0;Templado Seco (Quechua);26;15
5008;Mirador De La Moneda De Tunan Marca;Junín;-11.724973;-75.572787;3565.0;Frío (Suni);73;0
13501;Santuario Rupestre De Pintish Machay;Junín;-11.5397789;-75.6545326;4078.0;Muy Frío (Puna);73;0
5010;Mirador Virgen De La Inmaculada Concepción De Piedra Parada;Junín;-11.91177;-75.31257;3419.0;Templado Seco (Quechua);73;0
5011;Iglesia Matriz De Alayo      ;Junín;-11.88551;-75.29954;3369.0;Templado Seco (Quechua);73;0
5012;Danza De Los Pastorcitos O Tana Tana De Concepción;Junín;-11.9182;-75.3164;3288.0;Templado Seco (Quechua);73;0
5013;Danza Del Auquish O Awkish De Chambará;Junín;-12.0287;-75.3785;3521.0;Frío (Suni);26;15
5018;Sitio Arqueologico De Qenqo;Puno;-15.926243973120467;-69.72026824951173;3910.0;Frío (Suni);30;12
5019;Necrópolis De Malkoamaya ;Puno;-16.301606620954644;-69.29532832837691;3896.0;Frío (Suni);69;3
5020;Playa San Juan;Puno;-16.203062605379788;-69.46150117412124;3809.0;Frío (Suni);30;12
5021;Formación Pétrea Ciudad Encantada De Chillihua;Puno;-16.528892765141407;-69.66496109962463;3969.0;Frío (Suni);69;3
5022;Bosque De Queñuas De Cara Cara;Puno;-15.306397597667791;-70.33618844180297;4031.0;Muy Frío (Puna);30;12
5023;Cataratas De Vila Vila;Puno;-15.183383;-70.667955;4325.0;Muy Frío (Puna);-1;3
5025;Bosque De Rodales De Puyas De Tarucani;Puno;-15.097907415585263;-70.63153266906738;4129.0;Muy Frío (Puna);72;3
5028;Laguna De Arapa;Puno;-15.17420475166356;-69.99458312988281;3808.0;Frío (Suni);30;12
5029;Bosque De Rodales De Puya De Choqueline;Puno;-15.2551738538282;-69.46927785873415;4037.0;Muy Frío (Puna);72;3
5030;Sitio Arqueológico Inka Queñalata;Puno;-15.234426;-69.52751699999999;3874.0;Frío (Suni);72;3
5031;Sitio Arqueológico De Merkemarka;Puno;-15.359739601683364;-69.51007326983641;4106.0;Muy Frío (Puna);30;12
5032;Sitio Arqueológico De Cerro Calvario;Puno;-15.363257;-69.502031;3959.0;Frío (Suni);30;12
5034;Mirador Natural De Sirpiqaqa;Puno;-14.917322177958276;-69.86535026515958;3859.0;Frío (Suni);72;3
5035;Centro De Rescate Pilpintuwasi;Loreto;-3.70423;-73.28294;98.0;Tropical Húmedo (Selva);2;27
5038;Plaza De Armas De Puerto Maldonado;Madre De Dios;-12.594216588785716;-69.17652883068848;200.0;Tropical Húmedo (Selva);1;16
5040;Parque De Las Leyendas;Lima;-12.072747609277508;-77.08702014484409;56.0;Cálido / Desértico (Costa);-1;9
5041;Parque De Las Leyendas De Huachipa;Lima;-12.015699133357572;-76.89843327976229;382.0;Cálido / Desértico (Costa);-1;9
13524;Plaza De Armas De Surco;Lima;-12.14550829808;-77.0046339936;83.0;Cálido / Desértico (Costa);29;9
14516;Piscina Natural De Yushiyá;Ucayali;-11.117569842881812;-72.87276506423952;325.0;Tropical Húmedo (Selva);59;24
13154;Bosque De Piedras Qaqinkurani Qullu - Comunidad De Collini;Puno;-16.09388889;-69.70055556;3885.0;Frío (Suni);30;12
5057;Fiesta Mayor Del Señor De Animas;Apurímac;-14.2951;-73.2431;2909.0;Templado Seco (Quechua);-1;18
5066;Sitio Arqueológico Las Juntas;Amazonas;-5.6445231;-78.55153131;411.0;Tropical Húmedo (Selva);-1;10
11965;Desembocadura Del Río Santa;Áncash;-8.975875534681293;-78.64275574415902;4.0;Cálido / Desértico (Costa);44;4
5106;Feria Nacional Ganadera De Cuasimodo;Junín;-12.0817;-75.2029;3246.0;Templado Seco (Quechua);26;15
5107;Estación Ferroviaria De Chilca;Junín;-12.07914679;-75.2074704638942;3241.0;Templado Seco (Quechua);26;15
13499;Museo Municipal De Huaricolca;Junín;-11.51097123571;-75.65219525655;3771.0;Frío (Suni);73;0
5112;Sitio Arqueológico Y Paleontológico De Quebrada Seca Alta;Amazonas;-5.748992;-78.507978;518.0;Tropical Húmedo (Selva);-1;10
5129;Mirador Natural De Occowillca;Huancavelica;-12.546142140462498;-74.5036106075381;4159.0;Muy Frío (Puna);-1;0
5147;Bosque De Ocopilla;Junín;-12.059718;-75.172353;3618.0;Frío (Suni);26;15
13730;Sitio Arqueológico De Malka - Yanacancha;Junín;-11.6410315;-75.530587;4056.0;Muy Frío (Puna);73;0
11592;Reserva Nacional De San Fernando;Ica;-15.150834;-75.353612;0.0;Cálido / Desértico (Costa);50;11
14207;Área De Conservación Ambiental Sector De  Ispanapata;Ica;-14.86617;-74.7692;1679.0;Templado Cálido (Yunga);-1;11
5161;El Manantial De La Maquina;Ica;-14.523663;-75.18554899999998;381.0;Cálido / Desértico (Costa);-1;19
14338;Plaza De Armas De Picota;San Martín;-6.92064324;-76.33026794;224.0;Cálido / Desértico (Costa);-1;1
5166;Meliponario Don Mario;San Martín;-6.033441;-77.266578;824.0;Templado Cálido (Yunga);54;21
5181;Bella Durmiente;Huancavelica;-13.25391465;-75.31182037;4316.0;Muy Frío (Puna);-1;0
5185;Laguna Morón;Ica;-13.759924;-75.98723000000001;306.0;Cálido / Desértico (Costa);32;19
12054;Cerro Blanco;Ica;-14.866706;-74.836445;2018.0;Templado Cálido (Yunga);-1;18
5191;Manantial De Huachacora;Huancavelica;-12.42578727216132;-75.15592466137696;3086.0;Templado Seco (Quechua);-1;0
5193;Puentes Naturales Warichaca - Vilca.;Huancavelica;-12.500579;-75.188214;3217.0;Templado Seco (Quechua);73;0
5194;Aguas Termales De Ayhuicha;Huancavelica;-12.580465225311167;-75.20992593683673;3359.0;Templado Seco (Quechua);73;0
5195;Molino De Piedra Hidráulico San Carlos;Huancavelica;-12.511521;-75.19633;3267.0;Templado Seco (Quechua);73;0
5198;Bosque De Puyas  Lloccllapampa;Huancavelica;-12.687834;-75.002626;3877.0;Frío (Suni);25;15
5210;Complejo Arqueológico De Ranrapata Ccaccasiri;Huancavelica;-12.61354212;-74.90118167;3831.0;Frío (Suni);73;0
5218;Mirador Natural Huayna Potocchi San Cristóbal;Huancavelica;-12.781218;-74.973436;3791.0;Frío (Suni);25;15
5229;Parque De La Identidad Anqara;Huancavelica;-12.99690324806039;-74.73549260909999;3365.0;Templado Seco (Quechua);-1;0
5234;Pueblo De Cachimayo;Huancavelica;-12.977794921312826;-75.17944335937501;4698.0;Muy Frío (Puna);-1;0
5236;Zona Arqueológica Monumental Huaca Huallamarca;Lima;-12.097347754561945;-77.04044019262506;99.0;Cálido / Desértico (Costa);29;9
5240;Collpa De Río Sneet Mesere;Madre De Dios;-13.025861398692706;-70.35457849502563;338.0;Tropical Húmedo (Selva);51;24
5245;Parque El Olivar;Lima;-12.102097914781602;-77.03528610185242;101.0;Cálido / Desértico (Costa);29;9
12021;Lago Aripari;Loreto;-4.86742663014128;-76.59106460351029;129.0;Tropical Húmedo (Selva);47;21
5247;Sala De Exhibición: Gilberto Tenorio Ruíz (Inc Chachapoyas);Amazonas;-6.229096470283094;-77.871994972229;2339.0;Templado Seco (Quechua);18;2
5249;Casa De Don Toribio Rodríguez De Mendoza / Obispado De Chachapoyas;Amazonas;-6.228925;-77.87307399999997;2338.0;Templado Seco (Quechua);18;2
11864;Qhapaq Ñan - Tramo Piscobamba;Áncash;-8.857442239178457;-77.35380513634419;3489.0;Templado Seco (Quechua);62;5
11841;Cañon De Paranco;Áncash;-8.950566275543883;-77.34358550150587;2656.0;Templado Seco (Quechua);62;13
5264; Pueblo Tradicional Leymebamba;Amazonas;-6.7078921;-77.8035039;2205.0;Templado Cálido (Yunga);45;13
5265;Museo Leymebamba;Amazonas;-6.724727;-77.7984831;2404.0;Templado Seco (Quechua);45;13
5267;Caverna Quiocta;Amazonas;-6.138848015052242;-77.99057006835938;2810.0;Templado Seco (Quechua);18;2
5269;Qhapac Ñan Chachapoyas - Levanto;Amazonas;-6.253749;-76.98522400000002;1545.0;Templado Cálido (Yunga);-1;21
5272;Centro De Investigación Y Capacitacion Rio Los Amigos-Cicra;Madre De Dios;-12.574522;-70.067701;243.0;Tropical Húmedo (Selva);51;24
5275;Santuario Del Señor De Los Milagros De Concepción;Junín;-11.91888;-75.31332;3290.0;Templado Seco (Quechua);73;0
13771;Museo Y Centro Holístico Cultural Musuq Kausay;Junín;-11.8170472;-75.6237763;3502.0;Frío (Suni);73;0
5280;Mirador Pastora Grande;Madre De Dios;-12.627276999311434;-69.52676296234131;197.0;Tropical Húmedo (Selva);0;20
5282;Lago Chorrera;Madre De Dios;-12.623634789692948;-69.5014750957489;181.0;Tropical Húmedo (Selva);0;20
5283;Collpa Pastora Grande;Madre De Dios;-12.724074956134697;-69.59615707397461;214.0;Tropical Húmedo (Selva);0;20
11753;Rio Las Piedras;Madre De Dios;-12.508926;-69.222366;171.0;Tropical Húmedo (Selva);1;16
5296;Comunidad Nativa Sonene;Madre De Dios;-12.5974;-69.1876;202.0;Tropical Húmedo (Selva);1;16
5298;Collpa Centro Chorrera;Madre De Dios;-12.619525483980294;-69.5084273815155;215.0;Tropical Húmedo (Selva);0;20
5301;Quebrada Agua Flor;Junín;-11.17819;-75.45379000000003;1394.0;Templado Cálido (Yunga);-1;26
14634;Plaza Principal De Tunan Marca;Junín;-11.729711;-75.570379;3473.0;Templado Seco (Quechua);73;0
13217;Cuevas Del Santuario De Aujina De Quichuay;Junín;-11.874753;-75.276248;3549.0;Frío (Suni);73;0
13739;Aguas Termales De La Salud De Chuchucollpa;Junín;-11.8139707;-75.6269098;3475.0;Templado Seco (Quechua);73;0
5313;Fiesta Religiosa Santa Rosa Raymi;San Martín;-6.42169;-76.5213;788.0;Templado Cálido (Yunga);10;25
11706;Plaza De Armas De Huanta ;Ayacucho;-12.939872504292046;-74.24783438444138;2641.0;Templado Seco (Quechua);78;0
5317;Cascada De Pucayaquillo;San Martín;-6.58038173232;-76.2236495177;558.0;Templado Cálido (Yunga);10;25
13645;Acueducto De Sapantiana ;Cusco;-13.51153097;-71.97830741;3497.0;Templado Seco (Quechua);22;6
12932;Piedras De Negrohuaycco De Los Angeles;Ayacucho;-12.4195894;-74.01225004;1010.0;Templado Cálido (Yunga);64;24
5321; La Santísima Cruz De Los Motilones De Lamas;San Martín;-6.42169;-76.5213;788.0;Templado Cálido (Yunga);10;25
12022;Sitio Arqueológicos De Huaquina;Puno;-16.203901;-69.472527;3857.0;Frío (Suni);30;12
14373;Quebrada Chicchis ;Áncash;-9.645602432719642;-77.24088430821213;4103.0;Muy Frío (Puna);62;5
12222;Finca Cafetalera Piñera Villa Tunqui;Puno;-14.24693092;-69.16572967;1525.0;Templado Cálido (Yunga);-1;24
12023;Peñón De Yacari;Puno;-16.2338309;-69.4476937;4112.0;Muy Frío (Puna);30;12
5342;Bosque Ojos De Agua;San Martín;-6.849409;-76.34115400000002;219.0;Cálido / Desértico (Costa);-1;1
12216;Capilla De Huaylluni;Puno;-16.190020045644445;-69.40082655185869;3840.0;Frío (Suni);30;12
12586;Catarata Lagrimas De Amor;Loreto;-7.186053;-74.9366;357.0;Tropical Húmedo (Selva);-1;21
12000;Fortaleza De Pucara;Puno;-16.23700819025912;-69.46960185229003;4295.0;Muy Frío (Puna);30;12
12219;Complejo Arqueológico De Lundayani;Puno;-16.2732653;-69.4699198;3923.0;Frío (Suni);30;12
5355;Bosque Piedra Del Toro;Piura;-5.151266;-79.93765300000001;234.0;Cálido / Desértico (Costa);-1;1
12111;Centro Urku;San Martín;-6.461157648066603;-76.35171890258789;461.0;Cálido / Desértico (Costa);10;25
5358;Bosque Petrificado De Kakenkorani;Puno;-14.869143882318934;-70.18209446557614;4072.0;Muy Frío (Puna);72;3
11999;Plaza Mayor De Puno;Puno;-15.840775345494794;-70.02826952888717;3839.0;Frío (Suni);8;6
5363;La Malarrabia;Piura;-5.26988;-80.6766;26.0;Cálido / Desértico (Costa);6;14
5369;Algarrobo Rey;Piura;-4.7812;-80.16029800000001;599.0;Templado Cálido (Yunga);-1;1
5370;Seco De Chavelo;Piura;-5.26988;-80.6766;26.0;Cálido / Desértico (Costa);6;14
5371;Algarrobina De Piura;Piura;-5.26988;-80.6766;26.0;Cálido / Desértico (Costa);6;14
12157;Finca Cafetalera Santa Mónica;Puno;-14.153486831195911;-69.074411630175;1321.0;Templado Cálido (Yunga);-1;24
5374;Playa Vichayito;Piura;-4.146094804178516;-81.11047200858593;3.0;Cálido / Desértico (Costa);53;10
5375;Playa La Punta - Lobitos ;Piura;-4.45340482246021;-81.28116846084595;2.0;Cálido / Desértico (Costa);53;10
5376;Playa Cangrejos;Piura;-5.144451;-81.17398700000001;10.0;Cálido / Desértico (Costa);40;1
5379;Playa Las Pocitas;Piura;-4.113780531222588;-81.07881188392639;0.0;Cálido / Desértico (Costa);53;10
5380;Playa Las Gaviotas;Piura;-5.1046;-81.16250000000002;10.0;Cálido / Desértico (Costa);40;1
5385;Filigrana De Plata De Catacaos;Piura;-5.26988;-80.6766;26.0;Cálido / Desértico (Costa);6;14
13793;Cascada Baño De La Sirena;Loreto;-7.1977716;-74.956;235.0;Tropical Húmedo (Selva);-1;21
11946;Santuario Señor De Maynay;Ayacucho;-12.956178531490428;-74.25449865687213;2530.0;Templado Seco (Quechua);78;0
5398;Sais Tupac Amaru De Pachacayo;Junín;-11.7846664;-75.7176185;3572.0;Frío (Suni);73;0
14517;Quebrada Shambuyacu;Ucayali;-10.995962550196232;-73.07641983032228;282.0;Tropical Húmedo (Selva);59;24
12345;Finca Cafetalera Fundo Noa Villareal;Puno;-14.211621;-69.1559169575264;1548.0;Templado Cálido (Yunga);-1;24
11727;Quebrada Briolo;Madre De Dios;-12.5439;-68.927466;175.0;Tropical Húmedo (Selva);0;20
5415;Complejo Arqueológico Huaca Bandera;Lambayeque;-6.40706;-79.89771;48.0;Cálido / Desértico (Costa);37;1
5417;Los Peroles De Mishahuaca;Piura;-5.3717075;-79.5945268;1382.0;Templado Cálido (Yunga);55;17
5421;Mirador Natural Del Cerro Huayanay;Piura;-5.3964;-79.6146;1292.0;Templado Cálido (Yunga);55;17
5426;Danza Del Caballito;Piura;-4.90933;-81.0573;11.0;Cálido / Desértico (Costa);40;1
5438;Museo De Arte Contemporáneo De Lima - Mac Lima;Lima;-12.13675631033497;-77.0231595423279;76.0;Cálido / Desértico (Costa);29;9
14493;Quebrada De Burros;Tacna;-17.9997;-70.8214;452.0;Cálido / Desértico (Costa);27;20
13259;La Piedra De Mirave;Tacna;-17.483374;-70.55267;1139.0;Templado Cálido (Yunga);27;20
13258;Catarata Purumlaya;Tacna;-17.319823;-70.438553;2672.0;Templado Seco (Quechua);31;12
13262;Gigantes Dormidos;Tacna;-17.418093;-70.510963;1367.0;Templado Cálido (Yunga);-1;20
13257;Los Gigantes De Mirave;Tacna;-17.48614;-70.538554;1211.0;Templado Cálido (Yunga);-1;20
13256;La Haciendita La Bodeguilla De San Felipe ;Tacna;-17.46395;-70.5419;1184.0;Templado Cálido (Yunga);27;20
13255;Iglesia San Pedro Apostol De Ilabaya;Tacna;-17.42071;-70.512544;1385.0;Templado Cálido (Yunga);27;20
13260;Iglesia De Toco Grande;Tacna;-17.344803;-70.451597;2088.0;Templado Cálido (Yunga);-1;12
5493;Lago Huitoto;Madre De Dios;-12.628728280135595;-69.98249298413089;215.0;Tropical Húmedo (Selva);51;24
13332;Petroglifos De Turulaca;Tacna;-17.39482;-70.609667;1904.0;Templado Cálido (Yunga);31;20
13254;Petroglifos El Cementerio ;Tacna;-17.44784440431984;-70.4678388212904;1377.0;Templado Cálido (Yunga);-1;20
13324;Geoglifos Los Círculos;Tacna;-17.405916185920184;-70.3305097197279;2861.0;Templado Seco (Quechua);31;12
13252;Andenería De Borogueña;Tacna;-17.289806;-70.426181;3199.0;Templado Seco (Quechua);-1;3
5531;Humedales De Santa Rosa;Lima;-11.59204;-77.26919;1.0;Cálido / Desértico (Costa);35;19
12263;Río Cañete - Sección Catapalla - Socsi;Lima;-12.945986350996042;-76.14147219573977;490.0;Cálido / Desértico (Costa);41;4
5537;Playa La Ensenada;Lima;-12.643994;-76.66839700000003;0.0;Cálido / Desértico (Costa);36;19
5538;Sitio Arqueológico Peña De La Cruz San Juan ;Lima;-12.96570885;-76.13986376;493.0;Cálido / Desértico (Costa);41;4
5539;Playa León Dormido;Lima;-12.6308979;-76.6716674;0.0;Cálido / Desértico (Costa);36;19
5547;Parque Zonal Chavín De Huantar ;Lima;-12.94346;-76.37552;169.0;Cálido / Desértico (Costa);41;4
5548;Cerro Mirador Turístico De San Antonio ;Lima;-12.616182;-76.679461;195.0;Cálido / Desértico (Costa);36;19
5557;Playa Chacra Y Mar;Lima;-11.634786;-77.21966199999997;3.0;Cálido / Desértico (Costa);35;19
5559;Laguna Chuchun;Lima;-11.374894289600576;-76.43949630422975;4390.0;Muy Frío (Puna);48;8
5560;Cascada Pomora;Lima;-11.408466910142304;-76.53394019510654;3600.0;Frío (Suni);48;8
13061;Pueblo De Hongos;Lima;-12.810354;-75.765094;3170.0;Templado Seco (Quechua);48;8
5572;Eco Truly Park, Comunidad Eecológica;Lima;-11.638442;-77.216433;4.0;Cálido / Desértico (Costa);35;19
5573;Bosque De Proteccion Aledaño A La Bocatoma Del Canal De Nuevo Imperial;Lima;-13.0438004;-76.2180413;273.0;Cálido / Desértico (Costa);41;4
5579;Complejo Termal De La Juventud;Lima;-10.815271;-76.878243;2245.0;Templado Cálido (Yunga);-1;26
5581;Pueblo San Cristóbal De Rapaz;Lima;-10.874024;-76.70487000000003;4007.0;Muy Frío (Puna);48;8
5584;Complejo Termal La Meseta;Lima;-10.81643605;-76.87682803;2278.0;Templado Cálido (Yunga);-1;26
5585;Puente De Los Suspiros;Lima;-12.149179;-77.02253999999999;58.0;Cálido / Desértico (Costa);29;9
5591;Centro Historico De Arequipa;Arequipa;-16.398675;-71.536894;2342.0;Templado Seco (Quechua);12;16
5593;Cañón De Otora;Moquegua;-17.0082015;-70.8559825;2611.0;Templado Seco (Quechua);31;12
13607;Pueblo De Palambla;Piura;-5.388330867757;-79.60941739883;1260.0;Templado Cálido (Yunga);55;17
5597;Catarata Santa Ana;Piura;-5.429201;-79.574264;1495.0;Templado Cálido (Yunga);55;17
5599;Peroles De Agua Blanca;Piura;-5.3733468935179545;-79.61105346679688;1119.0;Templado Cálido (Yunga);55;10
13639;Monumento A Pachacuteq;Cusco;-13.5317915;-71.9683174;3339.0;Templado Seco (Quechua);22;6
13710;Museo De Sitio Qoricancha;Cusco;-13.5209364;-71.9759624;3384.0;Templado Seco (Quechua);22;6
12487;Molino Minero De Amotire;Puno;-16.820623;-69.3859769;3955.0;Frío (Suni);69;3
5621;Bodega Biondi;Moquegua;-17.23931;-70.98327;1180.0;Templado Cálido (Yunga);13;16
5623;Casa Hacienda De Unanue ;Lima;-13.098052772354036;-76.38391067724609;27.0;Cálido / Desértico (Costa);41;4
14307;Cañón De Tinyari;Junín;-11.8392705;-75.7508929;3872.0;Frío (Suni);73;0
13564;Laguna De Atacocha;Junín;-11.8139821;-75.3061475;3916.0;Frío (Suni);73;0
14609;Santuario Del Señor Animas De Paca;Junín;-11.7090094;-75.5188427;3395.0;Templado Seco (Quechua);73;0
5637;Mirador De San Miguel  Shala Loma;Junín;-11.3475437;-75.6523603;3053.0;Templado Seco (Quechua);48;8
5641;Danza Apu Inca De Sapallanga;Junín;-12.1404;-75.16;3299.0;Templado Seco (Quechua);26;15
5643;Iglesia San Pedro De Sapallanga;Junín;-12.14091384;-75.15758971;3299.0;Templado Seco (Quechua);26;15
5645;Mirador Cerro San Cristóbal De Sapallanga      ;Junín;-12.14039542;-75.15219469;3423.0;Templado Seco (Quechua);26;15
5647;Pueblo De Cotahuasi;Arequipa;-15.21262003790833;-72.88914531469345;2689.0;Templado Seco (Quechua);-1;18
5649;Los Negritos Decentes De Santo Domingo;Junín;-11.902;-75.3218;3313.0;Templado Seco (Quechua);73;0
5651;Fiesta Del Señor De Chacaylla;Arequipa;-15.2113;-72.8913;2676.0;Templado Seco (Quechua);-1;18
5653;Danza Del Chuncho De Santa Rosa De Ocopa;Junín;-11.8771;-75.2946;3377.0;Templado Seco (Quechua);73;0
5659;Carnaval De Pampamarca;Arequipa;-15.1852;-72.9072;2565.0;Templado Seco (Quechua);-1;18
5664;Fiesta Patronal De La Santísima Virgen Del Rosario De Tomepampa;Arequipa;-15.173;-72.8298;2627.0;Templado Seco (Quechua);-1;18
5665;Sitio Arqueológico Ninaquero ;Ayacucho;-14.37650014099451;-73.96483405542588;3504.0;Frío (Suni);70;18
11545;Acueducto Subterraneo De Puquioqta;Ayacucho;-14.379051574400602;-73.96192385864472;3457.0;Templado Seco (Quechua);70;18
5668;Sistema De Andenerias De Andamarca ;Ayacucho;-14.39138484285971;-73.96145294708253;3437.0;Templado Seco (Quechua);70;18
5669;Mirador Apu Accaimarca;Ayacucho;-14.393024182817614;-73.95755990457747;3577.0;Frío (Suni);70;18
12924;Cañón De Tomboloyoc En Mayapo;Ayacucho;-12.39073286;-73.96560614;808.0;Templado Cálido (Yunga);64;24
13545;Mirador De Condores De Mayobamba;Ayacucho;-14.347203951904325;-73.90793681144714;3622.0;Frío (Suni);70;18
11146;Exposición De Colecciones De La Casa Neyra ;Lima;-12.253285747517932;-76.87237391551413;28.0;Cálido / Desértico (Costa);36;19
5677;Laguna San Nicolas;Cajamarca;-7.238734;-78.34760399999999;2872.0;Templado Seco (Quechua);17;2
10318;Zona Arqueológica Monumental Huaycán De Pariachi;Lima;-12.012173;-76.832758;527.0;Templado Cálido (Yunga);-1;19
13738;Arco En Memoria De Los Mártires De La Gratuidad De La Educación ;Ayacucho;-12.941202;-74.2414237;2658.0;Templado Seco (Quechua);78;0
11788;Laguna Verdeccocha ;Ayacucho;-12.85130801833457;-74.13628200378417;4169.0;Muy Frío (Puna);-1;0
13679;Caverna De Omia;Amazonas;-6.46155564355;-77.3865509103;1474.0;Tropical Húmedo (Selva);-1;13
13763;Mirador Cerro Del Amor;La Libertad;-8.00086335566;-78.60586881637;3505.0;Frío (Suni);45;13
11814;Sitio Arqueológico De Pitumarka, Pukara;Puno;-13.830939570888766;-70.3747078571167;3950.0;Frío (Suni);-1;3
11825;Galeria De Pinturas Rupestres De Isivilla- Corani;Puno;-13.94256;-70.546594;4359.0;Muy Frío (Puna);-1;3
11826;Formación Rocosa De Pacunasa;Puno;-14.1021285705546;-70.66218244;4968.0;Glacial / Nieve (Janca);-1;3
11812;Catarata Chichanaco De Mijani;Puno;-14.912273487189715;-69.81971862967285;3899.0;Frío (Suni);72;3
11779;Arcopata Juli;Puno;-16.214605047720276;-69.4539581083249;3901.0;Frío (Suni);30;12
11794;Casa De La Inquisición  Escuela De Los Indios Nobles;Puno;-16.213395822027053;-69.45864208071544;3874.0;Frío (Suni);30;12
11802;Isla Umayo;Puno;-15.737395347680446;-70.16970569983242;3933.0;Frío (Suni);8;6
11778;Cerro San Bartolomé;Puno;-16.20420741065741;-69.44123268127441;4117.0;Muy Frío (Puna);30;12
11810;Isla Soto;Puno;-15.5471262410206;-69.5015272265625;3940.0;Frío (Suni);30;12
11809;Laguna De Huara Huarani;Puno;-16.34263196959933;-69.14763485675496;4435.0;Muy Frío (Puna);-1;3
12411;Sitio Arqueológico Cerro Culebra ;Lima;-11.980605;-76.762176;800.0;Templado Cálido (Yunga);-1;19
12583;Comunidad Nativa Ticuna De Bufeo Cocha;Loreto;-3.734292404251588;-70.97213141863126;138.0;Tropical Húmedo (Selva);14;7
11971;Cueva De Los Piratas -Santa;Áncash;-8.991532488119093;-78.65202350302265;5.0;Cálido / Desértico (Costa);44;4
5726;Casa Capilla De La Antigua Hacienda Punchauca;Lima;-11.833981;-77.00105000000002;303.0;Cálido / Desértico (Costa);-1;19
5727;Pueblo San Pedro De Carabayllo;Lima;-11.853623152331036;-77.03700171479238;233.0;Cálido / Desértico (Costa);-1;19
14431;Bosque Berlín;Amazonas;-5.905273;-78.426983;2141.0;Templado Cálido (Yunga);45;13
5731;Lomas De Primavera, Carabayllo 2  Área De Conservación Regional Sistema De Lomas De Lima;Lima;-11.805590191374112;-77.03733501031489;674.0;Templado Cálido (Yunga);-1;19
13849;Boquerón Del Diablo;Lima;-12.481951294960409;-76.80076941899301;16.0;Cálido / Desértico (Costa);36;19
12170;Finca Cafetalera Tunkimayo;Puno;-14.119004703745476;-69.04257628383787;1128.0;Templado Cálido (Yunga);-1;24
12119;Mercado Artesanal Del Puerto Muelle De Puno;Puno;-15.836482800177206;-70.01760960147108;3817.0;Frío (Suni);8;6
14344;Finca Cafetalera Alto Mirador - Esquilaya;Puno;-13.689688480556802;-70.14255523681642;1261.0;Templado Cálido (Yunga);-1;24
14459;Mirador Cerro De Los Cotos;Ucayali;-11.14971903597359;-73.0518400669098;283.0;Tropical Húmedo (Selva);59;24
12581;Comunidad Nativa Ticuna De Santa Rita De Mochila;Loreto;-3.4656587417023568;-72.47176520769376;136.0;Tropical Húmedo (Selva);14;7
12008;Cerro El Amargoso;Arequipa;-15.742452129954414;-73.34668605518338;2580.0;Templado Seco (Quechua);-1;18
12148;Acantilado La Olla;Áncash;-9.968216596795664;-78.20847272872925;0.0;Cálido / Desértico (Costa);43;4
12135;Playa Conto;Arequipa;-17.116391;-71.898606;3.0;Cálido / Desértico (Costa);57;11
5769;Sitio Arqueológico Sholón;Amazonas;-6.2788913;-77.9531015;2095.0;Templado Cálido (Yunga);18;2
13678;Mirador Luya Urco;Amazonas;-6.226206113748;-77.87796020507;2430.0;Templado Seco (Quechua);18;2
12024;Bosque Varillal El Milagro;Loreto;-3.937081887699269;-73.37077619750032;141.0;Tropical Húmedo (Selva);-1;7
5773;Mirador Huanca Urco;Amazonas;-6.1343934;-77.8801237;2609.0;Templado Seco (Quechua);18;2
12149;Mirador La Catedral (Cachemero);Áncash;-9.969663758833205;-78.20883899472969;0.0;Cálido / Desértico (Costa);43;4
12150;Museo De San Lorenzo Monseñor José Luis Astigarraga Lizarralde;Loreto;-4.831948685066006;-76.69824767967995;137.0;Tropical Húmedo (Selva);47;21
5778;Cañón Del Sonche;Amazonas;-6.1745147;-77.8568209;2550.0;Templado Seco (Quechua);18;2
13275;Iglesia Santa Ana ;Amazonas;-6.2263866;-77.8736747;2347.0;Templado Seco (Quechua);18;2
14515;Catarata Doncella De Katagiru;Ucayali;-11.196841598304973;-73.07530403137208;382.0;Tropical Húmedo (Selva);59;24
12073;Finca Cafetalera Santa Nhori;Puno;-13.985643048506304;-69.27491211845626;1646.0;Templado Cálido (Yunga);-1;24
12063;Río Caravelí;Arequipa;-15.722435196833128;-73.3993575297202;1987.0;Templado Cálido (Yunga);-1;18
13677;Pampas De Higos Urco;Amazonas;-6.229953264614;-77.85449981602;2335.0;Templado Seco (Quechua);18;2
5787;Pueblo Alfarero Huancas;Amazonas;-6.173790000291794;-77.8648602883606;2582.0;Templado Seco (Quechua);18;2
12212;Qhapaq Ñan Sector Pomata - Challapampa;Puno;-16.27158790634452;-69.29668772624572;3873.0;Frío (Suni);69;3
14120;Humedal De Nauchavana;Áncash;-8.196220433266546;-77.85206049681848;4274.0;Muy Frío (Puna);49;28
12217;Isla Quiljata;Puno;-16.272789950964643;-69.2546383672269;3823.0;Frío (Suni);69;3
13796;Cascada El Errado;Loreto;-7.195318;-74.950645;229.0;Tropical Húmedo (Selva);-1;21
5804;Sitio Arqueológico Pueblo De Los Muertos;Amazonas;-6.1067246;-77.9036046;2508.0;Templado Seco (Quechua);18;2
12552;Catarata Llanto De La Anaconda;Loreto;-7.3495343;-75.0088403;139.0;Tropical Húmedo (Selva);-1;21
12461;Bosque De Piedra De Runasayacc;Ayacucho;-12.950628;-74.159471;4287.0;Muy Frío (Puna);-1;0
5811;Pueblo Tradicional Lámud;Amazonas;-6.1388448;-77.9522037;2313.0;Templado Seco (Quechua);18;2
12134;Playa Motobomba ;Arequipa;-17.1237297862;-71.88654899597;2.0;Cálido / Desértico (Costa);57;11
14513;Laguna Mashaqonqa;Áncash;-9.848923;-77.427075;4004.0;Muy Frío (Puna);62;5
5829;Sitio Arqueológico La Pitaya;Amazonas;-6.1858362;-77.9096495;1677.0;Templado Cálido (Yunga);-1;2
12265;Molino De Piedra  De Chincheros;Ayacucho;-13.812585;-73.963421;2933.0;Templado Seco (Quechua);-1;23
5831;Centro Histórico De La Ciudad San Juan De La Frontera De Los Chachapoya;Amazonas;-6.2292295;-77.8725391;2340.0;Templado Seco (Quechua);18;2
12267;Iglesia Virgen De Asunción De Chincheros;Ayacucho;-13.814181;-73.962668;2969.0;Templado Seco (Quechua);-1;23
5843;Bosque Palmeras De Ocol;Amazonas;-6.28102;-77.560769;2192.0;Templado Cálido (Yunga);45;13
5855;Complejo Arqueológico Monumental Cerro Pátapo - Sinto - Sector A;Lambayeque;-6.7262;-79.6465;144.0;Cálido / Desértico (Costa);-1;1
13676;Abra Calla Calla;Amazonas;-6.731581597365;-77.89443969792;3590.0;Frío (Suni);45;13
5861;Laguna Pucallpillo;Ucayali;-8.451381664208693;-74.5044493675232;149.0;Tropical Húmedo (Selva);9;25
5864;Templo Matriz De Levanto;Amazonas;-6.308661331933068;-77.89898418650819;2662.0;Templado Seco (Quechua);18;2
5872;Quebrada Señor De La Cumbre;Madre De Dios;-13.077374;-70.39221;311.0;Tropical Húmedo (Selva);51;24
5878;Playa Tambo De Mora;Lima;-11.012029;-77.66047200000003;0.0;Cálido / Desértico (Costa);42;4
12344;Huaca Santa Catalina;Lima;-12.08704669608696;-77.01839743427357;140.0;Cálido / Desértico (Costa);28;9
5882;Catarata Yumbilla;Amazonas;-5.9200904;-77.9064456;2164.0;Templado Cálido (Yunga);45;13
5889;Acueducto Puente Pérez;Ayacucho;-13.18434757141;-74.23237681388;2840.0;Templado Seco (Quechua);24;15
5901;Ayarachis De Paratia;Puno;-15.4541;-70.601;4363.0;Muy Frío (Puna);30;12
5902;Laguna De Maramara;Apurímac;-13.837837;-72.892632;4138.0;Muy Frío (Puna);-1;23
5909;Bodega De La Motta;Lima;-12.94897984812127;-76.1423563957214;491.0;Cálido / Desértico (Costa);41;4
11736;Pinturas Rupestres De Cruz Laca;Moquegua;-17.120999;-70.555895;4149.0;Muy Frío (Puna);-1;12
11735;Cañon De Choquellanto;Moquegua;-16.75400995620303;-71.1794346135483;1842.0;Templado Cálido (Yunga);-1;20
5920;Sitio Arqueológico Silic;Amazonas;-6.364622;-77.91198199999997;1855.0;Templado Cálido (Yunga);-1;2
5922;Sitio Arqueológico El Imperio;Amazonas;-6.418362;-77.91442699999999;2766.0;Templado Seco (Quechua);45;13
5926;Centro Cultural Santo Domingo;Moquegua;-17.193823;-70.933272;1421.0;Templado Cálido (Yunga);13;16
13675;Área De Conservación Voluntaria  Milpuj - La Heredad;Amazonas;-6.430055909449;-77.87200927385;1970.0;Templado Cálido (Yunga);45;13
13765;Plaza Principal De Torata;Moquegua;-17.0740759841777;-70.82415208202862;2505.0;Templado Seco (Quechua);12;16
5933;Centro Cultural José Carlos Mariátegui;Moquegua;-17.194248;-70.934604;1418.0;Templado Cálido (Yunga);13;16
5937;Carrera Internacional De Balsas Sobre El Río Amazonas;Loreto;-3.77442;-73.2866;100.0;Tropical Húmedo (Selva);2;27
13781;Mirador Cristo Blanco De Torata;Moquegua;-17.078602;-70.84318;2244.0;Templado Cálido (Yunga);-1;16
5949;Zona Arqueologica De Poro Poro;Cajamarca;-6.772492;-79.025268;2828.0;Templado Seco (Quechua);45;13
5957;Pueblo Tradicional De Astoria ;Loreto;-3.64484;-73.22264;96.0;Tropical Húmedo (Selva);2;27
5958;Acuicola Fundo Tony;Loreto;-4.03201;-73.43422;113.0;Tropical Húmedo (Selva);-1;7
11790;Aguas Termales San José De Moche;Moquegua;-16.57901;-71.226001;3514.0;Frío (Suni);31;12
5966;Templo De Omo;Moquegua;-17.24388888888889;-70.97833333333335;1226.0;Templado Cálido (Yunga);13;16
13659;Laguna De Los Encantos;San Martín;-7.726363211498;-76.64717700856;831.0;Templado Cálido (Yunga);-1;21
5994;Comunidad Nativa De Manacamiri;Loreto;-3.71833;-73.2831;91.0;Tropical Húmedo (Selva);2;27
5995;Valle Del Guayabamba;Amazonas;-6.389037;-77.519572;1569.0;Templado Cálido (Yunga);-1;13
13674; Área De Conservación Privada Cavernas De Leo;Amazonas;-6.444810281158;-77.41571903228;1446.0;Tropical Húmedo (Selva);-1;13
13913;Sitio Arqueológico Wimba;Amazonas;-6.4803155;-77.37179476;1448.0;Tropical Húmedo (Selva);-1;13
6004;Catarata Ashpachaca;Amazonas;-6.0127573;-77.9481302;1599.0;Templado Cálido (Yunga);-1;13
6006;Museo De Sitio Alejandro Miró-Quesada Garland De Ancón;Lima;-11.775044987753851;-77.17412636441804;9.0;Cálido / Desértico (Costa);35;19
6008;Huaca Huantille;Lima;-12.085489168957208;-77.07182440608214;72.0;Cálido / Desértico (Costa);-1;9
6009;Santuario De Santa Rosa De Quives;Lima;-11.668871;-76.79021699999998;1160.0;Templado Cálido (Yunga);-1;19
14529;Catarata La Celosa;Áncash;-9.68008001088688;-77.22828611732099;4072.0;Muy Frío (Puna);62;5
6018;Barrio Tradicional De San Cristobal;Cusco;-13.5132477191233;-71.97958946228027;3485.0;Templado Seco (Quechua);22;6
13304;Bodega Rayito De Sol;Moquegua;-17.183759;-70.945394;1378.0;Templado Cálido (Yunga);13;16
12053;Bodega Atencio Tapia;Moquegua;-17.215401;-70.92408;1469.0;Templado Cálido (Yunga);13;16
6021;Bodega El Mocho;Moquegua;-17.160831;-70.925767;1466.0;Templado Cálido (Yunga);13;16
6029;Montaña Urusayhua;Cusco;-12.735687;-72.633495;3027.0;Templado Seco (Quechua);-1;18
6031;Sitio Arqueológico De Machupitumarca;Cusco;-13.985182;-71.418746;3661.0;Frío (Suni);-1;23
12425;Quebrada De Huayanay Cucho ;Ayacucho;-13.6526606;-74.1592175;2782.0;Templado Seco (Quechua);-1;23
12422;Valle Hermoso De Irimpay;Ayacucho;-13.639358;-74.15754;2554.0;Templado Seco (Quechua);-1;23
12435;Cascada De  Ccachacarca;Ayacucho;-13.669995;-74.1677;3480.0;Templado Seco (Quechua);77;0
13720;Camino Qhapac Ñan Al Kuntisuyo - Sector Ccorca;Cusco;-13.579185206442938;-72.05877885223005;3705.0;Frío (Suni);22;6
12419;Cascada Botijani;Puno;-14.22292658;-69.14674435;1257.0;Templado Cálido (Yunga);-1;24
11572;Sitio Arqueologico De Chunchu Laq´Aya;Puno;-14.272841;-69.425168;1856.0;Templado Cálido (Yunga);-1;24
12251;Catarata Sihuari Paqcha;Ayacucho;-13.806603;-73.957735;2659.0;Templado Seco (Quechua);-1;23
12090;Mirador Natural Cerro Azoguini;Puno;-15.83235515;-70.03464329;4061.0;Muy Frío (Puna);8;6
12376;Sitio Arqueologico De Llacctapata;Ayacucho;-13.657245;-74.20525;3719.0;Frío (Suni);77;0
12394;Santuario Anqara Machay;Ayacucho;-13.668502;-74.234559;3441.0;Templado Seco (Quechua);77;0
12295;Sitio Histórico De Ccollpahuaycco;Ayacucho;-13.290014019154563;-74.01149202339855;3341.0;Templado Seco (Quechua);77;23
12291;Molino Hidraúlico De Andaraqay;Ayacucho;-13.239271578554394;-74.01208241289784;2983.0;Templado Seco (Quechua);78;23
12297;Iglesia Colonial De Santo Domingo De Acocro;Ayacucho;-13.219398608620937;-74.04157941807378;3250.0;Templado Seco (Quechua);77;23
11731;Geiser De Sekolaque;Moquegua;-16.7167767;-70.66910833;3514.0;Frío (Suni);31;12
13875;El Apiario La Casa De Malú Sayàn ;Lima;-11.13283826;-77.112685;1300.0;Templado Cálido (Yunga);-1;26
13722;Mirador  El Balcón De Cielo Punku;Cusco;-13.674382;-71.677405;3128.0;Templado Seco (Quechua);79;23
14358;Ciudadela De Torata Alta;Moquegua;-17.076512;-70.832741;2480.0;Templado Seco (Quechua);12;16
11733;  Catacumbas De Torata ;Moquegua;-17.076179;-70.844379;2183.0;Templado Cálido (Yunga);-1;16
6092;Fiesta Patronal Virgen De La Candelaria De Torata;Moquegua;-17.0768;-70.8444;2186.0;Templado Cálido (Yunga);-1;16
6094;Cerro San Felipe - Carumas;Moquegua;-16.810201;-70.67678;3745.0;Frío (Suni);31;12
6096;Iglesia San Felipe-Carumas;Moquegua;-16.809507;-70.69519;3033.0;Templado Seco (Quechua);31;12
11748;Plaza De Armas De Iberia;Madre De Dios;-11.407056522494582;-69.48941844525042;274.0;Tropical Húmedo (Selva);-1;24
11747;Parque Ecologico El Shiringuero;Madre De Dios;-11.397297;-69.490708;290.0;Tropical Húmedo (Selva);-1;24
12861;Playa Acora De Surupa Pataza;Puno;-15.94944444;-69.67916667;3809.0;Frío (Suni);30;12
6116;Cocha Juárez;Madre De Dios;-12.170447158029914;-71.0115918483579;312.0;Tropical Húmedo (Selva);51;24
6117;Cocha Salvador;Madre De Dios;-11.996292;-71.232551;308.0;Tropical Húmedo (Selva);51;24
6118;Cocha Otorongo. ;Madre De Dios;-12.047538;-71.18964;305.0;Tropical Húmedo (Selva);51;24
6120;Collpa De Mamíferos Pcv Pakitza.;Madre De Dios;-11.939269;-71.291848;336.0;Tropical Húmedo (Selva);51;24
6121;Cocha Machuwasi;Madre De Dios;-12.866571;-71.34826599999997;575.0;Tropical Húmedo (Selva);51;24
6123; Petroglifos De Pusharo;Madre De Dios;-12.583909;-71.478194;525.0;Tropical Húmedo (Selva);51;24
12607;Laguna Sagurisiato;Ayacucho;-12.891328;-73.559121;1052.0;Templado Cálido (Yunga);-1;19
12042;Laguna Sonqococha;Cusco;-13.9033936;-71.4405147;4452.0;Muy Frío (Puna);-1;23
13494;Humedal De Chilca ;Lima;-12.539215;-76.746726;3.0;Cálido / Desértico (Costa);36;19
6158;Zona Arqueológica Monumental San Jerónimo - Sarcófagos El Tigre;Amazonas;-6.0105044;-78.0235871;2695.0;Templado Seco (Quechua);45;13
13906;Iglesia De San Carlos;Amazonas;-5.965692;-77.945404;1922.0;Templado Cálido (Yunga);45;13
12252;Iglesia San Juan Bautista De Cayara;Ayacucho;-13.795263;-73.988571;3187.0;Templado Seco (Quechua);-1;23
12253;Catarata De Ircciripaqcha;Ayacucho;-13.810192;-73.958844;2736.0;Templado Seco (Quechua);-1;23
12254;Pukuto Qasa;Ayacucho;-13.8157;-74.013389;4055.0;Muy Frío (Puna);-1;0
6175;Agua Termo Medicinal De Huájal;Junín;-11.80596258491;-75.64489924348;3465.0;Templado Seco (Quechua);73;0
6176;Aguas Termo Medicinales De Huiscapuquio;Junín;-11.818408;-75.6159557;3452.0;Templado Seco (Quechua);73;0
11006;Templo De La Inmaculada Concepción De Anta;Cusco;-13.47111;-72.148611;3424.0;Templado Seco (Quechua);80;23
6184;Templo Colonial De San Salvador  De Pucyura;Cusco;-13.4792;-72.1114;3379.0;Templado Seco (Quechua);22;6
13317;Plaza De Pucyura;Cusco;-13.479312;-72.111478;3379.0;Templado Seco (Quechua);22;6
13102;Sitio Arqueológico Sonqoraqay ;Apurímac;-14.301841;-72.955999;3037.0;Templado Seco (Quechua);-1;23
6187;Catarata El Cumbe;Cajamarca;-7.20834;-78.28059999999999;2806.0;Templado Seco (Quechua);45;13
14349;Aguas Termales De Ampacho;Apurímac;-14.48191600806;-72.58466477754;4062.0;Muy Frío (Puna);-1;18
6189;Laguna De Quelluacocha;Cajamarca;-7.17413505295854;-78.2779312133789;3372.0;Templado Seco (Quechua);45;13
6193;Fiesta Del  Chaccu De  Vicuñas  Yavi Yavi;Cusco;-14.2841;-72.0413;3596.0;Frío (Suni);-1;18
6201;Fiesta Patronal De La Mamacha Asunta De Langui;Cusco;-14.4318;-71.2745;3961.0;Frío (Suni);75;3
11887;Balneario Puerto Mayo;Cusco;-12.45627;-73.870343;521.0;Templado Cálido (Yunga);64;24
6211;Cañón De Torontoy;Cusco;-12.856278;-72.612121;2006.0;Templado Cálido (Yunga);-1;24
6216;Centro De Transferencia Tecnológica Ex Hacienda Potrero;Cusco;-12.889569;-72.72617600000001;1299.0;Templado Cálido (Yunga);63;24
6223;Iglesia Espíritu Santo;Arequipa;-16.402350275442284;-71.39152318239212;2962.0;Templado Seco (Quechua);-1;6
6235;Mirador De Sachaca;Arequipa;-16.426339910041943;-71.5675163269043;2242.0;Templado Cálido (Yunga);12;16
6236;Puente De Fierro;Arequipa;-16.409616431651326;-71.54950261116029;2295.0;Templado Cálido (Yunga);12;16
14332;Laguna De Rontoccocha;Apurímac;-13.68053699108;-72.78546378919;4198.0;Muy Frío (Puna);-1;6
6240;Pueblo De Carania ;Lima;-12.34483038651557;-75.870529034458;3807.0;Frío (Suni);48;8
6248;Cascadas De Llacanora;Cajamarca;-7.185667;-78.423923;2702.0;Templado Seco (Quechua);17;2
6249;Bosque De Piedras De Huangashanga;Cajamarca;-6.865349;-78.14540199999999;2622.0;Templado Seco (Quechua);45;13
6250;Pueblo De Huantán;Lima;-12.456263;-75.811579;3281.0;Templado Seco (Quechua);48;8
6255;Sitio Historico De San Pablo;Cajamarca;-7.118197215491406;-78.8234857374344;2375.0;Templado Seco (Quechua);45;13
6258;Laguna Luncho De Huantán;Lima;-12.422782729;-75.790691659;4564.0;Muy Frío (Puna);48;8
6262;Pueblo De Vitis;Lima;-12.22397;-75.80794;3602.0;Frío (Suni);48;8
6275;Mirador De Huallugina De Vitis;Lima;-12.248114872;-75.810256627;3457.0;Templado Seco (Quechua);48;8
6276;Laguna Piquecocha De Vitis;Lima;-12.25241;-75.81124;3388.0;Templado Seco (Quechua);48;8
6277;Pueblo Tradicional De Chetilla;Cajamarca;-7.146842;-78.67274299999997;2788.0;Templado Seco (Quechua);17;2
6278;Laguna Faical;Cajamarca;-5.1465764;-79.002342;1273.0;Templado Cálido (Yunga);55;17
6279;Valle Del Alto Jequetepeque;Cajamarca;-7.221345;-78.83973700000001;849.0;Templado Cálido (Yunga);-1;1
6290;Finca Parcela Reyna Del Bosque;Cajamarca;-5.1618967;-78.9905567;1025.0;Templado Cálido (Yunga);55;10
6291;Finca Parcela Los Pinos;Cajamarca;-5.15355;-79.01402;1331.0;Templado Cálido (Yunga);55;17
6292;Pueblo De Huancaya;Lima;-12.203304633106;-75.7991997447511;3593.0;Frío (Suni);48;8
6294;Iglesia Parroquial San Jose;Cajamarca;-7.152893;-78.52049199999999;2733.0;Templado Seco (Quechua);17;2
6298;Casa Hacienda Huacraruco;Cajamarca;-7.305871;-78.43840499999999;2789.0;Templado Seco (Quechua);17;2
6311;Bajada De Reyes Y Tradicional Sacudida De Perales;Arequipa;-16.4491;-71.5909;2169.0;Templado Cálido (Yunga);12;16
6313;Catarata Bella Encantadora;Cajamarca;-5.16226;-78.74371;1345.0;Templado Cálido (Yunga);55;17
6315;Capilla Virgen Del Arco (San Pedro);Cajamarca;-7.156165;-78.52203600000001;2746.0;Templado Seco (Quechua);17;2
6322;Bio Finca El Bosque;Cajamarca;-5.149239;-79.041479;1640.0;Templado Cálido (Yunga);55;17
13302;Mirador De Cotorumi;Cajamarca;-6.632589;-78.957252;2299.0;Templado Cálido (Yunga);45;13
6336;Laguna De Tuctuca;Junín;-11.5785665;-74.9935759;4433.0;Muy Frío (Puna);-1;0
14037;Plaza De Armas Zurite;Cusco;-13.455543;-72.255387;3406.0;Templado Seco (Quechua);80;23
6342;Festividad De La Virgen Del Carmen De Huarocondo;Cusco;-13.4133;-72.2087;3353.0;Templado Seco (Quechua);80;23
14100;Laguna De Huaypo Sector Chacan;Cusco;-13.403182;-72.130563;3509.0;Frío (Suni);80;23
6344;Templo De San Nicolás De Bari;Cusco;-13.458333;-72.253055;3380.0;Templado Seco (Quechua);80;23
6348;Festividad Del Señor De La Buena Muerte De Chocan;Piura;-4.84008;-80.6522;53.0;Cálido / Desértico (Costa);-1;1
13471;Cascada De Quebrada Honda;Puno;-13.235746;-70.357369;424.0;Cálido / Desértico (Costa);51;24
13116;Cascada De La Sirena De Ollachea;Puno;-13.798188151833084;-70.46732783317567;2730.0;Templado Seco (Quechua);-1;3
13115;Laguna De Humanqayak Ayapata;Puno;-13.85141387383285;-70.3279495239258;3893.0;Frío (Suni);-1;3
13762;Mirador Balcón Del Cielo;La Libertad;-8.01025521814;-78.60032200813;3742.0;Frío (Suni);45;5
13761;Rodales De Puyas Cerro Quinga - Sector Salpo;La Libertad;-8.072403;-78.573808;4078.0;Muy Frío (Puna);-1;5
13760;Pueblo De Salpo;La Libertad;-8.003190092896;-78.60433459281;3454.0;Templado Seco (Quechua);45;13
6366;Fiesta De La Cruces De Pentecostes De Yucay;Cusco;-13.3196;-72.0861;2857.0;Templado Seco (Quechua);79;23
13759;Mirador Mal Paso;La Libertad;-8.057678684547;-78.64812970161;3608.0;Frío (Suni);45;13
13758;Bosque De Piedra Shamana;La Libertad;-8.074271337778;-78.63332390785;3732.0;Frío (Suni);45;5
6370;Fiesta De San Isidro;Cusco;-13.3196;-72.0861;2857.0;Templado Seco (Quechua);79;23
13080;Sitio Arqueologico De Killi Killi;Puno;-13.917905449239264;-70.51042556762697;4116.0;Muy Frío (Puna);72;3
13474;Finca Agropark;San Martín;-7.2608;-76.734915;289.0;Cálido / Desértico (Costa);58;21
13163;Puerto Nicanor Velásquez De Tocache;San Martín;-8.189934257006;-76.50852568019;497.0;Cálido / Desértico (Costa);-1;21
13333;Farallones Petreos De Ayrumas Carumas;Puno;-16.28776447234;-69.93209838867;4019.0;Muy Frío (Puna);30;12
13573;Comunidad De Paramis;Puno;-15.69159149789;-69.78798866271;3831.0;Frío (Suni);30;12
14455;Comunidad De Luquina Chico;Puno;-15.789011848;-69.8232114315;3836.0;Frío (Suni);30;12
14070;Mirador Natural De Santa Bàrbara ;Huancavelica;-12.798891213898392;-74.97587442398073;4199.0;Muy Frío (Puna);-1;15
13230;Plaza De Armas De Casma;Áncash;-9.476026933156;-78.30542922019;41.0;Cálido / Desértico (Costa);-1;4
12986;Laguna Qochahuaran;Ayacucho;-13.829431625059875;-74.33662929426141;3077.0;Templado Seco (Quechua);77;0
6388;Campiña Torateña;Moquegua;-17.076230723188402;-70.84686309099197;2185.0;Templado Cálido (Yunga);-1;16
6390;Santuario  De La Cruz De Chalpon De Motupe;Lambayeque;-6.08334;-79.73503;763.0;Templado Cálido (Yunga);-1;1
6395;Mirador Turistico Del Cerro Ilucan;Cajamarca;-6.37976;-78.81916;2633.0;Templado Seco (Quechua);-1;17
6399;Mirador San Isidro;Cajamarca;-6.86537;-78.1502;2699.0;Templado Seco (Quechua);45;13
6405;Laguna De Los Patos;Piura;-4.782031311301533;-80.60256958007812;59.0;Cálido / Desértico (Costa);-1;1
6406;Santuario De La Virgen De Los Dolores;Cajamarca;-7.157683152690464;-78.51652443408966;2724.0;Templado Seco (Quechua);17;2
6436;Pueblo De Callahuanca;Lima;-11.826575971823592;-76.61818759259035;1754.0;Templado Cálido (Yunga);-1;19
12860;Qawrani Tiyi De Ayrumas Carumas;Puno;-16.28888889;-69.92611111;3990.0;Frío (Suni);30;12
13387;Laguna Carhuacocha De Queropalca;Huánuco;-10.24097727;-76.86106944;4168.0;Muy Frío (Puna);62;5
13476;Jatun Rumi;Huánuco;-9.844621;-75.830783;2069.0;Templado Cálido (Yunga);-1;13
6463;Iglesia Corazón De María;Lima;-12.08664;-77.06865;74.0;Cálido / Desértico (Costa);29;9
6464;Casa Taller De Azulejos Iturry;Lima;-12.08605;-77.07269;68.0;Cálido / Desértico (Costa);-1;9
11808;Mirador Puma Uta;Puno;-15.820152335461396;-70.02907697224312;3997.0;Frío (Suni);8;6
11777;Centro Cultural San Juan Pablo Ii;Puno;-14.8842490175876;-70.5909517310916;3906.0;Frío (Suni);72;3
11793;Museo De Cerámica ;Puno;-15.042738;-70.369438;3886.0;Frío (Suni);72;3
11807;Mirador Kuntur Wasi;Puno;-15.847263607182876;-70.03029495540218;3970.0;Frío (Suni);8;6
11806;Museo De La Coca Y Costumbres ;Puno;-15.84190273195785;-70.02917289733887;3851.0;Frío (Suni);8;6
6477;Mirador Inmaculado Corazón De María;Lima;-12.097324;-77.07208700000001;63.0;Cálido / Desértico (Costa);-1;9
6478;Playa Las Sombrillas;Lima;-12.156122491455369;-77.02585458755493;0.0;Cálido / Desértico (Costa);-1;9
11805;Arquerías De Sillar;Puno;-15.373104683168256;-70.36325649206543;3857.0;Frío (Suni);30;12
11828;Museo Y Monolitos De Taraco;Puno;-15.297423579356714;-69.97812391038131;3823.0;Frío (Suni);30;12
11752;Collpa De Aves Salvadorcillo;Madre De Dios;-11.981657;-71.231009;323.0;Tropical Húmedo (Selva);51;24
11804;Museo Naval De Puno;Puno;-15.838256685716273;-70.02230107784271;3818.0;Frío (Suni);8;6
11803;Trapiche De Palca;Puno;-15.320101;-70.649381;4279.0;Muy Frío (Puna);-1;3
6489;Cascada De Qanchis Pfaqcha;Cusco;-13.17639;-72.03361;3989.0;Frío (Suni);-1;23
13231;Rodal De Puyas De Raimondi - Lares;Cusco;-13.15333;-71.99;3880.0;Frío (Suni);-1;23
6509;La Cumanana - Morropón;Piura;-5.18629;-79.9719;128.0;Cálido / Desértico (Costa);39;1
6514;El Pacasito;Piura;-4.6394;-79.7162;2747.0;Templado Seco (Quechua);55;17
13056;Sitio Arqueológico Wirupa ;Lima;-12.807307;-75.749614;3888.0;Frío (Suni);48;8
6537;Humedales De Pisco Playa 2-Alameda.;Ica;-13.708425494870845;-76.21964182209015;1.0;Cálido / Desértico (Costa);32;19
6539;Pueblo Tradicional De Vilca;Lima;-12.114663;-75.826669;3825.0;Frío (Suni);48;8
6540;El Mirador Cerrito De La Pascua;Lima;-11.91825;-76.50088;2617.0;Templado Seco (Quechua);68;0
6541;Puente Centenario De Vilca;Lima;-12.114065;-75.82598;3835.0;Frío (Suni);48;8
13249;Pueblo Histórico De Pachacámac;Lima;-12.229763;-76.859356;72.0;Cálido / Desértico (Costa);36;19
6543;Laguna Huallhua De Huancaya;Lima;-12.179942;-75.80147299999999;3683.0;Frío (Suni);48;8
6550;Laguna De Pumacocha - Laraos;Lima;-12.384358;-75.688183;4360.0;Muy Frío (Puna);48;8
6551;Laguna De Cochapampa - Laraos;Lima;-12.350423;-75.784878;3433.0;Templado Seco (Quechua);48;8
12985;Laguna Huanzo;Ayacucho;-13.863451;-74.549359;4158.0;Muy Frío (Puna);-1;18
6556;Andeneria De Laraos;Lima;-12.347103;-75.788236;3423.0;Templado Seco (Quechua);48;8
12984;Catarata Paliza;Ayacucho;-13.85628;-74.403948;3716.0;Frío (Suni);-1;0
6563;Festividad Del Inca Tinkuy Del Centro Poblado De San Cristóbal De Rapaz;Lima;-12.3457;-75.7857;3538.0;Frío (Suni);48;8
13990;Cerro El Mirador De Chugay ;La Libertad;-7.77912;-77.88078;3310.0;Templado Seco (Quechua);49;28
12968;Centro De Producción Agropecuaria San Antonio De Rancas;Pasco;-10.59990206926646;-76.34249210357667;4322.0;Muy Frío (Puna);16;22
6585;Área De Conservación Municipal Humedal Laguna El Oconal;Pasco;-10.75502227150939;-75.27278423309326;1488.0;Templado Cálido (Yunga);66;26
11035;Cañon De Chiñisiri;Cusco;-14.247704;-71.674146;3691.0;Frío (Suni);75;3
14006;Pozo Rey De Chugay ;La Libertad;-7.78327;-77.8667;3366.0;Templado Seco (Quechua);49;28
14000;Sitio Arqueologico El Ushnu De Chugay ;La Libertad;-7.7701;-77.8689;3297.0;Templado Seco (Quechua);49;28
14657;Encantador Cerro Urpillau ;La Libertad;-7.84699;-78.65881;3987.0;Frío (Suni);45;5
14008;Laguna El Edén De Huaguil;La Libertad;-7.87326;-77.77735;3928.0;Frío (Suni);49;28
10316;Laguna De Caballo Cocha;Loreto;-3.91463;-70.52312;68.0;Tropical Húmedo (Selva);14;7
14588;Catarata El Citán Blanco De Putagas;Piura;-4.90129;-79.94493;1758.0;Templado Cálido (Yunga);55;17
14498;Sala Cultural Diosa De Frias.;Piura;-4.93109;-79.94826;1674.0;Templado Cálido (Yunga);55;17
6650;Malecón Augusto Wiese;Callao;-12.070388094101908;-77.15931057929994;5.0;Cálido / Desértico (Costa);21;9
14507;Catarata De Pelayos San Jorge;Piura;-4.99964;-79.95134688;1120.0;Templado Cálido (Yunga);-1;1
6654;Mirador Natural Punta Callan;Áncash;-9.545794444444445;-77.62051111111111;4222.0;Muy Frío (Puna);19;22
6655;Plaza Mayor De Vitoc;Junín;-11.2100634;-75.3346128;955.0;Templado Cálido (Yunga);61;26
6658;Catarata De Corontorio O Capua;Arequipa;-16.208534465409677;-71.68873067555471;2654.0;Templado Seco (Quechua);31;12
6659;Hornos De Cal;Arequipa;-16.24765197874365;-71.70757727451422;2454.0;Templado Seco (Quechua);31;12
6660;Mirador  De Coipata;Arequipa;-16.24369808610618;-71.70826669107588;2413.0;Templado Seco (Quechua);31;12
6662;Andenería Agrícola De Yura Viejo;Arequipa;-16.216323;-71.70363700000001;2630.0;Templado Seco (Quechua);31;12
6663;Mirador  San Lazaro;Arequipa;-15.264461;-72.344338;3814.0;Frío (Suni);-1;18
6664;Iglesia Virgen Del Rosario;Arequipa;-16.2469869438;-71.7064064745;2464.0;Templado Seco (Quechua);31;12
6666;Sitio Arqueologico Montegrande;Cajamarca;-5.715735608709179;-78.79326939582825;735.0;Templado Cálido (Yunga);-1;10
14094;Laguna Cuyuma;Pasco;-10.4116565392685;-76.14991921928436;4118.0;Muy Frío (Puna);62;5
11389;Lago Yacumama;Madre De Dios;-12.53453;-69.14517;177.0;Tropical Húmedo (Selva);1;16
6687;Cerro Hualón;Áncash;-9.5462712;-77.5737546;3718.0;Frío (Suni);-1;22
6688;Camino Prehispánico: Segmentos Urpay - Acopampa, Huilca - Punta Callán, Tramo Huaraz  Casma Del Qhapac Ñan;Áncash;-9.546790251022133;-77.61846599861329;4212.0;Muy Frío (Puna);19;22
6692;Refugio De Vida Silvestre Bosques Nublados De Udima;Cajamarca;-6.846099;-79.102166;1833.0;Templado Cálido (Yunga);45;13
6693;Cascadas De La Florencia ;Junín;-11.2425189;-75.3213074;1066.0;Templado Cálido (Yunga);61;26
6710;Laguna Don Bosco;Junín;-11.1799848;-75.3619817;1369.0;Templado Cálido (Yunga);-1;26
6711;Danza El Calachaqui De Sapallanga;Junín;-12.1404;-75.16;3299.0;Templado Seco (Quechua);26;15
12982;Cascada Occoroyuq;Ayacucho;-13.879492;-74.431425;3952.0;Frío (Suni);-1;18
6719;Quebrada Weya Ruri;Áncash;-9.636418977731688;-77.21092030405998;3623.0;Frío (Suni);62;5
12981;Cascada Inkapachakan;Ayacucho;-13.831190694723396;-74.42070774947535;3612.0;Frío (Suni);77;0
13621;Camino Pintoresco Y Puente Turmanya;Huancavelica;-12.4603479534;-75.17533421516;3191.0;Templado Seco (Quechua);73;0
12967;Sitio Arqueológico Pukará;Ayacucho;-13.811239417920326;-74.37934905374249;3854.0;Frío (Suni);77;0
6738;Santuario De La Virgen De Chapi;Arequipa;-16.719234223249916;-71.315326988697;2449.0;Templado Seco (Quechua);31;12
13508;Mirador Natural Condorcencca;Huancavelica;-12.58711;-74.49793;4010.0;Muy Frío (Puna);-1;0
12367;Catarata De Ingenio - Ccasccabamba;Huancavelica;-12.970128785855742;-74.87128691794317;3599.0;Frío (Suni);-1;0
11886;Mirador Turístico De Ccechccamarca;Huancavelica;-12.504201;-74.996979;3163.0;Templado Seco (Quechua);-1;0
12839;Playa  ''El Chorro'';Arequipa;-16.653039;-72.699367;3.0;Cálido / Desértico (Costa);56;11
6758;Valle De Chilina;Arequipa;-16.333963;-71.53580399999998;2528.0;Templado Seco (Quechua);12;16
6766;Fiesta Religiosa Virgen De La Candelaria;Arequipa;-16.3882;-71.5494;2366.0;Templado Seco (Quechua);12;16
6768;Muelle De Pacasmayo;La Libertad;-7.39818;-79.57185;0.0;Cálido / Desértico (Costa);46;10
13075;Museo Arqueológico Francis A. Riddell;Arequipa;-15.4083339;-74.6130668;194.0;Cálido / Desértico (Costa);50;11
13470;Parque De La Cultura ;Puno;-15.838757279120037;-70.02430200576784;3828.0;Frío (Suni);8;6
6774;Casa Obraje Ex Hacienda Combayo;Cajamarca;-7.031402754172087;-78.41549634933472;3231.0;Templado Seco (Quechua);-1;2
6776;Laguna Tishguyoc ;Áncash;-9.649375;-77.252343;4410.0;Muy Frío (Puna);62;5
14309;Alameda Bolognesi;Cusco;-12.860164;-72.695374;1045.0;Templado Cálido (Yunga);63;24
11134;Laguna Bambina;Huancavelica;-12.200304;-74.516323;2755.0;Templado Seco (Quechua);-1;18
11140;Pueblo Chuñunapampa;Huancavelica;-12.765849;-74.741981;3734.0;Frío (Suni);-1;0
12241;Complejo Ecoturístico El Chorro;Huancavelica;-12.740846;-74.389002;3232.0;Templado Seco (Quechua);-1;0
11643;Aguas Termales De Sillana;Huancavelica;-12.389166666;-75.165;3095.0;Templado Seco (Quechua);-1;0
11139;Sitio Arqueológico Prehispánico Torongana;Huancavelica;-12.765367;-74.337888;3946.0;Frío (Suni);-1;0
11644;Mirador  Natural  De Sunimarca;Huancavelica;-12.4351759;-75.1752533;4217.0;Muy Frío (Puna);-1;0
6794;Aguas Medicinales De Wispan;Cusco;-13.9481703;-71.74822067;2983.0;Templado Seco (Quechua);-1;23
11726;Quebrada Chonta;Madre De Dios;-12.70761;-69.22965;179.0;Tropical Húmedo (Selva);1;16
6809;Puente Billinghurst;Madre De Dios;-12.590837028739474;-69.17365550994873;167.0;Tropical Húmedo (Selva);1;16
12062;Laguna Quepina;Áncash;-8.185161457926315;-77.78057375758462;4025.0;Muy Frío (Puna);49;28
6815;Mirador Catalina Recavarren;Lima;-12.149609197230484;-77.02342852950096;29.0;Cálido / Desértico (Costa);-1;9
6818;Museo Nacional De Chavín;Áncash;-9.576774;-77.17743300000001;3118.0;Templado Seco (Quechua);62;5
6819;Casa De Raul Porras Barrenechea;Lima;-12.118377695190862;-77.02685804165162;94.0;Cálido / Desértico (Costa);29;9
6821;Museo De Sitio Andres Avelino Caceres;Lima;-12.125998481156143;-77.02265739440918;87.0;Cálido / Desértico (Costa);29;9
6822;Santuario Patriótico De Lima  Reducto De Miraflores N° 2  ;Lima;-12.126341480879354;-77.02270068584441;87.0;Cálido / Desértico (Costa);29;9
14010;Cueva De Los Murciélagos De Uchubamba ;La Libertad;-7.72692;-77.84344;2556.0;Templado Seco (Quechua);49;28
6850;Cataratas Y Cascadas Qarwa Qiru;Cajamarca;-7.12834;-78.68700000000001;2306.0;Templado Seco (Quechua);45;13
14510;Centro Artesanal Maroti Shobo;Ucayali;-8.354441;-74.575439;156.0;Tropical Húmedo (Selva);9;25
6860;La Gran Semana De Guadalupe;La Libertad;-7.24297;-79.4719;98.0;Cálido / Desértico (Costa);46;10
6861;Playa La Bocana;La Libertad;-7.20206;-79.66715;0.0;Cálido / Desértico (Costa);46;10
14026;Laguna Arcopampa De Chugay ;La Libertad;-7.92566;-77.76353;3971.0;Frío (Suni);49;28
14030;Laguna Negra Y Sus Pantanos ;La Libertad;-7.92128;-77.76315;3966.0;Frío (Suni);49;28
6865;Casa Museo Hermanos Albújar Y Manuel Guarníz;La Libertad;-7.242730214634;-79.46932254068;99.0;Cálido / Desértico (Costa);46;10
14139;Cañoncito Del Patarata;La Libertad;-8.14967;-78.17592;3034.0;Templado Seco (Quechua);49;28
13442;Laguna De Sibinacocha;Cusco;-13.868143;-71.01787200000001;4868.0;Glacial / Nieve (Janca);74;3
6870;Danza De La Negrería De Sapallanga;Junín;-12.1404;-75.16;3299.0;Templado Seco (Quechua);26;15
6871;Cañon De Ushto;Junín;-11.2667532868;-75.78311544573;3611.0;Frío (Suni);48;8
6872;Laguna De Cocón;Junín;-11.265909;-75.735481;3849.0;Frío (Suni);48;8
6875;Laguna De Burlan;Amazonas;-5.787732;-78.3816385;542.0;Tropical Húmedo (Selva);-1;1
11782;Quebrada Ishinca;Áncash;-9.375713543482735;-77.53159700119521;3558.0;Frío (Suni);-1;22
6891;Sitio Arqueológico De Ulla Coto De Sapallanga;Junín;-12.1372834171126;-75.1944496747316;3366.0;Templado Seco (Quechua);26;15
6893;Cascadas De Miraflores;Junín;-12.10508869;-75.13084318;3685.0;Frío (Suni);26;15
6894;Capilla De La Virgen De Cocharcas De Sapallanga;Junín;-12.1307321146786;-75.1938401841389;3226.0;Templado Seco (Quechua);26;15
6899;Mercado De San Pedro;Cusco;-13.520738;-71.98271;3422.0;Templado Seco (Quechua);22;6
6905;Sitios Arqueológico De Yaumanpata Y Murallapunta;Junín;-11.291531;-75.74739;3851.0;Frío (Suni);48;8
6906;Sitio Arqueológico De Choquemarca;Junín;-11.283772;-75.734107;3900.0;Frío (Suni);48;8
6907;Sitio Arqueológico De Racasmarca O Racashmarca;Junín;-11.264413;-75.786213;3873.0;Frío (Suni);48;8
12523;Chullpas De Paccareta;Arequipa;-15.469322;-72.351617;3636.0;Frío (Suni);-1;18
6911;Sitio Arqueológico De Incatambo;Cusco;-13.055159;-72.444613;2119.0;Templado Cálido (Yunga);-1;23
6913;Laguna Patarcocha;Áncash;-9.210941365669688;-77.35800862312318;3870.0;Frío (Suni);62;5
6915;Monumento Arqueológico Prehispánico Wamanmarca;Cusco;-13.020713;-72.49539700000003;1859.0;Templado Cálido (Yunga);-1;23
6916;Sitio Arqueologico De Inca Carcel;Cusco;-13.061142;-72.608974;2306.0;Templado Seco (Quechua);-1;18
6927;Paraje De Punku Machay Y Hornos De Catalina Wanka;Junín;-11.6942739;-75.3737634;4048.0;Muy Frío (Puna);73;0
6928;Festival De La Huayligía Y El Chacranegro De Tunan Marca;Junín;-11.2956;-75.7733;3337.0;Templado Seco (Quechua);48;8
12014;Sitio Arqueologico De Inkaraqay -Azangaro ;Ayacucho;-12.949614;-74.289621;2380.0;Templado Seco (Quechua);78;0
12711;Apu Sacsahuillca;Ayacucho;-12.582425;-74.210702;4435.0;Muy Frío (Puna);-1;0
6935;Festividad Navideña Del Niñuchanchik;Apurímac;-13.6564;-73.3849;2902.0;Templado Seco (Quechua);71;23
6942;Playa Pocoma  - Pacocha;Moquegua;-17.4303;-71.3865;1.0;Cálido / Desértico (Costa);27;20
6947;Vivero Rosas Huayta;Junín;-12.14120092;-75.15782112;3299.0;Templado Seco (Quechua);26;15
14290;Catarata Gandhaki;Junín;-11.04053;-75.30391;970.0;Templado Cálido (Yunga);61;26
6949;Bodega Lovera Pérez;Ica;-14.100471;-75.716646;398.0;Cálido / Desértico (Costa);3;9
6950;Danza La Colla O Ccoya De Sapallanga;Junín;-12.1404;-75.16;3299.0;Templado Seco (Quechua);26;15
6951;Danza Los Camilles De Sapallanga;Junín;-12.1404;-75.16;3299.0;Templado Seco (Quechua);26;15
6952;Catarata Las Tres Reinas;Junín;-11.042675;-75.300454;924.0;Templado Cálido (Yunga);61;26
6953;Citeagroindustrial  Ex Citevid;Ica;-13.99753500000002;-75.76982688227844;423.0;Cálido / Desértico (Costa);3;9
6954;Playa Piedras Negras - Ilo;Moquegua;-17.4696;-71.3735;0.0;Cálido / Desértico (Costa);27;20
6957;El Chicharrón Colorado Y Dorado De Sapallanga;Junín;-12.1404;-75.16;3299.0;Templado Seco (Quechua);26;15
6960;Laguna Malanincocha Y Su Isla De Los Conejos;Pasco;-10.577554;-76.402267;4337.0;Muy Frío (Puna);16;22
6961;Iglesia La Punta De Sapallanga;Junín;-12.114455;-75.174953;3288.0;Templado Seco (Quechua);26;15
6962;Feria Tradicional De Los Jueves;Junín;-12.1404;-75.16;3299.0;Templado Seco (Quechua);26;15
6964;Ex Casa Hacienda Colombina      ;Junín;-12.116705;-75.180771;3274.0;Templado Seco (Quechua);26;15
6968;Iglesia Santo Toribio De Mogrovejo De Mito;Pasco;-10.441806;-76.438139;3430.0;Templado Seco (Quechua);62;5
6970;Bodega El Catador;Ica;-14.00918302591771;-75.75441241264343;426.0;Cálido / Desértico (Costa);3;9
6972;Bodega La Caravedo;Ica;-13.98255713690314;-75.74509472023773;431.0;Cálido / Desértico (Costa);3;9
14401;Paseo Ecoturístico Del Río Azángaro;Puno;-14.902529185616435;-70.18577098846437;3844.0;Frío (Suni);72;3
6976;Bodega Doña Juanita Tres Generaciones;Ica;-14.009377291777506;-75.75479749206546;426.0;Cálido / Desértico (Costa);3;9
6980;Pinturas Rupestres De Cuntuyog;Pasco;-10.548590494387687;-76.35914742863999;4409.0;Muy Frío (Puna);16;22
6983;Sitio Arqueológico Picush;Pasco;-10.383751449218837;-76.40031313969804;3623.0;Frío (Suni);62;5
6989;Ulcumano Ecolodge;Pasco;-10.63862834311;-75.43407168587;2232.0;Templado Cálido (Yunga);-1;26
6990;Comunidad Nativa Tsachopen;Pasco;-10.54332941932;-75.44032573699;1810.0;Templado Cálido (Yunga);65;26
6993;Fundo Margarita;Pasco;-10.601515565620074;-75.41067123413082;1815.0;Templado Cálido (Yunga);65;26
6999;Acp Refugio Kerenda Homet;Madre De Dios;-12.633428805029402;-69.18296813964844;185.0;Tropical Húmedo (Selva);1;16
7014;Sitio Arqueológico De Wakan;Pasco;-10.335206220056977;-76.39269229701883;3156.0;Templado Seco (Quechua);62;5
7042;Reserva Paisajística Sub Cuenca Del Cotahuasi;Arequipa;-15.212656272998943;-72.88921773433685;2682.0;Templado Seco (Quechua);-1;18
7046;Cascada De Pacha De La Florida - Usibamba;Junín;-12.0505008;-75.5563954;3772.0;Frío (Suni);73;0
7047;Sitio Arqueológico Y Abrigos Rocosos De Japata;Junín;-12.089108;-75.535017;3945.0;Frío (Suni);73;0
7050;Molino De Piedra De Santa Rosa De Huarmitá;Junín;-12.0581135;-75.5653444;3776.0;Frío (Suni);73;0
7051;Laguna De Parionacocha;Junín;-12.018331;-75.501195;3579.0;Frío (Suni);73;0
7053;Sitio Arqueológico De Coto Coto;Junín;-12.070622;-75.558473;3973.0;Frío (Suni);73;0
7058;Restos Arqueologicos Matará De Chala;Junín;-12.079258;-75.482053;4042.0;Muy Frío (Puna);73;0
7062;Catarata Río Tigre;Pasco;-10.6824771546955;-75.3558051823754;1963.0;Templado Cálido (Yunga);-1;26
7063;Festival Selvámonos;Pasco;-10.5728;-75.4041;1812.0;Templado Cálido (Yunga);65;26
11732;Catarata De Quilajahuira;Moquegua;-16.760998;-70.6789807;3214.0;Templado Seco (Quechua);31;12
7065;Herbario Selva Central Oxapampa - Hoxa;Pasco;-10.5720045213127;-75.4004776823299;1813.0;Templado Cálido (Yunga);65;26
7066;Plaza Principal De Oxapampa;Pasco;-10.5741522456661;-75.404682724679;1813.0;Templado Cálido (Yunga);65;26
7069;Bodega Hotel El Carmelo;Ica;-14.052028716499224;-75.74694279581308;411.0;Cálido / Desértico (Costa);3;9
7073;Bosque De Quinual Puquio;Junín;-12.080086;-75.5380952;3813.0;Frío (Suni);73;0
7076;Playa Lagunas;Lambayeque;-7.05757;-79.74196;0.0;Cálido / Desértico (Costa);-1;1
7077;Aniversario De Fundación De Oxapampa;Pasco;-10.5728;-75.4041;1812.0;Templado Cálido (Yunga);65;26
7081;Santísima Cruz De Pañalá;Lambayeque;-6.54008;-80.0129;23.0;Cálido / Desértico (Costa);37;1
7082;Feria Al Niño Dios De Reyes;Lambayeque;-6.54008;-80.0129;23.0;Cálido / Desértico (Costa);37;1
7083;Aniversario De La Reserva De Biósfera Oxapampa Asháninka Yánesha;Pasco;-10.5728;-75.4041;1812.0;Templado Cálido (Yunga);65;26
7085;Destreza Forestal;Pasco;-10.5728;-75.4041;1812.0;Templado Cálido (Yunga);65;26
7088;Rodeo Oxapampino;Pasco;-10.5728;-75.4041;1812.0;Templado Cálido (Yunga);65;26
7089;Semana Turística De La Selva Central;Pasco;-10.5728;-75.4041;1812.0;Templado Cálido (Yunga);65;26
7090;Torneo De Cintas A Caballo;Pasco;-10.5728;-75.4041;1812.0;Templado Cálido (Yunga);65;26
7095;Quebrada Huantzan;Áncash;-9.515831546983;-77.30999951901;6120.0;Glacial / Nieve (Janca);-1;5
7096;Quebrada Huallmish;Áncash;-9.647461655203;-77.24071025848;3970.0;Frío (Suni);62;5
7099;Oxapampa Country Fest;Pasco;-10.6046;-75.4636;1870.0;Templado Cálido (Yunga);65;26
7103;Parque Temático De La Miel La Abeja Reina;Pasco;-10.60482259962326;-75.44344909966105;1845.0;Templado Cálido (Yunga);65;26
7104;Fiesta De La Tunantada Jaujina En Honor A San Sebastián Y San Fabián;Junín;-12.111;-75.2548;3214.0;Templado Seco (Quechua);26;15
7105;Festival De Telas Teñidas;Pasco;-10.6046;-75.4636;1870.0;Templado Cálido (Yunga);65;26
7109;Centro Yanachaga;Pasco;-10.41870308561;-75.51871980933;1831.0;Templado Cálido (Yunga);65;26
7111;Cementerio Los Colonos - Huancabamba;Pasco;-10.42583177639;-75.52545498244;1732.0;Templado Cálido (Yunga);65;26
7115;Festival De La Granadilla - Mallampampa;Pasco;-10.6046;-75.4636;1870.0;Templado Cálido (Yunga);65;26
7117;Fiesta Patronal En Honor A La Virgen Del Carmen De Huancabamba;Pasco;-10.6046;-75.4636;1870.0;Templado Cálido (Yunga);65;26
7123;Plaza Principal De Huancabamba;Pasco;-10.42644699317;-75.52448370153;1742.0;Templado Cálido (Yunga);65;26
7129;Jardin Ecoturistico Bio Kuka;Ucayali;-8.422482;-74.7003;155.0;Tropical Húmedo (Selva);9;25
7132;Apu Pachatusan Sector Oropesa;Cusco;-13.519494;-71.79789921;4423.0;Muy Frío (Puna);-1;6
11734;Catarata De Pailogen;Moquegua;-16.62819159510751;-71.23030834089435;2991.0;Templado Seco (Quechua);31;12
10958;Comunidad Nativa Yamino;Ucayali;-8.928468;-75.637713;285.0;Tropical Húmedo (Selva);-1;26
7143;Laguna Lulicocha;Pasco;-10.777629;-76.097;4261.0;Muy Frío (Puna);62;5
7151;Pinturas Rupestres De Parcanga;Pasco;-10.501989;-76.196763;3953.0;Frío (Suni);16;22
7152;Fiesta Del Patron  De San Jeronimo;Cusco;-13.5441;-71.8874;3250.0;Templado Seco (Quechua);22;6
13168;Laguna Achucna;Lima;-12.773153;-75.687871;4698.0;Muy Frío (Puna);48;8
11579;Sitio Arqueológico Sagrapetaca;Áncash;-9.900420613626592;-76.94689968961188;3749.0;Frío (Suni);62;5
7165;Fiesta Patronal De La Virgen De Las Mercedes De Jangas ;Áncash;-9.40143;-77.5768;2805.0;Templado Seco (Quechua);20;2
7173;Pueblo De San Buenaventura;Lima;-11.48929;-76.66198;2708.0;Templado Seco (Quechua);68;0
7174;Danza Los Chunchitos De San Buenaventura;Lima;-11.49;-76.6631;2707.0;Templado Seco (Quechua);68;0
7186;Danza Los Negritos De San José;Lima;-11.49;-76.6631;2707.0;Templado Seco (Quechua);68;0
7187;Danza Los Viejitos De San José;Lima;-11.49;-76.6631;2707.0;Templado Seco (Quechua);68;0
7191;Sitio Arqueologico Intipunku;Cusco;-13.25571456537;-72.31419246554;3822.0;Frío (Suni);-1;23
7202;Mirador De Siete Vueltas;Cusco;-12.790177;-72.62236;1625.0;Templado Cálido (Yunga);-1;24
7206;Petroglifo Perla Chaco;Cusco;-12.817583;-72.61333300000001;1576.0;Templado Cálido (Yunga);63;24
7207;Capilla Limonpampa;Cusco;-12.83421388888889;-72.60943055555555;1414.0;Templado Cálido (Yunga);63;24
7210; Mirador Condor Senqa;Cusco;-12.823716;-72.6199186;1941.0;Templado Cálido (Yunga);-1;24
7211;Cascadas De Torontoy;Cusco;-12.855031;-72.61367;1972.0;Templado Cálido (Yunga);-1;24
7225;Mirador Racchi;Cusco;-13.3641567;-72.0680879;3718.0;Frío (Suni);-1;23
7226;Mirador Taray;Cusco;-13.432545;-71.8643454;3155.0;Templado Seco (Quechua);22;6
7227;Sitio Arqueológico De Pinkuylluna;Cusco;-13.2572199999;-72.26306;2855.0;Templado Seco (Quechua);79;23
11316;Bodega Tabernero;Ica;-13.41783;-76.13914;93.0;Cálido / Desértico (Costa);41;4
7238;Sitio Arqueologico Ñaupa Iglesia;Cusco;-13.28938633682;-72.22995954119;2995.0;Templado Seco (Quechua);79;23
7247;Sitio  Arqueológico  De Unish  Kuto / Unish Coto;Junín;-11.9312982;-75.2816063;3738.0;Frío (Suni);26;15
7252;Panteón De Los Colonos;Pasco;-10.73282880411;-75.26670811607;1478.0;Templado Cálido (Yunga);66;26
7255;La Tostaduría De  Kelly;Pasco;-10.72989297449;-75.26478052139;1469.0;Templado Cálido (Yunga);66;26
7257;Plaza Principal De Villa Rica;Pasco;-10.735342752080992;-75.26787579059601;1473.0;Templado Cálido (Yunga);66;26
7260;Jardin Botánico Los Ositos;Pasco;-10.738311088133957;-75.27782203941695;1547.0;Templado Cálido (Yunga);66;26
7265;Festival Del Café Villa Rica Y Festival Nacional Del Café.;Pasco;-10.7364;-75.2725;1498.0;Templado Cálido (Yunga);66;26
7266;Finca Aroma De Montaña;Pasco;-10.720861;-75.269972;1631.0;Templado Cálido (Yunga);66;26
7269;Laboratorio De Control De Calidad  Café Villa Rica;Pasco;-10.741994311062234;-75.2782099351603;1518.0;Templado Cálido (Yunga);66;26
7270;Finca La Torre;Pasco;-10.746444920413662;-75.27429968118668;1508.0;Templado Cálido (Yunga);66;26
7274;Área De Conservación Privada Ilish Pichacoto;Junín;-11.950268;-75.239543;3459.0;Templado Seco (Quechua);26;15
7275;Cascada El León;Pasco;-10.707670004200132;-75.24604563217163;1610.0;Templado Cálido (Yunga);66;26
7276; Tallado En Madera De Saño;Junín;-11.955;-75.2607;3271.0;Templado Seco (Quechua);26;15
7278;Laguna Willcacocha Huaraz ;Áncash;-9.596576662090762;-77.53169506788254;3718.0;Frío (Suni);-1;22
7282;Parque Leoncio Prado De Hualhuas;Junín;-11.97163;-75.251;3264.0;Templado Seco (Quechua);26;15
14647;Aynoca De Palermo Río Salado;Puno;-16.228152;-69.501616;3825.0;Frío (Suni);30;12
7285;Festival De La Guinda De Huamancaca Chico;Junín;-12.0799;-75.2452;3195.0;Templado Seco (Quechua);26;15
7291;Catarata De Pumapaccha - Cola De La Novia De Socos;Junín;-12.2299872;-75.2199213;3296.0;Templado Seco (Quechua);26;15
7293;Ovalo De La Flor Pucarina;Junín;-12.1726091;-75.1432897;3350.0;Templado Seco (Quechua);26;15
7294;Danza Del Café - Villa Rica;Pasco;-10.7364;-75.2725;1498.0;Templado Cálido (Yunga);66;26
7296; Planta De Procesamiento Y Tostaduría Aromatic;Pasco;-10.73530058783;-75.26695847511;1471.0;Templado Cálido (Yunga);66;26
7303;Artesanas Tejedoras De Huayucachi;Junín;-12.1369;-75.2249;3190.0;Templado Seco (Quechua);26;15
13297;Sitio Arqueológico De Rurupa;Apurímac;-13.528538;-73.678053;3189.0;Templado Seco (Quechua);70;18
7306;Sitio Arqueológico De Muyu Muyu;Apurímac;-13.670684;-73.672963;2998.0;Templado Seco (Quechua);70;18
11442;Catarata La Golondrina;Piura;-5.12188;-79.460652;2913.0;Templado Seco (Quechua);55;17
7313;Festividades Del Señor Cautivo;Piura;-5.14828;-79.4348;2463.0;Templado Seco (Quechua);55;17
7314;Festividad En Honor A La Santísima Virgen Del Carmen;Piura;-5.14828;-79.4348;2463.0;Templado Seco (Quechua);55;17
7324;Catarata De Cunampiaro;Junín;-11.211512;-74.702646;940.0;Templado Cálido (Yunga);61;26
7336;Mirador De La Cruz De Tambo Viejo;Lima;-12.111538;-76.81881699999997;329.0;Cálido / Desértico (Costa);-1;19
7343;Zona Arqueológica Monumental Huaycán De Cieneguilla;Lima;-12.082599;-76.766208;424.0;Cálido / Desértico (Costa);-1;19
7356;Comunidad Nativa Ashaninka Yavirironi;Junín;-11.2088;-74.6598;648.0;Templado Cálido (Yunga);61;26
7357;Cueva Nueva Italia;Junín;-11.10092;-74.643037;1093.0;Templado Cálido (Yunga);61;26
7362;Laguna Negra;Piura;-5.059809;-79.48659199999997;3557.0;Frío (Suni);55;17
7365;Curanderismo De Huancabamba;Piura;-5.14828;-79.4348;2463.0;Templado Seco (Quechua);55;17
7366;Danza De Los Diablicos De Huancabamba;Piura;-5.23954;-79.451;1931.0;Templado Cálido (Yunga);55;17
11819;Edificio Ex Aduana De Paita;Piura;-5.08917;-81.11444;19.0;Cálido / Desértico (Costa);40;1
7385;Catarata Parijaro;Junín;-11.938707;-73.765109;526.0;Templado Cálido (Yunga);-1;24
7388;Catarata De Tsyapo;Junín;-11.908422000000003;-73.84361788095094;616.0;Templado Cálido (Yunga);-1;24
7396;Isla Barco De Piedra O Manijironi;Junín;-11.21556116388;-73.91055754441;277.0;Cálido / Desértico (Costa);-1;26
7398;Casa Misión Santa Teresita Del Niño Jesús  Convento De Puerto Ocopa;Junín;-11.144213712340994;-74.30633068084711;324.0;Cálido / Desértico (Costa);-1;26
7404;Petroglifos Del Canuja;Junín;-10.780358;-73.764569;284.0;Cálido / Desértico (Costa);-1;26
10760;La Chorrera De Casitas;Piura;-4.44166963;-80.44786943;181.0;Cálido / Desértico (Costa);53;10
13444;Piscina Natural De Betania;Junín;-11.05956;-73.776092;329.0;Cálido / Desértico (Costa);-1;24
14492;Mirador De La Apacheta;Tacna;-17.565048;-70.032096;3497.0;Templado Seco (Quechua);-1;12
7442;Petroglifos De Teoría De Mazamari;Junín;-11.386246;-74.556296;949.0;Templado Cálido (Yunga);61;26
7443;Petroglifos De Kinchoker De Mazamari;Junín;-11.382484;-74.560154;972.0;Templado Cálido (Yunga);61;26
7444;Comunidad Nativa Ashaninka Teoria;Junín;-11.3286;-74.5306;676.0;Templado Cálido (Yunga);61;26
7446;Cascada Las Vegas;Junín;-11.272607;-74.481082;1155.0;Templado Cálido (Yunga);61;26
7447;Catarata Arco Iris De Mazamari ;Junín;-11.300811;-74.456623;566.0;Templado Cálido (Yunga);61;26
7458;Los Pilares De Peña Blanca;Tumbes;-4.072262;-80.656332;316.0;Cálido / Desértico (Costa);34;1
14491;Iglesia Santo Domingo De Ticaco;Tacna;-17.444365;-70.047704;3272.0;Templado Seco (Quechua);31;12
7470;Boulevard De La Madre;Tumbes;-3.574057642617657;-80.45482546162474;14.0;Cálido / Desértico (Costa);7;14
7471;Malecón Tercer Milenio;Tumbes;-3.5727296121340664;-80.45923233032227;1.0;Cálido / Desértico (Costa);7;14
7472;Comunidad Nativa Ashaninka Boca Capirushari;Junín;-11.288959;-74.543051;677.0;Templado Cálido (Yunga);61;26
7473;Comunidad Nativa Ashaninka Cañete;Junín;-11.3211;-74.505751;635.0;Templado Cálido (Yunga);61;26
7474;Catarata Citán;Piura;-5.31884381264637;-79.39418882131577;2167.0;Templado Cálido (Yunga);55;17
7475;Cerro Gorila O Chuy Wala;Junín;-12.390001;-75.3448;3929.0;Frío (Suni);73;0
7476;Fiesta Patronal San Juan De Mazamari;Junín;-11.3286;-74.5306;676.0;Templado Cálido (Yunga);61;26
7477;Iglesia De San Juan De Mazamari;Junín;-11.32827;-74.529916;670.0;Templado Cálido (Yunga);61;26
7480;Laguna De Materiato;Junín;-11.31776;-74.482538;561.0;Templado Cálido (Yunga);61;26
7481;Mirador Otishi;Junín;-11.379015;-74.539122;1349.0;Templado Cálido (Yunga);-1;26
7482;Laguna Mikukuqucha O Micococha;Junín;-12.377708;-75.333027;3815.0;Frío (Suni);73;0
7483;Mirador De Kutu Ulo De Chongos Alto;Junín;-12.312173;-75.285103;3542.0;Frío (Suni);73;0
7484;Petroglifos De Tonkoa De Mazamari;Junín;-11.319652;-74.457004;909.0;Templado Cálido (Yunga);61;26
7485;Petroglifos De Materiato De Mazamari;Junín;-11.382484;-74.560154;972.0;Templado Cálido (Yunga);61;26
7486;Laguna Uchacancha De Chongos Alto;Junín;-12.328837;-75.342273;3805.0;Frío (Suni);73;0
11746;Comunidad Nativa De Bélgica;Madre De Dios;-10.95468;-69.60813;255.0;Tropical Húmedo (Selva);-1;24
7497;Poza De Barro De Barranco - Punta Sal;Tumbes;-4.13722;-80.9483;67.0;Cálido / Desértico (Costa);53;10
7507;Playa Santa Clara;Loreto;-3.782973576114;-73.34402436256;89.0;Tropical Húmedo (Selva);2;27
7510;Área De Conservación Regional Angostura Faical.;Tumbes;-3.747097169562818;-80.31349182128908;295.0;Cálido / Desértico (Costa);34;1
7512;Festividad Religiosa De La Virgen De Cocharcas O Mamacha Cocharcas;Apurímac;-13.6103;-73.741;3030.0;Templado Seco (Quechua);70;18
14137;Casa Museo César Vallejo ;La Libertad;-8.14544;-78.17499;3120.0;Templado Seco (Quechua);49;28
14146;Sitio Arqueologico Cerro Miraflores ;La Libertad;-7.80725;-78.05631;3276.0;Templado Seco (Quechua);49;28
14159;Bosque De Piedras Pueblo Jesús ;La Libertad;-8.1325;-78.1804;3281.0;Templado Seco (Quechua);49;28
14161;Laguna Huamanbul ;La Libertad;-8.14143;-77.97605;3363.0;Templado Seco (Quechua);49;28
13937;Cerro Carretas;La Libertad;-8.22692;-78.97623;81.0;Cálido / Desértico (Costa);4;14
13734;Iglesia Nuestra Señora De Monserrat;La Libertad;-8.122801;-79.032677;22.0;Cálido / Desértico (Costa);4;14
7544;Festividad De Todos Los Santos Y Difuntos;Lambayeque;-6.54008;-80.0129;23.0;Cálido / Desértico (Costa);37;1
7545;Bosque Seco - La Otra Banda;Lambayeque;-6.957241;-79.575307;69.0;Cálido / Desértico (Costa);38;1
7547;Casa Hacienda El Fortín;Lima;-11.861198;-77.04245800000001;220.0;Cálido / Desértico (Costa);36;19
11764;Valle El Algarrobal;Moquegua;-17.611246;-71.241365;127.0;Cálido / Desértico (Costa);27;20
11149;Playa Enfermeras-Ilo;Moquegua;-17.5408;-71.3606;0.0;Cálido / Desértico (Costa);27;20
13735;Iglesia Matríz Amito De Marcabalito;La Libertad;-7.70599;-78.03304;2917.0;Templado Seco (Quechua);49;28
13137;Cerro Miramar;La Libertad;-8.031219881459;-78.53507409361;3315.0;Templado Seco (Quechua);45;13
7586;Bosque De Piedras De Parcona;Ica;-14.038575;-75.69308699999999;465.0;Cálido / Desértico (Costa);3;9
7593;Cascada Promesa De Amor;Junín;-11.478215;-74.53169300000002;1403.0;Templado Cálido (Yunga);-1;26
7594;Catarata La Ninfa;Junín;-11.51197;-74.497984;1090.0;Templado Cálido (Yunga);61;26
7595;Catarata Valle Sagrado;Junín;-11.594653;-74.475684;1525.0;Templado Cálido (Yunga);-1;26
11329;Laguna  De Pultocc;Huancavelica;-13.1065547737894;-75.06354586108048;4697.0;Muy Frío (Puna);-1;0
7599;Comunidad Nativa Nomatsiguenga San Antonio De Sonomoro;Junín;-11.44586;-74.43836;678.0;Templado Cálido (Yunga);61;26
7605;Fiesta Patronal San Martin De Pangoa;Junín;-11.4284;-74.4885;778.0;Templado Cálido (Yunga);61;26
7606;Iglesia De San Martin De Pangoa;Junín;-11.428394;-74.48784;774.0;Templado Cálido (Yunga);61;26
7607;Mina De Sal De Sonomoro;Junín;-11.44237;-74.426393;767.0;Templado Cálido (Yunga);61;26
7608;Plaza Principal  De San Martín De Pangoa;Junín;-11.428272;-74.488454;774.0;Templado Cálido (Yunga);61;26
7619;Los Petroglifos De Oriwari;Junín;-11.390046;-74.447082;672.0;Templado Cálido (Yunga);61;26
7625;Cani Cruz De Chongos Alto;Junín;-12.311428;-75.289075;3540.0;Frío (Suni);73;0
11745;Lago Iñapari.;Madre De Dios;-10.94928;-69.580364;239.0;Tropical Húmedo (Selva);-1;24
7639;Museo Amazónico Andino Qhapaq Ñan - La Convención ;Cusco;-12.856628;-72.69784700000002;1028.0;Templado Cálido (Yunga);63;24
7640;Sitio Arqueológico De Qollmay;Cusco;-13.3656480483984;-72.1521067407226;3482.0;Templado Seco (Quechua);80;23
7642;Fiesta Del Warachikuy;Cusco;-13.5153;-71.9801;3415.0;Templado Seco (Quechua);22;6
7643;Zona Arqueológica Urqo;Cusco;-13.326552;-71.98275000000001;2970.0;Templado Seco (Quechua);79;23
7647; Fundo Miraflores;Cusco;-12.749974;-72.579196;1083.0;Templado Cálido (Yunga);63;24
11744;Lago Bélgica.;Madre De Dios;-10.946575026036992;-69.59809117848177;245.0;Tropical Húmedo (Selva);-1;24
11743;Collpa De Loros De Iñapari;Madre De Dios;-10.94928;-69.57354;238.0;Tropical Húmedo (Selva);-1;24
7674;Centro Poblado De Santa Clara De Nanay;Loreto;-3.78459727396;-73.33981609571;94.0;Tropical Húmedo (Selva);2;27
11355;Collpa De Palmeras Sandoval;Madre De Dios;-12.603020639986518;-69.0415778043177;194.0;Tropical Húmedo (Selva);1;16
11387;Collpa De Guacamayos Heath;Madre De Dios;-12.694158355;-68.733755094;194.0;Tropical Húmedo (Selva);0;20
11742;Collpa De Mamíferos - Comunidad Nativa De Bélgica ;Madre De Dios;-10.95548;-69.60826;242.0;Tropical Húmedo (Selva);-1;24
13634;Museo De Historia Natural De La Universidad Nacional Mayor De San Marcos;Lima;-12.0774723;-77.03696;121.0;Cálido / Desértico (Costa);29;9
14313;Hacienda Consac;Junín;-11.9847329;-75.6380158;3896.0;Frío (Suni);73;0
7695;Acueducto De Aja O Puquio De Aja;Ica;-14.817361;-74.926389;614.0;Templado Cálido (Yunga);-1;11
7696;Museo De Palpa;Ica;-14.53456686054025;-75.18478095531464;351.0;Cálido / Desértico (Costa);-1;19
7702;Catarata La Borgoña;Junín;-11.05154;-75.31693;786.0;Templado Cálido (Yunga);61;26
7705;Cañon De Chojata;Moquegua;-16.394095757573528;-70.7504940032959;3644.0;Frío (Suni);67;3
7706;Cañón De Coroise;Moquegua;-16.3779;-70.7413;3313.0;Templado Seco (Quechua);67;3
7707;Cañón De Pachas;Moquegua;-16.4577;-70.7262;3390.0;Templado Seco (Quechua);67;3
11725;Mirador De Chijulaque;Moquegua;-16.394095757573528;-70.75057983398438;3644.0;Frío (Suni);67;3
11724;Falo Torrini;Moquegua;-16.449814;-70.721793;3498.0;Templado Seco (Quechua);67;3
11723;Arco De Piedra Arcuni;Moquegua;-16.231998;-70.434556;4209.0;Muy Frío (Puna);-1;3
7713;Sitio Arqueológico Monumental Huamanmarca;Lima;-12.373685965521911;-75.86011221329296;3722.0;Frío (Suni);48;8
7735;Farallones De Tecsecocha  ;Cusco;-13.5795897;-72.0592902;3697.0;Frío (Suni);22;6
7737;Catarata Boca Tigre;Junín;-10.928738;-75.12900400000001;594.0;Templado Cálido (Yunga);61;26
14278;Cascada Primavera;Junín;-11.010946;-74.885685;914.0;Templado Cálido (Yunga);61;26
13870;Mirador De Pichanaki;Junín;-11.01462333;-74.94158;824.0;Templado Cálido (Yunga);61;26
13060;Plaza Juan Valer Sandoval De Pichanaki;Junín;-10.92576;-74.87293;514.0;Templado Cálido (Yunga);61;26
7767;Cerro Viruela;Ica;-13.71654;-75.871142;462.0;Cálido / Desértico (Costa);-1;19
7771;Pueblo De Huáncano ;Ica;-13.601089144076392;-75.61661169080733;1024.0;Templado Cálido (Yunga);-1;19
7772;Zona Arqueológica De Tacaraca;Ica;-14.129833962659184;-75.71191741999053;392.0;Cálido / Desértico (Costa);3;9
7774;Bodega Artesanal Vitivinicola San Inocente;Ica;-14.13242449;-75.70864425;399.0;Cálido / Desértico (Costa);3;9
7775;Bodega Vitivinicola Municipal;Ica;-14.127531;-75.704635;402.0;Cálido / Desértico (Costa);3;9
13919;Piedra De Vaticinio;Ayacucho;-13.65247794158389;-73.95187997903123;3486.0;Templado Seco (Quechua);77;23
7796;Mirador Natural Del Guayabamba - Cruz De Michina;Amazonas;-6.3684077;-77.5146016;1737.0;Templado Cálido (Yunga);45;13
13200;Siete Lagunas;Amazonas;-6.05098481181455;-77.5798273086548;3599.0;Frío (Suni);-1;13
13770;Catarata La Encantada;Junín;-11.160278;-75.33694400000002;869.0;Templado Cálido (Yunga);61;26
13335;Mirador Natural Paqu Qhawa Unicachi;Puno;-16.218493;-68.974908;3960.0;Frío (Suni);69;3
14205;Catedral De San Ramón ;Junín;-11.12063;-75.35205;817.0;Templado Cálido (Yunga);61;26
13540;Mirador Natural Cerro Campanas;Piura;-5.391475076036;-79.6341155641;1311.0;Templado Cálido (Yunga);55;17
7820;Laguna De La Estrella;Piura;-5.001983533549343;-79.4588327407837;3296.0;Templado Seco (Quechua);55;17
7822;Laguna Del Carmen;Piura;-5.068972331779991;-79.40875053405763;3357.0;Templado Seco (Quechua);55;17
7824;Laguna Del Rey;Piura;-4.993817868052593;-79.3927001953125;2514.0;Templado Seco (Quechua);55;17
7835;Laguna Del Toro;Piura;-5.0620729;-79.4710708;3554.0;Frío (Suni);55;17
7836;Laguna Shimbe;Piura;-5.008866554677783;-79.37347412109375;2618.0;Templado Seco (Quechua);55;17
11441;Agua De Los Remedios;Piura;-5.12415;-79.383373;3201.0;Templado Seco (Quechua);55;17
12440;Playa Tulumayo;Huánuco;-9.191483;-75.955849;670.0;Templado Cálido (Yunga);60;26
12398;Catarata Sol Naciente De Alto Tulumayo;Huánuco;-9.33446021647914;-75.8591546494623;885.0;Templado Cálido (Yunga);33;19
7851;Templo San Francisco De Asis De Huayqui;Cusco;-13.4941883;-71.71502;3928.0;Frío (Suni);-1;23
12410;Casa Hacienda Chocas;Lima;-11.766736488749338;-76.97677016258245;443.0;Cálido / Desértico (Costa);-1;19
7869;Pueblo De Andahuaylillas;Cusco;-13.673604;-71.67746499999998;3124.0;Templado Seco (Quechua);79;23
13802;Sitio Arqueológico Lengache (Lengate Y/O Tosán);Amazonas;-6.100492;-77.91356;2582.0;Templado Seco (Quechua);18;2
13912;Iglesia Matriz San Pablo;Amazonas;-7.118441;-78.8253986;2340.0;Templado Seco (Quechua);-1;17
11616;Laguna Churamachay;Lima;-10.8108;-76.6436;4445.0;Muy Frío (Puna);48;8
7907;Pueblo De Miraflores;Lima;-12.269217149;-75.850133371;3857.0;Frío (Suni);48;8
7910;Sitio Arqueológico Pinchulin  ;Lima;-12.28097096;-75.78639482;3238.0;Templado Seco (Quechua);48;8
7911;Pueblo De Tomas;Lima;-12.24034725;-75.75599054;4058.0;Muy Frío (Puna);48;8
12355;Sitio Arqueológico De Conchopata;Ayacucho;-13.156384543688926;-74.20716673135757;2741.0;Templado Seco (Quechua);24;15
13550;Isla Tikonata ;Puno;-15.64871022;-69.78767526;3867.0;Frío (Suni);30;12
12363;Catarata Otorongo ;Huánuco;-8.67578079539431;-76.08923558650659;731.0;Templado Cálido (Yunga);-1;21
13464;Cueva De Consuelo;Huánuco;-8.63119;-76.10711;612.0;Templado Cálido (Yunga);60;21
13017;Plaza Pública De Aucayacu;Huánuco;-8.9314;-76.11624;571.0;Templado Cálido (Yunga);60;26
13020;Malecón Turístico Puerto La Colpa;Huánuco;-9.3713;-75.953;935.0;Templado Cálido (Yunga);33;19
12947;Poza De Jacob;Huánuco;-8.965159;-76.061649;671.0;Templado Cálido (Yunga);60;26
12948;Catarata Salto Del Tigre;Huánuco;-8.950674;-76.04246;1140.0;Templado Cálido (Yunga);-1;26
8006;Sitio Arqueológico De Usno Moqo;Apurímac;-13.620890142659263;-72.87245392799377;2616.0;Templado Seco (Quechua);23;6
8007;Río Pachachaca;Apurímac;-13.854629;-72.980483;1990.0;Templado Cálido (Yunga);-1;23
8010;Catedral De Abancay ;Apurímac;-13.637387177938106;-72.87840910255909;2390.0;Templado Seco (Quechua);23;6
8030;Sitio Arqueológico De Cerro Prieto;Ica;-14.00561;-75.78273;475.0;Cálido / Desértico (Costa);3;9
8035;Laguna Auquiscocha;Áncash;-9.192693438604648;-77.55770449735056;4302.0;Muy Frío (Puna);62;5
8037;Cascada Bruja Armanan;Áncash;-9.273473;-77.6495031;2632.0;Templado Seco (Quechua);62;13
8039;Quebrada Ulta;Áncash;-9.13062777777778;-77.53734444444444;3966.0;Frío (Suni);62;5
11823;Petroglifo Piedra Del Diablo ;Áncash;-9.283719181307283;-77.63733174062473;2698.0;Templado Seco (Quechua);62;13
12292;Sitio Arqueológico De Wallway Tuqu;Ayacucho;-13.230116356045851;-74.03916990642298;3309.0;Templado Seco (Quechua);77;23
12015;Playa Antivito;Áncash;-10.021885;-78.18853;0.0;Cálido / Desértico (Costa);43;4
12077;Playa Hueco Romero;Áncash;-10.038072891234531;-78.18012544582663;0.0;Cálido / Desértico (Costa);43;4
12115;Playa Boquerón De Manache;Áncash;-10.067715669049264;-78.17570173949036;4.0;Cálido / Desértico (Costa);43;4
12078;Playa Reloj;Áncash;-10.036453407888663;-78.18083998589198;0.0;Cálido / Desértico (Costa);43;4
12013;Playa La Pocita;Áncash;-10.01371437098157;-78.19583415985107;0.0;Cálido / Desértico (Costa);43;4
12114;Playa Los Medanos;Áncash;-10.001111076221298;-78.19416735642925;0.0;Cálido / Desértico (Costa);43;4
12012;Playa Los Perdidos;Áncash;-9.994937812169097;-78.19694600526009;0.0;Cálido / Desértico (Costa);43;4
12011;Playa Maracaná;Áncash;-10.019213937264892;-78.19136020370483;0.0;Cálido / Desértico (Costa);43;4
12079;Playa Marín;Áncash;-10.03072196503637;-78.1844790787386;0.0;Cálido / Desértico (Costa);43;4
12113;Playa Salinas;Áncash;-10.04293833384896;-78.17641831463985;0.0;Cálido / Desértico (Costa);43;4
11821;Pueblo De Yanama;Áncash;-9.021740605627643;-77.4930388657978;3563.0;Frío (Suni);62;5
11797;Mirador Natural De La Cruz De La Pacificación Del Cerro Calvario;Ayacucho;-12.925446;-74.227066;3311.0;Templado Seco (Quechua);77;0
8066;Mirador De Capuliyoc;Apurímac;-13.441693;-72.808205;2863.0;Templado Seco (Quechua);-1;23
8068;Puente Capelo;Apurímac;-13.606469037983128;-72.85742282867432;2752.0;Templado Seco (Quechua);23;6
8070;Plaza De Armas De Pisco;Ica;-13.710110258826722;-76.20318621397018;19.0;Cálido / Desértico (Costa);32;19
8072;Plazuela Del Desembarco De Don José De San Martín;Ica;-13.716992689373091;-76.21905148029327;3.0;Cálido / Desértico (Costa);32;19
8073;Pisco Playa;Ica;-13.716093;-76.220694;3.0;Cálido / Desértico (Costa);32;19
14085;Mirador  Natural De Oropesa;Huancavelica;-12.78832523439;-74.9618362332;3862.0;Frío (Suni);25;15
12354;Cementerio General De Ayacucho;Ayacucho;-13.167509415970146;-74.21155118820779;2737.0;Templado Seco (Quechua);24;15
12259;Apu Wamaqu;Ayacucho;-13.815426;-73.994551;4338.0;Muy Frío (Puna);-1;0
13239;Laguna Sacracocha;Áncash;-9.190395207677788;-77.29774475097656;4341.0;Muy Frío (Puna);62;5
12794;Laguna Librón;Áncash;-9.2058897;-77.4895871;4399.0;Muy Frío (Puna);62;5
12800;Mirador Potaca;Áncash;-9.14103781;-77.5030236;4626.0;Muy Frío (Puna);62;5
8093;Acueducto De Ocongalla;Ica;-14.808491956337548;-74.88492608070374;716.0;Templado Cálido (Yunga);-1;11
12255;Bosque De Piedra De Estacionniyuq;Ayacucho;-13.754134;-74.016523;3714.0;Frío (Suni);77;23
8099;Reserva Ecológica Santa Elena;San Martín;-5.97952;-77.1999861;817.0;Templado Cálido (Yunga);54;21
8100;Rio Uquihua, Sector El Chorro - Quillosisa;San Martín;-6.05782;-77.17823;827.0;Templado Cálido (Yunga);54;21
13598;Comunidad Nativa Yaguas De Urco Miraño - Mazan;Loreto;-3.36046;-73.06468;102.0;Tropical Húmedo (Selva);-1;7
14293;Mirador De Pichanaki Cruz De Muruhuay;Junín;-10.9362;-74.88103;682.0;Templado Cálido (Yunga);61;26
8141;Iglesia Matriz De Tingo;Amazonas;-6.37774795668045;-77.90601396547574;1819.0;Templado Cálido (Yunga);-1;2
12268;Laguna Gatita - Misha;Áncash;-8.1447374;-77.7774109;4165.0;Muy Frío (Puna);49;28
12257;Plaza Mayor De Cayara;Ayacucho;-13.794994;-73.988776;3175.0;Templado Seco (Quechua);-1;23
12604;Catarata San Martin ;Ayacucho;-12.940873;-73.5214;735.0;Templado Cálido (Yunga);-1;19
12393;Centro Recreacional Turistico Cenote Santuario De Chapalla;Ayacucho;-13.672311;-74.232672;3535.0;Frío (Suni);77;0
12293;Perfil Del Faraón Egipcio;Arequipa;-16.082303;-72.47913;624.0;Templado Cálido (Yunga);52;11
8186;Pueblo De Coporaque;Arequipa;-15.626947627433715;-71.64597898721695;3596.0;Frío (Suni);76;3
8187;Centro Cultural Colca De Coporaque;Arequipa;-15.6263;-71.6457;3597.0;Frío (Suni);76;3
8189;Centro De Interpretación Artesanal Sumac Pallay;Arequipa;-15.48789559355616;-71.45784616470343;3814.0;Frío (Suni);76;3
8200;Centro Poblado San Juan;Ucayali;-8.3246225;-74.60216270000001;157.0;Tropical Húmedo (Selva);9;25
14451;Cementerio Americano De Santa Rosa De Sacco;Junín;-11.5096531;-75.9277054;3727.0;Frío (Suni);48;8
8206;Iglesia Y Convento De La Recoleta;Cusco;-13.516471;-71.96547599999997;3433.0;Templado Seco (Quechua);22;6
14395;Casa De Arte Leo Hilario;Junín;-11.829836;-75.435393;3325.0;Templado Seco (Quechua);73;0
8212;Petroglifos De Llamachayoq ;Apurímac;-13.6903078763977;-73.296077487104;3882.0;Frío (Suni);-1;23
8213;Museo De Arte Contemporaneo De La Municipalidad Del Cusco;Cusco;-13.516617496864056;-71.98034858035658;3414.0;Templado Seco (Quechua);22;6
14386;La Casa Arguedas ;Apurímac;-13.65684;-73.39203;2937.0;Templado Seco (Quechua);71;23
8215;Petroglifos De Qaqacorral;Apurímac;-13.6520856374941;-73.2969488510792;3469.0;Templado Seco (Quechua);-1;23
8216;Arco De Santa Clara;Cusco;-13.519372;-71.981557;3417.0;Templado Seco (Quechua);22;6
8217;Templo De San Jerónimo;Apurímac;-13.651043361976988;-73.36492896080017;2955.0;Templado Seco (Quechua);71;23
12486;Laguna Tsaquicocha;Áncash;-9.54666592982292;-77.44263774160795;4101.0;Muy Frío (Puna);19;22
12141;Puente Colgante De Quiscay;Arequipa;-16.003379133016296;-72.29013301325703;3054.0;Templado Seco (Quechua);-1;18
8246;Santuario De Campanayocc;Apurímac;-13.677146;-73.400694;3141.0;Templado Seco (Quechua);71;23
13165;Bosque De Puyas De Raimondi De Totora ;Apurímac;-14.73999;-73.5593;3912.0;Frío (Suni);70;18
8256;Mirador Del Cerro Quisapata ;Apurímac;-13.66846416107387;-72.87827968597412;3378.0;Templado Seco (Quechua);22;6
8264;Bosque De Piedras De Pampachiri;Apurímac;-14.291787;-73.460641;3671.0;Frío (Suni);70;18
11758;Catarata Pumachaca De Pampachiri ;Apurímac;-14.1833937870195;-73.5505135556407;3312.0;Templado Seco (Quechua);70;18
8266;Sitio Arqueológico De Achanchi;Apurímac;-13.568729;-73.416741;3980.0;Frío (Suni);-1;23
8274;Petroglifos De Huayao;Apurímac;-13.67465065878;-73.41650549322;2966.0;Templado Seco (Quechua);71;23
11998;Bodega Caspaya;Arequipa;-15.780352251152353;-73.35468100174293;1733.0;Templado Cálido (Yunga);-1;11
8286;Playa Las Peñitas;Piura;-4.550511378448916;-81.27970933914186;0.0;Cálido / Desértico (Costa);53;10
8292;Arco De Tica Tica;Cusco;-13.507736;-72.005586;3685.0;Frío (Suni);22;6
8302;Hacienda Luisiana;Ayacucho;-12.677921;-73.705405;614.0;Templado Cálido (Yunga);-1;19
8303;Sitio Arqueológico De Cedrocucho;Ayacucho;-12.7493125;-73.7728125;1155.0;Templado Cálido (Yunga);-1;19
8304;Baños Termales De Pachin;Áncash;-9.31994304251358;-77.57485985755922;2887.0;Templado Seco (Quechua);62;13
12082;Mirador Cerro Dorado;Ayacucho;-12.93096018099556;-74.0217092529531;3207.0;Templado Seco (Quechua);77;0
8314;Catarata Qatun Ispaj;Ayacucho;-13.039177864782;-73.7085199356;3402.0;Templado Seco (Quechua);-1;23
14410;Cataratas Arcoíris De Santo Domingo De Villa Aurora;Ayacucho;-13.1485431;-73.5032129;1860.0;Templado Cálido (Yunga);-1;23
12954;Mirador El Calvario ;Ayacucho;-13.919532;-74.336365;3440.0;Templado Seco (Quechua);70;18
8321;Laguna De Lliullita ;Apurímac;-14.001159588200968;-72.80034542093739;4565.0;Muy Frío (Puna);-1;23
14417;Mirador De Jerusalén De Orcotuna;Junín;-11.9664711;-75.3158265;3398.0;Templado Seco (Quechua);26;15
8336;Bodega Pampas De Ica;Ica;-14.11482;-75.68091171875;415.0;Cálido / Desértico (Costa);3;9
13848;Cataratas De Pausa Pillone;Arequipa;-15.87914126977918;-71.17889642715454;4398.0;Muy Frío (Puna);-1;12
12522;Laguna De Pumajallo - Andagua;Arequipa;-15.485256;-72.313408;3187.0;Templado Seco (Quechua);-1;18
12020;Centro Poblado Barranca - Datem Del Marañon;Loreto;-4.829706131819603;-76.6936836341731;140.0;Tropical Húmedo (Selva);47;21
12196;Baños Termales - Cconiq Yaku;Ayacucho;-14.13948;-74.51093;4222.0;Muy Frío (Puna);-1;18
12052;Laguna De Tuctubamba;Áncash;-8.364419212301586;-77.90790576810255;4118.0;Muy Frío (Puna);49;28
12043;Petroglifos De Quebrada Seca;Arequipa;-15.98772069209047;-73.26482503604886;1342.0;Templado Cálido (Yunga);-1;11
13798;Museo Lámud;Amazonas;-6.13972;-77.9533352;2379.0;Templado Seco (Quechua);18;2
8361;Museo Barco Historico Ayapua 1906;Loreto;-3.746861639723729;-73.24184507131577;98.0;Tropical Húmedo (Selva);2;27
13092;Puente Colgante Paqpachaca ;Apurímac;-13.800948;-72.96009;1976.0;Templado Cálido (Yunga);-1;23
8373;Museo Iquitos;Loreto;-3.740090129749732;-73.24996411800385;94.0;Tropical Húmedo (Selva);2;27
8374;Museo De Culturas Indigenas Amazónicas;Loreto;-3.7518452234713577;-73.24396669864655;102.0;Tropical Húmedo (Selva);2;27
8378; Bosque Nativo De Chinchay ;Apurímac;-13.5448086492173;-73.0922819393999;2737.0;Templado Seco (Quechua);71;23
8384;Casa Cohen;Loreto;-3.752035149896;-73.24561856119;105.0;Tropical Húmedo (Selva);2;27
8387;Museo Machupicchu (Casa Concha);Cusco;-13.5173657;-71.97688688;3410.0;Templado Seco (Quechua);22;6
8388;Laguna De Ccocha;Apurímac;-13.594473;-72.6277144556998;3573.0;Frío (Suni);-1;23
8399;Bosque De Ccollpa;Apurímac;-13.69365;-72.517313;3580.0;Frío (Suni);-1;23
11608;Templo De La Divina Misericordia - Pozuzo;Pasco;-10.0965;-75.54295;760.0;Templado Cálido (Yunga);60;26
13229;Casona Morey Del Aguila;Loreto;-3.753247687673069;-73.2452005147934;103.0;Tropical Húmedo (Selva);2;27
8413;Complejo Arqueológico Tumbas De La Muña ;Ica;-14.523535;-75.18556999999998;381.0;Cálido / Desértico (Costa);-1;19
8423;Sitio Arqueologico De Las Catorce Portadas De Choquecancha;Cusco;-13.037015778042;-72.0362809549708;3037.0;Templado Seco (Quechua);-1;23
8424;Laguna Hatuncocha Ò Qoyalay;Cusco;-13.178894;-72.03118;4116.0;Muy Frío (Puna);-1;23
8425;Aguas Termo Medicinales De Occobamba;Cusco;-14.451056;-71.073025;4049.0;Muy Frío (Puna);-1;3
8431;Laguna Qochapata ;Cusco;-14.3310874;-71.2109095;3881.0;Frío (Suni);75;3
8432;Templo Santa Bárbara;Cusco;-14.169169;-71.198826;3949.0;Frío (Suni);75;3
8433;Casa De Artesanos Don Bosco;Lima;-12.14549230995758;-77.023052;68.0;Cálido / Desértico (Costa);29;9
8435;Templo Matriz Virgen Del Carmen De Qquea;Cusco;-14.1809745;-71.3530349;3484.0;Templado Seco (Quechua);75;3
8436;Puente Colonial De Combapata;Cusco;-14.09573625;-71.43763964;3491.0;Templado Seco (Quechua);75;3
13221;Plaza De Armas De Iquitos ;Loreto;-3.74911;-73.24446;101.0;Tropical Húmedo (Selva);2;27
13233;Templo Masón - Logia Unión Amazónica ;Loreto;-3.748;-73.24369;100.0;Tropical Húmedo (Selva);2;27
8444;Paseo Sáenz Peña;Lima;-12.143321252305167;-77.02314555644989;72.0;Cálido / Desértico (Costa);29;9
11232;Parque Antonio Raimondi;Lima;-12.146917;-77.01803699999999;71.0;Cálido / Desértico (Costa);29;9
8451;Cara Del Inca.;Ica;-14.488278595566596;-75.2167506357372;453.0;Cálido / Desértico (Costa);-1;19
8452;Casa Cilloniz - C.C. Juan Parra Del Riego;Lima;-12.150764;-77.02175199999999;60.0;Cálido / Desértico (Costa);29;9
11990;Laguna Tururu;Áncash;-9.549028337431436;-77.39235296908402;4119.0;Muy Frío (Puna);19;22
11989;Laguna Pushan;Áncash;-9.560212295339504;-77.3913708132629;4585.0;Muy Frío (Puna);19;22
13799;Mirador De Lamud Urco;Amazonas;-6.1441576;-77.9499883;2315.0;Templado Seco (Quechua);18;2
12171;Comunidad De Huancapampa;Ayacucho;-12.871587;-73.960505;3774.0;Frío (Suni);-1;0
12770;Laguna De Usmay Ccocha;Ayacucho;-12.87441265;-73.90501365;3889.0;Frío (Suni);-1;0
11972;Puente Rumichaca;Ayacucho;-12.989826;-74.24003;2560.0;Templado Seco (Quechua);24;15
11988;Laguna Misacocha ;Áncash;-9.557889826104438;-77.39394573391719;4537.0;Muy Frío (Puna);19;22
11966;Puente Ayahuarcuna ;Ayacucho;-13.007831;-74.209695;2833.0;Templado Seco (Quechua);24;15
12010;Sitio Arqueologico De Marayniyoq;Ayacucho;-13.027653084003587;-74.20357004492531;2937.0;Templado Seco (Quechua);24;15
12266;Playa De Mayopampa;Ayacucho;-13.795351;-73.949631;2424.0;Templado Seco (Quechua);-1;23
12249;Sitio  Arqueologico De Ñaupallaqta;Ayacucho;-13.789947;-74.030536;4011.0;Muy Frío (Puna);-1;0
12018;Sitio Arqueologico De Alaw;Ayacucho;-12.969163;-74.239186;2877.0;Templado Seco (Quechua);78;0
12109;El Rostro De Cristo-Cosos;Arequipa;-16.050475293939396;-72.48943684941543;681.0;Templado Cálido (Yunga);52;11
12151;Playa La Cocinita;Áncash;-9.98947212397852;-78.20043791861907;0.0;Cálido / Desértico (Costa);43;4
12859;Petroglifos De Ti Laya De La Comunidad De San Carlos;Puno;-16.0775;-69.83166667;3949.0;Frío (Suni);30;12
12858;Sitio Arqueologico Pukara - Huirintani;Puno;-16.11916667;-69.89861111;3954.0;Frío (Suni);30;12
13094;Chullpas De Quellojani En Acora;Puno;-15.98222222;-69.80805556;3958.0;Frío (Suni);30;12
12799;Laguna Allicocha;Áncash;-9.25120405;-77.4600721;4545.0;Muy Frío (Puna);62;5
12781;Laguna Cancaragá;Áncash;-9.141630383332776;-77.50687122344972;4630.0;Muy Frío (Puna);62;5
12133;Lomas De Challascapa ;Arequipa;-17.0608513889976;-71.85013827514649;331.0;Cálido / Desértico (Costa);-1;11
12816;Laguna Bayococha;Áncash;-9.25501064;-77.44423636;4795.0;Muy Frío (Puna);62;5
12798;Laguna Belaunde;Áncash;-9.13834035;-77.50478985;4618.0;Muy Frío (Puna);62;5
12698;Chullpa De Marca Esqueña;Puno;-16.03277778;-69.75722222;3857.0;Frío (Suni);30;12
12699;Chullpas De Chusamarca;Puno;-15.97472222;-69.82055556;3896.0;Frío (Suni);30;12
11947;Óvalo De La Madre Huantina;Ayacucho;-12.944022472685624;-74.24469854894153;2632.0;Templado Seco (Quechua);78;0
11979;Mirador De Pultunchara;Ayacucho;-12.90961;-74.217907;3856.0;Frío (Suni);-1;0
12083;Formación Rocosa De Torrechayocc - Comunidad Unión De Cristal;Ayacucho;-12.921795906213152;-74.07627942637629;3782.0;Frío (Suni);-1;0
12902;Catarata Potrero;Ayacucho;-12.948843;-74.181893;3627.0;Frío (Suni);77;0
11958;Plaza Principal  De Luricocha ;Ayacucho;-12.89930248600934;-74.27405800881854;2583.0;Templado Seco (Quechua);78;0
13307;Fundo Neyser ;Loreto;-3.61585;-73.13152;90.0;Tropical Húmedo (Selva);2;27
13291;Iglesia La Inmaculada Concepción De Punchana;Loreto;-3.72878;-73.24354;99.0;Tropical Húmedo (Selva);2;27
14335;Museo De Historia Y Arte Del Callao;Callao;-12.05933;-77.14692;4.0;Cálido / Desértico (Costa);21;9
13642;Calle Siete Borreguitos ;Cusco;-13.51231146;-71.9782908;3462.0;Templado Seco (Quechua);22;6
13205;Finca Cafetalera Alto Valle De La Flora;Puno;-14.2803539358;-69.2154979705;1837.0;Templado Cálido (Yunga);-1;24
11703;Museo Municipal  Ricardo E. Urbano Baluarte  ;Ayacucho;-12.939264883235865;-74.2504404746326;2636.0;Templado Seco (Quechua);78;0
11908;Aguas Termales De Cochaconchucos;Áncash;-8.251179184864718;-77.881192958541;2999.0;Templado Seco (Quechua);49;28
11714;Catarata Paccha Cucho - Sirenachayoq;Ayacucho;-13.029424094769134;-74.17238016931154;2961.0;Templado Seco (Quechua);24;15
11713;Parque De Amilcar Gamarra;Ayacucho;-12.946048009605333;-74.24527624931335;2617.0;Templado Seco (Quechua);78;0
12218;Fortaleza De Tanapaca - Juli;Puno;-16.31441475;-69.37608978;4634.0;Muy Frío (Puna);-1;3
11710;Murales De Luricocha ;Ayacucho;-12.899341735145525;-74.27401977408252;2583.0;Templado Seco (Quechua);78;0
11708;Apu Razuhuillca;Ayacucho;-12.86501;-74.162878;4658.0;Muy Frío (Puna);-1;0
11246;Parque Nacional Yanachaga Chemillén Zona De Uso Turístico Huampal;Pasco;-10.1840469527;-75.58937072753;1421.0;Templado Cálido (Yunga);-1;26
13226;Casona Fitzcarraldo;Loreto;-3.74972;-73.24303;103.0;Tropical Húmedo (Selva);2;27
13265;Mirador Turistico El Huequito;Loreto;-3.73998;-73.24058;96.0;Tropical Húmedo (Selva);2;27
11607;Sendero Ecoturístico Emperador Guillermo I - Pozuzo;Pasco;-10.068039173148344;-75.54922399561407;740.0;Templado Cálido (Yunga);60;26
12110;Área De Conservación Privada Lluvias Eternas De  Pozuzo;Pasco;-10.16817;-75.56463;1189.0;Templado Cálido (Yunga);-1;26
14563;Cristo De Cahuish;Áncash;-9.689556043749224;-77.24732980132671;4427.0;Muy Frío (Puna);62;5
8579;Sitio Arqueologico Fortaleza Del Chimpa;Arequipa;-15.59536;-71.84608;3586.0;Frío (Suni);76;3
8581;Pueblo De Madrigal;Arequipa;-15.60793022942;-71.80778861045;3279.0;Templado Seco (Quechua);76;18
11606;Cementerio Los Colonos - Pozuzo;Pasco;-10.068562614435235;-75.55119216442108;749.0;Templado Cálido (Yunga);60;26
11604;Puente Emperador Guillermo I - Pozuzo;Pasco;-10.06811;-75.549621;740.0;Templado Cálido (Yunga);60;26
11365;Museo Schafferer;Pasco;-10.068140122791585;-75.55120025548781;748.0;Templado Cálido (Yunga);60;26
11603;Iglesia Sagrado Corazón De Jesús - Pozuzo;Pasco;-10.070561;-75.550906;751.0;Templado Cálido (Yunga);60;26
11729;Cerro Huayna KEnayla;Moquegua;-16.40546734908;-70.70702459719;4136.0;Muy Frío (Puna);-1;3
11196;Plaza Los Colonos - Pozuzo;Pasco;-10.070841949731314;-75.5507519117042;737.0;Templado Cálido (Yunga);60;26
11605;Gruta De La Virgen De Lourdes - Pozuzo;Pasco;-10.070878;-75.551262;756.0;Templado Cálido (Yunga);60;26
8617;Puente Colgante Inca;Ica;-14.549538;-75.22404399999999;295.0;Cálido / Desértico (Costa);32;19
8619;Catedral De Huaraz;Áncash;-9.530159755882048;-77.52839863300323;3054.0;Templado Seco (Quechua);20;2
11791;Laguna Huachucocha;Áncash;-9.168026076288069;-77.23706245422363;4256.0;Muy Frío (Puna);62;5
11481;Playa Corcovao - Puerto Huarmey;Áncash;-10.09740224341004;-78.16934398978718;0.0;Cálido / Desértico (Costa);43;4
12964;Puente Yunka Chaca;Ayacucho;-13.840605;-74.377094;3157.0;Templado Seco (Quechua);77;0
13209;Plaza 28 De Julio;Loreto;-3.75436;-73.24925;100.0;Tropical Húmedo (Selva);2;27
13218;Quebrada Playa Del Amor;Loreto;-4.49625;-73.5817;98.0;Tropical Húmedo (Selva);-1;7
8640;Plaza De Armas De Abancay;Apurímac;-13.637353943907508;-72.87885904312134;2390.0;Templado Seco (Quechua);23;6
8641;Plaza Micaela Bastidas;Apurímac;-13.635904674965197;-72.87471771240234;2401.0;Templado Seco (Quechua);23;6
8642;Parque  Ocampo;Apurímac;-13.63671011509754;-72.87993729114532;2390.0;Templado Seco (Quechua);23;6
8644;Casa Hacienda De Pachachaca;Apurímac;-13.6602712880811;-72.9194290044441;1935.0;Templado Cálido (Yunga);-1;6
8645;Casa Hacienda De Vilcabamba;Apurímac;-13.87762;-72.975037;2391.0;Templado Seco (Quechua);-1;23
8647;Casa Hacienda De Chontay;Apurímac;-13.777671;-72.937855;1957.0;Templado Cálido (Yunga);-1;6
8648;Calle Miscabamba;Apurímac;-13.635816;-72.8759529;2407.0;Templado Seco (Quechua);23;6
11880;Complejo Arqueológico Jotoro;Lambayeque;-6.3908333;-79.8219444;62.0;Cálido / Desértico (Costa);37;1
14108;Duna Longitudinal De Manchán;Áncash;-9.496704390841396;-78.28641772270204;176.0;Cálido / Desértico (Costa);-1;4
13797;Malecón Turístico Del Río Chorobamba;Pasco;-10.57529448371;-75.40708531027;1805.0;Templado Cálido (Yunga);65;26
11824;Quebrada Tuctubamba;Áncash;-8.914643979877582;-77.51345057917011;3845.0;Frío (Suni);62;5
13199;Quebrada Zaragoza ;Loreto;-4.47396;-73.59593;104.0;Tropical Húmedo (Selva);-1;7
13208;Playa Santa Rita;Loreto;-3.732042625576;-73.30083218007;83.0;Tropical Húmedo (Selva);2;27
13685;Quebrada De Collpa - Tamshiyacu;Loreto;-3.98411;-73.15467;112.0;Tropical Húmedo (Selva);-1;7
8678;Tumbas De  Yuraq Qaqa;Arequipa;-15.6276;-71.6549;3739.0;Frío (Suni);76;3
14572;Centro De Interpretación Turística Y Cultural Municipal;Pasco;-10.774531902027986;-75.81324931911355;2937.0;Templado Seco (Quechua);-1;0
14591;Cascada La Pequeña De Maranmayo;Pasco;-10.76078780086629;-75.70435166358948;2463.0;Templado Seco (Quechua);-1;0
12788;Sitio Arqueológico Chaupichancha;Pasco;-10.344365;-76.333465;3319.0;Templado Seco (Quechua);62;5
12787;Sitio Arqueológico Tushipahuayin;Pasco;-10.398781621248045;-76.34045362472536;3878.0;Frío (Suni);62;5
8693;Chullpa De Calacota;Puno;-16.050803843234586;-69.60804462432863;3839.0;Frío (Suni);30;12
8695;Aguas Termales De Huayna Putina.;Puno;-14.911447357992762;-69.86668655721662;3891.0;Frío (Suni);72;3
8696;Baños Termales Piscina Municipal Wenceslao Molina;Puno;-14.913112239160704;-69.86989797572092;3893.0;Frío (Suni);72;3
12336;Iglesia Colonial De Pampamarca Baja;Ayacucho;-13.245630665121476;-74.03194916319465;3419.0;Templado Seco (Quechua);77;0
12337;Recinto Ceremonial De Pumaccahuancca;Ayacucho;-13.35048;-73.943802;4126.0;Muy Frío (Puna);-1;0
12687;Mirador Natural Apu Yana Sanqha;Puno;-13.876719821206338;-70.31909325069608;4437.0;Muy Frío (Puna);-1;3
8702;Bosque De Puyas De Bellavista;Puno;-14.880589446487582;-69.93902921676641;4307.0;Muy Frío (Puna);-1;3
11977;Laguna Tullpacocha ;Áncash;-9.41963908971426;-77.34147548675537;4276.0;Muy Frío (Puna);62;5
8706;Cascadas De Carpishuyacu;San Martín;-6.442581;-76.264536;691.0;Templado Cálido (Yunga);10;25
8709;Antigua Estación Del Ferrocarril De Pacasmayo;La Libertad;-7.39885;-79.57016;6.0;Cálido / Desértico (Costa);46;10
8710;Malecón Grau;La Libertad;-7.3997;-79.5723;0.0;Cálido / Desértico (Costa);46;10
12785;Sitio Arqueológico Gashgar;Pasco;-10.475375;-76.263419;3776.0;Frío (Suni);62;5
8714;Santuario De Nuestra Señora Del Socorro De Huanchaco;La Libertad;-8.079428;-79.116668;35.0;Cálido / Desértico (Costa);4;14
14084;Sansón Dormido - Zona De Uso Turistico 2 Goyllarisquizga;Pasco;-10.474716;-76.390462;4195.0;Muy Frío (Puna);62;5
13197;Muelle De Huanchaco;La Libertad;-8.0783475;-79.121645;0.0;Cálido / Desértico (Costa);4;14
11701;Laguna Wicrococha;Áncash;-8.926838386541176;-77.51423919287042;3942.0;Frío (Suni);62;5
11985;Laguna De Cuchillacocha;Áncash;-9.410536583830348;-77.353835105896;4607.0;Muy Frío (Puna);62;5
8729;Río Apurímac;Apurímac;-13.563066182995524;-72.57588326778739;1838.0;Templado Cálido (Yunga);-1;23
12112;Nevado Pucaranra;Áncash;-9.3891667;-77.35030555555556;6052.0;Glacial / Nieve (Janca);-1;5
8733;Mercado San Camilo;Arequipa;-16.40274;-71.53487;2343.0;Templado Seco (Quechua);12;16
8737;Nevado Tullparaju;Áncash;-9.399682;-77.31672100000003;5278.0;Glacial / Nieve (Janca);-1;5
11820;Manantial Agüita De Curayacu.;Áncash;-8.81722969293607;-77.45868129278897;2977.0;Templado Seco (Quechua);62;13
12433;Laguna Palcacocha ;Áncash;-9.396903545405582;-77.37945556640625;4550.0;Muy Frío (Puna);62;5
8741;Laguna Radían;Áncash;-9.44415613304182;-77.50918933400726;3864.0;Frío (Suni);19;22
11366;Cascada  De Chekza - Independencia  ;Áncash;-9.46470255285936;-77.53543726101034;3044.0;Templado Seco (Quechua);20;2
8746;Mirador De Kiuñalla;Apurímac;-13.436407670006355;-72.8902934057785;2863.0;Templado Seco (Quechua);-1;23
8749;Laguna El Páramo;Piura;-4.986994541302435;-79.64191818027757;2377.0;Templado Seco (Quechua);55;17
8750;Laguna La Cruz;Piura;-4.982992861302217;-79.63827037601733;2316.0;Templado Seco (Quechua);55;17
11948;Templo San Francisco De Mangas, Atrio Frontal Y Torre Campanario Exenta.;Áncash;-10.368913977613436;-77.10361630951586;3464.0;Templado Seco (Quechua);48;8
11787;Baños Termales De Huancarhuaz;Áncash;-8.942247158909655;-77.78440010713477;2716.0;Templado Seco (Quechua);62;13
11818;Punta Olímpica (Sector I- Shilla);Áncash;-9.12825172238315;-77.51579761852233;4709.0;Muy Frío (Puna);62;5
11801;Nevado Contrahierbas - Pico Mateo;Áncash;-9.127758088881066;-77.50610732822682;4983.0;Glacial / Nieve (Janca);-1;5
11474;Laguna Mullaca;Áncash;-9.431958251576232;-77.47580520117243;4587.0;Muy Frío (Puna);19;22
11527;Piscicultura De La Dirección Sub-Regional De Producción - Huaraz;Áncash;-9.524952843330212;-77.52129406419425;3088.0;Templado Seco (Quechua);20;2
11619;Arco Punco;Puno;-14.06041743017853;-68.96509146655274;955.0;Templado Cálido (Yunga);-1;24
8806;Plaza De Armas De Andahuaylas;Apurímac;-13.6564229920654;-73.38997542858124;2907.0;Templado Seco (Quechua);71;23
8809;Plaza De Armas De San Jerónimo ;Apurímac;-13.65139;-73.365427;2953.0;Templado Seco (Quechua);71;23
8821;Pueblo Tradicional De Canchaque;Piura;-5.375397774474748;-79.60693359375;1170.0;Templado Cálido (Yunga);55;17
8822;Mirador El Checo;Piura;-5.371296005656267;-79.61036682128906;1129.0;Templado Cálido (Yunga);55;10
8823;Plaza De Armas De Talavera La Reina ;Apurímac;-13.653666;-73.428965;2825.0;Templado Seco (Quechua);71;23
8826;Catarata De Chorro Blanco;Piura;-5.33824;-79.5994;1962.0;Templado Cálido (Yunga);55;17
8827;Templo Santiago Apóstol De Talavera ;Apurímac;-13.653768;-73.428373;2825.0;Templado Seco (Quechua);71;23
8830;Parque Itzhak Rabin;Lima;-12.120355094941262;-77.04397559165955;66.0;Cálido / Desértico (Costa);29;9
8832;Parque Del Amor - Parque Alberto Andrade Carmona;Lima;-12.126837636194312;-77.03635811805725;59.0;Cálido / Desértico (Costa);29;9
8833;Paccha José María Arguedas ;Apurímac;-13.654237;-73.385468;2923.0;Templado Seco (Quechua);71;23
8834;Parque Raimondi De Miraflores ;Lima;-12.12415233077732;-77.03827857971191;75.0;Cálido / Desértico (Costa);29;9
14365;Laguna De Chullus;Áncash;-9.84758408596384;-77.4116635322571;3692.0;Frío (Suni);62;5
8836;Parque María Reiche;Lima;-12.116368988130745;-77.0474973320961;70.0;Cálido / Desértico (Costa);29;9
11780;Pueblo Artesanal De Chacas.;Áncash;-9.163173844473418;-77.36768632926591;3340.0;Templado Seco (Quechua);62;5
12820;Plaza De Armas Ugo De Censi;Áncash;-9.16210224;-77.36603187;3352.0;Templado Seco (Quechua);62;5
8847;Bodega Chirisco;Arequipa;-15.769952967081949;-73.353196002655;1749.0;Templado Cálido (Yunga);-1;11
13751;Bodega Buen Paso;Arequipa;-15.769835;-73.369776;1774.0;Templado Cálido (Yunga);-1;11
8850;Bodega Estremadoyro;Arequipa;-16.06695303871429;-72.49252717790984;652.0;Templado Cálido (Yunga);52;11
8851;Bodega Vieja Herencia;Arequipa;-16.09503738381304;-72.47259646632301;601.0;Templado Cálido (Yunga);52;11
8853;Parque Tradiciones;Lima;-12.121655811645637;-77.0211124420166;99.0;Cálido / Desértico (Costa);29;9
14497;Playa Bahia Blanca;Callao;-11.835010469310657;-77.18501687049866;0.0;Cálido / Desértico (Costa);35;19
8865;Bodega Torre De La Gala;Arequipa;-16.45648147156626;-71.80501108040484;1621.0;Templado Cálido (Yunga);-1;20
8866;Bodega  Camaná;Arequipa;-16.587068;-72.78859599999998;23.0;Cálido / Desértico (Costa);56;11
8867;Bodega Viña Pitis (Cepas De Loro);Arequipa;-16.268067;-72.448981;386.0;Cálido / Desértico (Costa);52;11
8868;Bodega Majes Tradición;Arequipa;-16.226801;-72.45126600000003;461.0;Cálido / Desértico (Costa);52;11
12375;Colpa De Guacamayos;Loreto;-7.1898635;-74.9616135;320.0;Tropical Húmedo (Selva);-1;21
8874;Plaza De Armas De Pampachiri;Apurímac;-14.187011;-73.544535;3374.0;Templado Seco (Quechua);70;18
14423;Chakra Pasikiwi;San Martín;-6.570044153256;-76.13213247206;209.0;Cálido / Desértico (Costa);-1;1
8880;Reserva De Biosfera Oxapampa-Asháninka-Yánesha;Pasco;-10.5741046192742;-75.4046710666908;1813.0;Templado Cálido (Yunga);65;26
13784;Plaza San Francisco;Lima;-12.14441860638042;-77.0204534757476;73.0;Cálido / Desértico (Costa);29;9
11757;Mirador Cristo Blanco De Moquegua;Moquegua;-17.19813494215187;-70.92957870614724;1527.0;Templado Cálido (Yunga);13;16
8886;Casa Hacienda Alto Larán;Ica;-13.4521;-76.0849;118.0;Cálido / Desértico (Costa);32;19
11465;Cascada De Talliquihui;San Martín;-6.625566526637485;-76.56630076091069;739.0;Templado Cálido (Yunga);-1;1
13164;Parque Chino;Lima;-12.1218144;-77.0433388;29.0;Cálido / Desértico (Costa);-1;9
11343;Malecón De Barranco;Lima;-12.138558329428006;-77.02611207795394;42.0;Cálido / Desértico (Costa);29;9
11598;Misa Qala;Puno;-16.220832;-68.998741;3928.0;Frío (Suni);69;3
11564;Kunkani Qala;Puno;-16.22779693051217;-68.98943295451426;3847.0;Frío (Suni);69;3
11570;Monolito De Pajana San Isidro;Puno;-16.259507163343535;-69.01985057807713;3827.0;Frío (Suni);69;3
11433;Ciudadela De Shajshas-Mesa Rumi;Áncash;-8.674419605492997;-77.54565864801407;3863.0;Frío (Suni);49;28
11639;Playa Wichinka Del Wiñaymarka;Puno;-16.27190712092268;-69.00634682867302;3812.0;Frío (Suni);69;3
11508;Balneario Jawira Quta Del Titicaca;Puno;-16.23859821777048;-68.99406525161588;3812.0;Frío (Suni);69;3
11593;Centro Ceremonial Putuputuni Pukara;Puno;-16.202396668470133;-68.9959799486823;4115.0;Muy Frío (Puna);69;3
8931;Puente Colgante Canchaque;Piura;-5.3755771;-79.6063512;1182.0;Templado Cálido (Yunga);55;17
11822;Zona Arqueológica Monumental Las Aldas;Áncash;-9.70203;-78.296521;32.0;Cálido / Desértico (Costa);43;4
11816;Museo Arqueológico Zonal De Cabana;Áncash;-8.392867870202394;-78.00947376819931;3210.0;Templado Seco (Quechua);49;28
11711;Quebrada Uquián - Treck Chavín De Huantar - Olleros;Áncash;-9.662604;-77.409338;3918.0;Frío (Suni);19;22
11541;Mirador De Montebello;Áncash;-9.75916123192384;-77.44709977617264;3520.0;Frío (Suni);62;5
11765;Laguna De  Choyocca;Apurímac;-14.3187882085783;-73.1529374500424;3773.0;Frío (Suni);70;18
14292;Humedal Kametsa Pimpoke;Junín;-10.93913;-74.85855;492.0;Cálido / Desértico (Costa);61;26
13756;Comunidad Nativa Bajo Quimiriki - Aldea De Salud ;Junín;-10.946887;-74.845346;510.0;Templado Cálido (Yunga);61;26
13693;Complejo Pétreo Natural Los Caracoles;Piura;-5.017899403788;-79.87710719198;1649.0;Templado Cálido (Yunga);55;17
14643;Taller Artesanal Vivencial Yana Rumi;San Martín;-6.568815079034;-76.12593091933;191.0;Cálido / Desértico (Costa);-1;1
8962;Playa Puerto Antiguo;Piura;-4.171479269005123;-81.1265766620636;0.0;Cálido / Desértico (Costa);53;10
8964;Playa Punta Veleros;Piura;-4.179750644940345;-81.13982677459717;0.0;Cálido / Desértico (Costa);53;10
8975;Catarata Sicacate;Piura;-4.6449849;-79.7979122;1528.0;Templado Cálido (Yunga);55;17
12629;Nevado Gringo Balanzani - Sector Ituata;Puno;-14.041;-70.2086;5185.0;Glacial / Nieve (Janca);-1;3
8989;Playa Punta Yaya;Lima;-12.5446338;-76.7399084;3.0;Cálido / Desértico (Costa);36;19
11451;Monumento Histórico Puente  Calicanto San Gerónimo - Huaraz;Áncash;-9.527026853911302;-77.53573266686244;3031.0;Templado Seco (Quechua);20;2
8995;Bosque De Q'Euñas De Rontoccocha ;Apurímac;-13.68688;-72.77597;4332.0;Muy Frío (Puna);-1;6
11781;Islas Flotantes De Uros Titino;Puno;-15.80987096082738;-69.92725215623248;3810.0;Frío (Suni);8;6
12145;Museo Etnocostumbrista Cultural Pedro Ruiz Gallo;Lambayeque;-6.90732;-79.86327;7.0;Cálido / Desértico (Costa);5;14
9014;Complejo Arqueológico Huaca Santa Rosa De Pucalá;Lambayeque;-6.771848;-79.62369999999999;90.0;Cálido / Desértico (Costa);38;1
9019;Bosque De Piedras De Ccenhua;Apurímac;-13.5452191129624;-73.5761943723464;3798.0;Frío (Suni);-1;23
9020;Acueducto De Achaco;Ica;-14.822309151897874;-74.97100379527467;536.0;Templado Cálido (Yunga);-1;11
9023;Túneles De Karkatera ;Apurímac;-13.5629299812023;-72.9775100023106;3036.0;Templado Seco (Quechua);23;6
9024;Caverna De Sutoqmachay;Apurímac;-13.5919948990941;-73.4502396703988;2509.0;Templado Seco (Quechua);-1;23
9025;Laguna De  Anori;Apurímac;-13.3715385;-73.7082828;3469.0;Templado Seco (Quechua);-1;18
9026;Baños Termales De Pacayca;Apurímac;-14.14555;-73.304863;2595.0;Templado Seco (Quechua);-1;23
9027;Laguna  Huancaccocha ;Apurímac;-14.17886;-73.54121;3458.0;Templado Seco (Quechua);70;18
9028;Bodega Sotelo;Ica;-14.0033;-75.73924;429.0;Cálido / Desértico (Costa);3;9
9033;Plaza De Armas De Montero;Piura;-4.6321954;-79.8289558;1073.0;Templado Cálido (Yunga);55;10
9042;Catarata Fusiray;Apurímac;-14.26664;-72.56918;3570.0;Frío (Suni);-1;23
12891;Caleta Del Inca;Arequipa;-16.513880647579995;-72.976496836969;12.0;Cálido / Desértico (Costa);-1;11
9047;Pueblo Tradicional De Montero;Piura;-4.6323476378995245;-79.82888907194138;1073.0;Templado Cálido (Yunga);55;10
9053;Pueblo Tradicional De Paca;Junín;-11.708717;-75.519158;3395.0;Templado Seco (Quechua);73;0
11700;Pueblo De Huari;Áncash;-9.3478304;-77.1713993;3095.0;Templado Seco (Quechua);62;5
9057;Bosque De Puyas De Raimondi De Masma Chicche;Junín;-11.760824;-75.357754;3915.0;Frío (Suni);73;0
12483;Petroglifos De Mejía;Arequipa;-17.1038;-71.9085;3.0;Cálido / Desértico (Costa);57;11
12467;Rocas De Tiro Alto;Arequipa;-17.1051;-71.9086;2.0;Cálido / Desértico (Costa);57;11
12285;Casa Hacienda La Vega ;Ayacucho;-13.029435;-74.206777;2910.0;Templado Seco (Quechua);24;15
9073;Mirador Cerro De La Juventud;Áncash;-9.058782218279092;-78.62709701437029;202.0;Cálido / Desértico (Costa);-1;4
12132;Campiña De Deán Valdivia ;Arequipa;-17.148074419861913;-71.82617055620219;12.0;Cálido / Desértico (Costa);57;11
14566;Catarata Las Princesas;Pasco;-10.721502022389227;-75.60644030570985;1808.0;Templado Cálido (Yunga);-1;19
11817;Mirador Señor De Catay;Áncash;-9.215916191923608;-77.60843309067819;3320.0;Templado Seco (Quechua);62;5
9089;Centro Poblado De Padre Cocha;Loreto;-3.719175737034458;-73.28378677368164;83.0;Tropical Húmedo (Selva);2;27
13560;Comunidad Nativa Nueva Vida - Los Yaguas Del Río Momón;Loreto;-3.68816;-73.28003;101.0;Tropical Húmedo (Selva);2;27
11796;Laguna Pampacocha;Áncash;-8.993017382944416;-77.78148981877317;3303.0;Templado Seco (Quechua);62;5
11815;Sitio Arqueológico De Pashas;Áncash;-8.402158611420667;-78.01104354851417;3106.0;Templado Seco (Quechua);49;28
12173;Desembocadura Del Río Tambo - Santuario Nacional Lagunas De Mejía;Arequipa;-17.16840979984;-71.8390090112;2.0;Cálido / Desértico (Costa);57;11
11034;Museo Arqueológico De Las Tecnologías Andinas;Áncash;-9.13903519541451;-78.1775951385498;498.0;Cálido / Desértico (Costa);-1;4
12172;Agro Industrias Unidas Del Perú;Arequipa;-17.115694735584018;-71.84035325664144;30.0;Cálido / Desértico (Costa);57;11
9107;Mercado San José;Arequipa;-17.02751675211692;-72.0164175331592;39.0;Cálido / Desértico (Costa);57;11
10939;Las Loberas De Nuevo Chimbote;Áncash;-9.211592680536285;-78.57573688030243;25.0;Cálido / Desértico (Costa);44;4
10930;Plaza Mayor De Nuevo Chimbote;Áncash;-9.122135030353114;-78.53107202754022;20.0;Cálido / Desértico (Costa);44;4
11692;Rocódromo San Marcos;Áncash;-9.525036;-77.152697;2976.0;Templado Seco (Quechua);62;5
11289;Playa Puerto De Santa;Áncash;-8.990567031187492;-78.64984291682357;0.0;Cálido / Desértico (Costa);44;4
9120;Centro De Conservacion El Aguajal De Chonta;Madre De Dios;-12.605768;-69.212162;197.0;Tropical Húmedo (Selva);1;16
11992;Lago Pampa Hermosa;Madre De Dios;-12.299864497227356;-69.18366705347275;254.0;Tropical Húmedo (Selva);0;20
11741;Lago La Lupuna.;Madre De Dios;-11.374915557659216;-69.6081811814258;272.0;Tropical Húmedo (Selva);-1;24
11740;Lago Cuatro Amigos;Madre De Dios;-11.37519684647022;-69.75753080174344;280.0;Tropical Húmedo (Selva);-1;24
12988;Cascadas Alto Cañuto;San Martín;-8.206369;-76.645496;820.0;Templado Cálido (Yunga);-1;21
9142;Playa Las Capullanas;Piura;-4.49468123698482;-81.29919290542603;0.0;Cálido / Desértico (Costa);53;10
9144;Cascada De Taytayacu;San Martín;-6.452513926985351;-76.35848792018153;651.0;Templado Cálido (Yunga);10;25
9158;Playa Piscinas;Piura;-4.44686;-81.27606;0.0;Cálido / Desértico (Costa);53;10
9160;Playa El Ñuro;Piura;-4.218131680682982;-81.18228077888494;0.0;Cálido / Desértico (Costa);53;10
12764;Mirador Cerro San Cristobal;Ayacucho;-13.0092801;-73.97839;2666.0;Templado Seco (Quechua);78;23
12763;Sitio Arqueológico Manohuatoy;Ayacucho;-13.034812;-73.996817;3347.0;Templado Seco (Quechua);-1;0
12963;Iglesia Matriz De Santiago De Lucanamarca;Ayacucho;-13.10438055;-74.37219513038823;3467.0;Templado Seco (Quechua);-1;15
12793;Iglesia De Ninabamba;Ayacucho;-13.089963;-73.914851;2308.0;Templado Seco (Quechua);-1;23
9169;Pueblo Tradicional De Cuispes;Amazonas;-5.9282154;-77.9461995;1879.0;Templado Cálido (Yunga);45;13
12762;Catarata De Sayhuapata;Ayacucho;-13.024209856116691;-74.00356292724611;3082.0;Templado Seco (Quechua);-1;23
12768;Iglesia San Miguel Arcangel;Ayacucho;-13.01267;-73.980904;2671.0;Templado Seco (Quechua);78;23
12007;Catarata De Tomacucho;Ayacucho;-12.97553468723986;-73.99769369671095;3260.0;Templado Seco (Quechua);-1;0
12779;Bosque De Sacsamarca;Ayacucho;-13.19484561;-73.92082214;3513.0;Frío (Suni);77;23
12567;Waru Waru De Caritamaya;Puno;-15.97536389745258;-69.75119018554686;3819.0;Frío (Suni);30;12
12769;Sitio Arqueológico Intiwatana ;Ayacucho;-13.23293215;-73.58145548;4119.0;Muy Frío (Puna);-1;23
11699;Humedal De Huaper;Ayacucho;-12.925736709479738;-74.29357301586913;2348.0;Templado Seco (Quechua);-1;0
11997;Laguna De Toccto;Ayacucho;-12.964996103556778;-74.09853873342219;4137.0;Muy Frío (Puna);-1;0
9201;Sitio Arqueológico Ñaupahuasi;Lima;-12.470882;-75.92679099999998;3675.0;Frío (Suni);48;8
13227;Pinturas Rupestres De Mant´O;Cusco;-12.9665017803384;-72.0667712545449;2473.0;Templado Seco (Quechua);-1;23
9241;Pueblo  De Camaná;Arequipa;-16.62492494408597;-72.71167159080505;16.0;Cálido / Desértico (Costa);56;11
9251;Peroles De Palmeras De Yaranche;Piura;-4.81647;-80.23964999999998;164.0;Cálido / Desértico (Costa);39;1
11786;Criadero De Chinchillas;Puno;-15.35957686601802;-70.37502086686476;3864.0;Frío (Suni);30;12
9258;Caleta Cabo Blanco;Piura;-4.2506369132917845;-81.2334680557251;0.0;Cálido / Desértico (Costa);53;10
14160;Zona Arqueológica Monumental Mangomarca - Sector B;Lima;-12.015137291636494;-76.98106459266114;236.0;Cálido / Desértico (Costa);-1;9
9267;Templo De San Francisco De Asis;Puno;-13.793806828096958;-70.47222018241882;2709.0;Templado Seco (Quechua);-1;3
9268;Templo De San Juan Bautista;Puno;-14.06814655156622;-70.43103486299515;4318.0;Muy Frío (Puna);-1;3
9269;Templo De San Bartolomé;Puno;-14.12531471316941;-69.96696451991511;3762.0;Frío (Suni);-1;3
9270;Sitio Arqueologico De Illingaya;Puno;-13.81119853743042;-70.4677370747284;3339.0;Templado Seco (Quechua);-1;3
9278;Montaña Winikunka - Sector Pitumarca;Cusco;-13.865333163604726;-71.30712287304686;4890.0;Glacial / Nieve (Janca);74;3
9285;Dorados De Maramara;Apurímac;-13.347651;-73.683034;3231.0;Templado Seco (Quechua);-1;18
14385;Petroglifos De Sachapucro;Apurímac;-13.65362;-73.32128;3345.0;Templado Seco (Quechua);-1;23
13298;Mirador De Luicho Pucro;Apurímac;-13.515583;-73.652965;3711.0;Frío (Suni);-1;18
9291;Playa Carhuas - Reserva Nacional De Paracas;Ica;-14.218557;-76.151759;24.0;Cálido / Desértico (Costa);32;19
14594;Cueva Misteriosa;San Martín;-8.20262349319742;-76.44920110702516;1009.0;Templado Cálido (Yunga);-1;21
14042;Chocolatería Valle De Rioja;San Martín;-6.060497;-77.167588;841.0;Templado Cálido (Yunga);54;21
12758;Casa Del Artesano De Rioja;San Martín;-6.061579084710552;-77.16348409652711;832.0;Templado Cálido (Yunga);54;21
13105;Paseo Yortuque;Lambayeque;-6.78624;-79.83945;28.0;Cálido / Desértico (Costa);5;14
12142;El Castillo Encantado;Arequipa;-15.977545168860429;-72.53323933428538;1276.0;Templado Cálido (Yunga);-1;11
9310;Cataratas De Caracucho;Piura;-4.981404299999999;-79.94471599999997;1349.0;Templado Cálido (Yunga);-1;1
9312;Los Peroles San Miguel;Piura;-5.036558224690954;-79.856368303299;1565.0;Templado Cálido (Yunga);55;17
12755;Parque Recreacional Pozo Grande;San Martín;-6.1420908684318505;-77.10076332092287;893.0;Templado Cálido (Yunga);54;21
12181;La Chimenea De Tomasiri;Tacna;-17.83518;-70.522537;436.0;Cálido / Desértico (Costa);27;20
12179;Sama, La Antigua;Tacna;-17.786953;-70.50112;569.0;Templado Cálido (Yunga);27;20
12180;Valle De Puquio;Tacna;-17.77840700864109;-70.39180612;872.0;Templado Cálido (Yunga);27;20
12175;Valle De Coruca;Tacna;-17.650074;-70.447564;1028.0;Templado Cálido (Yunga);27;20
13518;Sitio Arqueológico Cerro El Refugio;Lambayeque;-6.64821;-79.69849;200.0;Cálido / Desértico (Costa);-1;1
13504;Sitio Arqueológico Tres Tomas;Lambayeque;-6.64444;-79.73391;83.0;Cálido / Desértico (Costa);5;14
13331;Jagueyes El Portachuelo;Lambayeque;-6.5913;-79.6429;353.0;Cálido / Desértico (Costa);-1;1
14494;Museo Ferroviario Nacional De Tacna;Tacna;-18.013;-70.2546;555.0;Templado Cálido (Yunga);11;16
13364;Huaca Del Pueblo De Batan Grande;Lambayeque;-6.4823;-79.65333;108.0;Cálido / Desértico (Costa);37;1
12870;Iglesia De San Pedro De Pillao;Pasco;-10.438762;-76.495279;3631.0;Frío (Suni);62;5
12872;Portada Colonial De San Pedro De Pillao;Pasco;-10.438602;-76.495138;3631.0;Frío (Suni);62;5
13780;Laguna De Sapi Sapi;Loreto;-4.50409;-73.577923;100.0;Tropical Húmedo (Selva);-1;7
11837;Templo De Tarucachi;Tacna;-17.526496443148442;-70.0289079744935;3058.0;Templado Seco (Quechua);31;12
14473;Centro Arqueologico De Santa Maria;Tacna;-17.4748;-70.0321;3069.0;Templado Seco (Quechua);31;12
11058;Casa De Piedra;Cusco;-14.328165;-71.195952;3627.0;Frío (Suni);75;3
13095;Los Totorales De Huanchaco;La Libertad;-8.118274408180161;-79.0865384922723;4.0;Cálido / Desértico (Costa);4;14
14571;Iglesia Inmaculada Concepción;Pasco;-10.774596427718166;-75.81370457956497;2940.0;Templado Seco (Quechua);-1;0
9441;Museo Casa Histórica Campaña De La Breña Pucará;Junín;-12.1741462;-75.1451784;3367.0;Templado Seco (Quechua);26;15
13562;Mirador Natural Chonta;Junín;-11.8106618;-75.2680425;4448.0;Muy Frío (Puna);-1;0
14233;Cerro Cabras - Sector La Esperanza;La Libertad;-8.054216;-79.035626;629.0;Templado Cálido (Yunga);4;14
14585;Represa De Huallamayo;Pasco;-10.758627087751282;-75.70207711986428;2452.0;Templado Seco (Quechua);-1;0
9469;Lek Sendero Gallito De Las Rocas;Huánuco;-9.74025361533819;-75.51387262749239;496.0;Cálido / Desértico (Costa);60;26
9473;Cascada Palca;Huánuco;-10.17165591884;-76.74221008465;3579.0;Frío (Suni);62;5
11520;Nevado Chaupijanca;Áncash;-10.00204101962815;-77.00732619203951;5066.0;Glacial / Nieve (Janca);-1;5
12691;Baños Termales De Olleros;Áncash;-9.668517264166487;-77.46324872546734;3440.0;Templado Seco (Quechua);20;22
9505;Mirador Turístico Del Bosque De Protección Alto Mayo;San Martín;-5.6768347;-77.73816520000003;1576.0;Templado Cálido (Yunga);-1;17
11328;Sendero El Canto Del Bosque;San Martín;-5.66116;-77.742782;1675.0;Templado Cálido (Yunga);-1;17
14350;Laguna Orconcocha - Quebrada Llanganuco;Áncash;-9.062507091122812;-77.62999652559436;3836.0;Frío (Suni);62;5
10777;Sendero María Josefa;Áncash;-9.09452598739932;-77.66904709739893;3520.0;Frío (Suni);62;5
11689;Centro Ecológico De Huanchac - Huari.;Áncash;-9.365002;-77.16617300000001;3170.0;Templado Seco (Quechua);62;5
12152;Isla Erizo;Áncash;-9.992855956340588;-78.2006321573005;0.0;Cálido / Desértico (Costa);43;4
13684;Comunidad Nativa De Puerto Prado;Loreto;-4.47198439122;-73.53796114969;113.0;Tropical Húmedo (Selva);-1;7
13029;Cordillera De La Viuda;Lima;-11.39873;-76.40447;4947.0;Glacial / Nieve (Janca);48;8
13463;Playa San Pedro;Lima;-12.54164;-76.73976;3.0;Cálido / Desértico (Costa);36;19
13223;Ex Casa Hacienda De Cayalti;Lambayeque;-6.89259;-79.56113;72.0;Cálido / Desértico (Costa);38;1
13748;Bodega Yañez (La Tinaja De Oro) ;Arequipa;-15.992613;-72.474695;808.0;Templado Cálido (Yunga);-1;11
13749;Bodega Acapana;Arequipa;-15.785356;-73.327872;1687.0;Templado Cálido (Yunga);-1;11
13750;Bodega Reinoso;Arequipa;-16.224833;-72.47025;434.0;Cálido / Desértico (Costa);52;11
13399;Laguna Sansare;Lima;-11.98726133;-76.44725891;3928.0;Frío (Suni);-1;0
13343;Parque Joaquín Capelo;Pasco;-10.29796597615;-74.93534099443;269.0;Cálido / Desértico (Costa);-1;26
13342;Parque De Los Fundadores;Pasco;-10.29748124393;-74.93567344478;268.0;Cálido / Desértico (Costa);-1;26
10305;Cascada Aguas Calientes;San Martín;-6.236942121016558;-77.18141055224423;1023.0;Templado Cálido (Yunga);54;21
11885;Centro Cultural Wasichay;San Martín;-6.572643;-76.132202;194.0;Cálido / Desértico (Costa);-1;1
11698;Centro Poblado De Acopalca;Áncash;-9.3273611;-77.1850277777778;3063.0;Templado Seco (Quechua);62;5
9583;Cascadas Del Amor Y La Niña;Junín;-11.310552;-74.476568;565.0;Templado Cálido (Yunga);61;26
13415;Plaza De Armas De Sayan;Lima;-11.134788;-77.192033;669.0;Templado Cálido (Yunga);-1;4
13514;Mirador Jicarpuna De Vitis;Lima;-12.225533;-75.807816;3616.0;Frío (Suni);48;8
9602;Baños Termales Del Inka Putina;Puno;-14.913482665875206;-69.86909061670303;3859.0;Frío (Suni);72;3
9603;Puente De Piedra De Ilave;Puno;-16.088227775991747;-69.63149785995485;3823.0;Frío (Suni);30;12
11785;Pueblo De San Luís;Áncash;-9.094343199936173;-77.32904940493599;3124.0;Templado Seco (Quechua);62;5
11229;Área De Conservación Regional  Choquequirao - Sector Santa Teresa;Cusco;-13.393614;-72.874276;2985.0;Templado Seco (Quechua);-1;18
13087;El Río Apurímac - Sector Kimbiri;Cusco;-12.622747;-73.787783;571.0;Templado Cálido (Yunga);64;24
13071;Plaza Mayor De La Pacificación De Kimbiri;Cusco;-12.620417;-73.788449;578.0;Templado Cálido (Yunga);64;24
13049;Piscigranja Municipal De Sibayllohuato.;Cusco;-12.629439;-73.759325;632.0;Templado Cálido (Yunga);64;24
11928;Museo Etnográfico Toé;San Martín;-6.064524682351474;-77.16865149321936;845.0;Templado Cálido (Yunga);54;21
11153;Montaña    Aputinya;Cusco;-12.835533;-72.553803;1743.0;Templado Cálido (Yunga);-1;24
11884;Rio Apurimac Sector Pichari;Cusco;-12.530742;-73.835794;551.0;Templado Cálido (Yunga);64;24
11456;Cascada De Sabaloyacu 01;San Martín;-6.393390714119;-76.27907270766;375.0;Cálido / Desértico (Costa);10;25
13300;Bosque De Quinuales Quitshque;Lima;-11.9966806;-76.1084359;4222.0;Muy Frío (Puna);48;8
13487;Manantial Putaca;Lima;-12.07562;-76.25284;3505.0;Frío (Suni);48;8
10937;Área De Conservación Privada Huayllapa;Lima;-10.35928;-77.00195;3490.0;Templado Seco (Quechua);48;8
13403;Catarata Peña Blanca;Lima;-11.997132;-76.471596;3459.0;Templado Seco (Quechua);68;0
13456;Mirador De Llochegua;Ayacucho;-12.41444009;-73.92157037;638.0;Templado Cálido (Yunga);64;24
12423;Sitio Arqueológico De Tapapunta;Áncash;-9.449137103723926;-77.56330108106577;3564.0;Frío (Suni);19;22
11455;Laguna Ahuac ;Áncash;-9.454225293253922;-77.48491961968514;4545.0;Muy Frío (Puna);19;22
9727;Cascada Yuncalara;Lima;-12.351373;-75.778188;3549.0;Frío (Suni);48;8
9728;Paraíso Escondido De Carhuapaccha.;Junín;-12.1834762;-75.2414182;3274.0;Templado Seco (Quechua);26;15
9733;Mirador De Uluasha;Junín;-12.2971415;-75.3002857;3622.0;Frío (Suni);73;0
9734;Cascada De Turunpaccha;Junín;-12.28918646927;-75.2977157;3762.0;Frío (Suni);73;0
9735;Bosques De Yana Yana Y Quishuar;Junín;-12.3045127;-75.2615441;3854.0;Frío (Suni);73;0
9736;Bosque De Piedras De Santa Magdalena;Junín;-12.28918646927;-75.37958795204;3965.0;Frío (Suni);73;0
9745;Laguna Viconga;Lima;-10.41244;-76.84888;4503.0;Muy Frío (Puna);48;8
11683;Cementerio San Pedro De Ninacaca;Pasco;-10.856784;-76.113856;4144.0;Muy Frío (Puna);62;5
11694;Sitio Arqueológico Pueblo Viejo De Huando - Ninacaca;Pasco;-10.72169177010926;-76.04178428649902;4305.0;Muy Frío (Puna);62;5
11693;Gruta Santa Ana;Pasco;-10.778275;-76.084822;4432.0;Muy Frío (Puna);62;5
11691;Cueva Pachapashimin;Pasco;-10.850288;-76.117405;4253.0;Muy Frío (Puna);62;5
11690;Gruta San Pedro De Machay;Pasco;-10.850321;-76.117423;4253.0;Muy Frío (Puna);62;5
12865;Valle De Urasqui;Arequipa;-16.031533;-73.174188;381.0;Cálido / Desértico (Costa);-1;11
12955;Centro Interpretativo Minera De Pasco;Pasco;-10.660508;-76.252978;4383.0;Muy Frío (Puna);16;22
12939;Bosque De Piedra Wanka Wanka;Pasco;-10.592263;-76.146034;4210.0;Muy Frío (Puna);16;22
13016;Laguna De Siete Colores;Lima;-11.35931;-76.44044;4506.0;Muy Frío (Puna);48;8
13397;Museo Municipal Generalísimo Don José De San Martín;Lima;-11.134511;-77.192462;669.0;Templado Cálido (Yunga);-1;4
13374;Cañón De Vicomachay De Vilca     ;Lima;-12.07624;-75.88837;4032.0;Muy Frío (Puna);48;8
12905;Piscigranja De Puquiragra;Pasco;-10.514309;-76.442263;3495.0;Templado Seco (Quechua);62;5
12938;Fundición Minero De Racraytingo;Pasco;-10.557389181016712;-76.15646481513978;3825.0;Frío (Suni);16;22
9815;Laguna Balsacocha;Junín;-12.4418389;-75.4168017;4464.0;Muy Frío (Puna);-1;0
14539;Catarata Batan;Ayacucho;-13.57976;-74.162226;3150.0;Templado Seco (Quechua);77;23
14472;Catarata Qorimaqma;Ayacucho;-13.578833;-74.160765;3111.0;Templado Seco (Quechua);77;23
13513;Catarata Encantada Kurinpaqchi O Kurinpacche ;Lima;-11.258045;-76.71189;2484.0;Templado Seco (Quechua);-1;26
13241;Mirador Valle Hermoso  San Mateo De Otao;Lima;-11.857127;-76.561375;3332.0;Templado Seco (Quechua);68;0
9829;Lomas De Asia;Lima;-12.73124;-76.54949;238.0;Cálido / Desértico (Costa);41;4
10331;Cordillera Arco Iris - Palccoyo;Cusco;-14.032595911584195;-71.24702453613281;4895.0;Glacial / Nieve (Janca);74;3
11766;Pueblo De Huasta;Áncash;-10.1237222;-77.14630555555556;3363.0;Templado Seco (Quechua);62;5
9839;Cabildo Y Antiguo Pueblo De Potaca;Junín;-12.293977;-75.307495;3650.0;Frío (Suni);73;0
13439;Puente Colonial De Piedra Y Calicanto De Checacupe;Cusco;-14.02433;-71.453741;3442.0;Templado Seco (Quechua);-1;23
13438;Puente Inca De Checacupe;Cusco;-14.0243677138;-71.4537933468;3442.0;Templado Seco (Quechua);-1;23
11670; Sitio Arqueológico Cotosh De Oyón   ;Lima;-10.53053;-76.40535;4062.0;Muy Frío (Puna);48;8
11717;Catarata De Huancura;Lima;-11.84502;-76.415520000003;2559.0;Templado Seco (Quechua);68;0
11438;Cascada De Sabaloyacu 02;San Martín;-6.397304833418;-76.27620756769;397.0;Cálido / Desértico (Costa);10;25
9851;Mishky Cacao;San Martín;-6.571197;-76.13198;203.0;Cálido / Desértico (Costa);-1;1
13076;Mariposario Morpho Azul;San Martín;-5.909705480763683;-77.34490530555726;863.0;Templado Cálido (Yunga);54;21
12777;Zona De Conservación Y Recuperación De Ecosistemas Humedal Del Alto Mayo Sector Lloros;San Martín;-5.952553818316305;-77.20603466033937;823.0;Templado Cálido (Yunga);54;21
13916;Pueblo De San Pedro De Pirca;Lima;-11.23433516;-76.65561267;3268.0;Templado Seco (Quechua);48;8
14486;Gruta Virgen De Fatima;Lima;-11.13403;-77.19833;680.0;Templado Cálido (Yunga);-1;4
13052;Sitio Arqueológico De Antapa ;Lima;-12.816465;-75.756537;3669.0;Frío (Suni);48;8
13312;Cabañas Rusticas De Piedra Y Paja;Lima;-12.0339;-76.0241;4437.0;Muy Frío (Puna);48;8
14215;Playa Puerto Viejo;Lima;-12.5757;-76.71242;0.0;Cálido / Desértico (Costa);36;19
13313;Nevado Apu Pariacaca;Lima;-11.993445;-75.993976;5517.0;Glacial / Nieve (Janca);-1;8
13301;Laguna Totoral ;Lima;-11.998857;-76.078734;4198.0;Muy Frío (Puna);48;8
12808;Catarata Gontanga;Áncash;-9.17780076;-77.32847338;4056.0;Muy Frío (Puna);62;5
11792;Quebrada Potaca;Áncash;-9.14406248;-77.48306747;4139.0;Muy Frío (Puna);62;5
12831;Museo Arqueológico De Chacas;Áncash;-9.1625166;-77.3661521;3362.0;Templado Seco (Quechua);62;5
14119;Plaza De Armas De Chavín De Huántar ;Áncash;-9.589651;-77.178012;3143.0;Templado Seco (Quechua);62;5
14099;Catarata Paccha Jircan;Áncash;-9.65918456;-77.17511745;3740.0;Frío (Suni);62;5
13015;Mirador Pumawilca;Áncash;-9.555578;-77.208588;4242.0;Muy Frío (Puna);62;5
9902;Balneario De Machu;Junín;-12.3234174;-75.2918134;3463.0;Templado Seco (Quechua);73;0
9903;Laguna Yuraccocha;Junín;-12.4582434;-75.4184649;4611.0;Muy Frío (Puna);-1;0
9904;Laguna Llacsacocha;Junín;-12.3950492;-75.3140557;3766.0;Frío (Suni);73;0
9906;Cañón De Achapata;Junín;-12.4018888;-75.2521026;3889.0;Frío (Suni);73;0
13491;Sitio Arqueológico De Telarhuay Y Balcón Machay;Junín;-11.5213205;-75.6577821;3851.0;Frío (Suni);73;0
9909;Cerro Wakravilka;Junín;-12.4763543;-75.4013674;5033.0;Glacial / Nieve (Janca);-1;0
9910;Cerro Librillón Leo Ulo;Junín;-12.3671383;-75.3005425;3861.0;Frío (Suni);73;0
12809;Sitio Arqueológico De Huacramarca;Áncash;-9.1763081;-77.4332343;4032.0;Muy Frío (Puna);62;5
9931;Vigía De Yana Ulo;Junín;-12.3979958;-75.3326101;3788.0;Frío (Suni);73;0
9933;Iglesia Matriz De Huasicancha;Junín;-12.3322277;-75.2819768;3711.0;Frío (Suni);73;0
10933;Reserva Nacional Sistema De Islas, Islotes Y Puntas Guaneras - Punta San Juan;Ica;-15.365934520174465;-75.18832602939888;17.0;Cálido / Desértico (Costa);50;11
14155;Mirador Natural 24 De Junio;Áncash;-9.52447254;-77.5137242;3126.0;Templado Seco (Quechua);20;2
9950;Bosque De Unchog;Huánuco;-9.725596218365;-76.16941452678;3542.0;Frío (Suni);62;5
13395;Laguna Yanasiri;Lima;-12.0144657;-76.4267543;3627.0;Frío (Suni);68;0
12867;Formación Rocosa Culebra Rumi;Pasco;-10.444906;-76.490186;3551.0;Frío (Suni);62;5
9987;Iglesia San Andres De Tupicocha;Lima;-12.00178849;-76.47486705;3297.0;Templado Seco (Quechua);68;0
13112;Aguas Termales De Pacchanta;Cusco;-13.7175509;-71.2428045;4301.0;Muy Frío (Puna);74;3
9989;Catarata De Huanano;Lima;-11.89455;-76.439263;2193.0;Templado Cálido (Yunga);-1;0
9991;Catarata Palacala;Lima;-11.9111;-76.42593;2727.0;Templado Seco (Quechua);68;0
9993;Catarata Mortero;Lima;-11.84673;-76.436136;2790.0;Templado Seco (Quechua);68;0
9994;Iglesia Colonial San Jerónimo De Surco;Lima;-11.884007;-76.44054699999998;2012.0;Templado Cálido (Yunga);-1;19
9999;Iglesia El Santísimo Salvador De Pachacamac;Lima;-12.229372936206092;-76.85880929231644;74.0;Cálido / Desértico (Costa);36;19
10001;Mirador Turístico San Miguel;Lima;-12.23289733;-76.8561378121376;80.0;Cálido / Desértico (Costa);36;19
10003;Paseo De Los Incas;Lima;-12.229040025461227;-76.85889780521393;75.0;Cálido / Desértico (Costa);36;19
10004;Casa Hacienda San Fernando;Lima;-12.22080634302;-76.85132542882;106.0;Cálido / Desértico (Costa);36;19
10005;Santuario Diocesano María De La Consagración;Lima;-12.221540247912708;-76.88383992;99.0;Cálido / Desértico (Costa);36;19
10007;Lomas De Quebrada Río Seco - Santuario De Amancay De Unacem Sector Pachacámac  ;Lima;-12.196347544725024;-76.81277138907876;378.0;Cálido / Desértico (Costa);-1;19
10008;Fundo Agroecologico Casablanca ;Lima;-12.20418549984;-76.86465720962;93.0;Cálido / Desértico (Costa);36;19
14542;Sitio Arqueológico De Vinjullo;Junín;-11.546147;-75.3272321;3385.0;Templado Seco (Quechua);73;0
11449;Laguna Cóndor Huaca;Piura;-5.061389;-79.450278;3539.0;Frío (Suni);55;17
11498;Restos Fósiles De Choccocconiri;Puno;-16.318836684000477;-69.58604778766538;3928.0;Frío (Suni);30;12
13507;Bosque De Pino De Chanchana  San Andrés De Tupicocha;Lima;-12.015492;-76.461708;3473.0;Templado Seco (Quechua);68;0
13672;Mirador De Lagunas;Piura;-5.124500319539;-79.86270377829;1006.0;Templado Cálido (Yunga);55;10
12857;Sitio Arqueológico Casona Tampum;Pasco;-10.46931861407787;-76.44869105220913;3427.0;Templado Seco (Quechua);62;5
10081;Bioagricultura Casablanca;Lima;-12.202669728748534;-76.86376073082323;95.0;Cálido / Desértico (Costa);36;19
12139;Zona Monumental De Ancón;Lima;-11.77376;-77.17533;5.0;Cálido / Desértico (Costa);35;19
10299;Plaza De Armas De Chancay;Lima;-11.562711;-77.26996200000002;45.0;Cálido / Desértico (Costa);35;19
12270;Bodega Peirano;Lima;-12.96957;-76.41471;102.0;Cálido / Desértico (Costa);41;4
11751;Cocha Isla De Los Valles;Madre De Dios;-12.26462;-70.919537;279.0;Tropical Húmedo (Selva);51;24
10096;Museo De Arte Sacro Religioso Niño Dios De Reyes;Lambayeque;-6.273637;-79.60817;165.0;Cálido / Desértico (Costa);-1;1
11892;Cascada De Pichari;Cusco;-12.521928;-73.811346;595.0;Templado Cálido (Yunga);64;24
10099;Sitio Arqueológico Cardal;Lima;-12.18688411223;-76.84959515944;167.0;Cálido / Desértico (Costa);36;19
11760;Cocha Brashco;Madre De Dios;-12.171689;-70.008578;330.0;Tropical Húmedo (Selva);51;24
11750;Río Manu;Madre De Dios;-12.082827;-71.123456;300.0;Tropical Húmedo (Selva);51;24
12500;Lomas De Ancón - Área De Conservación Regional Sistema De Lomas De Lima;Lima;-11.72612709115374;-77.14056753448484;178.0;Cálido / Desértico (Costa);35;19
11251;Parroquia Espíritu Santo De Chacayán;Pasco;-10.4340869295289;-76.43734497995098;3336.0;Templado Seco (Quechua);62;5
11897;Cascada Piscina Natural De Nogalpampa;Cusco;-12.435556;-73.829945;1014.0;Templado Cálido (Yunga);64;24
12335;Lagunas De Tarhuiyocc;Ayacucho;-13.417214338625152;-73.98760471164755;4136.0;Muy Frío (Puna);-1;0
12473;Baños Termales De Baño Pampa;Puno;-14.15705205852618;-69.69052825257029;3388.0;Templado Seco (Quechua);-1;3
14223;Parque Cultural Y Gastronómico Ibanko Tsompari ;Junín;-11.332828;-74.529607;684.0;Templado Cálido (Yunga);61;26
10122;Plaza De Armas De Lurín;Lima;-12.2731909;-76.8689779;11.0;Cálido / Desértico (Costa);36;19
11800;Centro De Interpretación De Eco Artesanías De Totora Titikaka Chimu;Puno;-15.855291646116552;-69.96096968650818;3817.0;Frío (Suni);8;6
14238;Mirador Natural De Rajuntay ;Junín;-11.56151;-76.2529;4711.0;Muy Frío (Puna);48;8
11114;Parque Nacional Cerros De Amotape - El Caucho;Tumbes;-4.316135;-80.588173;502.0;Templado Cálido (Yunga);-1;10
10159;Casa Club Pacasmayo ;La Libertad;-7.40136;-79.57338;0.0;Cálido / Desértico (Costa);46;10
10343;Pinturas Rupestres De Ucurragra;Huánuco;-8.625189382320922;-77.0934892505428;3573.0;Frío (Suni);49;28
10176;Santuario Del Señor De Huanca;Cusco;-13.486895;-71.802699;3196.0;Templado Seco (Quechua);22;6
13731;Fundo Ecoturístico Comunal De Yanama;Junín;-11.8018385;-75.6565219;3498.0;Templado Seco (Quechua);73;0
14115;Las Pampas De Sicaya;Junín;-12.0116424;-75.2956655;3273.0;Templado Seco (Quechua);26;15
14541;Quebrada De Tranka;Junín;-11.7031837;-75.3694679;3970.0;Frío (Suni);73;0
14535;Cascada De Quero;Junín;-11.7044065;-75.3715992;3916.0;Frío (Suni);73;0
12280;Bosque De Usqu Willka;Ayacucho;-13.048928;-74.100702;3623.0;Frío (Suni);-1;15
14450;Humedal De Kewacocha;Junín;-11.5133515;-75.9517708;3837.0;Frío (Suni);48;8
14204;Iglesia Nuestra Señora De La Asunción De Matahuasi;Junín;-11.8942078;-75.3442719;3278.0;Templado Seco (Quechua);73;0
14096;Ciudadela Prehispánica De Shanganmarca;Junín;-10.9675981;-75.9125092;4261.0;Muy Frío (Puna);48;8
13485;Necrópolis De Pacha Ñahuin;Junín;-11.5206106;-75.6503666;4137.0;Muy Frío (Puna);73;0
14540;Catarata Del Tingo;Junín;-11.5981572;-75.3332188;3787.0;Frío (Suni);73;0
14206;Bofedal De Luncupuquio;Junín;-11.1140716;-76.0007606;4087.0;Muy Frío (Puna);48;8
14116;Humedal De Kulta Kucha;Junín;-11.8903766;-75.3713768;3276.0;Templado Seco (Quechua);73;0
13733;Bodega Línea De Sangre - Viña Porteros ;Lima;-11.091;-77.16512;797.0;Templado Cálido (Yunga);-1;4
13244;Cerro Icchal;La Libertad;-8.002700989942;-78.1648923088;3597.0;Frío (Suni);49;28
11463;Cascada De Huarapal.;Tumbes;-3.779176502304472;-80.34736634664537;143.0;Cálido / Desértico (Costa);34;1
10215;Cascadas De Ticlio - Vadopaccha;Junín;-11.8693757;-75.9945823;4580.0;Muy Frío (Puna);48;8
10216;Lagunas De Quero;Junín;-11.6586596;-75.3821674;4376.0;Muy Frío (Puna);-1;0
13866;Laguna De Yaulicocha;Junín;-12.1813106;-75.0622168;4266.0;Muy Frío (Puna);-1;0
12690;Bosque De Puyas Raimondi - Huaso;La Libertad;-8.114096921119886;-78.48864230213263;3136.0;Templado Seco (Quechua);45;13
10220;Mirador De Jerusalén;Junín;-11.7920619;-75.937571;4334.0;Muy Frío (Puna);48;8
13787;Casa Museo De La Flor Pucarina;Junín;-12.1727022;-75.1418121;3346.0;Templado Seco (Quechua);26;15
10224;Laguna De Lacsacocha;Junín;-11.782594;-76.018872;4628.0;Muy Frío (Puna);48;8
10225;Laguna De Quiullacocha;Junín;-11.68007;-75.92964;4575.0;Muy Frío (Puna);48;8
10226;Fundición De Callapampa;Junín;-11.754776;-75.989071;4212.0;Muy Frío (Puna);48;8
10241;Catarata De Carispaccha;Junín;-11.417;-76.296;4254.0;Muy Frío (Puna);48;8
10242;Campo De Batalla De Sangrar;Junín;-11.491;-76.313;4443.0;Muy Frío (Puna);48;8
10243;Laguna De Marcapomacocha;Junín;-11.4;-76.347;4414.0;Muy Frío (Puna);48;8
10244;Iglesia Matriz De Marcapomacocha;Junín;-11.406;-76.336;4416.0;Muy Frío (Puna);48;8
10249;Piscina Natural De Palmapata;Junín;-11.1840636;-75.3569745;1439.0;Templado Cálido (Yunga);-1;26
13303;Glaciar Chuecón;Lima;-11.94301;-76.06874;4907.0;Glacial / Nieve (Janca);48;8
13285;Laguna Colquepucro;Lima;-11.98061;-76.04368;4554.0;Muy Frío (Puna);48;8
12680;Pinturas Rupestres De Chinchinvara;La Libertad;-8.23031966826698;-78.37041104235479;3548.0;Frío (Suni);45;5
14245;Playa Del Puente La Auvernia;Junín;-11.106667;-75.38527799999997;883.0;Templado Cálido (Yunga);61;26
10256;Iglesia Y Torres Excenta De San Cristóbal De Rapaz   ;Lima;-10.87399;-76.70454;4007.0;Muy Frío (Puna);48;8
10262;Jardín Etnobotánico Semilla Bendita;Junín;-11.135278;-75.38111100000003;930.0;Templado Cálido (Yunga);61;26
10263;Plaza Mayor De San Ramón;Junín;-11.1213386614527;-75.35205960273744;820.0;Templado Cálido (Yunga);61;26
10264;Casa Hacienda Palmapampa;Junín;-11.081269;-75.385389;1237.0;Templado Cálido (Yunga);-1;26
10265;Comunidad Nativa Shipibo Konibo Shawan Rama;Junín;-11.106389;-75.328889;944.0;Templado Cálido (Yunga);61;26
13910;Formaciones Rocosas De Pichjapuquio;Junín;-11.6771887;-75.5305266;3805.0;Frío (Suni);73;0
13724;Cascada De Pacapaccha;Junín;-11.6910576;-75.5281259;3622.0;Frío (Suni);73;0
13484;Caverna De Mama Huari;Junín;-11.5380822;-75.6538349;4025.0;Muy Frío (Puna);73;0
13611;Zona Arqueològica Monumental Cerro Ampugasa;Lima;-12.065072;-76.27431;4533.0;Muy Frío (Puna);48;8
13284;Laguna Piticocha;Lima;-12.06276;-76.03589;4392.0;Muy Frío (Puna);48;8
12844;Plaza De Armas De Yarinacocha;Ucayali;-8.3547869;-74.5757904;156.0;Tropical Húmedo (Selva);9;25
14509;Aguajales De Panaillo;Ucayali;-8.235562;-74.706382;158.0;Tropical Húmedo (Selva);-1;19
12721;Balneario San José;Ucayali;-8.3385097;-74.5943398;153.0;Tropical Húmedo (Selva);9;25
10950;Comunidad Nativa Puerto Firmeza;Ucayali;-8.254840058781268;-74.65936712400895;157.0;Tropical Húmedo (Selva);9;25
12628;Caño Pacacocha;Ucayali;-8.311267;-74.569988;141.0;Tropical Húmedo (Selva);9;25
10294;Las Cascadas Del Fundo San Isidro;Junín;-10.95608;-75.05143;1104.0;Templado Cálido (Yunga);61;26
10949;Comunidad Nativa Santa Teresita;Ucayali;-8.355573;-74.669483;151.0;Tropical Húmedo (Selva);9;25
12601;Complejo Ceremonial De Mallku Amantiñani    ;Puno;-16.052341733227596;-69.69253886032715;3882.0;Frío (Suni);30;12
12381;Iglesia San Juan Bautista;Áncash;-8.253469068217704;-77.99902150993982;3133.0;Templado Seco (Quechua);49;28
12382;Cascada De Aguaytoro;Áncash;-8.252133;-77.958579;3440.0;Templado Seco (Quechua);49;28
13101;Montaña Winikunka - Sector Cusipata ;Cusco;-13.864319;-71.30285926579955;4976.0;Glacial / Nieve (Janca);-1;3
14257;Mirador Natural Piedras Coloradas;Piura;-4.48452934;-80.75883387;473.0;Cálido / Desértico (Costa);53;10
13707;Humedal De Huasao;Cusco;-13.59059946356;-71.63045167922;4309.0;Muy Frío (Puna);-1;23
10308;Laguna De Humantay;Cusco;-13.383102;-72.57277213205577;4173.0;Muy Frío (Puna);-1;23
10304;Laguna Singrenacocha Sector Marcapata;Cusco;-13.65579081895;-71.16086315123;4343.0;Muy Frío (Puna);74;3
13186;Alameda 28 De Julio;La Libertad;-7.399965821491;-79.5672654346;7.0;Cálido / Desértico (Costa);46;10
10320;Mirador Del Cristo Redentor ;La Libertad;-7.39711;-79.57037;10.0;Cálido / Desértico (Costa);46;10
11072;Paseo De La Paz;La Libertad;-7.4001337;-79.5668791;6.0;Cálido / Desértico (Costa);46;10
10330;Iglesia Nuestra Señora De Guadalupe De Pacasmayo;La Libertad;-7.39997;-79.57186;0.0;Cálido / Desértico (Costa);46;10
13132;Plaza De Armas De Pacasmayo;La Libertad;-7.40112219;-79.57225588;10.0;Cálido / Desértico (Costa);46;10
13131;Plazuela Grau De Pacasmayo;La Libertad;-7.399769119741472;-79.57211979259031;0.0;Cálido / Desértico (Costa);46;10
11475;Cañon De Huagtahuaru;Áncash;-9.867778;-76.90472199999999;3457.0;Templado Seco (Quechua);62;5
10340;Laguna Azulcocha;Huánuco;-8.681646543615345;-77.1445004561952;4177.0;Muy Frío (Puna);49;28
10339;Laguna Chinchaycocha;Huánuco;-8.641361;-77.056764;3705.0;Frío (Suni);49;28
10342;Sitio Arqueológico De Magampatay;Huánuco;-9.180833;-76.7515;2699.0;Templado Seco (Quechua);-1;28
10345;Sitio Arqueológico De Tambo;Huánuco;-9.165806;-76.746528;3309.0;Templado Seco (Quechua);-1;28
10346;Sitio Arqueológico Mariagan;Huánuco;-9.202417;-76.721306;3273.0;Templado Seco (Quechua);-1;28
10352;Malecón Vuelta Al Mundo;Huánuco;-9.547286111111111;-76.81301944444444;3430.0;Templado Seco (Quechua);62;5
10350;Catarata Ocho De Agosto;Huánuco;-9.309416666666667;-76.45922222222222;1097.0;Templado Cálido (Yunga);33;19
10344;Baños Termales De Conoc;Huánuco;-9.798364;-76.804869;3165.0;Templado Seco (Quechua);62;5
10349;Bosque De Piedras Shuquil;Huánuco;-10.036389;-76.6475;3798.0;Frío (Suni);62;5
10351;Grutas De Colpa;Huánuco;-9.895;-76.748056;3707.0;Frío (Suni);62;5
10347;Sitio Arqueológico Gongui;Huánuco;-10.007778;-76.683889;3502.0;Frío (Suni);62;5
12281;Mirador Chico Morada ;Ayacucho;-13.046658;-74.117131;3518.0;Frío (Suni);-1;15
10353;Mayantuyacu;Huánuco;-8.8119;-74.72767;227.0;Cálido / Desértico (Costa);60;26
10348;Comunidad Nativa Ashaninka El Naranjal;Huánuco;-8.986978;-74.753606;181.0;Cálido / Desértico (Costa);60;26
10341;Quebrada Llullabaños;Huánuco;-9.169647;-74.84055;203.0;Cálido / Desértico (Costa);60;26
10338;Sitio Arqueológico Nunash;Huánuco;-9.727286;-76.776072;3497.0;Templado Seco (Quechua);62;5
13277;Museo Chanka De Andahuaylas ;Apurímac;-13.661505;-73.386436;3021.0;Templado Seco (Quechua);71;23
13282;Sala De Interpretación José María Arguedas ;Apurímac;-13.657244;-73.387913;2894.0;Templado Seco (Quechua);71;23
13276;Mirador Apu Huayhuaca;Apurímac;-13.66068490632;-73.38619351452;2982.0;Templado Seco (Quechua);71;23
10301;Laguna Ururi;Lima;-11.99774;-76.42544;3828.0;Frío (Suni);68;0
10300;Camino Inca De San Andres De Tupicocha;Lima;-12.0007934;-76.4743831;3304.0;Templado Seco (Quechua);68;0
11500;Cataratas De Chaquiorco   ;Cusco;-13.129722;-72.598611;1836.0;Templado Cálido (Yunga);-1;24
13054;Campo De La Batalla De Acarí;Arequipa;-15.446817;-74.635073;188.0;Cálido / Desértico (Costa);50;11
10337;Laguna Asiaj;Huánuco;-8.699136;-77.008175;3359.0;Templado Seco (Quechua);-1;28
12907;Campo De Batalla Pampas De Purrumpampa;La Libertad;-7.8135693;-78.0395415;3157.0;Templado Seco (Quechua);49;28
11070;Museo Imasumaq ;La Libertad;-7.82225487;-78.05342394;3227.0;Templado Seco (Quechua);49;28
11054;Plaza Mayor De Huamachuco;La Libertad;-7.815607818203919;-78.0486612175622;3171.0;Templado Seco (Quechua);49;28
11848;Camino Inka Jungle Tramo Santa Maria La Antigua Cocalmayo;Cusco;-13.1303;-72.5942;1560.0;Templado Cálido (Yunga);-1;24
11847;Qhapaq Ñan Tramo Choquetakarpu- Choquequirao;Cusco;-13.394742;-72.872243;2979.0;Templado Seco (Quechua);-1;18
13959;Plaza De Armas Huarocondo;Cusco;-13.415454;-72.207616;3343.0;Templado Seco (Quechua);80;23
10314;Comunidad De Vista Alegre;Loreto;-3.88042;-70.28976;66.0;Tropical Húmedo (Selva);14;7
10317;Comunidad De Puerto Alegría;Loreto;-4.11904;-70.05167;65.0;Tropical Húmedo (Selva);14;7
10313;Pueblo De Islandia;Loreto;-4.35336;-70.04114;68.0;Tropical Húmedo (Selva);14;7
10312;Pueblo De San Pablo;Loreto;-4.02039;-71.10348;83.0;Tropical Húmedo (Selva);14;7
10311;Comunidad Huitoto De Pucaurquillo ;Loreto;-3.33382;-71.91743;95.0;Tropical Húmedo (Selva);14;7
10306;Comunidad Bora De Pucaurquillo;Loreto;-3.33309;-71.91572;95.0;Tropical Húmedo (Selva);14;7
10319;Lomas De Amancaes, Bella Durmiente - Área De Conservación Regional Sistema De Lomas De Lima;Lima;-12.006559023483966;-77.04059045767212;395.0;Cálido / Desértico (Costa);-1;9
10310;Isla Santa Rosa;Loreto;-4.2226;-69.95922;70.0;Tropical Húmedo (Selva);14;7
10309;Comunidad Nativa Ticuna Cushillo Cocha;Loreto;-3.940223729657691;-70.45216910784025;73.0;Tropical Húmedo (Selva);14;7
14520;Iglesia Nuestra Señora Del Rosario;Ucayali;-11.137245211513964;-73.04552063346479;282.0;Tropical Húmedo (Selva);59;24
10463;Iglesia Colonial De Huacho;Lima;-10.85859522;-76.83116912;3386.0;Templado Seco (Quechua);48;8
10465;Iglesia San Bartolomé De Curay;Lima;-10.840379;-76.815183;3404.0;Templado Seco (Quechua);48;8
12551;Fuente Termal Encanto De Humo;Loreto;-7.2088705300190385;-74.95143910640536;187.0;Tropical Húmedo (Selva);-1;21
13437;Capilla De San Miguel De Raqchi;Cusco;-14.1735164;-71.370936;3483.0;Templado Seco (Quechua);75;3
13281;Reserva Forestal Montes De La Virgen;Lambayeque;-6.71232;-79.911;19.0;Cálido / Desértico (Costa);5;14
12339;Plaza De Armas De Quilmana;Lima;-12.94934;-76.38351;160.0;Cálido / Desértico (Costa);41;4
12271;Arco De Recepción De Quilmana;Lima;-12.943658505863755;-76.3835488178257;172.0;Cálido / Desértico (Costa);41;4
12723;Sitio Arqueológico De Pueblo Viejo ;Arequipa;-15.760923;-74.45401;20.0;Cálido / Desértico (Costa);50;11
12724;Sitio Arqueológico De Cahuamarca  ;Arequipa;-15.728582;-74.370519;1278.0;Templado Cálido (Yunga);-1;11
12722;Sitio Arqueológico De Ayparipa;Arequipa;-15.8227863;-74.372608;224.0;Cálido / Desértico (Costa);-1;11
12686;Isla Lobera De Ocopa;Arequipa;-15.825935;-74.397996;0.0;Cálido / Desértico (Costa);50;11
12685;Playa Jihuay;Arequipa;-15.830709;-74.363888;6.0;Cálido / Desértico (Costa);50;11
10946;Piscina Natural De Sapani;Ucayali;-10.692993;-73.8612;282.0;Tropical Húmedo (Selva);-1;26
10947;Cueva De Tambo Ushco;Ucayali;-10.722268;-73.805832;285.0;Tropical Húmedo (Selva);-1;26
12380;Sitio Arqueológico Castillo De Cuymalca;Áncash;-8.255762;-78.009105;2830.0;Templado Seco (Quechua);49;28
10948;Caída De La Quinceañera - Unini;Ucayali;-10.628320711979276;-73.95952720642089;245.0;Tropical Húmedo (Selva);-1;26
14370;Reserva Comunal Purús - Sector Río La Novia;Ucayali;-10.182545528893511;-71.3766757096164;319.0;Tropical Húmedo (Selva);-1;24
13740;Laguna Kankasica  San Andrés De Tupicocha;Lima;-12.029349;-76.505179;3154.0;Templado Seco (Quechua);68;0
12815;Laguna De Uchillki;Ayacucho;-13.718789;-74.110154;3107.0;Templado Seco (Quechua);77;23
10982;Laguna Nuevo Angamos;Ucayali;-8.56853;-74.341018;145.0;Tropical Húmedo (Selva);-1;19
11739;Caídas De Agua De La Comunidad Nativa De Kotsimba.;Madre De Dios;-13.14650755022338;-70.30692;415.0;Tropical Húmedo (Selva);51;24
11738;Collpa Barranco Grande De La Comunidad Nativa De Kotsimba.;Madre De Dios;-13.14161;-70.30485;372.0;Tropical Húmedo (Selva);51;24
12080;Comunidad Nativa Santa Rosa De Dinamarca;Ucayali;-8.691948;-74.413265;155.0;Tropical Húmedo (Selva);-1;19
11176;Pueblo Tradicional De Ichocan;Cajamarca;-7.36833;-78.1306;2588.0;Templado Seco (Quechua);45;13
11737;Collpa De Mamíferos De La Comunidad Nativa De Kotsimba;Madre De Dios;-13.072351;-70.295812;516.0;Tropical Húmedo (Selva);51;24
10375;Centro Termal Recreativo Pultumarka;Cajamarca;-7.163874;-78.465525;2657.0;Templado Seco (Quechua);17;2
11466;Laguna Ricuricocha;San Martín;-6.53183786764304;-76.40733665226664;278.0;Cálido / Desértico (Costa);10;25
10366;Catarata El Encuentro;Lima;-11.79487;-76.35979;2849.0;Templado Seco (Quechua);68;0
10365;Catarata De Challape;Lima;-11.859289;-76.408325;2336.0;Templado Seco (Quechua);-1;0
11749;Catarata De Shintuya;Madre De Dios;-12.39493;-71.15464;341.0;Tropical Húmedo (Selva);51;24
12804;Collpa De Guacamayos  Mascoitania;Madre De Dios;-12.474199;-71.233831;388.0;Tropical Húmedo (Selva);51;24
11203;Reserva Arena Blanca - Rioja;San Martín;-5.681295427838035;-77.63630390167236;1148.0;Templado Cálido (Yunga);54;21
12118;Sendero Quiscarrumi;San Martín;-6.1473353212996384;-76.84120173091016;846.0;Templado Cálido (Yunga);-1;1
11930;Meliponario Yantaló ;San Martín;-5.970410405386263;-77.02601924917795;821.0;Templado Cálido (Yunga);54;21
11875;La Encañada De Yorongos;San Martín;-6.217108957120629;-77.15926791068112;964.0;Templado Cálido (Yunga);54;21
11025;Bosque De Las Nuwas;San Martín;-5.749681714001;-77.38238233426;856.0;Templado Cálido (Yunga);54;21
14315;Mirador Del Río Tioyacu;San Martín;-5.99348221605;-77.28878960539;935.0;Templado Cálido (Yunga);54;21
10867;Templo Colonial San Pedro  De Paccaritambo;Cusco;-13.7567;-71.9564;3580.0;Frío (Suni);-1;23
11220;Cañón De Los Perdidos;Ica;-14.451606;-75.305056;608.0;Templado Cálido (Yunga);32;19
12908;Ventanillas De Bellavista;Cajamarca;-6.71611;-78.54556;2894.0;Templado Seco (Quechua);45;13
10799;Río Vilca - Sector Vilca;Huancavelica;-12.480733689617049;-75.18237233161928;3215.0;Templado Seco (Quechua);73;0
11551;Geoglifos De Bogotalla;Ica;-14.38127;-75.32673;1104.0;Templado Cálido (Yunga);-1;19
10680;Laguna Suyoc;Lima;-12.02329;-76.06882;4617.0;Muy Frío (Puna);48;8
10689;Mirador San Antonio ;Lima;-10.35734;-76.89757;4994.0;Glacial / Nieve (Janca);48;8
10684;Cascada Isco;Lima;-10.45816;-76.92137;4058.0;Muy Frío (Puna);48;8
10685;Cascada Escalón;Lima;-10.4491;-76.89669;4149.0;Muy Frío (Puna);48;8
10826;Baños Termales De Guñoc;Lima;-10.4198;-76.85791;4346.0;Muy Frío (Puna);48;8
10931;Museo Metropolitano De Lima;Lima;-12.063857012341058;-77.03669972779349;137.0;Cálido / Desértico (Costa);28;9
10688;Fundo Chocofinca;Cusco;-12.641092;-72.530529;982.0;Templado Cálido (Yunga);63;24
13083;Museo Municipal Del Teatro;Lima;-12.046431706976032;-77.03515251863328;153.0;Cálido / Desértico (Costa);28;9
10997;Playa El Amor;Piura;-4.09637;-81.05026;0.0;Cálido / Desértico (Costa);53;10
11094;Cascada Piscina De Los Reyes;San Martín;-6.236326;-77.169683;1054.0;Templado Cálido (Yunga);54;21
11416;Cascada Lluvia Perpetua;San Martín;-6.244743926019752;-77.16568355654947;1208.0;Templado Cálido (Yunga);54;21
10697;Casa Cuartel Jose Gabriel - Tupac Amaru Ii ;Cusco;-14.163856;-71.475703;3789.0;Frío (Suni);75;3
13157;Catarata Alccochaka;Puno;-13.38761;-70.33531;464.0;Cálido / Desértico (Costa);51;24
12894;Casa Fernandini;Lima;-12.045168450666306;-77.03511077542419;155.0;Cálido / Desértico (Costa);28;9
10943;Museo De Arqueología Josefina Ramos De Cox;Lima;-12.05276542986224;-77.03778968505635;143.0;Cálido / Desértico (Costa);28;9
11493;El Muelle Fiscal De Pisco;Ica;-13.709887;-76.21868;1.0;Cálido / Desértico (Costa);32;19
12910;Complejo Arqueológico De Churajón;Arequipa;-16.659455;-71.354506;3274.0;Templado Seco (Quechua);31;12
10941;Area De Conservación Regional Humedales De Ventanilla;Callao;-11.87556141357486;-77.14753031730652;1.0;Cálido / Desértico (Costa);35;19
11434;Reserva Privada Aconabikh ;San Martín;-6.417444446547247;-76.31562759259033;725.0;Templado Cálido (Yunga);10;25
10859;Cascada Natural De Sirenachayuq;Cusco;-13.3512564;-71.9288253;3154.0;Templado Seco (Quechua);22;6
14007;Pinturas Rupestres De Chinac;La Libertad;-7.85041;-77.79117;3830.0;Frío (Suni);49;28
12855;Catarata Lágrimas De Doncella;La Libertad;-7.754473;-77.851513;2963.0;Templado Seco (Quechua);49;28
11201;Fundo Alto Nieva - Rioja;San Martín;-5.672588;-77.762641;1933.0;Templado Cálido (Yunga);-1;17
11437;Mirador El Mono Y La Gata;San Martín;-6.4602399;-76.3030322;779.0;Templado Cálido (Yunga);10;25
10866;Zona  Arqueológica Puma Orqo ;Cusco;-13.705888;-71.957528;3288.0;Templado Seco (Quechua);-1;23
10868;Sitio Arqueológico De Killarumiyoq;Cusco;-13.445174;-72.309884;3640.0;Frío (Suni);-1;23
10878;Fundo Pishcota;Ucayali;-8.535769;-74.772256;202.0;Tropical Húmedo (Selva);-1;19
11879;Pongo Santa Rosa De Chachi;Ucayali;-8.805245;-75.301275;231.0;Tropical Húmedo (Selva);60;26
11197;Asociacion De Productores Ecologicos Pimental;Ucayali;-8.522383;-74.807617;211.0;Tropical Húmedo (Selva);-1;19
11029;Aguas Turquesas De Millpu;Ayacucho;-13.74944;-74.13055;3728.0;Frío (Suni);77;0
10874;Lugar De La Memoria, La Tolerancia Y La Inclusión Social - Lum;Lima;-12.110043543821776;-77.05402851104736;48.0;Cálido / Desértico (Costa);-1;9
10888;Yuraq Rumi ;Cusco;-13.111047;-72.928145;3010.0;Templado Seco (Quechua);-1;18
10885;Huerto Don Torcuato;Lima;-12.20762608442;-76.86124390464;91.0;Cálido / Desértico (Costa);36;19
11291; Sitio Arqueológico De Pharalujio;Moquegua;-16.29825063;-70.74422895;3319.0;Templado Seco (Quechua);67;3
11292;Mirador De Pukara;Moquegua;-16.3029;-70.7424;3404.0;Templado Seco (Quechua);67;3
11293;Tumbas Colgantes De Mayuuju;Moquegua;-16.2993;-70.7449;3288.0;Templado Seco (Quechua);67;3
11295;Pinturas Rupestres De Chintari;Moquegua;-16.3421;-70.7225;3874.0;Frío (Suni);67;3
11278; Mirador De Tata Pukara;Moquegua;-16.3373;-70.7278;3926.0;Frío (Suni);67;3
11276;Petroglifos De Khuculiska;Moquegua;-16.3254;-70.7341;3430.0;Templado Seco (Quechua);67;3
11294;Represa De Chirimayuni;Moquegua;-16.3532;-70.5969;4351.0;Muy Frío (Puna);-1;3
11132;Área De Conservación Amazon Forever Biopark;Loreto;-3.88369;-73.35114;118.0;Tropical Húmedo (Selva);2;27
11012;Montaña De Putucusi;Cusco;-13.154594451375802;-72.53606811711522;2005.0;Templado Cálido (Yunga);-1;23
11836;Alameda Bolognesi;Tacna;-18.015404;-70.250906;562.0;Templado Cálido (Yunga);11;16
14232;Cascada De Aguas Calientes ;Cusco;-13.1492497;-72.5213299;2205.0;Templado Cálido (Yunga);-1;23
10898;Parque Domodossola;Lima;-12.134552902467997;-77.02828701227841;74.0;Cálido / Desértico (Costa);29;9
11882;Pongo Del Amor;Ucayali;-8.774694;-75.246314;211.0;Tropical Húmedo (Selva);60;26
10900;Estación Biológica Villa Carmen;Cusco;-12.89479;-71.40376;526.0;Templado Cálido (Yunga);51;24
10961;Área De Conservación Asoconprebiocha;Ucayali;-8.472102;-74.48253;152.0;Tropical Húmedo (Selva);9;25
11068;Catarata Gallito De Las Rocas;Cusco;-12.674723;-72.846788;1509.0;Templado Cálido (Yunga);-1;24
11069;Catarata Orquídeas ;Cusco;-12.673094;-72.846848;1439.0;Templado Cálido (Yunga);-1;24
11116;Catarata Puente De Las Sirenas ;Cusco;-12.671386;-72.848791;1289.0;Templado Cálido (Yunga);-1;24
11200;Cascada Urkuchaki;San Martín;-6.112394;-77.297559;1558.0;Templado Cálido (Yunga);54;21
12478;Cueva Cascada Escondida;San Martín;-5.96328;-77.34764;1015.0;Templado Cálido (Yunga);54;21
10972;Cascada La Lima;Cajamarca;-5.359604;-78.95279;1637.0;Templado Cálido (Yunga);55;17
10971;Cascada San Francisco;Cajamarca;-5.428469;-78.900635;1290.0;Templado Cálido (Yunga);55;17
10970;Cascada Llano Grande;Cajamarca;-5.428178;-78.900176;1303.0;Templado Cálido (Yunga);55;17
10969;Cascada Machetillo;Cajamarca;-5.36806;-78.937491;1746.0;Templado Cálido (Yunga);55;17
10910;Plaza Grau - Mollendo;Arequipa;-17.030437;-72.014798;28.0;Cálido / Desértico (Costa);57;11
10909;Puente De Fierro Peatonal;Arequipa;-17.031618;-72.015398;16.0;Cálido / Desértico (Costa);57;11
11877;Parque Temático Machu Picchu Limeño;Lima;-11.486140022678097;-76.6737056713562;2730.0;Templado Seco (Quechua);68;0
11615;Laguna Chalco;Lima;-10.834148;-76.601471;4595.0;Muy Frío (Puna);48;8
11321;Playa Los Arcos;Arequipa;-15.495092478423295;-74.95993395239256;0.0;Cálido / Desértico (Costa);50;11
12067;Playa Puyenca;Arequipa;-16.222811111500253;-73.6772226441803;0.0;Cálido / Desértico (Costa);50;11
10908;Muelle Turístico Mollendo;Arequipa;-17.031442;-72.015724;16.0;Cálido / Desértico (Costa);57;11
12101;Laguna Papacocha De Vilca;Lima;-12.1092;-75.83375;3894.0;Frío (Suni);48;8
10928;Playa Mollendina;Arequipa;-17.032368;-72.012819;4.0;Cálido / Desértico (Costa);57;11
10907;Locomotora A Vapor La Mollendina ;Arequipa;-17.032063;-72.01509;9.0;Cálido / Desértico (Costa);57;11
11618;Laguna Chiuric;Lima;-10.89071;-76.58831;4486.0;Muy Frío (Puna);48;8
12099;Mirador Cantagallo De Vilca;Lima;-12.11269;-75.82907;3876.0;Frío (Suni);48;8
12098;Bosque Del Amor De Vilca ;Lima;-12.11098;-75.83089;3892.0;Frío (Suni);48;8
11491;Laguna Casacocha;Lima;-10.95626665443214;-76.58386181695914;4580.0;Muy Frío (Puna);48;8
12097;Cascada Pukacha De Vilca;Lima;-12.113207;-75.825539;3824.0;Frío (Suni);48;8
14172;Plaza De La Identidad San Antoniana ;Lima;-11.8064482;-76.7874076;1673.0;Templado Cálido (Yunga);-1;19
11678; Sitio Arqueológico Huaychaomarca;Lima;-10.87304;-76.70583;4023.0;Muy Frío (Puna);48;8
11673;Cañón De Pungullo;Lima;-10.52995;-76.41083;4073.0;Muy Frío (Puna);48;8
11873;Zona Arqueológica Monumental De Peñico;Lima;-10.930475341953292;-77.43075134110451;604.0;Templado Cálido (Yunga);-1;4
11718;Cascada De Paccha;Lima;-10.834148;-76.601471;4595.0;Muy Frío (Puna);48;8
11288;Llantería Bird´S;San Martín;-5.674006568031804;-77.70374883068847;1459.0;Templado Cálido (Yunga);54;21
13987;Centro Poblado Barrio Florido;Loreto;-3.63729;-73.21179;100.0;Tropical Húmedo (Selva);2;27
13794;Comunidad Nativa Independencia;Loreto;-3.64433;-73.23502;124.0;Tropical Húmedo (Selva);2;27
10967;Cerro Tamburco;San Martín;-6.057748329386887;-77.2333377698279;1067.0;Templado Cálido (Yunga);54;21
10927;Caleta De Catarindo   ;Arequipa;-17.017335;-72.033941;13.0;Cálido / Desértico (Costa);57;11
11121;Catarata Shihui;San Martín;-7.431376739788297;-76.97791352357906;427.0;Cálido / Desértico (Costa);58;21
10926;Barrio Inclán  ;Arequipa;-17.02947;-72.008964;47.0;Cálido / Desértico (Costa);57;11
10924;Plaza Bolognesi-Mollendo;Arequipa;-17.029309;-72.015493;30.0;Cálido / Desértico (Costa);57;11
12282;Cascada Paqcha Chirapaq;Ayacucho;-13.036541;-74.119841;3488.0;Templado Seco (Quechua);-1;15
12578;Cascada Alcate;Amazonas;-6.2116945;-77.7704261;2277.0;Templado Cálido (Yunga);18;2
10936;Museo Paleontológico De Huacrapuquio;Junín;-12.170833;-75.220556;3223.0;Templado Seco (Quechua);26;15
13936;Humedales De Uripe;La Libertad;-8.25226;-78.96698;4.0;Cálido / Desértico (Costa);4;14
13709;Iglesia Santa Rita De Cascia - Trujillo ;La Libertad;-8.126304;-79.018063;22.0;Cálido / Desértico (Costa);4;14
13088;Pueblo Puerto Malabrigo;La Libertad;-7.699540166385571;-79.43378503805903;7.0;Cálido / Desértico (Costa);-1;1
13708;Convento Santo Tomás De Villanueva De Trujillo ;La Libertad;-8.126759;-79.02078;21.0;Cálido / Desértico (Costa);4;14
10934;Zoologico Zhaveta Yard ;Junín;-10.973144;-75.300581;743.0;Templado Cálido (Yunga);61;26
11038;Cataratas De Umaturco ;Apurímac;-14.055933;-72.826362;4133.0;Muy Frío (Puna);-1;23
10918;Catarata Valdivia;Áncash;-9.530378;-77.115933;3459.0;Templado Seco (Quechua);62;5
10917;Catarata De Opayaco;Áncash;-9.485956;-77.140258;2980.0;Templado Seco (Quechua);62;5
10916;Mirador De Pirurupunta;Áncash;-9.517881;-77.128664;3603.0;Frío (Suni);62;5
10915;Laguna De Gochapatac;Áncash;-9.671739;-77.166139;3622.0;Frío (Suni);62;5
10922;Pueblo De Carash;Áncash;-9.529106;-77.138307;3087.0;Templado Seco (Quechua);62;5
10932;Jardín Botánico Natura Viva;Loreto;-3.63578;-73.25973;135.0;Tropical Húmedo (Selva);2;27
11248;Pintura Rupestre De Achcay Machay;Huánuco;-9.9798861;-76.68051666666668;3308.0;Templado Seco (Quechua);62;5
11141;Torre Colonial De Pachas;Huánuco;-9.70689;-76.77124;3454.0;Templado Seco (Quechua);62;5
11563;Lago Charuya;Huánuco;-8.763743360673265;-74.641881167984;154.0;Cálido / Desértico (Costa);60;26
10954;Casa Hacienda Niñochaca;Huánuco;-9.287633;-76.473167;1114.0;Templado Cálido (Yunga);33;19
10953;Bosque De Piedra Shiki Shiki;Huánuco;-9.975671740785506;-76.682441470725;3330.0;Templado Seco (Quechua);62;5
10956;Cañon De Pachachaca ;Huánuco;-9.993042818768062;-76.68832087288564;3482.0;Templado Seco (Quechua);62;5
10935;Playa El Dorado;Áncash;-9.187641508227294;-78.5655927658081;0.0;Cálido / Desértico (Costa);44;4
10938;Cascadas Pucayacu;San Martín;-6.69851;-76.11688;941.0;Templado Cálido (Yunga);-1;13
11249;Mirador Natural Talapunta;Huánuco;-9.988520510617752;-76.68724798927968;3458.0;Templado Seco (Quechua);62;5
10955;Naciente Del Rio Marañón ;Huánuco;-9.9828;-76.679;3348.0;Templado Seco (Quechua);62;5
11175;Sitio Arqueológico Gaguish;Huánuco;-9.979560237797523;-76.67780661354726;3394.0;Templado Seco (Quechua);62;5
10952;Pintura Rupestre De Yanao;Huánuco;-9.985646487718633;-76.67883658180898;3392.0;Templado Seco (Quechua);62;5
11150;Pinturas Rupestres De Lliullaqmachay ;Huánuco;-9.9824;-76.6802;3367.0;Templado Seco (Quechua);62;5
10960;Area De Conservación Privada Bosque Seco Amotape;Tumbes;-3.64815667;-80.613295;4.0;Cálido / Desértico (Costa);34;1
13328; Ex-Cárcel Pública De Moquegua;Moquegua;-17.194166;-70.934571;1411.0;Templado Cálido (Yunga);13;16
10940; Sitio Arqueologico De Palma Cruz;Áncash;-9.539305734519733;-77.11744141386416;3577.0;Frío (Suni);62;5
11031;Montaña De Colores Pallay Poncho - Layo ;Cusco;-14.464444444444444;-71.13333333333334;4728.0;Muy Frío (Puna);-1;3
10963;Templo De San Francisco De Asis;Cusco;-14.521074;-71.32356;4158.0;Muy Frío (Puna);75;3
10965;Plaza De Armas De Picoy ;Lima;-11.0714;-77.3616;990.0;Templado Cálido (Yunga);-1;4
10942;Caleta Colorada;Áncash;-9.199461082231643;-78.55997085571289;0.0;Cálido / Desértico (Costa);44;4
10944;Museo Regional De Arqueología De Junín;Junín;-12.060278;-75.288056;3264.0;Templado Seco (Quechua);26;15
10951;Santuario Nacional Pampa Hermosa;Junín;-10.989754;-75.430326;1600.0;Templado Cálido (Yunga);-1;26
10957;Fundo Pedrito;Loreto;-3.6381389;-73.2131046;101.0;Tropical Húmedo (Selva);2;27
10945;Rio Neshuya;Ucayali;-8.643016;-74.960211;190.0;Tropical Húmedo (Selva);-1;19
12107;Caserío 7 De Junio;Ucayali;-8.288363257847806;-74.63175773620607;148.0;Tropical Húmedo (Selva);9;25
10959;Palacio De Las Artes De Miraflores - Plam;Lima;-12.12211010090809;-77.02924382323158;86.0;Cálido / Desértico (Costa);29;9
10975;Dunas De Huamanchacate;Áncash;-9.013776463334612;-78.60936641693115;141.0;Cálido / Desértico (Costa);44;4
11037;Jardín Zoobotánico Amazonía;San Martín;-6.018810641374127;-76.98768332579499;860.0;Templado Cálido (Yunga);54;21
10962;Isla De Los Monos ;Loreto;-3.55444813;-73.06805301;114.0;Tropical Húmedo (Selva);-1;7
10968;Pueblo De Chivay;Arequipa;-15.636729;-71.602245;3637.0;Frío (Suni);76;3
11505;Museo Regional Leoncio Prado Gutierrez;Huánuco;-9.92470896759413;-76.23138934928126;1897.0;Templado Cálido (Yunga);15;2
11320;Playa Mansa;Arequipa;-15.496542;-74.957734;0.0;Cálido / Desértico (Costa);50;11
10974;Plaza Emancipacion Americana De Tinta;Cusco;-14.145688;-71.406953;3488.0;Templado Seco (Quechua);75;3
13965;Balneario De Chancharay;Arequipa;-16.119649;-72.469995;553.0;Templado Cálido (Yunga);52;11
10973;Casa Museo Tupac Amaru De Tinta;Cusco;-14.144628;-71.407249;3484.0;Templado Seco (Quechua);75;3
11076;Mirador Natural Huacatuna;Áncash;-9.372236;-77.130042;3731.0;Frío (Suni);62;5
11052;Sitio Arqueológico De Markajirca;Áncash;-9.372236;-77.130042;3731.0;Frío (Suni);62;5
11022;Sitio Arqueológico De Gantu;Áncash;-9.320745;-77.087418;3684.0;Frío (Suni);62;5
11129;Mirador De Cruz Punta ;Lima;-10.456349;-76.989722;4178.0;Muy Frío (Puna);48;8
11033;Mirador Turístico Cerro Patrón 3 De Mayo;Lima;-12.61758;-76.65039;312.0;Cálido / Desértico (Costa);-1;19
11042;Iglesia San Francisco De Asís  ;Lima;-12.0482;-76.37577;3499.0;Templado Seco (Quechua);68;0
11005;Iglesia San Damián De Checa;Lima;-12.01738;-76.39208;3222.0;Templado Seco (Quechua);68;0
11004;Piscigranja San Antonio De Quilquichaca ;Lima;-11.98913;-76.39543;3094.0;Templado Seco (Quechua);68;0
11002;Sitio Arqueológico Llacsatambo  ;Lima;-11.99367;-76.38612;3433.0;Templado Seco (Quechua);68;0
11003;Laguna Yanascocha  ;Lima;-12.01703;-76.35127;4422.0;Muy Frío (Puna);-1;0
11528;Pueblo De San Damián  ;Lima;-12.01716;-76.39185;3222.0;Templado Seco (Quechua);68;0
11773;Playas De Tinicachi;Puno;-16.201593178479065;-68.95921017459193;3814.0;Frío (Suni);69;3
11009;Laguna Shecllapata;Áncash;-9.712058;-77.44699;3556.0;Frío (Suni);62;5
11490;Plazuela Bolognesi De Tumbes;Tumbes;-3.5681198688932008;-80.45711592461318;16.0;Cálido / Desértico (Costa);7;14
11722;Geiser De Coalaque;Moquegua;-16.604034133343134;-71.03746891021729;2800.0;Templado Seco (Quechua);31;12
11059;Bodega Vitivinicola Finca 314;Ica;-14.1556;-75.7078;395.0;Cálido / Desértico (Costa);3;9
11208;Iglesia Matriz De Calango;Lima;-12.5264628;-76.544106;313.0;Cálido / Desértico (Costa);-1;19
14174;Sitio Arqueológico De Anchicocha;Lima;-12.1256616;-76.4212701;2867.0;Templado Seco (Quechua);68;0
11209;Gruta Piedra Milagrosa - Calango;Lima;-12.523596;-76.498614;413.0;Cálido / Desértico (Costa);-1;19
11095;Petroglifos San Juan De Capi;Huánuco;-9.283965;-76.425284;997.0;Templado Cálido (Yunga);33;19
11008;Bosque De Piedra Anqomache;Áncash;-9.692258898152172;-77.52029125345551;4347.0;Muy Frío (Puna);19;22
11093;Petroglifo Caunarapa;Huánuco;-9.290714;-76.442425;1037.0;Templado Cálido (Yunga);33;19
11016;Catarata Chiurán;Áncash;-8.984995651901189;-78.0734395980835;1876.0;Templado Cálido (Yunga);-1;28
11019;Fortaleza De Añay;Lima;-11.33986;-76.79896;3193.0;Templado Seco (Quechua);48;8
10996;Malecón Grau;Áncash;-9.077401881881183;-78.59511852264404;6.0;Cálido / Desértico (Costa);44;4
12677;Laguna De Pias;La Libertad;-7.903222;-77.551944;1849.0;Templado Cálido (Yunga);-1;21
13736; Seminario De San Carlos Y San Marcelo;La Libertad;-8.161423;-79.01104;11.0;Cálido / Desértico (Costa);4;14
14157;Baños Termales De Huacaz ;La Libertad;-8.06901;-78.14736;2944.0;Templado Seco (Quechua);49;28
11866;Cascada El Molino;La Libertad;-7.430516;-78.785504;1904.0;Templado Cálido (Yunga);45;13
11280;Museo Municipal De Asia Huaca Malena;Lima;-12.78026;-76.55736;44.0;Cálido / Desértico (Costa);41;4
11436;Bodega De Vinos Don Manuelito;La Libertad;-7.443737;-78.79845;1650.0;Templado Cálido (Yunga);45;13
14113;Plaza De Armas De Cachicadán;La Libertad;-8.09465;-78.14893;2881.0;Templado Seco (Quechua);49;28
12634;Sitio Arqueológico Pillullopata;Ayacucho;-15.325921;-73.348766;3228.0;Templado Seco (Quechua);-1;18
14150;Mirador Chaychugo;La Libertad;-8.148697;-78.165078;3078.0;Templado Seco (Quechua);49;28
14135;Mirador De La Cruz;La Libertad;-8.52398;-78.82689;0.0;Cálido / Desértico (Costa);-1;1
14624;Casa Natal De Victor Raúl Haya De La Torre  Centro Cultural Del Banco De La Nación ;La Libertad;-8.1129575;-79.0267473;37.0;Cálido / Desértico (Costa);4;14
11357;Arco De Cerro Azul;Lima;-13.023727;-76.475797;4.0;Cálido / Desértico (Costa);41;4
11048;Cascada El Oso;Huánuco;-9.236373174019551;-76.22588730585625;1069.0;Templado Cálido (Yunga);33;19
10989;Qhapaq Ñan - Sección De Camino Hatun Xauxa-Hatun Chaka;Junín;-11.793878;-75.487736;3378.0;Templado Seco (Quechua);73;0
12349;Mirador  De Cabracancha De Huancaya;Lima;-12.20372234;-75.7985943;3569.0;Frío (Suni);48;8
10983;Comunidad Nativa Unini;Ucayali;-10.640289;-73.973795;237.0;Tropical Húmedo (Selva);-1;26
11202;Cerro Centinela - Cerro Azul;Lima;-13.030715;-76.488461;39.0;Cálido / Desértico (Costa);41;4
11039;Catarata De Sirinacocha (Pirca);Cusco;-13.816216407843015;-71.91946116260604;3187.0;Templado Seco (Quechua);79;23
12327;Cascada Cacara De Tomas;Lima;-12.13497178;-75.6915472;4346.0;Muy Frío (Puna);48;8
11047;Catarata Nueva Esperanza;Huánuco;-9.239619;-76.142856;1034.0;Templado Cálido (Yunga);33;19
12338;Bosque De Piedra De Cunyaj;Huánuco;-9.695773063688549;-76.78970817288517;4063.0;Muy Frío (Puna);62;5
11188;Mirador Ecológico Cerro Camacho De Cerro Azul;Lima;-13.028543;-76.481045;3.0;Cálido / Desértico (Costa);41;4
13830;Punta La Chira;Arequipa;-16.5174826;-72.9314196;30.0;Cálido / Desértico (Costa);-1;11
11206;Parque De La Conmemoracion A La Inmigracion Japonesa - Cerro Azul;Lima;-13.00151;-76.44867;34.0;Cálido / Desértico (Costa);41;4
11756;Parque Ecológico-Moquegua;Moquegua;-17.188175;-70.946276;1344.0;Templado Cálido (Yunga);13;16
11614;Laguna Miyo;Lima;-10.83076;-76.616614;4785.0;Muy Frío (Puna);48;8
11223;Parque Miguel Grau - Cerro Azul;Lima;-13.0252654;-76.48115;2.0;Cálido / Desértico (Costa);41;4
11210;Parque Oscar Chocano - Cerro Azul;Lima;-13.024906;-76.479143;4.0;Cálido / Desértico (Costa);41;4
11030;Museo De Casual;Amazonas;-5.590081;-78.551822;385.0;Tropical Húmedo (Selva);-1;10
11211;Museo Municipal De Hualmay;Lima;-11.096650088867134;-77.61315751018272;36.0;Cálido / Desértico (Costa);42;4
11080;Capilla San Isidro Labrador;Lima;-11.548217;-77.3647188;0.0;Cálido / Desértico (Costa);35;19
11085;Cascada Chorro Blanco - Gramalotal;Cajamarca;-5.372534;-78.983382;2061.0;Templado Cálido (Yunga);55;17
11010;Playa Los Chimus- Samanco;Áncash;-9.3228015772561;-78.4726274013519;1.0;Cálido / Desértico (Costa);44;4
11109;Cascada Colibri;Cajamarca;-5.359604;-78.95279;1637.0;Templado Cálido (Yunga);55;17
11015;Playa El Enrocado;Áncash;-9.254116173231395;-78.4945249557495;0.0;Cálido / Desértico (Costa);44;4
11014;Playa Vesique;Áncash;-9.20964932286897;-78.4836888313293;0.0;Cálido / Desértico (Costa);44;4
11613;Laguna Morococha De Oyón;Lima;-10.990075880531698;-76.57781656816537;4824.0;Glacial / Nieve (Janca);48;8
12454;  Pinturas Rupestres De Cuchimachay De Tanta;Lima;-12.0265357;-75.9582469;4453.0;Muy Frío (Puna);48;8
12460;Cascada  De Pasto Grande;Cusco;-13.05203;-72.60633;1796.0;Templado Cálido (Yunga);-1;24
11013;Manantial  Puquio Pipi;Áncash;-9.16250771667757;-78.3511877059936;150.0;Cálido / Desértico (Costa);-1;4
11021;Bodega El Paraiso Iqueño;Ica;-13.990597410031985;-75.77056840209961;424.0;Cálido / Desértico (Costa);3;9
11846;Cerro Picol;Cusco;-13.506549571396768;-71.88677452529014;4256.0;Muy Frío (Puna);-1;6
11032;Árbol De Las Mil Raíces;La Libertad;-7.452735945031567;-78.80443006753922;1577.0;Templado Cálido (Yunga);-1;13
11347;Casa Hacienda Garatea ;Áncash;-8.99396176067179;-78.6027788547734;25.0;Cálido / Desértico (Costa);44;4
11018;Playa Caleta De Coishco;Áncash;-9.01797259055676;-78.6220908164978;0.0;Cálido / Desértico (Costa);44;4
11046;Cascada Loro Dormido;Huánuco;-9.265082;-76.097459;964.0;Templado Cálido (Yunga);33;19
11871;Andenes De Patata;Cusco;-13.543459;-71.878713;3266.0;Templado Seco (Quechua);22;6
14403;Andenes De Larapa;Cusco;-13.534456;-71.894242;3324.0;Templado Seco (Quechua);22;6
12630;Sitio Arqueologico Osqollopampa;Ayacucho;-15.286245;-73.305347;2501.0;Templado Seco (Quechua);-1;18
11043;Cascada Shushupe;Huánuco;-9.249738;-76.099423;910.0;Templado Cálido (Yunga);33;19
11045;Catarata Bellavista;Huánuco;-9.230055;-76.150225;928.0;Templado Cálido (Yunga);33;19
11036;Bosque De Queuñas De Lankanki ;Apurímac;-14.412989;-73.243903;3884.0;Frío (Suni);70;18
12081;La Isla Del Amor;Ucayali;-8.346072;-74.581475;138.0;Tropical Húmedo (Selva);9;25
14083;Casa Cabildo ;Cusco;-13.544666312846978;-71.88356634906656;3249.0;Templado Seco (Quechua);22;6
13490;Sitio Arqueológico De  Raqayraqayniyuq;Cusco;-13.530695;-71.878545;3457.0;Templado Seco (Quechua);22;6
11557;Cascada Pajchayoq;Cusco;-13.592595;-71.893177;3603.0;Frío (Suni);22;6
11575;Cerro Pachatusan ;Cusco;-13.519443141311926;-71.78055619454902;4381.0;Muy Frío (Puna);-1;23
11716;Bosque De Piedras De Manzanani;Apurímac;-14.222636;-72.768043;4484.0;Muy Frío (Puna);-1;23
13033;Catarata Esmeralda Del Vraem;Cusco;-12.590781;-73.724165;958.0;Templado Cálido (Yunga);64;24
14620;Museo Santiago Uceda Castillo ;La Libertad;-8.141729;-78.992086;25.0;Cálido / Desértico (Costa);4;14
13822;Pueblo De Moche;La Libertad;-8.171413;-79.00893;10.0;Cálido / Desértico (Costa);4;14
14627;Campiña De Moche;La Libertad;-8.14465416;-78.99944878;21.0;Cálido / Desértico (Costa);4;14
14136;Laguna Huangacocha;La Libertad;-7.92815;-78.05781;3836.0;Frío (Suni);49;28
11243;Plaza Butters De Barranco ;Lima;-12.143274228699909;-77.01565623010777;77.0;Cálido / Desértico (Costa);29;9
11111;Mirador De Huayhuacalle;Apurímac;-13.45145227533;-72.81751626993;3395.0;Templado Seco (Quechua);-1;23
13619;Sitio Arqueológico Cerro Grande De Marcabal - Pueblo Viejo;La Libertad;-7.702774;-78.03968;2899.0;Templado Seco (Quechua);49;28
13764;Laguna Y Pantanos De Collasgón;La Libertad;-7.8162;-77.96444;3315.0;Templado Seco (Quechua);49;28
13723;Arzobispado De Trujillo;La Libertad;-8.111289;-79.028197;38.0;Cálido / Desértico (Costa);4;14
14171;Laguna Pachacosa;Lima;-12.10423;-76.20121;4034.0;Muy Frío (Puna);48;8
12068;Casa Hacienda Montalván ;Lima;-13.07866;-76.39121;34.0;Cálido / Desértico (Costa);41;4
12565; Montaña Apu Paucca Kuly;Cusco;-14.453732627772858;-71.1563580189088;4796.0;Muy Frío (Puna);-1;3
12580;Reserva De Vicuñas De Limbani Alto Huatallani;Cusco;-14.5700172;-71.0336699;4634.0;Muy Frío (Puna);-1;3
11122;Museo De Arte Italiano;Lima;-12.058479821607886;-77.0367094874382;140.0;Cálido / Desértico (Costa);28;9
14184;Pintura Rupestre En Piedra Alma De Escomarca;Lima;-12.1256616;-76.4212701;2867.0;Templado Seco (Quechua);68;0
14176;Peña Rosa De Langa;Lima;-12.1264390378;-76.42089843;2855.0;Templado Seco (Quechua);68;0
11102;Casa Hacienda De Illanya;Apurímac;-13.650845709422873;-72.9015037607384;2140.0;Templado Cálido (Yunga);23;6
11277;Santuario Madre Del Amor Hermoso;Lima;-13.078631;-76.389248;36.0;Cálido / Desértico (Costa);41;4
11194;Dunas Pampa Salinas - Ilo;Moquegua;-17.6483;-71.2011;728.0;Templado Cálido (Yunga);27;20
11147;Malecón Costero- Ilo;Moquegua;-17.6347;-71.3423;5.0;Cálido / Desértico (Costa);27;20
11143;Bodega Lapenta Sac;Moquegua;-17.6141;-71.2538;138.0;Cálido / Desértico (Costa);27;20
11044;Catarata De Pirolniyoq;Cusco;-12.9818893883338;-72.0400608856033;2711.0;Templado Seco (Quechua);-1;23
11079;Ex Casa Hacienda De La Viña;Lambayeque;-6.3774169;-79.768051;73.0;Cálido / Desértico (Costa);37;1
11065;Laguna De Seletecse;Cusco;-13.1398373161167;-72.0511648728826;4139.0;Muy Frío (Puna);-1;23
11061;Playa Chorrillo De Chancay;Lima;-11.57395;-77.27179;0.0;Cálido / Desértico (Costa);35;19
11101;Vinos Velarde;Lima;-11.46727;-77.19305;207.0;Cálido / Desértico (Costa);-1;19
11100;Viña Waraly;Lima;-11.45913;-77.19476;222.0;Cálido / Desértico (Costa);-1;19
11099;Alvanor Vinos Y Piscos;Lima;-11.45822;-77.16073;296.0;Cálido / Desértico (Costa);-1;19
11098;Viña La Virgen ;Lima;-11.45377;-77.16882;297.0;Cálido / Desértico (Costa);-1;19
11064;Catarata Simbeni;Cusco;-12.668062;-72.845308;1434.0;Templado Cálido (Yunga);-1;24
11089;Casa Hacienda América;Huánuco;-9.283592;-76.421678;977.0;Templado Cálido (Yunga);33;19
11055;Catarata Kanevariato;Cusco;-12.606168;-72.83633;956.0;Templado Cálido (Yunga);63;24
11078;Santuario Nacional De Calipuy;La Libertad;-8.349;-78.295;3644.0;Frío (Suni);49;28
13389;Iglesia Matriz Cristo Rey Mache;La Libertad;-8.030449203055;-78.53531154534;3311.0;Templado Seco (Quechua);45;13
11088;Casa Hacienda Radium;Huánuco;-9.225449;-76.317062;860.0;Templado Cálido (Yunga);33;19
11060;Playa Chancayllo;Lima;-11.50376;-77.31542;0.0;Cálido / Desértico (Costa);35;19
11074;Playa Quita Calzón;Lima;-10.52951;-77.422657;1369.0;Templado Cálido (Yunga);-1;26
11145;Fundo De Olivos Poquera;Moquegua;-17.6236;-71.31;43.0;Cálido / Desértico (Costa);27;20
11071;Lineas Y Ruedas Enigmaticas De Hayuni ;Cusco;-13.799244056487424;-71.40724;4583.0;Muy Frío (Puna);-1;23
14149;Avenida Los Poetas;La Libertad;-8.146414;-78.179389;3092.0;Templado Seco (Quechua);49;28
13947;Pueblo De Salaverry Tradicional ;La Libertad;-8.21419;-78.97645;3.0;Cálido / Desértico (Costa);4;14
11138;Fundo De Olivos Olive Corp  (Chiviquina);Moquegua;-17.6045;-71.2301;148.0;Cálido / Desértico (Costa);27;20
11137;Playa Jaboncillo ;Moquegua;-17.4196;-71.383;0.0;Cálido / Desértico (Costa);27;20
11266;Catarata De Hornillos;Áncash;-9.10696982534541;-78.0588805675506;1319.0;Templado Cálido (Yunga);-1;13
11267;Catedral De La Diócesis De Chimbote;Áncash;-9.12117555293488;-78.5307669639587;21.0;Cálido / Desértico (Costa);44;4
13141;Playa El Milagro;La Libertad;-7.418160669276;-79.58422108448;13.0;Cálido / Desértico (Costa);46;10
11327;Bodega Grimaldi;Ica;-13.41334;-76.15106;86.0;Cálido / Desértico (Costa);41;4
11669;Garganta Del Diablo;Tacna;-17.21799;-70.142622;3918.0;Frío (Suni);-1;3
13161;Alameda Pacasmayo;La Libertad;-7.39846385164;-79.57151543797;3.0;Cálido / Desértico (Costa);46;10
13153;Paseo De Los Próceres;La Libertad;-7.424571070538;-79.50327163351;48.0;Cálido / Desértico (Costa);46;10
11667; Laguna De Vilacota;Tacna;-17.135439;-70.032852;4425.0;Muy Frío (Puna);-1;3
11264;Maqueta De Piedra De K'Asapata;Moquegua;-16.303;-70.741;3414.0;Templado Seco (Quechua);67;3
11665;Valle De Los Geiseres De Candarave;Tacna;-17.18183605605258;-70.1585626602173;4218.0;Muy Frío (Puna);-1;3
11152;Bodega Mendoza;Moquegua;-17.6437;-71.3412;25.0;Cálido / Desértico (Costa);27;20
11668;Baño Termal De Calachaca;Tacna;-17.232656;-69.862667;4296.0;Muy Frío (Puna);-1;3
11091;Paraje De Huntaynio De San Juan De Jarpa;Junín;-12.12897;-75.42495;3688.0;Frío (Suni);73;0
11092;Restos Arqueológicos De Chucton Marca;Junín;-12.111856;-75.485281;3871.0;Frío (Suni);73;0
11090;Piscigranja Comunal De Misquipata;Junín;-12.074133;-75.453789;3577.0;Frío (Suni);73;0
11086;Bosque De Puya Raimondi De San Juan De Jarpa;Junín;-12.074133;-75.43599;3975.0;Frío (Suni);73;0
11317;Bodega Viña Vieja;Ica;-13.41725;-76.14536;87.0;Cálido / Desértico (Costa);41;4
12632;Baños Termales El Paraiso Escondido;Ayacucho;-15.251017;-73.363139;2280.0;Templado Cálido (Yunga);-1;18
11112;Mirador Arqueologico La Cueva;Cajamarca;-7.16378;-78.50027;2685.0;Templado Seco (Quechua);17;2
11104;Mirador Turístico Juan Huido;San Martín;-7.1761255;-76.7400572;329.0;Cálido / Desértico (Costa);58;21
11110;Laguna Yanaraman;Lima;-11.3269;-76.6967;4572.0;Muy Frío (Puna);48;8
11108;Playa Caleta Vidal;Lima;-10.861736;-77.704841;0.0;Cálido / Desértico (Costa);42;4
11107;Playa Chorrillos De Huacho;Lima;-11.110495;-77.615647;0.0;Cálido / Desértico (Costa);42;4
12766;Sitio Arqueológico De Qotakalli;Cusco;-13.545676;-71.9447368;3336.0;Templado Seco (Quechua);22;6
11131;Centro  Pirarucu;Loreto;-4.25405;-70.12374;73.0;Tropical Húmedo (Selva);14;7
11103;Sitio Arqueologico Chiprac;Lima;-11.30213;-76.77069;3686.0;Frío (Suni);48;8
11119;Centro De Interpretación Del Café ;Cusco;-12.8161;-72.6133;1585.0;Templado Cálido (Yunga);63;24
11118;Catarata Rosario Mayo;Cusco;-12.770324;-72.654814;1168.0;Templado Cálido (Yunga);63;24
11410;Collpa De Loros Chahuares;Cusco;-12.64872;-72.536341;782.0;Templado Cálido (Yunga);-1;24
12221;Mirador Jaquepata;Puno;-16.27469626467833;-69.29130970945202;3879.0;Frío (Suni);69;3
12220;Mirador Natural El Faro - Pomata;Puno;-16.25509425229348;-69.30120434578897;3838.0;Frío (Suni);69;3
11117;Catarata Campanayoc ;Cusco;-12.669774;-72.84945;1185.0;Templado Cálido (Yunga);63;24
11128;Catarata Subia;Cusco;-12.765629;-72.895277;1422.0;Templado Cálido (Yunga);-1;24
11394;Cascada La Pacazera;Tumbes;-4.011724;-80.585551;272.0;Cálido / Desértico (Costa);34;1
11127;Comunidad Nativa De Poyentimari;Cusco;-12.70867306;-72.6726569;2231.0;Templado Cálido (Yunga);-1;24
11126;Rio De Yoyato;Cusco;-12.251178;-72.822991;467.0;Cálido / Desértico (Costa);-1;24
11351;Quebrada La Encañada.;Tumbes;-4.067835;-80.74538;239.0;Cálido / Desértico (Costa);34;1
11115;Camino Lambarri;Cusco;-12.249791;-72.824002;478.0;Cálido / Desértico (Costa);-1;24
11192;Zona Arqueológica Monumental Fortaleza De Collique      ;Lima;-11.911355;-77.035987;223.0;Cálido / Desértico (Costa);-1;9
11396;Poza Honda - Casitas;Tumbes;-4.075759;-80.742251;255.0;Cálido / Desértico (Costa);34;1
11124;Cuesta De La Via Crucis De Las Pampas ;Huánuco;-10.2627778;-76.21861111111112;3241.0;Templado Seco (Quechua);62;5
11591;Playa Roja-Paracas;Ica;-13.892579;-76.307083;4.0;Cálido / Desértico (Costa);32;19
11429;Jagüey De La Choza ;Tumbes;-4.011348;-80.67341;205.0;Cálido / Desértico (Costa);34;1
11448;Quebrada Carrizalillo;Tumbes;-3.733439;-80.185054;126.0;Cálido / Desértico (Costa);34;1
11212;Parque Zonal Sinchi Roca ;Lima;-11.924746;-77.049066;135.0;Cálido / Desértico (Costa);-1;9
11408;Pilar De Chepéz;Tumbes;-4.004235;-80.605796;180.0;Cálido / Desértico (Costa);34;1
11405;Cordillera El Bartolo ;Tumbes;-3.939652;-80.695075;422.0;Cálido / Desértico (Costa);-1;1
11425;Formación Rocosa El Güisco;Tumbes;-3.843631;-80.67108;70.0;Cálido / Desértico (Costa);34;1
11130;Restos Arqueológicos De Monte Rio;Junín;-12.068073;-75.554068;4088.0;Muy Frío (Puna);73;0
11401;Pilar De Papayal;Tumbes;-4.067835;-80.74538;239.0;Cálido / Desértico (Costa);34;1
11428;Mirador Natural Cerro Blanco - Tumbes.;Tumbes;-3.657715801486535;-80.42322944776639;33.0;Cálido / Desértico (Costa);7;14
11123;La Chacra D.Dago;Junín;-10.77591;-75.227573;1501.0;Templado Cálido (Yunga);66;26
11424;Mirador Natural Cerro Tacural.;Tumbes;-3.632648627728664;-80.42717167326356;35.0;Cálido / Desértico (Costa);7;14
11136;Cascada Chorros Calientes;San Martín;-6.243472;-77.16658169243009;1262.0;Templado Cálido (Yunga);54;21
11262;Playa La Mina-Paracas;Ica;-13.91201;-76.318421;42.0;Cálido / Desértico (Costa);32;19
11125;Laguna De La Comunidad Nativa Santa Clara De Uchunya;Ucayali;-8.207768;-74.863516;150.0;Tropical Húmedo (Selva);-1;19
11207;Plaza Principal De Codo Del Pozuzo;Huánuco;-9.66969;-75.46319;382.0;Cálido / Desértico (Costa);60;26
11379;Iglesia Matriz De La Virgen De La Misericordia;La Libertad;-7.33792;-79.562263;22.0;Cálido / Desértico (Costa);46;10
11148;Playa Boca Del Río - Ilo;Moquegua;-17.6235;-71.3425;0.0;Cálido / Desértico (Costa);27;20
11191;Playa Coquina-Ilo;Moquegua;-17.7275;-71.2847;14.0;Cálido / Desértico (Costa);27;20
11133;Procesadora De Lácteos Mujer Andina;Junín;-12.08883028;-75.53508009;3945.0;Frío (Suni);73;0
14040;Casa De La Cabuya;Huánuco;-10.07628745815;-76.2137597851;2016.0;Templado Cálido (Yunga);15;2
11274;Planta Procesadora De Café Chaupiyacu;Huánuco;-9.293302;-76.373991;935.0;Templado Cálido (Yunga);33;19
11135;El Aguajal Laguna El Doreo;San Martín;-6.08126542;-77.08558369;841.0;Templado Cálido (Yunga);54;21
11181;Centro Poblado Maypuco;Loreto;-4.822737;-75.116663;105.0;Tropical Húmedo (Selva);-1;21
11513;Plaza De Armas De Jequetepeque;La Libertad;-7.338106;-79.562314;22.0;Cálido / Desértico (Costa);46;10
11219;Playa Acapulco - San Juan De Marcona;Ica;-15.375948206742128;-75.16681015588715;9.0;Cálido / Desértico (Costa);50;11
13316;Mirador De Santa María Pata;Arequipa;-15.484731;-71.457123;3839.0;Frío (Suni);76;3
11151;Piedra De La Cosmovisión Andino Amazonico;Cusco;-12.651806;-72.816805;751.0;Templado Cálido (Yunga);-1;24
11423;Pilar De Tazajeras;Tumbes;-4.116582;-80.727868;361.0;Cálido / Desértico (Costa);-1;1
11763;Molino Hidráulico De Granos;Moquegua;-16.67230639631;-70.96976050971;2218.0;Templado Cálido (Yunga);31;12
11363;Plazuela De La Identidad Jequetepecana;La Libertad;-7.343203;-79.563737;19.0;Cálido / Desértico (Costa);46;10
11195;Playa El Potrero - Caleta De Carquín;Lima;-11.0937375;-77.6311429;18.0;Cálido / Desértico (Costa);42;4
11155;Complejo Lagunar Las 7 Arrebiatadas ;Piura;-5.04454897;-79.49171247;3504.0;Frío (Suni);55;17
11156;Laguna Los Patos ;Piura;-5.04518901;-79.49738991;3532.0;Frío (Suni);55;17
11174;Cerro Campanas ;Piura;-5.1638641;-79.40458103;2505.0;Templado Seco (Quechua);55;17
11173;Laguna Del Amor Del Caserío Alan Garcia ;Piura;-5.02446049;-79.50126324;3419.0;Templado Seco (Quechua);55;17
11157;Laguna Palangana De Pulun ;Piura;-5.06740903;-79.40757053;3330.0;Templado Seco (Quechua);55;17
11154;Laguna Negra De Pulun;Piura;-5.08063304;-79.41076387;3309.0;Templado Seco (Quechua);55;17
13656;Poza De La Arenilla;Callao;-12.0726196;-77.1598445;0.0;Cálido / Desértico (Costa);21;9
11390;Plaza De Armas De Zarumilla;Tumbes;-3.50071;-80.27514;13.0;Cálido / Desértico (Costa);34;1
11199;Sala De Exhibición Casa Fugaz (Edificio Ronald);Callao;-12.059961;-77.147466;4.0;Cálido / Desértico (Costa);21;9
14636;Sala De Exhibición - Salón De La Victoria.;Tumbes;-3.503832;-80.287039;16.0;Cálido / Desértico (Costa);7;14
11279;Lomas De Collique;Lima;-11.900976;-76.997472;697.0;Templado Cálido (Yunga);-1;9
11252;Ecoplaza De Conservación San Lorenzo-Tahuamanu;Madre De Dios;-11.454365;-69.321951;259.0;Tropical Húmedo (Selva);-1;24
11172;Laguna Millonaria Del Caserío Alan García ;Piura;-5.02589263;-79.50138122;3376.0;Templado Seco (Quechua);55;17
11307;Valle De Las Cascadas De Campanayuq;Ayacucho;-13.411898;-74.634149;4597.0;Muy Frío (Puna);-1;0
11306;Pueblo Artesanal De Sarhua;Ayacucho;-13.672907;-74.319879;3171.0;Templado Seco (Quechua);77;0
11270;Mirador Turístico De Coishco;Áncash;-9.01886;-78.61284;45.0;Cálido / Desértico (Costa);44;4
11184;Conjunto Arqueológico Cerro San Cristóbal De Coto;Lima;-11.224527;-76.770747;3759.0;Frío (Suni);48;8
11182;Bodega De Vinos Y Piscos Vivanco;Lima;-11.572354;-77.17156;148.0;Cálido / Desértico (Costa);35;19
11183;Bodega De Vinos Y Piscos Palomino;Lima;-11.5871623881414;-77.17842637351364;117.0;Cálido / Desértico (Costa);35;19
11235;Cascadas Lágrimas De La Novia;San Martín;-6.424256376380879;-76.28539495404988;510.0;Templado Cálido (Yunga);10;25
11530;Laguna Mojaral;Ucayali;-8.499075;-74.77915;185.0;Tropical Húmedo (Selva);-1;19
11666;Volcan Tutupaca;Tacna;-17.02505725355;-70.3718626499;5776.0;Glacial / Nieve (Janca);-1;3
11253;Playa Bolivia Mar - Ilo;Moquegua;-17.7407;-71.2587;20.0;Cálido / Desértico (Costa);27;20
11193;Bodega De Vinos Y Piscos La Palma;Lima;-12.974073173232185;-76.154887863249;454.0;Cálido / Desértico (Costa);41;4
11214;Playa Los Pingüinos - San Juan De Marcona. ;Ica;-15.37881;-75.16093;11.0;Cálido / Desértico (Costa);50;11
11281;Cascada De Huitrón - Sihuas;Áncash;-8.553013527784865;-77.62383292744282;2843.0;Templado Seco (Quechua);49;28
11282;Complejo Recreacional Rupaj - Sihuas;Áncash;-8.595053744552462;-77.56042098934358;2323.0;Templado Seco (Quechua);-1;28
11333;Museo Arqueológico San Francisco De Asís-Jaqui;Arequipa;-15.477393;-74.442254;265.0;Cálido / Desértico (Costa);-1;11
11518;Plaza De Armas De Campo Verde;Ucayali;-8.472354059549705;-74.80586691722472;205.0;Tropical Húmedo (Selva);-1;19
11842;Pozas De Agua Y Sal - Pozuzo;Pasco;-10.01248;-75.36143;714.0;Templado Cálido (Yunga);60;26
11256;Playa Del Diablo - Ilo;Moquegua;-17.6367;-71.3415;0.0;Cálido / Desértico (Costa);27;20
11215;Playa Los Leones - San Juan De Marcona.;Ica;-15.38249;-75.15927;10.0;Cálido / Desértico (Costa);50;11
11216;Playa Hermosa - San Juan De Marcona;Ica;-15.355878320786696;-75.17063964683533;0.0;Cálido / Desértico (Costa);50;11
11217;Playa El Elefante - San Juan De Marcona.;Ica;-15.391263;-75.158057;14.0;Cálido / Desértico (Costa);50;11
11392;Huaca Melgarejo - La Molina;Lima;-12.07229756522585;-76.94483041763306;250.0;Cálido / Desértico (Costa);-1;9
11218;Playa La Lobera - San Juan De Marcona ;Ica;-15.39442;-75.144;12.0;Cálido / Desértico (Costa);50;11
11430;Laguna De Quero Pozo;Huánuco;-10.053631259956582;-75.99236110140389;3404.0;Templado Seco (Quechua);62;5
11458;Quebrada Rurec - Parque Nacional Huascarán;Áncash;-9.587155102512812;-77.34658223046483;4230.0;Muy Frío (Puna);62;5
11476;Quebrada Cashan - Parque Nacional Huascarán ;Áncash;-9.578989666893603;-77.38695676970268;4357.0;Muy Frío (Puna);19;22
11237;Bosque Mapa Del Perú;Huánuco;-9.224933;-76.284831;1002.0;Templado Cálido (Yunga);33;19
12279;El Cerro Mil Caras;Arequipa;-16.082303;-72.47913;624.0;Templado Cálido (Yunga);52;11
11418;Bodega De Vinos Y Pisco La Finca Azul;Lima;-13.028586;-76.478422;4.0;Cálido / Desértico (Costa);41;4
11230;Área De Conservación Regional Choquequirao - Sector Mollepata;Cusco;-13.508559;-72.527703;2846.0;Templado Seco (Quechua);-1;23
11311;Quebrada Shallap Parque Nacional Huascarán);Áncash;-9.496281266103765;-77.36369371853444;4206.0;Muy Frío (Puna);19;22
11404;Parque Ecológico De La Molina;Lima;-12.118611180538464;-76.93237960338593;401.0;Cálido / Desértico (Costa);-1;9
11402;Huaca Granados - La Molina;Lima;-12.060937424965964;-76.94694897252197;267.0;Cálido / Desértico (Costa);-1;9
14183;Parque Ecológico De San Antonio;Lima;-12.64569827;-76.64989471;27.0;Cálido / Desértico (Costa);36;19
11403;Murales Ecoturísticos Viña Alta - La Molina;Lima;-12.093864020015712;-76.94597957012242;236.0;Cálido / Desértico (Costa);-1;9
11400;La Laguna De La Molina;Lima;-12.080374071747627;-76.91525727390587;283.0;Cálido / Desértico (Costa);-1;9
11314;Laguna Antacocha - Recuay;Áncash;-9.7038644;-77.4943639;3918.0;Frío (Suni);19;22
11275;Laguna Rajucolta - Parque Nacional Huascarán  ;Áncash;-9.523016684397849;-77.3422756594543;4268.0;Muy Frío (Puna);62;5
11285;Laguna Shallap - Parque Nacional Huascarán;Áncash;-9.49250002776546;-77.35652011255596;4254.0;Muy Frío (Puna);19;22
11477;Mirador Boca Del Sapo;Áncash;-9.545132870251022;-77.51408455790323;3324.0;Templado Seco (Quechua);20;22
11238;Bosque De Puyas De Raimondi De Yanacancha ;Junín;-12.235;-75.433333;4027.0;Muy Frío (Puna);73;0
11421;Plaza De Armas De Huaraz ;Áncash;-9.530095289539084;-77.52888766945644;3054.0;Templado Seco (Quechua);20;2
11233;Cascadas De Progreso - La Banda De Shilcayo;San Martín;-6.401237746933;-76.30903431296;673.0;Templado Cálido (Yunga);10;25
11242;Mirador Natural De Yanacancha (Tarshtapata);Junín;-12.203056;-75.393056;3966.0;Frío (Suni);73;0
11241;Laguna Huascacocha De Yanacancha;Junín;-12.251389;-75.583056;4432.0;Muy Frío (Puna);-1;0
11240;Cueva Iglesia Machay De Yanacancha;Junín;-12.1519444;-75.37916666666666;3887.0;Frío (Suni);73;0
11239;Bosque De Piedras Accocorral De Yanacancha;Junín;-12.1994444;-75.475;4388.0;Muy Frío (Puna);-1;0
11244;Modulos Ganaderos Y Productos Lacteos De Las Pampas De Laive-Ingahuasi;Junín;-12.2552778;-75.3633333333333;3834.0;Frío (Suni);73;0
11507;Quebrada  Cayesh - Parque Nacional Huascarán ;Áncash;-9.448113059724434;-77.33581932828805;4204.0;Muy Frío (Puna);62;5
13596;Puerto Muelle De Puno;Puno;-15.8357020918;-70.01566529273;3811.0;Frío (Suni);8;6
11531;Nevado Humashraju  - Parque Nacional Huascarán ;Áncash;-9.524914302345875;-77.38529205322266;5279.0;Glacial / Nieve (Janca);-1;22
11254;Cascada Santa Fe;Cajamarca;-5.751104;-78.879199;1954.0;Templado Cálido (Yunga);55;17
11532;Nevado Huantsán - Parque Nacional Huascarán ;Áncash;-9.515772260350989;-77.31010437011719;6218.0;Glacial / Nieve (Janca);-1;5
11506;Nevado Cayesh - Parque Nacional Huascarán ;Áncash;-9.463956834814669;-77.31155206387554;5106.0;Glacial / Nieve (Janca);-1;5
11271;Casa Hacienda Pedregal;Huánuco;-9.304409;-76.374042;1061.0;Templado Cálido (Yunga);33;19
11284;Sitio Arqueológico Pashas-Campanario;Áncash;-8.532842880150808;-77.62743158410935;3607.0;Frío (Suni);49;28
11537;Laguna Azulcocha - Parque Nacional Huascarán ;Áncash;-9.530418191405683;-77.40022650739407;4622.0;Muy Frío (Puna);19;22
11529;Cascada Gaganani;Áncash;-9.883211661416048;-76.92505778329762;3624.0;Frío (Suni);62;5
11353;Torre De Reloj De Campana De Yanacancha;Pasco;-10.667215;-76.251149;4361.0;Muy Frío (Puna);16;22
11478;Cascada Sheglla;Áncash;-9.891599850160276;-76.92501875681234;3494.0;Templado Seco (Quechua);62;5
11460;Baños Termales De Azulmina;Áncash;-9.937158456530051;-76.96195814329744;3885.0;Frío (Suni);62;5
11359;Rio Huaura;Lima;-11.133485;-77.197378;652.0;Templado Cálido (Yunga);-1;4
11461;Laguna Cochahuaín ;Áncash;-9.990072270954943;-76.97785472446026;3973.0;Frío (Suni);62;5
11459;Iglesia Colonial San Juan Bautista De Lampian ;Lima;-11.14154;-76.50222;4793.0;Muy Frío (Puna);48;8
11414;Catarata De Callapacche;Lima;-11.11368;-76.49476;4805.0;Glacial / Nieve (Janca);48;8
11409;Sitio Arqueologico De Yaros ;Lima;-11.859064;-76.37141;2783.0;Templado Seco (Quechua);68;0
11310;Balneario Ecoturístico La Costanera;Lima;-11.096812;-77.628531;0.0;Cálido / Desértico (Costa);42;4
12463;Laguna Bayococha - Parque Nacional Huascarán ;Áncash;-9.524880498035657;-77.39519482923579;4839.0;Glacial / Nieve (Janca);-1;22
11496;Sitio Arqueológico Tumbas De Jancu - Huaraz;Áncash;-9.5225934447626;-77.43570236386104;3916.0;Frío (Suni);19;22
11259;Finca Agro Apicola La Arboleda;Cajamarca;-5.73974;-78.839812;1191.0;Templado Cálido (Yunga);55;17
11776;Mirador Pumacoto - Sihuas;Áncash;-8.558582067423222;-77.63366389991283;2982.0;Templado Seco (Quechua);49;28
11860;Iglesia Colonial Santísima Virgen María De Las Nieves - Sihuas;Áncash;-8.557471897691663;-77.62532194638398;2672.0;Templado Seco (Quechua);49;28
11473;Lagunas Huachuacocha - Sihuas;Áncash;-8.440640464050531;-77.71108974201049;4113.0;Muy Frío (Puna);49;28
11472;Laguna Berracococha;Áncash;-8.597933689339714;-77.70009716450518;4275.0;Muy Frío (Puna);49;28
11283;Laguna Callampita- Sihuas;Áncash;-8.463914467263724;-77.68187363380059;3912.0;Frío (Suni);49;28
11420;Laguna Turquesa;Áncash;-8.684658;-77.918039;1806.0;Templado Cálido (Yunga);-1;28
11272;Sitio Arqueológico Chaupiyacu;Huánuco;-9.305929;-76.377531;1257.0;Templado Cálido (Yunga);33;19
11453;Granja Agropecuaria Montefino - Chiara;Ayacucho;-13.405677;-74.236235;3691.0;Frío (Suni);77;0
11273;Playa Nuevo Rondos;Huánuco;-9.299161483796192;-76.09130333672049;714.0;Templado Cálido (Yunga);33;19
11345;Catarata Velo De Novia De Pucará;Cajamarca;-6.98804;-78.6620417;3258.0;Templado Seco (Quechua);45;13
11391;Biblioteca Plaza Bicentenario - La Molina;Lima;-12.10510266965614;-76.94201409816742;260.0;Cálido / Desértico (Costa);-1;9
11286;Cascada La Granja;Huánuco;-9.221037561810665;-76.24146003984453;824.0;Templado Cálido (Yunga);33;19
11301;Ciudadela Arqueológica De Poroqueña;Moquegua;-16.36128108;-70.74180801;3310.0;Templado Seco (Quechua);67;3
11354;Parque Nacional Yanachaga Chemillén - Zona De Uso Turístico Paujil;Pasco;-10.252511502330997;-75.2232570993703;340.0;Cálido / Desértico (Costa);-1;26
11385;Playa Waylisqaqa;Cusco;-12.980251;-73.522444;696.0;Templado Cálido (Yunga);64;24
11382;Catarata De Qoripayla;Cusco;-12.838754;-73.522604;1639.0;Templado Cálido (Yunga);-1;24
12019;Plaza Intercultural De San Lorenzo;Loreto;-4.831499415769185;-76.55438292757978;136.0;Tropical Húmedo (Selva);47;21
11376;Templo Colonial Inmaculada Concepcion De Sayhua;Cusco;-14.141266;-71.601711;3608.0;Frío (Suni);-1;23
11383;Fundo El Horizonte;Cusco;-12.874934;-73.520616;1397.0;Templado Cálido (Yunga);64;24
11302;Catarata Velo De Novia;Moquegua;-16.2797;-70.7574;3366.0;Templado Seco (Quechua);67;3
11297;Bosque De Puyas De Raimondi De Pampaygrande  ;Moquegua;-16.16950032;-70.70949285;3992.0;Frío (Suni);67;3
11326;Laguna Del Amor;Cajamarca;-6.56378;-78.63374;2481.0;Templado Seco (Quechua);45;13
11298;Molino De Agua De Cibaya;Moquegua;-16.23397288;-70.7590144;3551.0;Frío (Suni);67;3
11309;Bosque Santuario Huishtín;Huánuco;-8.81326;-74.7213;198.0;Cálido / Desértico (Costa);60;26
11300;Los Abrigos De Catarani;Moquegua;-16.13341846;-70.95759826;4343.0;Muy Frío (Puna);-1;3
11299;Valle Ubinas;Moquegua;-16.385893;-70.86107;3401.0;Templado Seco (Quechua);67;3
11386; Fundo Canaán De Villa Kintiarina ;Cusco;-12.906871;-73.504541;1207.0;Templado Cálido (Yunga);64;24
11398;Fundo Santa María De Villa Kintiarina;Cusco;-12.874379;-73.551378;735.0;Templado Cálido (Yunga);64;24
11393;Fundo Los Ángeles Del Distrito  De Villa  Kintiarina ;Cusco;-12.918791;-73.520581;787.0;Templado Cálido (Yunga);64;24
11313;Sendero Royal Sunangel;San Martín;-5.675193010503289;-77.7546802036438;1815.0;Templado Cálido (Yunga);-1;17
11381;Bosque De Conservación Comunal De Villa Sol;Cusco;-12.881559;-73.466999;1718.0;Templado Cálido (Yunga);-1;24
11397;Bosque De Protección Valle Oculto De Mankuriari;Cusco;-12.872755;-73.504048;1247.0;Templado Cálido (Yunga);64;24
11368;Río Aguas Claras;San Martín;-5.722445703695865;-77.57500558646538;1001.0;Templado Cálido (Yunga);54;21
11417;  Laguna  Asnacocha (Posqoqocha);Cusco;-14.1063477;-71.4776864;3756.0;Frío (Suni);75;3
11360;Catarata Poq Poq;Cusco;-13.3809834;-72.037337;3435.0;Templado Seco (Quechua);22;6
11348;Mirador Jaen;Cajamarca;-5.748701;-78.780598;920.0;Templado Cálido (Yunga);55;10
11346;Molino De Pampamolino;Moquegua;-16.38938;-70.87124;3349.0;Templado Seco (Quechua);67;3
11330;Lugar De La Memoria Yalpana Wasi - Wiñay Yalpanapa;Junín;-12.0795;-75.198539;3254.0;Templado Seco (Quechua);26;15
11350;Mirador Natural Cerro Colorado;Tumbes;-3.7852283144422607;-80.48457618783569;141.0;Cálido / Desértico (Costa);34;1
11337;Mirador De Tuli;Moquegua;-16.277251;-70.753903;3418.0;Templado Seco (Quechua);67;3
11338;Pinturas Rupestres De Llamalloq - Kinray;Moquegua;-16.275956;-70.754699;3446.0;Templado Seco (Quechua);67;3
11339;Catarata De Jispaipuquio;Moquegua;-16.380906;-70.905665;4214.0;Muy Frío (Puna);-1;3
11341;Maqueta De Piedra De Sasimpata;Moquegua;-16.279753;-70.765442;3688.0;Frío (Suni);67;3
11342;Catarata De Volcanmayo;Moquegua;-16.381308;-70.87513;3565.0;Frío (Suni);67;3
11721;Bodega San Julián - Moquegua;Moquegua;-17.32531620403;-70.99518367699;1042.0;Templado Cálido (Yunga);13;16
13314;Bodega Meléndez;Moquegua;-17.285782;-70.985863;1077.0;Templado Cálido (Yunga);13;16
11380;Camino Pintoresco De Tintinco ;Cusco;-13.89809003;-71.47247034;3484.0;Templado Seco (Quechua);-1;23
11344;Comunidad Nativa Bajo Aldea Pichanaki;Junín;-10.89919;-74.90652;563.0;Templado Cálido (Yunga);61;26
11332;Parque Bicentenario De Miraflores;Lima;-12.13559;-77.024837;76.0;Cálido / Desértico (Costa);29;9
11335;Malecón De La Reserva De Miraflores;Lima;-12.135534;-77.027889;67.0;Cálido / Desértico (Costa);29;9
11334;Malecón Armendáriz De Miraflores;Lima;-12.135425788642957;-77.02540151698838;77.0;Cálido / Desértico (Costa);29;9
11525;Iglesia San Juan Bautista De Candarave;Tacna;-17.21426431202;-70.23559570312;3723.0;Frío (Suni);-1;3
11431;Camino Prehispánico De Huancarani;Moquegua;-16.40528;-70.8816;3831.0;Frío (Suni);67;3
11372;Cocha Guacamayo ;Madre De Dios;-12.679407162;-68.722644987;194.0;Tropical Húmedo (Selva);0;20
14579;Galería De Arte Madre De Dios;Madre De Dios;-12.59766;-69.21906;200.0;Tropical Húmedo (Selva);1;16
11447;Castaña Amazon Park;Madre De Dios;-12.538836266121894;-69.1297397017479;197.0;Tropical Húmedo (Selva);1;16
11503;Qhapaq Ñan (Yalagua-Cibaya);Moquegua;-16.275956;-70.754699;3446.0;Templado Seco (Quechua);67;3
11440;Laguna La Millonaria De Punta Del Rio;Piura;-5.026111;-79.459722;3692.0;Frío (Suni);55;17
11439;Catarata Velo De Novia;Piura;-4.9997333;-79.5161817;2372.0;Templado Seco (Quechua);55;17
11356;Finca Paraiso De La Trucha;Cajamarca;-5.783663;-78.864972;2015.0;Templado Cálido (Yunga);55;17
11446;Cerro Pico De Loro;Piura;-5.087779;-79.411666;3631.0;Frío (Suni);55;17
11367;Laguna San Diego;Áncash;-9.497656751369938;-78.35200309753418;1.0;Cálido / Desértico (Costa);-1;4
11406;Catarata Lauriano;Cusco;-11.81537;-72.895007;457.0;Cálido / Desértico (Costa);59;24
11378;Granja Lacteos Dela;Lima;-13.034025;-76.45687;3.0;Cálido / Desértico (Costa);41;4
11624;Cascada Mugñiz;Pasco;-10.29328;-75.230495;350.0;Cálido / Desértico (Costa);-1;26
11524;Cascada Cinco Cerros;Lima;-11.51363;-76.30325;4794.0;Muy Frío (Puna);48;8
11384;El Piticunga;Cajamarca;-7.170524;-78.249779;3457.0;Templado Seco (Quechua);45;13
11512;Bodega San José De La Chimba;Moquegua;-17.1827;-70.9484;1339.0;Templado Cálido (Yunga);13;16
11454;Paseo Independencia De Chicla;Lima;-11.70606;-76.26806;3696.0;Frío (Suni);48;8
11427;Iglesia San Juan De Chicla ;Lima;-11.70506;-76.26839;3707.0;Frío (Suni);48;8
12262;Aguas Calientes Cañon De Timpia ;Cusco;-12.0820302;-72.8217421;424.0;Cálido / Desértico (Costa);59;24
11399;Cañon De Ananiso ;Cusco;-13.97245;-71.26614;4260.0;Muy Frío (Puna);74;3
11452;Mirador Apu Kiruray;Ayacucho;-13.17723891996323;-74.29786085717774;3390.0;Templado Seco (Quechua);-1;15
11622;Comunidad Saludable Miguel Grau;San Martín;-5.741127992290355;-77.55656389862037;1090.0;Templado Cálido (Yunga);54;21
11577;Andenes Milenarios De Cuyocuyo;Puno;-14.45659713648294;-69.53871597249237;3528.0;Frío (Suni);-1;3
11640;Bosque De Piedras De Chijos;Puno;-14.533047594719733;-69.72222664303007;4444.0;Muy Frío (Puna);-1;3
12050;Bodega Lucho'S;Moquegua;-17.2102;-70.9582;1290.0;Templado Cálido (Yunga);13;16
11571;Cascada Wayra Phauchinta;Puno;-14.304632017232294;-69.44888950068848;2271.0;Templado Cálido (Yunga);-1;3
11578;Chullpas De Huancasayani;Puno;-14.468493699240977;-69.47918943383789;3536.0;Frío (Suni);-1;3
11422;Cascada Camisea ;Cusco;-11.446704173480336;-72.53782979882813;412.0;Cálido / Desértico (Costa);-1;24
11462;Catarata Santa Lucia;Cajamarca;-5.25312;-78.93165;1416.0;Templado Cálido (Yunga);55;17
11467;Collpa De Mamiferos  De Camisea ;Cusco;-11.701339;-73.030279;376.0;Cálido / Desértico (Costa);59;24
11969;Rio Camisea ;Cusco;-11.718885;-72.93582;363.0;Cálido / Desértico (Costa);59;24
11556;Comunidad Nativa De  Shivankoreni ;Cusco;-11.702229;-72.929073;429.0;Cálido / Desértico (Costa);59;24
11588;Rio Sihuaniro ;Cusco;-12.095704;-72.7967603;463.0;Cálido / Desértico (Costa);59;24
11986;Templo  San Pedro  Martir De Timpia ;Cusco;-12.078334;-72.821931;403.0;Cálido / Desértico (Costa);59;24
13273;Bodega López;Moquegua;-17.284862;-70.985125;1079.0;Templado Cálido (Yunga);13;16
11435;Casa De Tupac Amaru De Surimana;Cusco;-14.154095193859202;-71.57276173703306;3528.0;Frío (Suni);75;3
11761;Laguna Rocotuyoc - Quebrada Honda;Áncash;-9.282535;-77.452579;4445.0;Muy Frío (Puna);62;5
12590;Cristo Blanco - Paseo De La Fe;Lima;-11.935155;-76.6983;867.0;Templado Cálido (Yunga);-1;19
11559;Bosque Vásquez Pampa ;Amazonas;-6.130700638438972;-78.03358371264451;3058.0;Templado Seco (Quechua);45;13
11450;Mirador El Suro;Cajamarca;-6.58449;-78.60869;2887.0;Templado Seco (Quechua);45;13
11511;Plaza Mayor De San Fernando;Ucayali;-8.398239;-74.536936;154.0;Tropical Húmedo (Selva);9;25
11574;Iglesia Señor De Los Desamparados   ;Arequipa;-17.172538422820253;-71.7904738665323;14.0;Cálido / Desértico (Costa);57;11
11469;Laguna Ámbar ;Lima;-11.0003;-76.597222;4570.0;Muy Frío (Puna);48;8
11470;Laguna Mushcacocha;Lima;-10.9833;-76.6344;4702.0;Muy Frío (Puna);48;8
11485;Laguna Lutacocha ;Lima;-10.9587171177897;-76.59706128234863;4521.0;Muy Frío (Puna);48;8
12836;Casa Hacienda Niño Yucay ;Ayacucho;-13.121966;-74.150094;2551.0;Templado Seco (Quechua);24;15
11516;Comunidad Nativa Shipiba De Dos Unidos;Huánuco;-8.760269571245875;-74.53796871702988;148.0;Cálido / Desértico (Costa);-1;26
11486;Laguna Morococha;Lima;-10.990075880531698;-76.57781656816537;4824.0;Glacial / Nieve (Janca);48;8
11480;Laguna Contaycocha;Áncash;-9.868063127364394;-76.98859428935589;3875.0;Frío (Suni);62;5
11561;Museo Municipal Oscar Velazco Meza;Puno;-16.212715496441426;-69.45929935430675;3878.0;Frío (Suni);30;12
11558;Cascada Bella Encantadora;Cajamarca;-5.324808;-78.990326;2057.0;Templado Cálido (Yunga);55;17
11538;Quebrada De Tupac Amaru ;Ucayali;-8.477988;-74.611325;151.0;Tropical Húmedo (Selva);9;25
11514;Sitio Arqueológico De Shahualgayan;Lima;-10.53175;-76.41559;3976.0;Frío (Suni);48;8
11499;Zoológico De Piedras-Jacintillo;Huánuco;-9.319138960375884;-76.0144992783593;747.0;Templado Cálido (Yunga);33;19
11515;Cañón De Pungullo;Lima;-10.52995;-76.41083;4073.0;Muy Frío (Puna);48;8
11492;Sitio Arqueológico Shaurin;Lima;-10.4406;-76.44598;2943.0;Templado Seco (Quechua);-1;8
11510;Monumento Arqueológico: Mausoleo Imperial El Castillo De Huarmey;Áncash;-10.063189464715808;-78.13811917645924;14.0;Cálido / Desértico (Costa);43;4
11637;Cascada La Sirenita - Villa Rica;Cajamarca;-5.343534;-78.87212;1172.0;Templado Cálido (Yunga);55;17
11540;Mirador Natural Shinonkari;Cusco;-11.577056;-73.132743;321.0;Cálido / Desértico (Costa);59;24
11521;Piscigranja Camargo;Lima;-11.74573;-76.25308;3578.0;Frío (Suni);48;8
11522;Piscigranja Rio Blanco;Lima;-11.73462;-76.25821;3511.0;Frío (Suni);48;8
12049;Fundo Chucarapi ;Moquegua;-17.624747;-71.336247;12.0;Cálido / Desértico (Costa);27;20
11519;Sitio Arqueologico De Waqrapukara- Sector Acos;Cusco;-14.019863239368162;-71.69389879638858;4078.0;Muy Frío (Puna);-1;23
12048;Fundo La Huerta ;Moquegua;-17.622533;-71.318344;26.0;Cálido / Desértico (Costa);27;20
11555;Cueva De Yana Machay;Ayacucho;-14.449812;-74.005595;4023.0;Muy Frío (Puna);-1;18
11533;Mirador De Ccoya ;Apurímac;-13.536919;-73.002534;3518.0;Frío (Suni);-1;6
11856;Uma Llawita;Puno;-16.32666;-69.137365;4416.0;Muy Frío (Puna);-1;3
11554;Mirador Qoriwayrachina ;Apurímac;-13.52684;-72.66505;2546.0;Templado Seco (Quechua);-1;23
11584;Playa Raspón-Paracas;Ica;-13.907602303809847;-76.31776414989149;32.0;Cálido / Desértico (Costa);32;19
11543;Comunidad Nativa Carpintero Kirigueti;Cusco;-11.57306;-73.12931;345.0;Cálido / Desértico (Costa);59;24
11569;Bosque Pukka Shungo;Huánuco;-9.13524;-75.99426;705.0;Templado Cálido (Yunga);60;26
11539;Mirador El Osheto;Cusco;-12.221666;-72.821944;489.0;Cálido / Desértico (Costa);-1;24
11855;Isla Iscaya;Puno;-16.236975110319175;-68.94731170654296;3895.0;Frío (Suni);69;3
11635;Parque Universitario De Yanacancha ;Pasco;-10.665037;-76.252561;4356.0;Muy Frío (Puna);16;22
11587;Rio Mishahua;Cusco;-11.29277;-72.95333;302.0;Cálido / Desértico (Costa);59;24
11634;Parque El Comercio ;Pasco;-10.66721979845536;-76.25308535581972;4348.0;Muy Frío (Puna);16;22
11696;Parque A La Madre Cerreña ;Pasco;-10.665405;-76.253294;4356.0;Muy Frío (Puna);16;22
11573;Comunidad Nativa De Puerto Rico;Cusco;-11.301445;-73.0302;300.0;Cálido / Desértico (Costa);59;24
14234;Isla De Los Cactus - San Pablo Huatta;Puno;-15.167204811766124;-69.93162631988527;3808.0;Frío (Suni);30;12
11854;Sitio Arqueológico De Inca Qhamaña;Puno;-16.259094084070405;-69.17149216187677;3820.0;Frío (Suni);69;3
11784;Cascada De Occochaca ;Ayacucho;-12.934695;-74.222155;2914.0;Templado Seco (Quechua);-1;0
11562;Laguna Rapagna;Lima;-11.7053;-76.2243;4527.0;Muy Frío (Puna);48;8
11629;Laguna Yuraccocha;Lima;-11.58485;-76.21403;4724.0;Muy Frío (Puna);48;8
11585;Museo De Taxidermia De Tahuaco;Puno;-16.328522186972812;-69.06313870391845;3886.0;Frío (Suni);69;3
13107;Mirador San Francisco La Cruz;Huánuco;-9.28997;-75.99723;655.0;Templado Cálido (Yunga);33;19
11568;Bosque De Piedras De Pilluni;Apurímac;-14.573516;-73.417553;4213.0;Muy Frío (Puna);-1;18
11715;Catarata Arcoíris De Mutca ;Apurímac;-14.21207;-73.30795;3050.0;Templado Seco (Quechua);-1;23
11687;Cerro Ratarmachay;Pasco;-10.855659;-76.114283;4147.0;Muy Frío (Puna);62;5
11686;Alameda San José - Ninacaca;Pasco;-10.85578380525523;-76.1118351312828;4147.0;Muy Frío (Puna);62;5
11853;Fortaleza De Wich'Inqhala Pukara;Puno;-16.299741682304088;-69.15080187765957;4391.0;Muy Frío (Puna);-1;3
11783;Mirador Del Cristo Blanco ;Ayacucho;-12.929076115213109;-74.23403123402471;2955.0;Templado Seco (Quechua);-1;0
11596;Plaza Matriz Del Callao;Callao;-12.059629011960244;-77.14680151901918;4.0;Cálido / Desértico (Costa);21;9
11576;Pueblo Histórico De Pampamarca ;Apurímac;-14.428055;-73.206487;3405.0;Templado Seco (Quechua);70;18
12659;Presa Cuchoquesera;Ayacucho;-13.441411;-74.345392;3741.0;Frío (Suni);77;0
11586;Catarata Collajpaccha;Lima;-11.6662;-76.26974;4197.0;Muy Frío (Puna);48;8
11627;Aguas Termales De Llacsa;Apurímac;-14.524986;-73.261218;3671.0;Frío (Suni);70;18
11626;Plaza De Armas De Chalhuanca ;Apurímac;-14.29453;-73.24428;2909.0;Templado Seco (Quechua);-1;18
13106;Mariposario Monte Alto;Huánuco;-9.28554;-75.9927;702.0;Templado Cálido (Yunga);33;19
11583;Playa Mendieta-Paracas;Ica;-14.03138;-76.251356;0.0;Cálido / Desértico (Costa);32;19
11582;Playa El Chaco - Paracas;Ica;-13.832896;-76.24876;0.0;Cálido / Desértico (Costa);32;19
11581;Playa Lagunilla-Paracas;Ica;-13.89735119578974;-76.31237718074125;0.0;Cálido / Desértico (Costa);32;19
11580;Playa Yumaque-Paracas;Ica;-13.911221728404495;-76.28208344729615;0.0;Cálido / Desértico (Costa);32;19
11612;Plaza De Armas De Chincha;Ica;-13.4172;-76.13247;101.0;Cálido / Desértico (Costa);41;4
11610;Bodega San Nicolás ;Ica;-13.813053;-76.119712;131.0;Cálido / Desértico (Costa);32;19
11590;Sala De Exhibición Del Sitio Arqueológico Tambo Colorado;Ica;-13.734132;-76.225019;0.0;Cálido / Desértico (Costa);32;19
11611;Humedales Grocio Prado (Humedales De Chincha);Ica;-13.406172;-76.192825;6.0;Cálido / Desértico (Costa);41;4
11589;Palpa, Pueblo Histórico Y Tradicional;Ica;-14.533712653589289;-75.18524765968323;349.0;Cálido / Desértico (Costa);-1;19
11852;Sitio Arqueológico De Yampu Qhala;Puno;-16.401102542636487;-69.03614213419766;3824.0;Frío (Suni);69;3
11620;El Candelabro De Paracas;Ica;-13.794072523080386;-76.30897521972656;38.0;Cálido / Desértico (Costa);32;19
12204;Fortaleza Del Cerro Jaquejaytahui;Puno;-16.362754353440945;-69.20410813509297;4204.0;Muy Frío (Puna);69;3
11962;Iglesia Santísima Trinidad De Pachabamba;Huánuco;-9.853881905566324;-76.19723355407126;2079.0;Templado Cálido (Yunga);15;2
11638;El Runa Jirca;Huánuco;-9.886599;-75.762466;3761.0;Frío (Suni);-1;5
11851;Piedras Cansadas De Kcanamarka;Puno;-16.344314222091835;-69.03117656707764;3845.0;Frío (Suni);69;3
11641;Pinturas Rupestres De Chijos;Puno;-14.492307;-69.744505;4336.0;Muy Frío (Puna);-1;3
11695;Capilla Virgen Del Tránsito ;Pasco;-10.663064616174193;-76.2534749507904;4365.0;Muy Frío (Puna);16;22
11663;Fuente Termal Larama Quta;Tacna;-17.102708479959354;-70.13322500276996;4383.0;Muy Frío (Puna);-1;3
11621;Museo De Sitio Julio C. Tello De Paracas.;Ica;-13.867913562057463;-76.27309799194336;11.0;Cálido / Desértico (Costa);32;19
11632;Plaza De Armas De Marcona;Ica;-15.362444313812896;-75.16594478042603;31.0;Cálido / Desértico (Costa);50;11
11850;Lito Escultura De Qharwa Umiña Pata;Puno;-16.2398062;-69.0532261;3858.0;Frío (Suni);69;3
11625;Bahía De Paracas;Ica;-13.829160356291451;-76.27372078308106;0.0;Cálido / Desértico (Costa);32;19
11628;Boulevard Turístico De San Andrés;Ica;-13.731474774705578;-76.22377216815948;0.0;Cálido / Desértico (Costa);32;19
14622;Paseo Temático Fertilidad Moche ;La Libertad;-8.121867857160206;-79.00045394897462;28.0;Cálido / Desértico (Costa);4;14
11849;Cerro Juana ;Puno;-16.19987050917484;-69.05446742327881;4369.0;Muy Frío (Puna);-1;3
11630;El Malecón Miranda (Malecón Turístico De Pisco);Ica;-13.710490421184778;-76.21848344907379;2.0;Cálido / Desértico (Costa);32;19
11633;Santuario Del Señor De Luren;Ica;-14.06580155027278;-75.72715774037789;409.0;Cálido / Desértico (Costa);3;9
11631;Plaza De Armas De Ica;Ica;-14.064002;-75.729237;410.0;Cálido / Desértico (Costa);3;9
11987;Playa La Perú;Áncash;-9.94152;-78.22653;0.0;Cálido / Desértico (Costa);43;4
11909;Cascadas De Quilcap;Áncash;-9.882485153282532;-77.76952790134673;1559.0;Templado Cálido (Yunga);-1;13
11684;Laguna Ccochachuyco;Pasco;-10.760476;-76.072153;4309.0;Muy Frío (Puna);62;5
12203;Sitio Arqueológico Cerro Tococawa;Puno;-16.260516367990913;-69.30640309190589;4067.0;Muy Frío (Puna);69;3
11662;Fuente Termal Nayraputina;Tacna;-17.098016131605483;-70.127433682209;4405.0;Muy Frío (Puna);-1;3
11770;Iglesia San Sebastian - Santuario Virgen Del Perpetuo Socorro;Piura;-5.199534923148423;-80.62737859001835;35.0;Cálido / Desértico (Costa);6;14
11772;Museo Central De Piura;Piura;-5.196677965768836;-80.62658166495657;34.0;Cálido / Desértico (Costa);6;14
11664;Geiser  Thuqurputina;Tacna;-17.095319973146804;-70.12591631779097;4425.0;Muy Frío (Puna);-1;3
11672;Pueblo Historico San Pedro De Muña ;Huánuco;-9.838420824718;-75.80252606329;2076.0;Templado Cálido (Yunga);-1;13
11675;Casa De Saberes Ancestrales Antamarka;Ayacucho;-14.384133;-73.96082;3449.0;Templado Seco (Quechua);70;18
14388;Bosque De Piedras De Socayapi - Kasarakuq QAqa;Puno;-15.06495447377661;-69.99699711799623;3947.0;Frío (Suni);72;3
11844;Collpa De Loros De La Comunidad Nativa De Shivankoreni;Cusco;-11.6758889;-72.98388888888888;449.0;Cálido / Desértico (Costa);59;24
11857;Santuario De Huarango ;Arequipa;-16.23405520421465;-72.48530430001736;462.0;Cálido / Desértico (Costa);52;11
12600;Cascada De Tayac Pata;Puno;-13.915487508214833;-70.23735360158204;3970.0;Frío (Suni);72;3
11843;Collpa De Loros De Saringaveni;Cusco;-12.061382;-72.846942;424.0;Cálido / Desértico (Costa);59;24
12002;Rio Saringaveni;Cusco;-12.193604;-72.853064;435.0;Cálido / Desértico (Costa);-1;24
12009;Rio Chinguriato;Cusco;-12.0952;-72.4917;1517.0;Templado Cálido (Yunga);-1;24
11867;Bodega Don Miguel;Tacna;-17.99748390650411;-70.20741237913323;689.0;Templado Cálido (Yunga);11;16
11697;Templo San Juan Pampa ;Pasco;-10.664651419853922;-76.25467121601105;4360.0;Muy Frío (Puna);16;22
12621;Laguna De Qañuccota;Puno;-13.797309252439966;-70.35235687237305;4041.0;Muy Frío (Puna);-1;3
13357;Sitio Arqueologico De Pucuyuta - Ituata;Puno;-13.856032;-70.136616;3706.0;Frío (Suni);-1;3
13555;Comunidad De Ccotos;Puno;-15.66793674466;-69.78163719177;3832.0;Frío (Suni);30;12
11835;Bodega Spirit;Tacna;-17.966281;-70.192249;801.0;Templado Cálido (Yunga);11;16
13650;Mirador Qellwani Cerro Calvario;Puno;-15.76768126094945;-70.25406002998353;3970.0;Frío (Suni);30;12
11829;Pueblo De Tarucachi;Tacna;-17.524799114101835;-70.03381727612685;3065.0;Templado Seco (Quechua);31;12
11755;Casa De Mercedes Cabello De Carbonera (Casas Coloniales);Moquegua;-17.19238170506022;-70.93293452222666;1409.0;Templado Cálido (Yunga);13;16
11720;Puente Colonial Zigzigi;Moquegua;-16.814405;-70.693538;2970.0;Templado Seco (Quechua);31;12
11834;Parroquia San José De Pachia;Tacna;-17.897311764170347;-70.1546683319292;1088.0;Templado Cálido (Yunga);11;16
11771;Mirador El Cristo De La Paz;Piura;-5.027484920094362;-79.87415347832544;1541.0;Templado Cálido (Yunga);55;17
11719;Puente Colgante De Cuchumbaya;Moquegua;-16.75056;-70.684632;3078.0;Templado Seco (Quechua);31;12
11768;Iglesia Matriz San Pedro ;Piura;-5.2393118;-79.4511499;1931.0;Templado Cálido (Yunga);55;17
11799;Mirador Cristo De La Paz;Puno;-14.909982019756631;-69.87114341499158;4071.0;Muy Frío (Puna);72;3
11767;Cascada  De Gaspar;Piura;-5.426003;-79.5644083;1787.0;Templado Cálido (Yunga);55;17
11862;Líneas Y Geoglifos De Palpa;Ica;-14.594583;-75.201431;318.0;Cálido / Desértico (Costa);-1;11
11831;Iglesia De La Santísima Virgen Del Carmen De Huaura;Lima;-11.071122316546226;-77.59921939706301;68.0;Cálido / Desértico (Costa);42;4
11827;Fósiles De Taraco ;Puno;-15.340382;-69.977336;3866.0;Frío (Suni);30;12
11830;Iglesia De Vilca-Huaura;Lima;-11.07279;-77.47506;234.0;Cálido / Desértico (Costa);42;4
11935;Laguna De Yarpu Ccocha;Ayacucho;-14.3716167353776;-73.97011841693619;3587.0;Frío (Suni);70;18
12342;Pozas Turquezas De Muñapata;Cusco;-13.6384265;-71.8674037;4076.0;Muy Frío (Puna);22;6
12561;Cañon De Paccareta;Arequipa;-15.469322;-72.351617;3636.0;Frío (Suni);-1;18
13689;Museo De La Memoria;Ayacucho;-13.14985973;-74.22795654;2787.0;Templado Seco (Quechua);24;15
13638;Casa Museo Joaquin Lopez Antay;Ayacucho;-13.1608045;-74.22112004;2735.0;Templado Seco (Quechua);24;15
13614;Sitio Arqueológico Del Cerro De Campanayoq;Ayacucho;-13.205938577030288;-74.24433946609498;3608.0;Frío (Suni);-1;15
11870;Pueblo De Viraco;Arequipa;-15.658083071652996;-72.52458477557445;3209.0;Templado Seco (Quechua);-1;18
11869;Petroglifo De Capellán;Arequipa;-15.658329;-72.519967;3118.0;Templado Seco (Quechua);-1;18
11868;Iglesia De Santa Úrsula;Arequipa;-15.657693188979737;-72.52470868220901;3209.0;Templado Seco (Quechua);-1;18
12927;Mirador Cerro El Tigre;Cajamarca;-5.12158;-79.07161;1483.0;Templado Cálido (Yunga);55;17
12937;Cascada Reyna Del Santuario;Cajamarca;-5.15689;-79.31278;2835.0;Templado Seco (Quechua);55;17
11872;Centro Histórico De Lima;Lima;-12.046369145921004;-77.03080429945284;158.0;Cálido / Desértico (Costa);28;9
11874;Espejo De Agua La Novia;Madre De Dios;-11.867140209717151;-69.14001468501837;254.0;Tropical Húmedo (Selva);-1;24
11890;Cataratas De La Localidad De Amargura (Salto Del Niño Y Monkerenshi);Cusco;-12.451143;-73.800997;1349.0;Templado Cálido (Yunga);64;24
11889;Cascada La Encantada;Cusco;-12.435556;-73.829945;1014.0;Templado Cálido (Yunga);64;24
11894;Catarata Miraflores ;Cusco;-12.254446;-73.924778;852.0;Templado Cálido (Yunga);64;24
11895;Bosque De Bambú;Cusco;-12.47099;-73.840459;639.0;Templado Cálido (Yunga);64;24
11891;Gran Teatro Nacional;Lima;-12.0866164511089;-77.00310151535267;165.0;Cálido / Desértico (Costa);-1;9
11888;Balneario De Omaya;Cusco;-12.561381;-73.810695;553.0;Templado Cálido (Yunga);64;24
11931;Mirador Natural De Buenos Aires;Cusco;-12.542777;-73.801099;728.0;Templado Cálido (Yunga);64;24
12823;Cascada De Puyush;Pasco;-10.471046;-76.422024;3823.0;Frío (Suni);62;5
12825;Nevado Huaguruncho;Pasco;-10.53326531701496;-75.92876139209001;5187.0;Glacial / Nieve (Janca);-1;5
14261;Plaza Chaupimarca;Pasco;-10.68249774832014;-76.25712565037817;4311.0;Muy Frío (Puna);16;22
11902;Plaza De La Paz De Villa San Alejandro;Ucayali;-8.828704;-75.213358;221.0;Tropical Húmedo (Selva);60;26
11881;Cooperativa Agroindustrial Bella;Huánuco;-9.324719;-76.03595;697.0;Templado Cálido (Yunga);33;19
11950;Sitio Paleontológico De Nueva Alianza;Cusco;-12.550109;-73.765117;1307.0;Templado Cálido (Yunga);64;24
11934;Plaza De Armas De Pichari;Cusco;-12.519626;-73.828712;599.0;Templado Cálido (Yunga);64;24
11927;Mirador Vista Alegre;Cusco;-12.499422;-73.796459;1365.0;Templado Cálido (Yunga);64;24
11917;Embarcadero Ccatunrumi;Cusco;-12.512104;-73.853794;536.0;Templado Cálido (Yunga);64;24
11901;Bulevar Villa San Alejandro ;Ucayali;-8.829577;-75.21311;215.0;Tropical Húmedo (Selva);60;26
11952;Área De Conservación Regional Bosques Secos Salitral-Huarmaca-Bloque Norte;Piura;-5.463235552;-79.79744104;379.0;Cálido / Desértico (Costa);-1;10
12441;Malecón Jorge Chávez ;Piura;-5.085379837491445;-81.1115500542041;0.0;Cálido / Desértico (Costa);40;1
11903;Fábrica De Chocolates Kimpito;Huánuco;-9.325775;-76.029717;667.0;Templado Cálido (Yunga);33;19
11916;Piscigranja Municipal De Pichari;Cusco;-12.520469;-73.816819;588.0;Templado Cálido (Yunga);64;24
11898;Catarata Yanaccacca ;Apurímac;-13.791334;-73.048285;3420.0;Templado Seco (Quechua);-1;23
11918;Bodega Santo Domingo - Marqués De Torán;Arequipa;-16.351285276701763;-72.47643649578094;304.0;Cálido / Desértico (Costa);-1;11
12197;Chullpas De Asirune;Puno;-16.27090772413036;-69.31332768617938;3850.0;Frío (Suni);69;3
12188; Sitio Arqueológico Tinkuy Kuchu;Ayacucho;-14.145198;-74.52197;4179.0;Muy Frío (Puna);-1;18
11919;Área De Conservación Regional Bosques Secos Salitral Huarmaca- Bloque Sur;Piura;-5.65918532;-79.68628797;678.0;Templado Cálido (Yunga);55;10
13691;Museo Casa Del Retablo;Ayacucho;-13.13655056;-74.23236036;2829.0;Templado Seco (Quechua);24;15
11994;Playa Arena Blanca;Tacna;-17.88280078823312;-71.02470963094359;0.0;Cálido / Desértico (Costa);-1;11
11960;Catarata Ángela;Cusco;-12.534074;-73.76996;1037.0;Templado Cálido (Yunga);64;24
11943;Catarata Ángel;Cusco;-12.534176;-73.768524;999.0;Templado Cálido (Yunga);64;24
11942;Catarata Salto Del Gallito;Cusco;-12.531698;-73.76052;1258.0;Templado Cálido (Yunga);64;24
11941;Catarata Velo De La Novia;Cusco;-12.530807;-73.759466;1373.0;Templado Cálido (Yunga);64;24
11961;Catarata Rey Del Vraem;Cusco;-12.5298;-73.758569;1511.0;Templado Cálido (Yunga);64;24
11978;Laguna Almacocha ;Áncash;-9.576190084464288;-77.43619354338689;3983.0;Frío (Suni);19;22
11937;Mirador Calvario Punta;Amazonas;-6.051168;-77.967139;2526.0;Templado Seco (Quechua);45;13
11970;Laguna Viña Del Río;Huánuco;-9.938429204058044;-76.25206743603054;1903.0;Templado Cálido (Yunga);15;2
11959;Mirador Cerro Grande;La Libertad;-7.70315261;-78.0394768;2899.0;Templado Seco (Quechua);49;28
11957;Catarata Comaday;La Libertad;-7.720619;-78.033411;2946.0;Templado Seco (Quechua);49;28
11956;Laguna Llaygan ;La Libertad;-7.667778;-77.944444;3889.0;Frío (Suni);49;28
11955;Catarata Peña Del Cóndor - Kunturqaqa;La Libertad;-7.741908;-77.957244;3500.0;Templado Seco (Quechua);49;28
11975;Plazuela El Capuli De Bolivar;Cajamarca;-7.61528;-78.06391;2626.0;Templado Seco (Quechua);45;13
11974;Templo De San Nicolás De Tolentino De Cajabamba;Cajamarca;-7.623745;-78.046;2654.0;Templado Seco (Quechua);45;13
11973;Plaza Mayor De Cajabamba;Cajamarca;-7.62374;-78.046;2654.0;Templado Seco (Quechua);45;13
12424;Sitio Arqueológico Cambolín;Amazonas;-6.219089148791341;-77.78594182254923;2432.0;Templado Seco (Quechua);18;2
11984;Los Molinos De Piedra  De  San Pablo;Cusco;-14.223241;-71.296541;3492.0;Templado Seco (Quechua);75;3
11983;Montaña De Colores  Yuraq  Cancha;Cusco;-14.114102;-71.094381;4612.0;Muy Frío (Puna);74;3
11981;Iglesia De Callanca;Cusco;-14.180799;-71.140474;4035.0;Muy Frío (Puna);-1;3
11982;Puente Colonial De Santa Barbara;Cusco;-14.17261;-71.202009;3947.0;Frío (Suni);75;3
12448;Pueblo De Cruz Pampa - Yapatera;Piura;-5.094517360265385;-80.15537201038151;115.0;Cálido / Desértico (Costa);39;1
12322;Rio Mipaya;Cusco;-11.3316;-73.0958;369.0;Cálido / Desértico (Costa);59;24
12258;Cañon De Timpia;Cusco;-12.411;-72.4736;1583.0;Templado Cálido (Yunga);-1;24
12164;Campiña De Julcán;La Libertad;-8.053815;-78.508625;3514.0;Frío (Suni);45;13
12065;Puente Natural De Alpachaca;Cusco;-14.147616;-71.168322;4046.0;Muy Frío (Puna);-1;3
11996;Islas Albizuri ;Arequipa;-17.009523;-72.121628;0.0;Cálido / Desértico (Costa);57;11
12574;Huaca Bellavista ;Lima;-12.03076290028373;-76.94495113776115;308.0;Cálido / Desértico (Costa);-1;9
12246;El Camino Del Mono;Cusco;-12.125881;-72.484451;1839.0;Templado Cálido (Yunga);-1;24
12025;Tinajas Del Amor;Cusco;-12.759805;-73.39087;1351.0;Templado Cálido (Yunga);64;24
12409;Muralla De Tungasuca;Lima;-11.896578991;-77.04011306183;179.0;Cálido / Desértico (Costa);-1;9
12183;Cementerio Museo Patrimonial De La Almudena Cusco;Cusco;-13.526376;-71.987206;3440.0;Templado Seco (Quechua);22;6
12017;Quebrada De Aguas Cristalinas De Santa Ana;Cusco;-12.770834;-73.388184;1281.0;Templado Cálido (Yunga);64;24
12209;Quebrada Cristalina;Cusco;-12.77785;-73.427322;1425.0;Templado Cálido (Yunga);64;24
12075;Quebrada Encantos De Sirinikiato;Cusco;-12.712816;-73.347428;1287.0;Templado Cálido (Yunga);64;24
12056;Mirador Ukumari;Cusco;-12.805152;-73.474043;1905.0;Templado Cálido (Yunga);-1;24
12117;Playa Makaha;Lima;-12.129585850456833;-77.03626155853271;0.0;Cálido / Desértico (Costa);-1;9
12125;Casona De La Familia Berrospi;Áncash;-9.281431537992788;-77.64545235590589;2642.0;Templado Seco (Quechua);62;13
13129;Quebrada Shaqsha;Áncash;-9.5882448;-77.4001619;4327.0;Muy Frío (Puna);19;22
12072;Granja Ecologica Lindero;Huánuco;-10.09470911488;-76.20679378509;2045.0;Templado Cálido (Yunga);15;2
12193; Mini Volcán De Logen;Moquegua;-16.53879743003;-70.94375604763;5058.0;Glacial / Nieve (Janca);-1;12
12577;El Rio Hirviente De La Amazonía;Huánuco;-8.81486;-74.72801;237.0;Cálido / Desértico (Costa);60;26
12066;Laguna Huallcacocha;Áncash;-9.16194;-77.5439;4340.0;Muy Frío (Puna);62;5
12239;Bosque De Pampachiri - Sector De Huaccoto;Apurímac;-14.256761;-73.474608;3616.0;Frío (Suni);70;18
12238;Bosques De Pampachiri  Sector Pabellones;Apurímac;-14.280111;-73.457928;3747.0;Frío (Suni);70;18
12244;Bodega Santa Elena;Tacna;-17.996944;-70.221388;663.0;Templado Cálido (Yunga);11;16
12237;Bosque De Pampachiri - Sector Awquimarca - Formaciones Volcanicas De Awquillaqta;Apurímac;-14.29285;-73.457789;3696.0;Frío (Suni);70;18
12242;Bodega Tacna;Tacna;-17.94167;-70.18694;883.0;Templado Cálido (Yunga);11;16
12236;Bosque De Pampachiri - Sector De Cabrawasi  Pulpito;Apurímac;-14.29285;-73.457789;3696.0;Frío (Suni);70;18
12256;Bosque De Pampachiri - Sector Awquimarca (Chinkana);Apurímac;-14.23564;-73.664444;3914.0;Frío (Suni);70;18
12071;Cañon De Shirimpiari;Cusco;-12.690132;-73.350268;916.0;Templado Cálido (Yunga);64;24
12094;Catarata De Ozonampiato;Cusco;-12.628552;-73.170098;786.0;Templado Cálido (Yunga);63;24
12092;Catarata  Santañato Orcco;Cusco;-12.782348;-73.438858;1522.0;Templado Cálido (Yunga);-1;24
12093;Garganta Del Diablo;Cusco;-12.802903;-73.457107;1408.0;Templado Cálido (Yunga);64;24
13306;Fundo La Pampita De El Algarrobal - D'Ilo;Moquegua;-17.623274;-71.275727;82.0;Cálido / Desértico (Costa);27;20
13305;Fundo El Algodonal - Chiriwasi;Moquegua;-17.612933;-71.244528;123.0;Cálido / Desértico (Costa);27;20
12248;Cabeza Del Perro Guardián;Arequipa;-16.082303;-72.47913;624.0;Templado Cálido (Yunga);52;11
12284;Centro Cultural Y Turístico De Huánuco ;Huánuco;-9.929867162848;-76.2402677536;1902.0;Templado Cálido (Yunga);15;2
12103;Mirador El Rondero;Cajamarca;-6.57175;-78.6168889;2799.0;Templado Seco (Quechua);45;13
13928;Bosque Pumayaku;Huánuco;-8.82293;-74.72536;341.0;Cálido / Desértico (Costa);60;26
12599;Represa Pachaya;Ayacucho;-14.6483048;-74.0903559;3580.0;Frío (Suni);70;18
12362;Paseo Ribereño Malecón Calicanto;Huánuco;-9.9361;-76.23905;1897.0;Templado Cálido (Yunga);15;2
12557;Cascada Paila Ragra;Huánuco;-9.94477;-76.14696;3148.0;Templado Seco (Quechua);-1;22
12320;Bosque Manzanedo ;Huánuco;-9.6975;-76.10579;1952.0;Templado Cálido (Yunga);-1;13
12130;Mirador Llanllapu;Áncash;-9.28658442632828;-77.664059932788;3007.0;Templado Seco (Quechua);62;5
12131;Catarata Cuchimachay ;Lima;-11.89272;-76.43142;2221.0;Templado Cálido (Yunga);-1;0
12210;Baños Termales De Logen;Moquegua;-16.50456606887;-70.96961975097;5042.0;Glacial / Nieve (Janca);-1;12
12121;Agua Termo-Mineral Aguas Calientes;Cusco;-12.712816;-73.347428;1287.0;Templado Cálido (Yunga);64;24
12143;Museo De Arqueología Catalina Huanca;Junín;-12.05455;-75.24018;3199.0;Templado Seco (Quechua);26;15
12158;Rio Shimaa;Cusco;-12.641281;-73.216199;642.0;Templado Cálido (Yunga);-1;24
12192;Quebrada Lorochayoc;Cusco;-12.692037;-73.344248;837.0;Templado Cálido (Yunga);64;24
12162;Zona Paisajistica Alto Kepashiato;Cusco;-12.671293;-73.193308;1185.0;Templado Cálido (Yunga);-1;24
12155;Catarata Shimentato;Cusco;-12.745613;-73.419207;1227.0;Templado Cálido (Yunga);64;24
12191;Catarata Flor Maria;Cusco;-12.752513;-73.262088;976.0;Templado Cálido (Yunga);-1;24
12190;Pscigranja Yovani;Cusco;-12.663672;-73.303135;792.0;Templado Cálido (Yunga);64;24
12200;Rio Kumpirushiato;Cusco;-12.656851;-73.2628;698.0;Templado Cálido (Yunga);64;24
12160;Centro De Produccion Y Reproduccion De Peces  Sol Naciente;Cusco;-12.65896;-73.265205;701.0;Templado Cálido (Yunga);64;24
12186;Bosque De Piedras;Cusco;-12.690995;-73.345515;900.0;Templado Cálido (Yunga);64;24
12485;Cerro Pucara;Moquegua;-16.678484;-70.962601;2592.0;Templado Seco (Quechua);31;12
12224;Bodega Jala Jala;Moquegua;-16.672704;-70.972917;2167.0;Templado Cálido (Yunga);31;12
12185;Iglesia Colonial De San Buenaventura;Lima;-11.4894;-76.66179;2708.0;Templado Seco (Quechua);68;0
12189;Sitio Arqueológico Cushpa;Lima;-11.46563;-76.65133;3573.0;Frío (Suni);68;0
12223;Iglesia Colonial San Juan De Lahuaytambo ;Lima;-12.09651;-76.38882;3297.0;Templado Seco (Quechua);68;0
12324;Centro Arqueologico De Ichu;Huánuco;-9.89284;-75.97997;2631.0;Templado Seco (Quechua);-1;5
12174;Valle De Inclán;Tacna;-17.79506588;-70.49504647;504.0;Templado Cálido (Yunga);27;20
12178;Pampas De Rodales De Cactáceas;Tacna;-17.799103;-70.419765;718.0;Templado Cálido (Yunga);27;20
12176;Mirador Natural De Lluco;Tacna;-17.702433;-70.476448;794.0;Templado Cálido (Yunga);27;20
12177;Petroglifos De Sambalay;Tacna;-17.619802;-70.447137;902.0;Templado Cálido (Yunga);27;20
12225;Laguna Poches;Lima;-12.06837;-76.33939;4453.0;Muy Frío (Puna);-1;0
12234;Agua Sulfurosa De Santo Domingo;Huánuco;-9.858367;-75.847513;1859.0;Templado Cálido (Yunga);-1;19
12287;Parque Temático Yanesha El Wakon;Pasco;-10.542583972067751;-75.44144217862744;1812.0;Templado Cálido (Yunga);65;26
12233;Torre Jirca;Huánuco;-9.760711;-75.75195;2185.0;Templado Cálido (Yunga);-1;13
12232;Catarata Rinconada;Huánuco;-9.815165;-75.792348;1455.0;Templado Cálido (Yunga);33;19
12208;Mirador Peaña De La Cruz San Juan   ;Lima;-12.9631;-76.14;478.0;Cálido / Desértico (Costa);41;4
12230;Lechuza Machay;Huánuco;-9.831554;-75.875952;2962.0;Templado Seco (Quechua);-1;5
12289;Playa Tres Picos;Lima;-12.119823206797395;-77.04646371245519;2.0;Cálido / Desértico (Costa);-1;9
12214;Humedales De Chaviña  ;Arequipa;-15.651082661095996;-74.64573627249146;4.0;Cálido / Desértico (Costa);50;11
12275;Iglesia San Francisco De Asís De Pacarán;Lima;-12.865332484579278;-76.05511262831116;680.0;Templado Cálido (Yunga);41;4
12229;Mirador De Llamapa Ñawin;Huánuco;-9.824703;-75.845628;2161.0;Templado Cálido (Yunga);-1;13
12243;Bodega Buena Vista;Lima;-12.865483;-76.054093;700.0;Templado Cálido (Yunga);41;4
12228;Laguna De Gochacalla;Huánuco;-9.850692;-75.906242;3038.0;Templado Seco (Quechua);-1;5
12535;Sitio Arqueológico De San Marcos;Lima;-12.862450605053311;-76.04587937474729;720.0;Templado Cálido (Yunga);41;4
12273;Pueblo Tradicional De Pacarán;Lima;-12.866158;-76.054673;698.0;Templado Cálido (Yunga);41;4
12517;Pinturas Rupestres  De Chaupy Phillu;Cusco;-14.0116016;-71.689485;4042.0;Muy Frío (Puna);-1;23
12235;Agroindustrias Vallesol ;Lima;-12.900138;-76.089873;608.0;Templado Cálido (Yunga);41;4
12531;Puente Colgante De Antahuaya;Lima;-12.88513;-76.077875;633.0;Templado Cálido (Yunga);41;4
12299;Sitio Arqueológico De Huaca Daris;Lima;-12.86275;-76.04998;712.0;Templado Cálido (Yunga);41;4
12570;Cementerio Prehispanico De Ichuyuq PUkru;Cusco;-13.99929;-71.70972;3675.0;Frío (Suni);-1;23
12379;Laguna Chaupincocha;Áncash;-8.2839922;-77.95745;4228.0;Muy Frío (Puna);49;28
12528;Cementerio Prehispanico De Haya Pukara;Cusco;-14.00825;-71.70641;3804.0;Frío (Suni);-1;23
12515;Pueblo Colonial De Huayqui;Cusco;-13.9939933;-71.71484;3390.0;Templado Seco (Quechua);-1;23
12576;Sitio Arqueologico De Puisay Toqhoqhaka;Cusco;-13.340465;-71.719271;3500.0;Templado Seco (Quechua);-1;23
12401;Iglesia Purhuay;Áncash;-8.341870945241874;-77.46022113624574;1633.0;Templado Cálido (Yunga);-1;21
12516;Templo Santiago Apóstol De Corma;Cusco;-13.8828435;-71.7570683;3831.0;Frío (Suni);-1;23
12571;Sitio Arqueológico De Corma Rakay ;Cusco;-13.883768;-71.777572;3966.0;Frío (Suni);-1;23
12240;Mirador Urpillau;La Libertad;-7.862311;-78.667793;4162.0;Muy Frío (Puna);-1;5
12250;Mirador Cerro Yagon;La Libertad;-7.873472;-78.714639;3527.0;Frío (Suni);45;13
12340;Cañón Añima Salta De Huantán;Lima;-12.483439053;-75.760048187;3708.0;Frío (Suni);48;8
12310;Sitio Arqueológico De Chicahuasi;Lima;-12.483439053;-75.760048187;3708.0;Frío (Suni);48;8
12308;Cañón Sarco De Huantán;Lima;-12.516288798;-75.705834999;4072.0;Muy Frío (Puna);48;8
12321;Laguna Umán De Miraflores;Lima;-12.212273135;-75.906852527;4565.0;Muy Frío (Puna);48;8
12283;Casa Hacienda Caballero;Lima;-11.79138;-76.98322;403.0;Cálido / Desértico (Costa);-1;19
12296;Pueblo Sipán;Lambayeque;-6.81046;-79.60274;86.0;Cálido / Desértico (Costa);38;1
12264;Oasis De La Joya;Arequipa;-16.573323460275507;-71.96657920596229;1231.0;Templado Cálido (Yunga);-1;20
12288;La Piedra De Cumpanamá;Loreto;-5.825389783862286;-76.56262748950068;204.0;Tropical Húmedo (Selva);47;21
12301;Iglesia Matriz De Vitis;Lima;-12.223937;-75.807648;3602.0;Frío (Suni);48;8
12392;Pueblo De Yauyos;Lima;-12.4603108;-75.9230586;2973.0;Templado Seco (Quechua);48;8
12331;Sitio Arqueológico De Cochashuasi;Lima;-12.247245;-75.809238;3426.0;Templado Seco (Quechua);48;8
12696;Playa Barcelona;Lima;-12.7012166;-76.648964;0.0;Cálido / Desértico (Costa);41;4
12683;Mirador Volcán Apagado Chuncara Vilquechico;Puno;-15.204524397453053;-69.68952133862307;4070.0;Muy Frío (Puna);30;12
12350;Mirador De Huallhua De Huancaya;Lima;-12.18250408;-75.79542595;3843.0;Frío (Suni);48;8
12412;Andenes De Aquicha;Lima;-12.46779824923138;-75.86881333634278;3076.0;Templado Seco (Quechua);48;8
12391;Laguna De Llongote;Lima;-12.351122677391386;-75.93758017196656;4465.0;Muy Frío (Puna);48;8
12431;Nevado De Llongote;Lima;-12.32444;-75.95417;5015.0;Glacial / Nieve (Janca);48;8
12451;Puente Colonial Calicanto De Huancaya;Lima;-12.2007518451208;-75.7970503042723;3585.0;Frío (Suni);48;8
12430;Camino Inca De Tanta;Lima;-12.041346647285756;-75.97083663090297;4301.0;Muy Frío (Puna);48;8
12415;Catarata Canchana;Lima;-12.353213404;-75.853015754;3990.0;Frío (Suni);48;8
12417;Laguna De Shiña;Lima;-12.324197298837376;-75.92345408398292;4577.0;Muy Frío (Puna);48;8
12416;Mirador De Punta Esperanza;Lima;-12.353213404;-75.853015754;3990.0;Frío (Suni);48;8
12414;Arte Rupestre De Quillcasca;Lima;-12.367868257;-75.692768304;4680.0;Muy Frío (Puna);48;8
12413;Cañon De Shutco ;Lima;-12.37829;-75.74897;3901.0;Frío (Suni);48;8
14181;Pueblo De San Antonio;Lima;-11.8064482;-76.7874076;1673.0;Templado Cálido (Yunga);-1;19
12420;Montaña De Colores De Pucapampa;Lima;-12.433436331;-75.678542679;4855.0;Glacial / Nieve (Janca);48;8
12428;Andenería De Huacta;Lima;-12.281761545;-75.787059213;3289.0;Templado Seco (Quechua);48;8
12427;Cañon De Uchco;Lima;-12.248679603764309;-75.75366918518066;3623.0;Frío (Suni);48;8
12421;Bosque De Lloclla;Lima;-12.267229803;-75.807896832;3561.0;Frío (Suni);48;8
12418;Puente Colgante De Tinco;Lima;-12.287050787;-75.692850396;4014.0;Muy Frío (Puna);48;8
12426;Escalerayoc De Tanta;Lima;-12.024420294751796;-75.95767021179199;4447.0;Muy Frío (Puna);48;8
12328;Laguna De Mullucocha De Tanta;Lima;-12.04304863;-75.96666117;4275.0;Muy Frío (Puna);48;8
12374;Centro De Conservación Ecológico Sinchi Wasi;Loreto;-5.922222;-76.121944;146.0;Tropical Húmedo (Selva);47;21
12453;Sitio Arqueologico Pirja Pirja De Tanta;Lima;-12.05667791;-76.00818511;4617.0;Muy Frío (Puna);48;8
12452;Sitio Arqueologico Tambo Real De Tanta;Lima;-12.05120825;-75.98864782;4492.0;Muy Frío (Puna);48;8
12326;Pueblo De Tanta;Lima;-12.12251067;-76.0134474128;4270.0;Muy Frío (Puna);48;8
12329;Laguna Chuspicocha De Tanta;Lima;-12.13649953;-75.99047124;4501.0;Muy Frío (Puna);48;8
12330;Catarata De Pajcha O Del Amor De Tanta;Lima;-12.13119601;-76.01108987;4287.0;Muy Frío (Puna);48;8
12385;Laguna Incacocha De Tomas;Lima;-12.170048248057814;-75.62958005497526;4585.0;Muy Frío (Puna);48;8
12747;Lomas De La Aguada - Mala;Lima;-12.64243;-76.59704;233.0;Cálido / Desértico (Costa);41;4
12450;Sitio Arqueologico Ayacoto De Tomas;Lima;-12.236513377527736;-75.74514239245158;3580.0;Frío (Suni);48;8
12444;Catarata El Sitan De Chirimoyos;Piura;-5.099174834939398;-79.86278156745924;1234.0;Templado Cálido (Yunga);55;17
12404;Bodega El Guayabo;Lima;-12.145389318478603;-77.0107471865862;77.0;Cálido / Desértico (Costa);29;9
12286;Museo Vintage Años Dorados;Pasco;-10.602140751094188;-75.41349037621796;1821.0;Templado Cálido (Yunga);65;26
12290;Iglesia Matriz La Inmaculada;Piura;-4.580251089586742;-81.27191699890909;8.0;Cálido / Desértico (Costa);53;10
12636;Bosque De Piedra De Casire;Ayacucho;-15.318619;-73.340776;3027.0;Templado Seco (Quechua);-1;18
12633;Volcán Sara Sara ;Ayacucho;-15.321879;-73.444926;5385.0;Glacial / Nieve (Janca);-1;3
12582;Laguna Centenario ;Arequipa;-17.10531;-71.90241;3.0;Cálido / Desértico (Costa);57;11
12491;Mirador Qesqe;Ayacucho;-13.17239;-73.81554;3355.0;Templado Seco (Quechua);77;23
12300;Catarata De Huatangoy  ;Lima;-11.845236979788346;-76.53511378042603;2774.0;Templado Seco (Quechua);68;0
12449;Complejo Arqueológico De Huarichaca;Lima;-11.838216;-76.565036;3764.0;Frío (Suni);68;0
12378;Iglesia San Mateo De Otao ;Lima;-11.846971;-76.562297;3513.0;Frío (Suni);68;0
12493;Apu Paranccay;Ayacucho;-13.14461;-73.87708;3140.0;Templado Seco (Quechua);-1;23
12490;Formaciones Rocosas De Nembrellunniyucc;Ayacucho;-13.1875;-73.85722;3626.0;Frío (Suni);-1;23
12395;Catarata Las Golondrinas;Huánuco;-8.79377;-76.33478;1095.0;Templado Cálido (Yunga);-1;26
12489;Apu Saccsamarca;Ayacucho;-13.19546;-73.88385;3753.0;Frío (Suni);-1;23
12351;Laguna Los Chunatawas;Huánuco;-8.78148;-76.25028;531.0;Templado Cálido (Yunga);60;21
12488;Sitio Arqueológico De Ñaupallaqta - Distrito De Chilcas;Ayacucho;-13.21455;-73.86134;3647.0;Frío (Suni);-1;23
12682;Baños Termales Piscina De Juriruni;Puno;-15.2756509077549;-69.65009473301636;3816.0;Frío (Suni);30;12
12622;Cascada De Fauchinta De Machaca-Marca ;Puno;-15.122673;-69.476938;4089.0;Muy Frío (Puna);-1;3
12305;Sitio Arqueológico De Cruz Punta.;Huánuco;-9.85277;-76.06102;2584.0;Templado Seco (Quechua);-1;5
12553;Laguna De La Alameda ;Arequipa;-17.09562;-71.91302;4.0;Cálido / Desértico (Costa);57;11
12403;Bodega J. Ugarelli S.;Lima;-12.13880524461001;-77.0132111334158;84.0;Cálido / Desértico (Costa);29;9
12307;Plaza Francisco Inka De Lahuaytambo;Lima;-12.09658;-76.3888;3297.0;Templado Seco (Quechua);68;0
12482;Catarata Las Gemelas;Ayacucho;-13.14847;-73.93444;2941.0;Templado Seco (Quechua);-1;23
12309;Pampas De La Joya;Arequipa;-16.57400989692395;-71.96662902832031;1233.0;Templado Cálido (Yunga);-1;20
12657;Castillo De Santo Domingo ;Ayacucho;-13.071;-74.1146;3304.0;Templado Seco (Quechua);24;15
12439;Pinturas Rupestres De Togmopunta;Huánuco;-9.979656;-76.299361;2789.0;Templado Seco (Quechua);15;2
12341;Mirador Turistico Santa Rosa;Lima;-12.656607;-76.626642;91.0;Cálido / Desértico (Costa);41;4
12366;Area De Conservacion Privada San Marcos;Huánuco;-9.85302;-76.01657;2842.0;Templado Seco (Quechua);-1;5
12377;Sitio Arqueológico Chumbivilca;Pasco;-10.464516;-76.466076;4020.0;Muy Frío (Puna);62;5
12396;Huaca La Merced;Lima;-12.11680693830368;-77.0059834420681;121.0;Cálido / Desértico (Costa);-1;9
12390;Montañas De Colores Puka Punchu;Cusco;-14.427934;-71.1694029;4768.0;Muy Frío (Puna);-1;3
12386;Montaña De Colores Pallay Punchu De T´Akllo;Cusco;-14.425405257984298;-71.11122177734374;3892.0;Frío (Suni);75;3
12389;Chullpas Preinca De Ccuyo;Cusco;-14.3805322;-71.1350848;3761.0;Frío (Suni);75;3
12387;Palacio Wayna Qhapac ;Cusco;-13.3009267;-72.1143644;2902.0;Templado Seco (Quechua);79;23
12388;Mirador De Tantanmarka;Cusco;-13.304455;-72.115567;2879.0;Templado Seco (Quechua);79;23
12462;Laguna Y Salinera De San Camilo;Arequipa;-16.726701;-71.951509;1135.0;Templado Cálido (Yunga);-1;20
12397;Huaca La Luz;Lima;-12.06683706620631;-77.07213233103732;84.0;Cálido / Desértico (Costa);-1;9
12465;Mirador San Luis;Cusco;-13.089619;-72.390014;3195.0;Templado Seco (Quechua);-1;23
12942; Sitio Arqueologico Capillayoq;Cusco;-13.002764;-72.523844;1727.0;Templado Cálido (Yunga);-1;24
12464;Mirador Apu Yanantin - Machupicchu;Cusco;-13.088629;-72.507361;3963.0;Frío (Suni);-1;23
12507;Playa Cancas;Tumbes;-3.94593;-80.9427;0.0;Cálido / Desértico (Costa);34;1
12676;Zona Arqueológica Cajamarquilla ;Lima;-11.98530783658449;-76.90633986378872;400.0;Cálido / Desértico (Costa);-1;9
12913;Parque Central De Chosica - Emilio Del Solar Y Mendiburu;Lima;-11.936462652281012;-76.69668906999578;853.0;Templado Cálido (Yunga);-1;19
12446;Catarata Del Amor De Surco;Lima;-11.87697;-76.46948;1945.0;Templado Cálido (Yunga);-1;19
12445;Laguna Ucte;Lima;-11.79751;-76.43554;4655.0;Muy Frío (Puna);-1;5
12936;Parcela Demostrativa De Cafe El Guayaquil;Cajamarca;-5.389431;-78.909198;1557.0;Templado Cálido (Yunga);55;17
12455;Restos Arqueológicos De Chuctoloma;Junín;-11.935725;-75.255333;3356.0;Templado Seco (Quechua);26;15
12613;Zona Arqueológica Monumental Cerro Mejía;Moquegua;-17.09506;-70.855394;2442.0;Templado Seco (Quechua);12;16
13322;Bodega Viejo Molino;Moquegua;-17.1755;-70.92382;1490.0;Templado Cálido (Yunga);13;16
12459;Cerro La Botica;La Libertad;-8.08990714730021;-78.14315631225585;3086.0;Templado Seco (Quechua);49;28
12466;Bosque La Zorrera;La Libertad;-8.089594723541348;-78.14215421218975;3140.0;Templado Seco (Quechua);49;28
12732;Bosque De Piedras De Puruña;Arequipa;-16.081522;-71.366592;3996.0;Frío (Suni);-1;12
12526;Orquidiario Municipal Sicchez;Piura;-4.570196338798863;-79.76346093961064;1393.0;Templado Cálido (Yunga);55;17
12484;Plaza De Armas De Chilcas;Ayacucho;-13.17132;-73.90671;3206.0;Templado Seco (Quechua);77;23
12941;Claustros De La Compañia;Arequipa;-16.39988;-71.536284;2341.0;Templado Seco (Quechua);12;16
12555;Petroglifos De La Caldera;Arequipa;-16.42782;-71.75738;2139.0;Templado Cálido (Yunga);31;12
12564;Mirador Apu Qahuarina;Cusco;-11.57306;-72.556566;389.0;Cálido / Desértico (Costa);-1;24
12537;Cascada El Amor;Cusco;-12.517794;-73.813355;627.0;Templado Cálido (Yunga);64;24
12743;Mirador Turístico San Matias;Pasco;-10.40489;-74.98049;492.0;Cálido / Desértico (Costa);61;26
12508;Iglesia Colonial Santa Ana De Chaucarima;Lima;-12.08622;-76.38537;3483.0;Templado Seco (Quechua);68;0
12550;Cascada El Mirador;Cusco;-12.517151;-73.81073;769.0;Templado Cálido (Yunga);64;24
12579;Catarata Lagrimas Del Cielo Monkerenshi;Cusco;-12.451143;-73.800997;1349.0;Templado Cálido (Yunga);64;24
12575;Catarata San Jose - Monkirenshi;Cusco;-12.521928;-73.811346;595.0;Templado Cálido (Yunga);64;24
12504;Cascada El Silencio  La Bella;Cusco;-12.429784;-73.814355;1352.0;Templado Cálido (Yunga);64;24
12511;Cascada 2 Rocas;Cusco;-12.429413;-73.813447;1388.0;Templado Cálido (Yunga);64;24
12510;Cascada 5 Tinajas De Monkirenshi;Cusco;-12.430057;-73.814855;1297.0;Templado Cálido (Yunga);64;24
12495;Plaza Grau Centro Cívico;Piura;-4.57971970278749;-81.27189017681894;8.0;Cálido / Desértico (Costa);53;10
12514;Mirador Santisima Cruz;Piura;-5.65609;-79.533761;2563.0;Templado Seco (Quechua);55;17
13027;Centro Recreacional Turistico Palcazú - La Maloca;Pasco;-10.184595;-75.150263;291.0;Cálido / Desértico (Costa);-1;26
12505;Mirador De Condor ChuichikA;Cusco;-13.88659;-71.79333;3804.0;Frío (Suni);-1;23
12503;Reserva Comunal De Vicuñas De Huayqui;Cusco;-13.95146;-71.7383367;3084.0;Templado Seco (Quechua);79;23
12506;Quebrada De Mayu Huillca;Cusco;-13.9507367;-71.7509583;2940.0;Templado Seco (Quechua);-1;23
12521;Bosque De Pinos De Torrepampa;Junín;-11.795984;-75.3779;3787.0;Frío (Suni);73;0
12533;Sitio Arqueológico De Marka Marka;Puno;-14.123102706790712;-69.9683147692793;3667.0;Frío (Suni);-1;3
12532;Sitio Arqueológico Marka Marka Ii;Puno;-14.1209;-69.915;3506.0;Frío (Suni);-1;3
12530;Puente Natural Th'Usnachaka;Puno;-14.12335204633428;-69.96683696290796;3738.0;Frío (Suni);-1;3
12529;Complejo Arqueológico Phisqa Punku;Puno;-14.1079;-69.8809;3447.0;Templado Seco (Quechua);-1;3
12536;Zona  Arqueologico De Tambo Pukara;Cusco;-14.0072727;-71.7097433;3685.0;Frío (Suni);-1;23
12502;Templo Colonial San Miguel Arcangel  De Acos;Cusco;-13.9511433;-71.7384;3085.0;Templado Seco (Quechua);79;23
12520;Mirador De Rumichurco;Junín;-11.812172;-75.330779;3696.0;Frío (Suni);73;0
12620;Bosque De Piedras De Mula Kancha;Puno;-14.472391072090458;-69.86469457095625;4500.0;Muy Frío (Puna);-1;3
12734;Restinga Yarina;Ucayali;-8.349395;-74.584014;154.0;Tropical Húmedo (Selva);9;25
12497;Plaza Colonial San Miguel Arcangel De  Acos;Cusco;-13.95146;-71.7383367;3084.0;Templado Seco (Quechua);79;23
12883;Catarata Janiriani;Pasco;-10.504205;-74.776391;708.0;Templado Cálido (Yunga);-1;26
12572;El Cañon Del Rio Apurimac -  Sector Acos;Cusco;-13.95553;-71.7576;2889.0;Templado Seco (Quechua);-1;23
12525;Gruta De Walimachay;Junín;-11.75133988734;-75.3587949222;3946.0;Frío (Suni);73;0
12544;Casona Miguel Espinach;Cajamarca;-7.15763;-78.51898;2736.0;Templado Seco (Quechua);17;2
12519;Mirador El Leon Dormido;Junín;-11.787573;-75.389417;3617.0;Frío (Suni);73;0
12585;Casona Del Fundo El Prado;Huánuco;-9.90948;-76.20132;2156.0;Templado Cálido (Yunga);15;2
12759;Catarata La Cortina;Huánuco;-8.82398;-76.287925;617.0;Templado Cálido (Yunga);-1;21
12843;Comunidad Nativa Alto San Martín De Quirishari;Pasco;-10.21923;-75.02035;262.0;Cálido / Desértico (Costa);-1;26
12619;Catarata Los Novios;Huánuco;-9.999997;-75.999997;3435.0;Templado Seco (Quechua);62;5
12545;Catarata El Sitán De Higuerones;Piura;-5.1519;-79.868434;473.0;Cálido / Desértico (Costa);-1;10
14022;Locomotora Beyer Peacock N° 252;Puno;-15.495132933925625;-70.13136506080629;3829.0;Frío (Suni);30;12
12609;Templo De San Lucas De Layo;Cusco;-14.4937628;-71.1557618;3982.0;Frío (Suni);75;3
12566;Laguna Langui Layo - Sector Layo ;Cusco;-14.4966623;-71.1579059;3954.0;Frío (Suni);75;3
12569;Casa Hacienda Yuncán;Huánuco;-9.82386;-76.131;1935.0;Templado Cálido (Yunga);15;2
13247;Bodega La Gran Cepa;Moquegua;-17.335872;-71.001958;1002.0;Templado Cálido (Yunga);13;16
14334;Pueblo De Lamas;San Martín;-6.42183;-76.516138;812.0;Templado Cálido (Yunga);10;25
12573;Sitio Arqueologico Lupo;Lima;-12.082081;-76.40907;3159.0;Templado Seco (Quechua);68;0
13326;Bodega Agroindustrias Manchego;Moquegua;-17.224059;-70.980603;1219.0;Templado Cálido (Yunga);13;16
12973;Iglesia San Juan Bautista;Huánuco;-9.83922;-76.14673;1848.0;Templado Cálido (Yunga);15;2
12589;Laguna Paccha Pozo;Huánuco;-9.9384;-76.1197;4059.0;Muy Frío (Puna);16;22
12584;Laguna Milpo;Huánuco;-9.9912;-76.1525;3842.0;Frío (Suni);16;22
12643;Don Sapo;Ayacucho;-13.124501;-74.188627;2513.0;Templado Seco (Quechua);24;15
13334;Acueducto De La  Fortaleza;Cusco;-13.48013;-72.02021;3885.0;Frío (Suni);22;6
12587;Laguna Quiullococha;Huánuco;-9.9956;-76.1439;3783.0;Frío (Suni);16;22
12594;Bosque De Los Pinos De Cochas Chico;Junín;-11.996513;-75.1761;3904.0;Frío (Suni);-1;15
12662;Estación Experimental Agraria Santa Ana Junín - Inia;Junín;-12.01276;-75.220261;3293.0;Templado Seco (Quechua);26;15
12595;Parque De La Siete Leyendas De Cochas Grande;Junín;-11.988008;-75.188433;3860.0;Frío (Suni);-1;15
12591;Parque De Los Mates Burilados De Cochas Chico;Junín;-12.00573;-75.19329;3491.0;Templado Seco (Quechua);26;15
12592;Catarata El Paacha De Cullpa Alta;Junín;-12.003948;-75.161735;3603.0;Frío (Suni);26;15
12915;Lomas De Villa María Del Triunfo - Área De Conservación Regional Sistema De Lomas De Lima;Lima;-12.141145114440103;-76.9219562411422;593.0;Templado Cálido (Yunga);-1;9
12596;Casona Villanueva;Cajamarca;-7.15496;-78.51644;2721.0;Templado Seco (Quechua);17;2
12778;Playa Luisiana;Ayacucho;-12.66240677;-73.71745451;597.0;Templado Cálido (Yunga);-1;19
12651;Pueblo Tradicional De Quispillaccta;Ayacucho;-13.583887;-74.354778;3145.0;Templado Seco (Quechua);77;0
12652;Lagunas De Siembra Y Cosecha De Agua De Lluvia De Quispillaccta;Ayacucho;-13.512474;-74.378167;4232.0;Muy Frío (Puna);-1;0
12612;Sitio Arqueologico De Silkinchani ( Sector A);Cusco;-13.5547293;-71.8610853;3192.0;Templado Seco (Quechua);22;6
12638;Cascada De Ruqruqa;Ayacucho;-13.592639;-74.356456;3023.0;Templado Seco (Quechua);77;0
12906;Centro Cafetero Aneczú;Pasco;-10.71551436656397;-75.24922370910645;1547.0;Templado Cálido (Yunga);66;26
12716;Pueblo De  Paucartambo ;Cusco;-13.3179602;-71.597052;2898.0;Templado Seco (Quechua);-1;23
12775;Cascada Inka Paqcha;Cusco;-12.48655;-73.83563;606.0;Templado Cálido (Yunga);64;24
12710;Cascada Iyenkivari;Cusco;-12.422054;-73.871599;665.0;Templado Cálido (Yunga);64;24
12776;Cañon Del Diablo - Valle Kimpiri;Cusco;-12.520997;-73.827778;594.0;Templado Cálido (Yunga);64;24
12661;Pintura Rupestre Ecowasi;Cusco;-14.918678;-71.564014;3986.0;Frío (Suni);-1;3
12679;Bosque De Piedras HuayqOpunku;Cusco;-15.046968;-71.67057;4198.0;Muy Frío (Puna);-1;3
12637;Caverna De Huambo;Ayacucho;-13.566592;-74.43763;3308.0;Templado Seco (Quechua);77;0
12660;Machu Puente;Cusco;-14.874849;-71.519035;3929.0;Frío (Suni);-1;3
12653;Pinturas Rupestres K'Ara Huaykuna;Cusco;-15.034797;-71.629058;4169.0;Muy Frío (Puna);-1;3
12646;Iglesia Del Carmen De Quispillaccta;Ayacucho;-13.5840015;-74.354966;3145.0;Templado Seco (Quechua);77;0
12645;Zona Paisajística De Quispillaccta;Ayacucho;-13.439695;-74.37506;3702.0;Frío (Suni);77;0
12644;Museo Histórico De Chimaycha;Ayacucho;-13.583847;-74.354853;3145.0;Templado Seco (Quechua);77;0
12772;Pantano De Lagartoccocha;Cusco;-12.383509;-73.919042;512.0;Templado Cálido (Yunga);64;24
12773;Bosque De Quinas;Cusco;-12.398793;-73.86349;1119.0;Templado Cálido (Yunga);64;24
12656;Formaciones Rocosas Chiluyo;Cusco;-15.036683;-71.643933;4283.0;Muy Frío (Puna);-1;3
12655;Mirador Perqasqa;Cusco;-15.019869;-71.619339;4178.0;Muy Frío (Puna);-1;3
12654;Arco Punku;Cusco;-15.007856;-71.634983;4180.0;Muy Frío (Puna);-1;3
12678;Rodal De Puyas De Raimondi Echocollo;Cusco;-15.034617;-71.628331;4169.0;Muy Frío (Puna);-1;3
12681;Playa Moca;Arequipa;-15.837442;-74.35617;24.0;Cálido / Desértico (Costa);50;11
12695;Playa Cola De Pato;Lima;-12.68969;-76.65303;9.0;Cálido / Desértico (Costa);41;4
12694;Playa De Bujama;Lima;-12.716894;-76.629559;5.0;Cálido / Desértico (Costa);41;4
12693;Playa Totoritas;Lima;-12.405803;-76.392385;1367.0;Templado Cálido (Yunga);-1;19
12692;Playa La Caleta;Lima;-12.730324;-76.632659;0.0;Cálido / Desértico (Costa);41;4
12739;Aguas Termales - Kachirinkajari;Cusco;-12.347423;-73.891969;733.0;Templado Cálido (Yunga);64;24
12715;Plaza De Armas De Mala;Lima;-12.657757;-76.6323979;33.0;Cálido / Desértico (Costa);41;4
12713;Iglesia Matriz San Pedro De Mala;Lima;-12.657978;-76.632144;33.0;Cálido / Desértico (Costa);41;4
12714;Mirador San Jose Del Monte ;Lima;-12.6075;-76.61908;88.0;Cálido / Desértico (Costa);36;19
12712;Capilla San Jose Del Monte;Lima;-12.6075;-76.61908;88.0;Cálido / Desértico (Costa);36;19
12748;Fundo Mi Querido Viejo ;Lima;-12.6688887;-76.6395605;10.0;Cálido / Desértico (Costa);41;4
12745;Malecón De Bujama De Mala;Lima;-12.711757;-76.6318115;5.0;Cálido / Desértico (Costa);41;4
12742;Collpa 8 Gallinas;Madre De Dios;-12.961319;-69.51389;184.0;Tropical Húmedo (Selva);0;20
12771;Cerro Calvario De Ninabamba;Ayacucho;-13.091816;-73.916247;2359.0;Templado Seco (Quechua);-1;23
12738;Catarata Velo De Novia El Espinal;Lambayeque;-6.81814;-79.19944;375.0;Cálido / Desértico (Costa);-1;1
12761;Valle Torobamba;Ayacucho;-13.068146;-73.930975;2379.0;Templado Seco (Quechua);-1;23
12765;Cascada De La Comunidad De Paria;Ayacucho;-12.92226333275853;-74.07170176506;3658.0;Frío (Suni);-1;0
12888;Laguna Yauriqocha;Ayacucho;-13.190223;-74.46850776672365;4325.0;Muy Frío (Puna);-1;0
12887;Bosque De Piedras Iñaqa Qasa;Ayacucho;-13.220206;-74.401442;3507.0;Frío (Suni);77;0
13228;Boulevard Turístico Quillosisa;San Martín;-6.059513154554;-77.17990254151;829.0;Templado Cálido (Yunga);54;21
12886;Sitio Arqueologico De Aya Pata;Ayacucho;-13.186722;-74.41395;3504.0;Frío (Suni);77;0
13862;Laguna Milloc ;Lima;-11.5752251;-76.35128974;4348.0;Muy Frío (Puna);48;8
13860;Laguna Canchis ;Lima;-11.57208745;-76.33992941;4453.0;Muy Frío (Puna);48;8
13865;Laguna Pucro ;Lima;-11.56769938;-76.33448839;4467.0;Muy Frío (Puna);48;8
13886;Laguna Chichis;Lima;-11.5607845;-76.328173;4524.0;Muy Frío (Puna);48;8
13091;Laguna  Lichicocha ;Lima;-11.55494;-76.32214;4649.0;Muy Frío (Puna);48;8
13847;Bosque De Quenuales Japani De Carampoma;Lima;-11.65524;-76.44818;4006.0;Muy Frío (Puna);-1;0
13895;Catarata Huaricoma ;Lima;-11.65239;-76.45526;3878.0;Frío (Suni);68;0
13846;Iglesia Matriz Santiago De Carampoma ;Lima;-11.6559601;-76.5168518;3458.0;Templado Seco (Quechua);68;0
13840;Sitio Arqueologico De Japani ;Lima;-11.65511;-76.45575;3872.0;Frío (Suni);68;0
13806;Plaza De Armas De Carampoma;Lima;-11.6560263;-76.5164683;3441.0;Templado Seco (Quechua);68;0
12754;Río Azul - Sector La Bocatoma;Huánuco;-8.83365;-76.266273;581.0;Templado Cálido (Yunga);60;21
12752;Sala De Exhibición Shumaq Rumi;Cajamarca;-7.12526;-78.45569;2717.0;Templado Seco (Quechua);17;2
14199;Plaza De Armas De Escomarca;Lima;-12.12643903788;-76.4208984375;2855.0;Templado Seco (Quechua);68;0
12741;Catarata De Angelina De Marachanca;Lima;-11.83215;-76.34018;3616.0;Frío (Suni);68;0
12810;Sitio Arqueológico De Antamarca ;Lima;-10.85803694;-76.83568336;3573.0;Frío (Suni);48;8
12882;Sitio Arqueológico De Chaulín;Lima;-10.85307;-76.83112;3709.0;Frío (Suni);48;8
13042;Andenerías Milenarias De Hongos;Lima;-12.810102;-75.763149;3224.0;Templado Seco (Quechua);48;8
12885;Laguna Pisqoqocha;Ayacucho;-13.2212;-74.561308;4215.0;Muy Frío (Puna);-1;0
12751;Sitio Arqueológico De Auquimarca De Pomacancha;Junín;-11.668343;-75.679669;4139.0;Muy Frío (Puna);73;0
12750;Cañón De Huali Malka De Pomacancha;Junín;-11.65567;-75.696656;3963.0;Frío (Suni);73;0
12746;Bosque De Pinos De Casa Blanca De Pomacancha;Junín;-11.667038;-75.653574;3874.0;Frío (Suni);73;0
12990;Balneario Natural Boca Del Lagarto;Puno;-13.43048;-70.38139;596.0;Templado Cálido (Yunga);51;24
12811;Pueblo De Villa Rica ;Pasco;-10.7351432;-75.2676019;1473.0;Templado Cálido (Yunga);66;26
12814;Mirador Natural Tahona;Piura;-4.8878192;-81.0379588;86.0;Cálido / Desértico (Costa);40;1
12834;Campana Chaga;Huánuco;-10.009688;-76.296228;2430.0;Templado Seco (Quechua);15;2
12835;Sitio Arqueológico Conchasica;Lima;-12.0385;-76.38507;3659.0;Frío (Suni);68;0
13251;Formación Geológica Sud América;Tacna;-17.481223;-70.550567;1109.0;Templado Cálido (Yunga);27;20
13085;Mirador De Sunicancha ;Lima;-12.04786;-76.3746;3477.0;Templado Seco (Quechua);68;0
12780;Pueblo De Ollantaytambo ;Cusco;-13.2585231;-72.2640736;2846.0;Templado Seco (Quechua);79;23
12784;Abrigo Rocoso De Arumachay;Pasco;-10.493643;-76.382915;4059.0;Muy Frío (Puna);62;5
12838;Playa  Cerrillos;Arequipa;-16.659535;-72.646384;0.0;Cálido / Desértico (Costa);56;11
12828;Playa La Punta;Arequipa;-16.654833;-72.686384;3.0;Cálido / Desértico (Costa);56;11
12856;Mirador Peña Del Olvido;Cajamarca;-7.6279;-78.056151;2555.0;Templado Seco (Quechua);45;13
12842;Lagunas De Totorococha Y Yanacocha De Yauli;Junín;-11.627722;-75.429861;4295.0;Muy Frío (Puna);73;0
12852;Playa Las Gaviotas;Arequipa;-17.113364312920293;-71.90050049172893;3.0;Cálido / Desértico (Costa);57;11
12853;Playa Margaritas;Arequipa;-17.11137976616827;-71.90125126036419;2.0;Cálido / Desértico (Costa);57;11
12851;Playa Los Medanos;Arequipa;-17.11019766344574;-71.90334996197994;2.0;Cálido / Desértico (Costa);57;11
12876;Piscigranja Las Cataratas;Lima;-11.67037;-76.2563;3970.0;Frío (Suni);48;8
12897;Piscigranja Trucha Melo;Lima;-11.67023;-76.25613;3970.0;Frío (Suni);48;8
12896;Mirador Virgen Inmaculada Concepción;Lima;-11.65092;-76.25664;4464.0;Muy Frío (Puna);48;8
12841;Laguna De Pongos De Yauli;Junín;-11.555147;-75.379858;3569.0;Frío (Suni);73;0
13338;Catarata Tupuri;Puno;-13.706565;-70.454984;2025.0;Templado Cálido (Yunga);-1;24
13459;Catarata Qusniqpaqcha.;Ayacucho;-13.232432;-74.230081;3272.0;Templado Seco (Quechua);24;15
13586;Pueblo Artesanal Jangala;Cajamarca;-7.015;-78.84417;2559.0;Templado Seco (Quechua);45;13
12877;Pueblo De Pozuzo;Pasco;-10.07084029391185;-75.55060058439835;737.0;Templado Cálido (Yunga);60;26
14621;Capilla Santisimo Sacramento De Arequipa;Arequipa;-16.400147732588707;-71.53877377510072;2329.0;Templado Seco (Quechua);12;16
12979;Iglesia San Santiago Apostol ;Arequipa;-16.565484;-71.368343;3092.0;Templado Seco (Quechua);31;12
12945;Geiser Pinchollo;Arequipa;-15.675064;-71.861988;4388.0;Muy Frío (Puna);-1;3
12847;Montaña  Multicolores De Viluyo;Cusco;-14.425814;-71.15527;4827.0;Glacial / Nieve (Janca);-1;3
12846;Laguna Quillca;Cusco;-14.374898;-71.026175;4714.0;Muy Frío (Puna);74;3
13246;Mariposario Morphosapi - Comunidad Campesina San Rafael;Loreto;-3.55878;-73.12362;101.0;Tropical Húmedo (Selva);-1;7
12848;Observatorio Astronómico María Luisa Aguilar;Cusco;-14.3597771;-71.1788707;3993.0;Frío (Suni);75;3
12871;Cerro Orga;La Libertad;-7.8422624901908495;-78.75760826400615;2553.0;Templado Seco (Quechua);45;13
12873;Catarata De Marto;La Libertad;-7.854306205958357;-78.76036179699553;2102.0;Templado Cálido (Yunga);45;13
12850;Laguna Yanaqocha De Silly;Cusco;-14.402538;-71.2249;4546.0;Muy Frío (Puna);74;3
12845;Nevado Quillca;Cusco;-14.369571;-71.009115;5308.0;Glacial / Nieve (Janca);-1;3
12863;Puquio Santa Lucia;La Libertad;-7.851755453173218;-78.75366781839847;2292.0;Templado Cálido (Yunga);45;13
12849;Cascada Paqcha Sirena Encantada De Llallahui;Cusco;-14.425347;-71.139839;4335.0;Muy Frío (Puna);-1;3
12862;Cerro Tudum;La Libertad;-7.846408051269743;-78.75557584647797;2428.0;Templado Seco (Quechua);45;13
13113;Acuario Del Amazonas;Loreto;-3.828541699252298;-73.33015894968413;97.0;Tropical Húmedo (Selva);2;27
13637;Centro Poblado De Santo Tomas;Loreto;-3.804662;-73.340814;94.0;Tropical Húmedo (Selva);2;27
12890;Mirador Qhapaq-Ñan De San Gregorio;Arequipa;-16.564819;-72.715669;163.0;Cálido / Desértico (Costa);-1;11
13287;Plaza Almirante Miguel Grau De Punchana;Loreto;-3.72846;-73.24427;98.0;Tropical Húmedo (Selva);2;27
12916;Parque Ecologico De Las Rocas De Chilina;Arequipa;-16.350883465784683;-71.530660807251;2555.0;Templado Seco (Quechua);12;16
12889;Formaciones Geológicas Hongos De Paculpunan De Palcamayo ;Junín;-11.2020854;-75.8165342;4226.0;Muy Frío (Puna);48;8
12879;Laguna Antacocha;Junín;-11.208546;-75.7928;4287.0;Muy Frío (Puna);48;8
12878;Laguna Mamancocha Y Raupicocha;Junín;-11.219247;-75.760748;4117.0;Muy Frío (Puna);48;8
12900;Laguna Patococha;Junín;-11.21823;-75.773702;4182.0;Muy Frío (Puna);48;8
12923;Quebrada Yale;Piura;-4.57444;-81.26139;21.0;Cálido / Desértico (Costa);53;10
12983;Iglesia De San Juan De Iris;Lima;-11.6831239;-76.5248883;3390.0;Templado Seco (Quechua);68;0
13000;Mirador Del Cóndor ;Lima;-11.69211;-76.54111;3603.0;Frío (Suni);68;0
13003;Sitio Arqueológico Marcahuasi;Lima;-11.6909;-76.50312;3887.0;Frío (Suni);68;0
12994;Museo Municipal De San Juan De Iris;Lima;-11.6831239;-76.5248883;3390.0;Templado Seco (Quechua);68;0
13466;Zona Paisajística De Marcatupe De Vitis;Lima;-12.23711;-75.80626;3405.0;Templado Seco (Quechua);48;8
12895;Mirador Calvario;Cusco;-14.166854;-71.478862;3912.0;Frío (Suni);75;3
12899;Mirador Cristo Blanco;Junín;-11.247858;-75.873224;4245.0;Muy Frío (Puna);48;8
12898;Mirador Carpapata;Junín;-11.262244;-75.553258;2341.0;Templado Seco (Quechua);-1;26
12901;Catarata Chorro Blanco - Rupahuasi;Cajamarca;-6.843732;-78.797938;3276.0;Templado Seco (Quechua);45;13
12922; Balneario De Río Azul Aspuzana;Huánuco;-8.657419955279336;-76.10783719086318;588.0;Templado Cálido (Yunga);60;21
13022;Cascada Cuscumayo;Cusco;-12.463103;-73.823985;1019.0;Templado Cálido (Yunga);64;24
12903;Mirador Cristo Redentor ;Junín;-11.349479;-75.664432;3125.0;Templado Seco (Quechua);48;8
12904;Mirador San Cristóbal De Tarma;Junín;-11.4122146;-75.6989776;3247.0;Templado Seco (Quechua);48;8
12914;Casa De La Cultura Criolla Rosa Mercedes Ayarza;Lima;-12.048141549250998;-77.03671917341696;150.0;Cálido / Desértico (Costa);28;9
12926;Sitio Arqueológico Yanaorco;Cajamarca;-7.264641;-78.468656;3541.0;Frío (Suni);-1;2
12961;Mirador Villa Real;Cusco;-12.521731;-73.833657;573.0;Templado Cálido (Yunga);64;24
12962;Mirador Natural De Embarcadero Puerto Ene ;Cusco;-12.2274;-73.9958;484.0;Cálido / Desértico (Costa);64;24
12959;Mirador Mesa De Piedra ;Cusco;-12.518871;-73.796655;993.0;Templado Cálido (Yunga);64;24
12960;Rio Pichari;Cusco;-12.521731;-73.833657;573.0;Templado Cálido (Yunga);64;24
12930;Mirador Centro Histórico Cultural Asháninka - Yánesha;Pasco;-10.5748704113555;-75.395052907874;1867.0;Templado Cálido (Yunga);65;26
12929;Maripoxa Parque Ecobiologico De Oxapampa;Pasco;-10.5836532541413;-75.3784434225888;1927.0;Templado Cálido (Yunga);65;26
12928;Casa Museo Schlaefli;Pasco;-10.615372331622517;-75.37889239124185;1837.0;Templado Cálido (Yunga);65;26
12943;Pueblo De Maras ;Cusco;-13.3328416;-72.1566397;3370.0;Templado Seco (Quechua);80;23
13039;Parque De Miraflores - Oxapampa;Pasco;-10.5966339391412;-75.3838327088018;1835.0;Templado Cálido (Yunga);65;26
12993;Catarata Thiuriañe;Lima;-11.69594;-76.54023;3771.0;Frío (Suni);68;0
12989;Catarata Chilcacocha;Lima;-11.69594;-76.54023;3771.0;Frío (Suni);68;0
12999;Plaza De Armas De San Juan De Iris;Lima;-11.6831239;-76.5248883;3390.0;Templado Seco (Quechua);68;0
13053;Pueblo Tradicional De Acarí;Arequipa;-15.435872347714948;-74.61693048477174;159.0;Cálido / Desértico (Costa);50;11
12944;Chocokemito;Pasco;-10.73447838385546;-75.26872873306276;1473.0;Templado Cálido (Yunga);66;26
12949;Moali Laboratorio De Café;Pasco;-10.73662383113265;-75.26849889278895;1478.0;Templado Cálido (Yunga);66;26
12951;Parque Temático El Duende;Pasco;-10.743479289366253;-75.25780747912087;1474.0;Templado Cálido (Yunga);66;26
12946;Cruz De La Evangelizacion De Chucuito;Puno;-15.896642269551762;-69.88969802856447;3878.0;Frío (Suni);8;6
12952;Laguna Jurao;Lima;-10.3234188;-76.8755252;5317.0;Glacial / Nieve (Janca);-1;8
13104;Mirador Natural De Anaro;Cusco;-12.617584;-73.787259;675.0;Templado Cálido (Yunga);64;24
13058;Mirador Cantagallo;Cusco;-12.638454;-73.706568;955.0;Templado Cálido (Yunga);64;24
13057;Rio Kimbiri;Cusco;-12.622747;-73.787783;571.0;Templado Cálido (Yunga);64;24
13026;Duna Toro Mata;Arequipa;-15.441974;-74.582725;1282.0;Templado Cálido (Yunga);-1;11
14032;Mirador De Llipta Llipta;Arequipa;-15.48178;-71.459127;3935.0;Frío (Suni);76;3
13121;Puente Colgante De Sibayo;Arequipa;-15.480497;-71.456258;3815.0;Frío (Suni);76;3
12956;Quebrada Chileno Pozo;Junín;-11.8045304;-75.305244;3825.0;Frío (Suni);73;0
12966;Mirador Cruz De La Integración En El Cerro Leonioj;Junín;-11.92313;-75.30231;3501.0;Frío (Suni);26;15
13772;Playa Los Yuyos;Lima;-12.150354027127086;-77.02489957213459;0.0;Cálido / Desértico (Costa);-1;9
13044; Sitio Arqueologico De Wat'Amarka;Puno;-13.929;-69.962;3671.0;Frío (Suni);-1;3
13114; Peroles De Yanayacu;Piura;-4.99822937;-79.67226014;1931.0;Templado Cálido (Yunga);55;17
13103;Museo De Insectos  A María Y José;Cusco;-12.614259;-73.793737;585.0;Templado Cálido (Yunga);64;24
13032;Parque De La Amistad De Chicla;Lima;-11.70507;-76.26859;3707.0;Frío (Suni);48;8
13002;Zona Reservada De Ancón - Ecosistema Marítimo ;Lima;-11.772437575919168;-77.17672094761498;0.0;Cálido / Desértico (Costa);35;19
13008;Collpa De Gallito De La Roca De La Comunidad Nativa De Kitemontinkiari;Cusco;-12.455852;-73.759127;1510.0;Templado Cálido (Yunga);64;24
13011;Parroquia Nuestra Señora Del Rosario De Fátima ;Loreto;-3.7591;-73.2496;105.0;Tropical Húmedo (Selva);2;27
13007;Mirador Cushi Monte Rico;Junín;-11.36;-76.351;4739.0;Muy Frío (Puna);48;8
13006;Laguna De Marcacocha;Junín;-11.382;-76.352;4552.0;Muy Frío (Puna);48;8
13005;Mirador Purictishgo;Junín;-11.371;-76.384;4531.0;Muy Frío (Puna);48;8
13012;Laguna Yantac;Junín;-11.349;-76.397;4618.0;Muy Frío (Puna);48;8
13013;Iglesia San Francisco De Asís De Yantac;Junín;-11.3437;-76.4059;4628.0;Muy Frío (Puna);48;8
13506; Árbol De Lupuna De La Comunidad De Independencia - Punchana;Loreto;-3.64002;-73.23767;133.0;Tropical Húmedo (Selva);2;27
13070;Mirador Huamanpata Kimbiri Alto ;Cusco;-12.595856;-73.744644;867.0;Templado Cálido (Yunga);64;24
13018;Laguna Moronacocha;Loreto;-3.74705;-73.2713;83.0;Tropical Húmedo (Selva);2;27
14584;Sitio Arqueológico Marka Marka De Yarhuay;Pasco;-10.76598420739354;-75.80877527595136;3065.0;Templado Seco (Quechua);-1;0
13126;Laguna De Chames;Piura;-4.94055886;-79.47447237;3267.0;Templado Seco (Quechua);55;17
13194;Casa Museo Mario Vargas Llosa;Arequipa;-16.40619290439864;-71.54077100197127;2316.0;Templado Seco (Quechua);12;16
13037;Catarata El Castillo Encantado ;Junín;-11.237262;-74.47509;1323.0;Templado Cálido (Yunga);-1;26
13050;Ventanillas Del Alto Peru;Cajamarca;-6.798348;-78.761123;3123.0;Templado Seco (Quechua);45;13
13035;Pueblo Histórico De Huaripampa;Junín;-11.807378;-75.47084;3359.0;Templado Seco (Quechua);73;0
13036;Sitio Arqueológico De Quinlliu O Quinlliyoc;Junín;-11.809344;-75.48925;3556.0;Frío (Suni);73;0
13219;Mirador Las Lomas;Pasco;-10.190518;-75.161642;323.0;Cálido / Desértico (Costa);-1;26
13069;Catarata Congona;Cusco;-12.627323;-73.683392;1104.0;Templado Cálido (Yunga);64;24
13090;Plaza De Armas De San Damián ;Lima;-12.01763;-76.39166;3226.0;Templado Seco (Quechua);68;0
13086;Plazuela De Belén;Loreto;-3.7617;-73.2496;101.0;Tropical Húmedo (Selva);2;27
13078;Playas De Progreso;Cusco;-12.709683;-73.666738;606.0;Templado Cálido (Yunga);64;24
13067;Piedras Colgantes Samaniato;Cusco;-12.635518;-73.716985;654.0;Templado Cálido (Yunga);64;24
13177;Laguna Azul De La Felicidad;Piura;-4.989466260458;-79.47355302011;3448.0;Templado Seco (Quechua);55;17
13117;El Mirador De Ausangate - Sector Pacchanta;Cusco;-13.722215;-71.239815;4340.0;Muy Frío (Puna);74;3
13188;Tobogán Natural De Iscozacìn ;Pasco;-10.252163290380802;-75.25087237682784;405.0;Cálido / Desértico (Costa);60;26
13079;Reserva Nacional Sistema De Islas, Islotes Y Puntas Guaneras-Sector Islotes Grupo De Pescadores - Isla Grande;Lima;-11.7897;-77.2107;0.0;Cálido / Desértico (Costa);35;19
13089;Sitio Arqueologico De Qerocancha;Cusco;-13.286441;-72.130657;2981.0;Templado Seco (Quechua);79;23
13122;Baños Termales De Batán;Huánuco;-10.047974;-76.721526;3389.0;Templado Seco (Quechua);62;5
13111;Pacaq Rumi;Cusco;-12.610879;-73.771093;646.0;Templado Cálido (Yunga);64;24
13143;Cañones De Ccorihuillca;Ayacucho;-13.14152093;-74.24696899;3012.0;Templado Seco (Quechua);24;15
13097;Antiguo Pueblo De Janjaillo;Junín;-11.7603092;-75.602232;3689.0;Frío (Suni);73;0
13098;Zona Arqueológica Jisse  Hatun Malka;Junín;-11.7890666;-75.5999026;3899.0;Frío (Suni);73;0
13096;Cascada De Paccha Punku;Junín;-11.7561306;-75.6124155;3859.0;Frío (Suni);73;0
13158;Aguas Termales De Pampacancha ;Cusco;-13.631741;-71.272849;3946.0;Frío (Suni);-1;23
13183;Laguna De Ampatuni;Cusco;-13.596288;-71.183545;4267.0;Muy Frío (Puna);-1;3
13492;Fundo Yerba Buena;Moquegua;-17.305737;-71.461675;159.0;Cálido / Desértico (Costa);27;20
13310;Fundo Osmore;Moquegua;-17.5022;-71.14912;446.0;Cálido / Desértico (Costa);27;20
13220;Mausoleo Daniel Alomia Robles;Huánuco;-9.92911;-76.24087;1900.0;Templado Cálido (Yunga);15;2
13452;Mirador Tres Cruces De Pueblo Nuevo De Colán;Piura;-4.9012912;-81.0551823;30.0;Cálido / Desértico (Costa);40;1
13448;Playa La Bocana;Piura;-4.9262052;-81.1235961;0.0;Cálido / Desértico (Costa);40;1
13193;Playa La Casita ;Piura;-5.31022736;-81.08354207;0.0;Cálido / Desértico (Costa);40;1
13263;La Cruz De Molle;Tacna;-17.370403;-70.399699;2340.0;Templado Seco (Quechua);31;12
13162;Cascada De Pondera;Tacna;-17.365958;-70.391154;2439.0;Templado Seco (Quechua);31;12
13110;Cascadas De Yunka Luly;Junín;-11.7586596;-75.6065809;3730.0;Frío (Suni);73;0
13109;Mirador Natural De Chucchu Quilca - Chichi Loma ;Junín;-11.7667481;-75.647665;4382.0;Muy Frío (Puna);-1;0
13108;Laguna De Singrenacocha - Sector Ocongate;Cusco;-13.663418;-71.16002;4332.0;Muy Frío (Puna);74;3
13152;Laguna De Armacocha ;Cusco;-13.693413;-71.190583;4542.0;Muy Frío (Puna);74;3
13212;Mirador Natural  De Tinke;Cusco;-13.663445;-71.327383;3864.0;Frío (Suni);-1;23
13144;Santuario Del Señor  De QoylluritI;Cusco;-13.533914;-71.213294;4902.0;Glacial / Nieve (Janca);74;3
13120;Caverna De Tambo Machay;Junín;-11.7612691;-75.6020761;3714.0;Frío (Suni);73;0
13119;Puente Histórico De Turumanya;Junín;-11.7917135;-75.5486319;3415.0;Templado Seco (Quechua);73;0
13151;Murallas De Tajahuana;Ica;-14.24284817216;-75.7182342745;518.0;Templado Cálido (Yunga);3;9
13128;Playa Del Sector Norte Distrito De Santiago;Ica;-14.7178;-75.8434;23.0;Cálido / Desértico (Costa);32;19
13179;Playa Y Margen Izquierda De La Desembocadura Del Río Ica;Ica;-14.873484;-75.562043;2.0;Cálido / Desértico (Costa);-1;11
13139;Santuario Del Señor De Exaltacion De Sani ;Cusco;-13.51271;-71.658125;3980.0;Frío (Suni);-1;23
13146;Mirador Cruz De La Paz;Ayacucho;-13.156955;-74.242194;3161.0;Templado Seco (Quechua);24;15
13134;Geoglifos De Cerro Pico;Ica;-14.17791;-75.5962;467.0;Cálido / Desértico (Costa);3;9
13145;Geoglifos De Sacta;Ica;-14.154754;-75.423993;1683.0;Templado Cálido (Yunga);-1;19
13323;7 Lagunas De Chupas;Ayacucho;-13.324909;-74.235907;4147.0;Muy Frío (Puna);-1;15
13215;Hatun Puk´A Qocha;Cusco;-13.75583193;-71.22043691;4628.0;Muy Frío (Puna);74;3
13214;Oqe Qocha ;Cusco;-13.7584374;-71.220353;4593.0;Muy Frío (Puna);74;3
13216;Anqas Qocha ;Cusco;-13.75488384;-71.22917217;4546.0;Muy Frío (Puna);74;3
13365;Baños Termales De Gagana;Huánuco;-10.04292770783;-76.71967168576;3414.0;Templado Seco (Quechua);62;5
13182;Laguna Ccaicococha;Cusco;-13.5322985;-71.2152627;4902.0;Glacial / Nieve (Janca);74;3
13181;Laguna Ananta Cocha;Cusco;-13.5388129;-71.2078801;4844.0;Glacial / Nieve (Janca);74;3
13195;Nevado Qullqipunku;Cusco;-13.533914;-71.213294;4902.0;Glacial / Nieve (Janca);74;3
13180;Laguna De Yanacocha;Cusco;-13.56389808654;-71.26145172119;4664.0;Muy Frío (Puna);-1;23
13187;Mirador Cerro El Chillín;La Libertad;-7.723025038686;-78.46998170676;2070.0;Templado Cálido (Yunga);45;13
13173;Complejo Arqueologico Los Arkalles;La Libertad;-7.689768805341;-78.44550194447;2140.0;Templado Cálido (Yunga);45;13
13169;Comunidad Nativa Ahaninka Poshonari Shejaroteni;Junín;-11.26222;-74.42767;472.0;Cálido / Desértico (Costa);61;26
13240;Bosque De Puyas Raimondi Manallasacc;Ayacucho;-13.461035;-74.143406;3483.0;Templado Seco (Quechua);77;0
13170;Pinturas Rupestres De Llullucha ;Cusco;-13.683786;-71.463553;4238.0;Muy Frío (Puna);-1;23
13176;Laguna Upis Cocha;Cusco;-13.7720875;-71.2589108;4547.0;Muy Frío (Puna);74;3
13211;Llaquinto Cocha;Cusco;-13.6242933;-71.2135267;4553.0;Muy Frío (Puna);74;3
13460;Comunidad Nativa Ashaninka José Gálvez ;Junín;-11.323101;-74.553409;676.0;Templado Cálido (Yunga);61;26
13190;Pozo De La Virgen De La Asunción ;Piura;-4.9939;-79.6686;1973.0;Templado Cálido (Yunga);55;17
13192;Playa Blanca ;Piura;-5.55694;-80.82222;15.0;Cálido / Desértico (Costa);-1;1
13344;Geoglifos De Corpanto;Moquegua;-17.275721;-70.978686;1143.0;Templado Cálido (Yunga);13;16
13274;Plaza Cívica De San Antonio;Moquegua;-17.208152;-70.950077;1325.0;Templado Cálido (Yunga);13;16
13207;Playa Muyuna;Loreto;-3.756725103709;-73.31453326257;85.0;Tropical Húmedo (Selva);2;27
13198;Catarata Bella Durmiente De La Fortaleza San Francisco ;Cajamarca;-6.9872769;-78.6602074;3346.0;Templado Seco (Quechua);45;13
13447;Playa Lupuna;Loreto;-3.74313;-73.31392;84.0;Tropical Húmedo (Selva);2;27
13210;Aguas Termales De Upis;Cusco;-13.723765;-71.29845;4351.0;Muy Frío (Puna);-1;23
13325;Playa El Cenizo ;Piura;-5.391120965468;-80.99069595336;2.0;Cálido / Desértico (Costa);40;1
13202;Laguna Pishis De Quichuay;Junín;-11.880096;-75.268326;3624.0;Frío (Suni);73;0
13261;Mirador Turistico Rinconada;Piura;-4.908315992294;-81.02257347087;88.0;Cálido / Desértico (Costa);40;1
13279;Casa Del Consejo De Guerra De Lastay;Junín;-11.913904;-75.28705;3420.0;Templado Seco (Quechua);26;15
13570;Laguna El Perol;Piura;-4.664550521362;-80.23925062406;230.0;Cálido / Desértico (Costa);-1;1
13213;Mirador Natural De Ocongate ;Cusco;-13.625273;-71.390218;3558.0;Frío (Suni);-1;23
13250;Parque Principal De Chiclayo;Lambayeque;-6.77143;-79.83877;35.0;Cálido / Desértico (Costa);5;14
13272;Mirador Cruz De San Andrés;Arequipa;-15.739669;-73.394681;1955.0;Templado Cálido (Yunga);-1;18
13242;Cerro Calvario ;Piura;-4.61768;-79.732;2764.0;Templado Seco (Quechua);55;17
13235;Sitio Arqueologico De Qocha Suntur;Cusco;-13.27661;-72.1048;3209.0;Templado Seco (Quechua);-1;23
13253;Reservorio San Lorenzo ;Piura;-4.678369532634;-80.20023822784;295.0;Cálido / Desértico (Costa);-1;1
13557;Plaza Central Francisco Bolognesi;Piura;-4.657545;-80.243149;240.0;Cálido / Desértico (Costa);-1;1
13248;Malecón Turístico Los Órganos ;Piura;-4.175695659984;-81.12833893147;0.0;Cálido / Desértico (Costa);53;10
13311;Valle De San Antonio;Moquegua;-17.24095562006;-70.98582387079;1167.0;Templado Cálido (Yunga);13;16
13292;Catarata El Cornelio De Huasmin;Cajamarca;-6.795857;-78.336008;3149.0;Templado Seco (Quechua);45;13
14557;Bodega La Merced;Moquegua;-17.29736986374;-70.99395333028;1076.0;Templado Cálido (Yunga);13;16
13268;Zona Arqueologica De Media Luna;Cusco;-13.24286;-72.11491;3617.0;Frío (Suni);-1;23
13266;Mirador De Tambokunka;Cusco;-13.639524;-71.669109;3752.0;Frío (Suni);-1;23
13269;Mirador Del Señor De La Misión;Cusco;-13.667013;-71.681843;3304.0;Templado Seco (Quechua);79;23
13270;Ecomuseo - Area 21;Cusco;-13.4901726;-72.0140424;3798.0;Frío (Suni);22;6
13271;Morada De Los Dioses;Cusco;-13.4852191;-72.0183879;3875.0;Frío (Suni);22;6
13294;Pueblo Tradicional De Cajabamba;Cajamarca;-7.62380494;-78.0460525;2654.0;Templado Seco (Quechua);45;13
13278;Puente Colonial De Andahuaylas ;Apurímac;-13.658814;-73.385805;2889.0;Templado Seco (Quechua);71;23
13293;Templo Del Señor De Santa Cruz De Cuncataca ;Apurímac;-13.6697;-73.41467;2910.0;Templado Seco (Quechua);71;23
13283;Bosque De Ccoyahuacho;Apurímac;-13.679103;-73.346629;3099.0;Templado Seco (Quechua);71;23
13295;Sitio Arqueológico De Usma;Apurímac;-13.71662;-73.42056;3806.0;Frío (Suni);-1;23
13296;Galería De Arte Municipal De Andahuaylas ;Apurímac;-13.65594;-73.389688;2907.0;Templado Seco (Quechua);71;23
13373;Galería Fotográfica So2 Jorge León Linares;San Martín;-7.325032768806;-76.78043361432;297.0;Cálido / Desértico (Costa);58;21
13349;Alameda Turística De Juanjui;San Martín;-7.177686;-76.729324;280.0;Cálido / Desértico (Costa);58;21
13350;Parroquia Virgen De La Merced;San Martín;-7.179796631769;-76.72624133517;276.0;Cálido / Desértico (Costa);58;21
13429;Valle Rojo;Cusco;-13.876342;-71.312212;5005.0;Glacial / Nieve (Janca);-1;3
13385;Catarata Boca De Los Tigres      ;Junín;-11.159338;-74.743742;1222.0;Templado Cálido (Yunga);61;26
13436;Cascada Sanguinari;Junín;-11.128413;-74.652538;1031.0;Templado Cálido (Yunga);61;26
13384;Catarata Canuja;Junín;-11.167422;-74.6266422;1217.0;Templado Cálido (Yunga);61;26
13408;Cascada Tina Dorada;Junín;-11.210951;-74.909185;1367.0;Templado Cálido (Yunga);61;26
13435;Las 5 Cataratas De Ambitarini;Junín;-11.135158;-74.791833;1049.0;Templado Cálido (Yunga);61;26
13379;Catarata Las 3 Hermanas;Junín;-11.181069;-74.813161;1083.0;Templado Cálido (Yunga);61;26
13413;Mirador San Sebastian;Junín;-11.20149013;-74.64312558;816.0;Templado Cálido (Yunga);61;26
13348;Catarata Eterna Juventud;Junín;-11.06907731;-74.67047843;962.0;Templado Cálido (Yunga);61;26
13411;Plaza De La Interculturalidad De Rio Negro;Junín;-11.20810606;-74.65984694;646.0;Templado Cálido (Yunga);61;26
13340;Cueva Del Tigre;Junín;-11.0518;-74.7025;942.0;Templado Cálido (Yunga);61;26
13347;Cascada Incani;Junín;-11.073491;-74.695699;909.0;Templado Cálido (Yunga);61;26
13409;Centro Productivo Ecológico San Juan De Cheni;Junín;-11.081788;-74.7308;567.0;Templado Cálido (Yunga);61;26
13346;Finca Jack Fruit;Junín;-11.08221571;-74.71064467;605.0;Templado Cálido (Yunga);61;26
13383;Cascada De Union Progreso;Junín;-11.161317;-74.827807;1001.0;Templado Cálido (Yunga);61;26
13453;Mirador El Faro De Mancora ;Piura;-4.108348364343;-81.05678694479;23.0;Cálido / Desértico (Costa);53;10
13360;Torrecitas De Ciruc;Cajamarca;-7.24181;-78.276285;2723.0;Templado Seco (Quechua);45;13
13361;Plaza De Armas De Namora;Cajamarca;-7.2021;-78.32526;2739.0;Templado Seco (Quechua);17;2
13336;Qhapaq Ñan - Tramo Hawkaypata - Izcuchaca;Cusco;-13.495299;-72.042092;3491.0;Templado Seco (Quechua);22;6
13363;Parroquia La Inmaculada Santa Cruz;Cajamarca;-6.626268;-78.944943;2025.0;Templado Cálido (Yunga);45;13
13337;Apu Mama Simona ;Cusco;-13.495299;-72.042092;3491.0;Templado Seco (Quechua);22;6
13351;Plaza De Armas De Lambayeque;Lambayeque;-6.70399;-79.90621;21.0;Cálido / Desértico (Costa);5;14
13386;Laguna De Mitucocha De Queropalca;Huánuco;-10.19757236601;-76.89517171673;4238.0;Muy Frío (Puna);62;5
13402;Bosque De Piedras De Occollo;Ayacucho;-13.319067;-74.509928;4150.0;Muy Frío (Puna);-1;0
13390;Piedra Del Amor;Lima;-12.18629;-76.85722;123.0;Cálido / Desértico (Costa);36;19
13401;Bosque Encantado De Amaru Ranra;Ayacucho;-13.29367;-74.454682;3996.0;Frío (Suni);-1;0
13388;Plaza De Armas De Santa Cruz;Cajamarca;-6.626045;-78.944335;2025.0;Templado Cálido (Yunga);45;13
14067;Mirador Choca De Corculla;Ayacucho;-15.263355;-73.201025;3453.0;Templado Seco (Quechua);-1;18
13419;Manantial De La Eterna Juventud;Lima;-12.18454954475;-76.8548582727;131.0;Cálido / Desértico (Costa);36;19
13899;Finca Monte Bello;Junín;-10.835128;-75.185204;1679.0;Templado Cálido (Yunga);-1;26
13423;Mirador De Huamanmarca De Queropalca;Huánuco;-10.17330544;-76.79400801;3990.0;Frío (Suni);62;5
13407;Nevado De Jirishanca En Queropalca;Huánuco;-10.2367398;-76.9049117;5541.0;Glacial / Nieve (Janca);-1;8
13541;Laguna Tabla Rumi;Amazonas;-5.9089611;-77.9747128;1676.0;Templado Cálido (Yunga);-1;13
13706;Humedal De Lucre- Huacarpay ;Cusco;-13.61858632386914;-71.73003613951097;3078.0;Templado Seco (Quechua);79;23
13391;Quebrada De Yanaotuto;Junín;-11.8614;-75.6906;3903.0;Frío (Suni);73;0
13392;Cañón De Vinchos;Junín;-11.8573;-75.7447;3758.0;Frío (Suni);73;0
13434;Iglesia Matriz De Santa Ana De Huaycahuacho;Ayacucho;-14.226771;-73.957122;2973.0;Templado Seco (Quechua);70;18
13433;Restos Arqueológicos De Sallaqmarka;Cusco;-14.085138;-71.370852;3531.0;Frío (Suni);75;3
13421;Baños Termales De Chuspiray;Ayacucho;-14.22836667;-73.97176667;2722.0;Templado Seco (Quechua);-1;18
13393;Cabeza Del Inka De Canchayllo;Junín;-11.8554;-75.7434;3758.0;Frío (Suni);73;0
13420;Pintura Rupestre De Paqare Machay;Ayacucho;-14.23477778;-73.90325833;4231.0;Muy Frío (Puna);-1;18
13548;Paseo De Los Guardianes De La Historia De Moquegua;Moquegua;-17.18932867662;-70.93684315681;1378.0;Templado Cálido (Yunga);13;16
13445;Templo San Pedro De Cacha;Cusco;-14.1862471;-71.3431945;3490.0;Templado Seco (Quechua);75;3
13441;Volcán Kimsachata;Cusco;-14.1629818;-71.3571661;3689.0;Frío (Suni);75;3
14001;Mirador De Terecmana;Apurímac;-13.86056;-72.97861;2253.0;Templado Cálido (Yunga);-1;23
13450;Óvalo De Miraflores;Lima;-12.11932491939;-77.02907666575;92.0;Cálido / Desértico (Costa);29;9
13589;Laguna De Chonta;Huánuco;-10.101402;-76.842854;4434.0;Muy Frío (Puna);62;5
13469;Catarata De Santa Rosa;Huánuco;-10.16584;-76.7416;3610.0;Frío (Suni);62;5
13451;Playa Pampachica ;Loreto;-3.75227;-73.28354;83.0;Tropical Húmedo (Selva);2;27
13478;Catarata San Andrés;Junín;-11.3303839;-74.6886957;1020.0;Templado Cálido (Yunga);61;26
13446;Cascada Santa Clara;Junín;-11.381235;-74.644653;1384.0;Templado Cálido (Yunga);-1;26
13449;Caleta Puerto Rico;Piura;-5.82023;-81.03658;0.0;Cálido / Desértico (Costa);-1;10
13575;Tunupa O Wiracochan;Cusco;-13.1512;-72.15396;4485.0;Muy Frío (Puna);-1;23
13473;Área De Conservación Regional Codo Del Pozuzo;Huánuco;-9.64684475;-75.48311072855;435.0;Cálido / Desértico (Costa);-1;26
13454;Salar De Negritos;Piura;-4.6811724;-81.31293213;1.0;Cálido / Desértico (Costa);53;10
13455;Bosque Petrificado De Negritos;Piura;-4.65594109;-81.2799336;21.0;Cálido / Desértico (Costa);53;10
13538;Iglesia Matriz De Sagrado Corazón De Jesús;Piura;-4.90076245439;-81.05622047552;16.0;Cálido / Desértico (Costa);40;1
13512;Centro Poblado San Juaquin De Omaguas;Loreto;-4.28325;-73.42965;130.0;Tropical Húmedo (Selva);-1;7
13498;Río Itaya (San Juan, Belén, Iquitos);Loreto;-3.786478;-73.247942;86.0;Tropical Húmedo (Selva);2;27
14383;Mirador De Muchkani;Apurímac;-13.57324;-73.26813;3325.0;Templado Seco (Quechua);-1;23
13480;Mirador Turístico La Cruz ;Piura;-4.8865327017;-81.02864373474;77.0;Cálido / Desértico (Costa);40;1
13483;Parque Artesanal Y Gastronómico Atin;Lambayeque;-6.91167;-79.8665;5.0;Cálido / Desértico (Costa);5;14
13481;Julián Bravo Taller Artesanal;Lambayeque;-6.50879;-79.86151;43.0;Cálido / Desértico (Costa);37;1
13482;Taller De Artesanía Arte Y Tradición;Lambayeque;-6.88338;-79.87178;9.0;Cálido / Desértico (Costa);5;14
13489;Plaza De Armas De Ferreñafe;Lambayeque;-6.63924;-79.78802;41.0;Cálido / Desértico (Costa);5;14
13521;Catarata La Vaquería;Piura;-5.334624;-79.638351;1585.0;Templado Cálido (Yunga);55;17
13520;Mirador Natural Del Cerro Mishahuaca;Piura;-5.364358903181;-79.59728550094;1614.0;Templado Cálido (Yunga);55;17
13985;Museo Intercultural Yapatera;Piura;-5.06287684757;-80.13967568704;109.0;Cálido / Desértico (Costa);39;1
13544;Museo Y Biblioteca Ciudad De Héroes ;Lima;-12.16554;-76.96549;106.0;Cálido / Desértico (Costa);-1;9
13590;Parque Reducto N° 4 De San Juan De Miraflores;Lima;-12.16555;-76.96548;106.0;Cálido / Desértico (Costa);-1;9
13519;Catarata La Plata;Piura;-5.218394;-79.3984432;2823.0;Templado Seco (Quechua);55;17
13982;Mirador Natural El Tigre;Tumbes;-3.769194;-80.457083;39.0;Cálido / Desértico (Costa);34;1
13561;Lomas De Pamplona De San Juan De Miraflores;Lima;-12.11792;-76.95018;500.0;Cálido / Desértico (Costa);-1;9
13655;Parroquia Matriz El Niño Jesús  De Ciudad De Dios;Lima;-12.15013;-76.97018;130.0;Cálido / Desértico (Costa);-1;9
13646;Plaza De Armas De San Juan De Miraflores;Lima;-12.16283;-76.96327;117.0;Cálido / Desértico (Costa);-1;9
13588;Playa Bonanza;Tumbes;-3.714454;-80.742022;0.0;Cálido / Desértico (Costa);34;1
13981;Bosque De Guayacanes El Tablazo;Tumbes;-3.814006;-80.503094;76.0;Cálido / Desértico (Costa);34;1
13980;Mirador Natural La Capitana;Tumbes;-3.787432;-80.491942;107.0;Cálido / Desértico (Costa);34;1
13979;Mirador Natural Higuerón;Tumbes;-3.773556;-80.476694;68.0;Cálido / Desértico (Costa);34;1
13915;Laguna De Taihuire;Apurímac;-14.21241759195;-72.38629612442;4078.0;Muy Frío (Puna);-1;18
13576;Sitio Arqueológico Muyo Orcco;Apurímac;-13.52193;-73.759266;2590.0;Templado Seco (Quechua);-1;18
13539;Mirador Cerro Bandera De Muqui;Junín;-11.836746;-75.442653;3492.0;Templado Seco (Quechua);73;0
13535;Parroquia Santa María Magdalena;Lambayeque;-6.90737;-79.86226;7.0;Cálido / Desértico (Costa);5;14
13537;Molino Hidráulico De Muqui.;Junín;-11.833213;-75.43444;3327.0;Templado Seco (Quechua);73;0
13536;Pueblo Histórico De Muqui;Junín;-11.833213;-75.43444;3327.0;Templado Seco (Quechua);73;0
13713;Palacio De Oquendo;Callao;-11.96939760431;-77.11794018745;21.0;Cálido / Desértico (Costa);-1;9
13542;Aguas Calientes De Janca De Queropalca;Huánuco;-10.15471541;-76.90228895;4324.0;Muy Frío (Puna);62;5
13612;Laguna De Ccoriccocha;Ayacucho;-14.0105;-73.8429;3491.0;Templado Seco (Quechua);70;18
13704;Plaza De Armas De Catacaos;Piura;-5.26247367;-80.66827925;25.0;Cálido / Desértico (Costa);6;14
13640;Caleta San José;Arequipa;-16.82485629975;-72.29517026522;19.0;Cálido / Desértico (Costa);-1;11
13618;Mirador Shingowasi;Cajamarca;-7.427774;-78.541899;2451.0;Templado Seco (Quechua);45;13
13584;Textilería Artesanal Quispe;Lima;-12.28975140412;-76.85406433884;8.0;Cálido / Desértico (Costa);36;19
13568;Cascada De Usphabamba;Cusco;-13.597953;-71.867325;3648.0;Frío (Suni);22;6
13696;Meliponario Huerto Del Eden;Huánuco;-9.657444;-76.064613;1913.0;Templado Cálido (Yunga);-1;13
13643;Taller De Cerámica Ccori Maki;Lima;-12.28721;-76.8534;7.0;Cálido / Desértico (Costa);36;19
13610;Bodega Don Fito;Arequipa;-16.42005;-71.64663;2128.0;Templado Cálido (Yunga);12;16
13705;Plaza De Canchaque ;Piura;-5.37613124185;-79.6062996232;1191.0;Templado Cálido (Yunga);55;17
13624;Taller De Susana Bances;Lambayeque;-6.519431;-79.836237;51.0;Cálido / Desértico (Costa);37;1
13566;Mirador Condorianiy;Cusco;-13.62976;-71.518192;3802.0;Frío (Suni);-1;23
13565;Templo San Juan Bautista De Ccatca;Cusco;-13.604713;-71.563303;3702.0;Frío (Suni);-1;23
13821;Reserva Nacional San Fernando - Sector Puerto Caballa;Ica;-14.532127;-75.26995;539.0;Templado Cálido (Yunga);-1;19
13569;Mirador De Saywa;Cusco;-13.589213;-71.566347;3852.0;Frío (Suni);-1;23
13721;Capilla De San Lorenzo - Huaccoto;Cusco;-13.544539;-71.883759;3249.0;Templado Seco (Quechua);22;6
13702;Pueblo Tradicional De Catacaos;Piura;-5.26636315;-80.6765685;28.0;Cálido / Desértico (Costa);6;14
13652;Playa Carpayo;Callao;-12.06723009276;-77.1558773517;8.0;Cálido / Desértico (Costa);21;9
13697;Templo De Nuestra Señora Reyna De Belén;Cusco;-13.526655;-71.981122;3409.0;Templado Seco (Quechua);22;6
13803;Taller De Artesania Vivencial Rufticos;Pasco;-10.73822;-75.27252;1508.0;Templado Cálido (Yunga);66;26
14105;Templo Colonial De San Juan Bautista;Ayacucho;-13.166515535939803;-74.2233431339264;2727.0;Templado Seco (Quechua);24;15
13603;Mirador De Waman Waka;Junín;-11.865909;-75.365713;3322.0;Templado Seco (Quechua);73;0
13951;Caleta La Islilla;Piura;-5.209564;-81.19344945;4.0;Cálido / Desértico (Costa);40;1
13807;Taller De Artesanía VivencialEco Gaia;Pasco;-10.75165;-75.26935;1505.0;Templado Cálido (Yunga);66;26
13667;Playa La Pedregosa;Arequipa;-16.701645;-72.448458;38.0;Cálido / Desértico (Costa);56;11
13681;Valle De Pescadores;Arequipa;-16.4022496;-73.2460313;3.0;Cálido / Desértico (Costa);-1;11
13658;Caleta Centeno;Arequipa;-16.8936312;-72.227833;9.0;Cálido / Desértico (Costa);57;11
13657;Punta Hornillos;Arequipa;-16.8735902;-72.287444;75.0;Cálido / Desértico (Costa);-1;11
13636;Centro De Rescate De Fauna Silvestre - Piraña Park;Loreto;-3.646749868223;-73.31488145767;90.0;Tropical Húmedo (Selva);2;27
13620;Laguna Santa Rosa;Cajamarca;-6.945052;-78.827573;3223.0;Templado Seco (Quechua);45;13
14411;Embarcadero Turístico Del Puerto Callao De Huicungo;San Martín;-7.316402271911815;-76.780743598938;292.0;Cálido / Desértico (Costa);58;21
13628;Iglesia Matriz De Apata;Junín;-11.8553939;-75.3543161;3339.0;Templado Seco (Quechua);73;0
13790;Comunidad Nativa Santa Teresa;Huánuco;-9.212874;-74.876737;191.0;Cálido / Desértico (Costa);60;26
13625;Paraje De Qory Wanka  Dorado Wanka;Junín;-11.8032247;-75.3166661;3771.0;Frío (Suni);73;0
13629;Taller Arte Ancestral;Lambayeque;-6.44794;-79.80977;58.0;Cálido / Desértico (Costa);37;1
13627;Capilla Del Santuario Santo Toribio De Mogrovejo De Saña;Lambayeque;-6.9267;-79.588112;55.0;Cálido / Desértico (Costa);38;1
13694;Cascada Sheynis Yacanse;Huánuco;-9.663372;-75.540919;824.0;Templado Cálido (Yunga);60;26
13690;Taller De Artesania Vivencial  Achake´T;Pasco;-10.73554303217;-75.2717757225;1499.0;Templado Cálido (Yunga);66;26
13663;Paraje De La Virgen De Barro De Matahuasi;Junín;-11.861242;-75.348696;3385.0;Templado Seco (Quechua);73;0
13651;Plaza Capac Ñan De Maravilca;Junín;-11.8859636;-75.365624;3283.0;Templado Seco (Quechua);73;0
13925;Playa Agua Dulce;Lima;-12.162427320979225;-77.02729433652394;0.0;Cálido / Desértico (Costa);-1;9
14324;Taller Artesanal De Cuyuni;Cusco;-13.615417;-71.573367;3869.0;Frío (Suni);-1;23
13662;Taller Artesanal Y Casa Vivencial Fibras Nativas;Lambayeque;-6.44794;-79.80977;58.0;Cálido / Desértico (Costa);37;1
13668;Santuario De La Virgen De Nitape De Olmos;Lambayeque;-6.001573;-79.761227;159.0;Cálido / Desértico (Costa);-1;10
14056;Taller Ayllu Peruvian Pottery;Lima;-12.289499749434764;-76.85316318530795;9.0;Cálido / Desértico (Costa);36;19
13718;Villa La Buena Nueva  - El Yumbe ;Piura;-5.02864748872;-79.88423005035;1547.0;Templado Cálido (Yunga);55;17
13648;Pachacútec Bosque Andino  Observatorio De Picaflores;Cusco;-13.568485;-71.882049;3281.0;Templado Seco (Quechua);22;6
13688;Comunidad Nativa San Jorge;Loreto;-4.574279224381;-73.74641403917;112.0;Tropical Húmedo (Selva);-1;7
13744;Complejo Arqueológico Monumental Zurita - La Viña;Lambayeque;-6.409061;-79.739092;88.0;Cálido / Desértico (Costa);37;1
13958;Museo Municipal De Atico Aticus;Arequipa;-16.208295;-73.623075;83.0;Cálido / Desértico (Costa);-1;11
13943;Río Vinchos Tramo Qatunhuaycco - Anexo De Lengua;Ayacucho;-13.24850681822802;-74.35701131829774;3158.0;Templado Seco (Quechua);24;15
13695;Playa Barranquito;Lima;-12.143641183959648;-77.02676651378228;0.0;Cálido / Desértico (Costa);-1;9
13766;Iglesia Madre Santa Ana;Pasco;-10.472271;-76.35351;3764.0;Frío (Suni);62;5
13779;Gruta De La Madre Santa Ana Pétrea;Pasco;-10.472281;-76.353482;3764.0;Frío (Suni);62;5
13665;Nevado Tunsho;Junín;-11.8929929;-75.9830186;5560.0;Glacial / Nieve (Janca);-1;8
13666;Laguna De Cuancocha;Junín;-11.8600916;-75.9979417;4480.0;Muy Frío (Puna);48;8
13664;Laguna De Habascocha;Junín;-11.8376788;-76.0192614;4446.0;Muy Frío (Puna);48;8
13777;Torre Histórico De Santa Ana De Tusi;Pasco;-10.472607;-76.353639;3772.0;Frío (Suni);62;5
13782;Playa Los Colorados;Arequipa;-16.239962;-73.588967;11.0;Cálido / Desértico (Costa);-1;11
13831;Puerto Artesanal La Planchada;Arequipa;-16.406317;-73.220766;0.0;Cálido / Desértico (Costa);-1;11
13940;Playa La Meada;Arequipa;-16.239059731;-73.59893211;6.0;Cálido / Desértico (Costa);-1;11
13783;Playa Poza Verde;Arequipa;-16.238874878;-73.6039077052;0.0;Cálido / Desértico (Costa);-1;11
13934;Playa Atico;Arequipa;-16.231285;-73.614108;7.0;Cálido / Desértico (Costa);-1;11
13795;Punta Atico;Arequipa;-16.23495033123;-73.6984152967;39.0;Cálido / Desértico (Costa);-1;11
13773;Parque Arenales;Pasco;-10.6646;-76.2548;4360.0;Muy Frío (Puna);16;22
13824;Plaza Central De Puerto Inca;Huánuco;-9.37943;-74.9658;214.0;Cálido / Desértico (Costa);60;26
14080;Catarata Wayunka;Ayacucho;-13.560789;-74.353154;3691.0;Frío (Suni);77;0
13942;Bosque De Piedra De Huayllapampa;Ayacucho;-13.239728;-74.392764;3562.0;Frío (Suni);77;0
13737;Santuario Nuestra Señora De La Paz;Lambayeque;-6.790932;-79.86919;23.0;Cálido / Desértico (Costa);5;14
13788;Faro Punta Eten;Lambayeque;-6.948398388717102;-79.86466169357301;52.0;Cálido / Desértico (Costa);5;14
13728;Iglesia San Pedro De Monsefú;Lambayeque;-6.877943125072489;-79.87124919891359;12.0;Cálido / Desértico (Costa);5;14
13727;Iglesia San Juan Bautista De Illimo;Lambayeque;-6.474722612834;-79.85492765934;52.0;Cálido / Desértico (Costa);37;1
13726;Santuario De La Cruz De Chalpón De Olmos;Lambayeque;-6.050543;-79.752646;492.0;Cálido / Desértico (Costa);-1;10
13725;Iglesia San Pablo De Pacora;Lambayeque;-6.4285348852551705;-79.83856916427614;55.0;Cálido / Desértico (Costa);37;1
13800;Playa Pucusana;Lima;-12.48086783153702;-76.79903238969247;0.0;Cálido / Desértico (Costa);36;19
13954;Lago Cuipari - Alto Amazonas;Loreto;-5.95932;-75.96458;134.0;Tropical Húmedo (Selva);47;21
13716;Balneario Sol Del Vrae;Cusco;-12.42261;-73.874696;514.0;Templado Cálido (Yunga);64;24
13715;Catarata Victoria;Cusco;-12.521256;-73.768656;1340.0;Templado Cálido (Yunga);64;24
13714;Cascada San Cristobal;Cusco;-12.469222;-73.78807;932.0;Templado Cálido (Yunga);64;24
13869;Mirador De San Miguel;Arequipa;-15.612704118658062;-71.9667148590088;3365.0;Templado Seco (Quechua);76;18
13867;Pueblo De Cabanaconde ;Arequipa;-15.622115;-71.980822;3294.0;Templado Seco (Quechua);76;18
13879;Plaza Principal De Chivay;Arequipa;-15.636768200489332;-71.60215973854066;3637.0;Frío (Suni);76;3
13754;Mirador De Achomani - Sector San Miguel;Arequipa;-15.660867;-71.707069;3602.0;Frío (Suni);76;3
13747;Iglesia Matriz Santo Domingo De Guzmán;Piura;-5.004933565308;-79.81646236513;2891.0;Templado Seco (Quechua);55;17
13808;Plaza Principal De Yanque ;Arequipa;-15.64949653252934;-71.6588079929352;3429.0;Templado Seco (Quechua);76;3
13986;Rio Paranapura;Loreto;-5.7269;-76.13482;188.0;Tropical Húmedo (Selva);47;21
13810;Rio Colca-Sector Yanque;Arequipa;-15.655529;-71.670674;3353.0;Templado Seco (Quechua);76;3
13776;Cascadas Cañari;Cajamarca;-7.146308;-78.6694;2827.0;Templado Seco (Quechua);17;2
13902;Plaza Mayor De Jesús;Cajamarca;-7.2490307;-78.3795503;2554.0;Templado Seco (Quechua);17;2
13828;Puente Colgante Chuquita;Cajamarca;-7.2466233;-78.3699033;2496.0;Templado Seco (Quechua);17;2
13752;Bodega Chirinos ;Arequipa;-16.228994;-72.484582;455.0;Cálido / Desértico (Costa);52;11
13905;Aguas Termales De Llahuar;Arequipa;-15.581231;-72.010308;2087.0;Templado Cálido (Yunga);-1;18
13809;Plaza Principal De Maca;Arequipa;-15.641066167376344;-71.76849961280824;3281.0;Templado Seco (Quechua);76;18
13908;Bosque De Piedras Huallata Pillones;Arequipa;-15.938338;-71.196142;4423.0;Muy Frío (Puna);-1;12
13881;Pueblo San Juan De Chuccho;Arequipa;-15.59249182712019;-71.94799304008485;2490.0;Templado Seco (Quechua);-1;18
13742;Iglesia Santo Domingo De Guzman De Olmos;Lambayeque;-5.988110915;-79.7465740145;177.0;Cálido / Desértico (Costa);-1;10
13767;Sala De Interpretación Museo Royma;Cajamarca;-6.618046;-78.94842;2011.0;Templado Cálido (Yunga);45;13
13829;Capilla Sillarume;Cajamarca;-7.2452474;-78.3915876;2571.0;Templado Seco (Quechua);17;2
13792;Iglesia Dulce Nombre De Jesus;Cajamarca;-7.24945403;-78.3789013;2555.0;Templado Seco (Quechua);17;2
13835;Plazuela Santo Domingo;Huánuco;-9.931760647477;-76.24153241884;1904.0;Templado Cálido (Yunga);15;2
13978;Ciudad De Yurimaguas;Loreto;-5.89507;-76.10446;154.0;Tropical Húmedo (Selva);47;21
13755;Obispado De Chulucanas;Piura;-5.0972;-80.1613;95.0;Cálido / Desértico (Costa);39;1
13885;Óvalo San Sebastián ;Huánuco;-9.937053361107;-76.24542727541;1903.0;Templado Cálido (Yunga);15;2
13805;Mirador Natural Del Cerro Huando;Piura;-5.382366;-79.577445;2215.0;Templado Cálido (Yunga);55;17
13992;Lagunas Gemelas De Iscaycocha;Pasco;-10.565829329147906;-76.3648377364791;4368.0;Muy Frío (Puna);16;22
14092;Capilla De Huancapucro ;Pasco;-10.680071071239103;-76.25390395522687;4371.0;Muy Frío (Puna);16;22
14262;Parque El Minero ;Pasco;-10.687883321787604;-76.25684723302243;4333.0;Muy Frío (Puna);16;22
13991;Cerro Contuyog;Pasco;-10.548809632876862;-76.35951265707833;4423.0;Muy Frío (Puna);16;22
14043;Centro Recreacional Municipal De Puliag;Pasco;-10.48410909809772;-76.35290965405716;3730.0;Frío (Suni);62;5
13868;Mirador Natural De Chicla;Junín;-12.1836857;-75.0803761;4290.0;Muy Frío (Puna);-1;15
13819;Restos Arqueologicos De Choquechurco ;Cusco;-13.47324;-72.539614;3546.0;Frío (Suni);-1;23
13811;Mirador Natural De Las Ruedas De Muyunan Pacha;Junín;-12.1895573;-75.1666281;3935.0;Frío (Suni);-1;15
13837;Mirador Natural De Tillka;Cusco;-13.502473;-72.558757;3767.0;Frío (Suni);-1;23
13812;Mirador Del Cristo De Huama Huata;Junín;-12.1115233;-75.2480941;3189.0;Templado Seco (Quechua);26;15
13845;Manantial De La Fertilidad Itanayo Macho;Junín;-12.1082112;-75.2466441;3180.0;Templado Seco (Quechua);26;15
13814;Cerro Mirador De Pátapo;Lambayeque;-6.740833333333;-79.63527777777;111.0;Cálido / Desértico (Costa);38;1
13864;Manantial De La Inspiración  Plaza Puquio;Junín;-12.110258939992974;-75.2465159300482;3179.0;Templado Seco (Quechua);26;15
13832;Cañón De Huañamarca;Arequipa;-16.606523;-72.298779;941.0;Templado Cálido (Yunga);-1;11
13789;Caleta Quebrada Honda;Arequipa;-16.924817;-72.186184;38.0;Cálido / Desértico (Costa);57;11
13931;Taller Artesanal Chankay Namú;Lima;-11.108524;-77.6103295;32.0;Cálido / Desértico (Costa);42;4
13791;Barrio Del Solar ;Arequipa;-16.3976;-71.54051;2316.0;Templado Seco (Quechua);12;16
13871;Manantial Inca Huay  Parque Huascar;Junín;-12.1053244;-75.2422992;3177.0;Templado Seco (Quechua);26;15
13801;Mirador Puma Urco;Amazonas;-6.265702;-77.863371;2932.0;Templado Seco (Quechua);-1;2
13956;Museo De La Marioneta Manuel Nicanor Taica Llalle;Cajamarca;-7.15758;-78.51902;2736.0;Templado Seco (Quechua);17;2
13927;Área De Conservación Privada Bosque De Churumazú;Pasco;-10.595335723047254;-75.4403042793274;1867.0;Templado Cálido (Yunga);65;26
13963;Casa Museo Nicolas Puga;Cajamarca;-7.15657;-78.52237;2746.0;Templado Seco (Quechua);17;2
13897;Cerro Plaza Inca;Piura;-5.21532;-79.40575;2970.0;Templado Seco (Quechua);55;17
14453;Quebrada Puletal;Ucayali;-11.168844751252692;-73.08759927749635;306.0;Tropical Húmedo (Selva);59;24
14027;Mirador Turistico El Palmo;Cajamarca;-6.891164;-79.088825;1738.0;Templado Cálido (Yunga);-1;13
13817;Parroquia San José Obrero;Piura;-5.0972;-80.1613;95.0;Cálido / Desértico (Costa);39;1
13863;Fundo San Fernando ;Cusco;-12.9651665;-71.459427;623.0;Templado Cálido (Yunga);51;24
14518;Quebrada Cumarillo;Ucayali;-11.177728254251356;-73.02903056144716;282.0;Tropical Húmedo (Selva);59;24
13844;Mirador Tres Cruces ;Cusco;-13.1850998;-71.58847;3014.0;Templado Seco (Quechua);-1;23
13818;Centro Pastoral Chulucanas ;Piura;-5.0972;-80.1613;95.0;Cálido / Desértico (Costa);39;1
13918;Cerro La Huaca ;Piura;-4.630252;-79.517803;2347.0;Templado Seco (Quechua);55;17
13904;Río Utcubamba: Tramo 1 Ubilón - San Isidro / Tramo 2 Agua Musha - Churuja.;Amazonas;-6.512379;-77.848556;1914.0;Templado Cálido (Yunga);45;13
13953;Plaza La Cultura;Piura;-5.402515;-79.605608;1234.0;Templado Cálido (Yunga);55;17
13923;Catarata Pintuyacu;Huánuco;-9.377644;-74.802946;645.0;Templado Cálido (Yunga);-1;26
13878;Parroquia Santa Rosa;Callao;-12.062382855535336;-77.14307785034181;5.0;Cálido / Desértico (Costa);21;9
14452;Puente Natural De Piedra ;Ucayali;-11.18222252947429;-73.09813499450685;373.0;Tropical Húmedo (Selva);59;24
13842;Humedal De Pata Pata  Phuyuccocha;Cusco;-13.5499;-71.8752;3212.0;Templado Seco (Quechua);22;6
13856;Casa Museo Del Arte En Piedra;Cusco;-13.55001497;-71.879498;3207.0;Templado Seco (Quechua);22;6
13857;Plaza De San Jerónimo;Cusco;-13.544396;-71.884016;3249.0;Templado Seco (Quechua);22;6
13911;Caverna De Gebil;Amazonas;-6.475793;-77.381255;1349.0;Tropical Húmedo (Selva);-1;13
13967;Petroglifo El Mono;Piura;-4.952742176682548;-80.25059938430788;86.0;Cálido / Desértico (Costa);39;1
13903;Restos Arqueológicos De Malka Loma;Junín;-11.9404733;-75.51844;3736.0;Frío (Suni);73;0
13900;Cascada De Tinku Yaku;Junín;-11.9362562;-75.5213877;3714.0;Frío (Suni);73;0
14298;Bosque De Piedras - Sambor;Cusco;-13.387741;-72.327929;4793.0;Muy Frío (Puna);-1;23
13901;Cueva De Campanayo;Junín;-11.9173388;-75.5536081;4076.0;Muy Frío (Puna);73;0
13907;Pampa Y Campo Hípico De Campanayo;Junín;-11.9186264;-75.5493849;3975.0;Frío (Suni);73;0
13922;Complejo Termal De Huancahuasi;Lima;-10.901563;-76.7213739;3267.0;Templado Seco (Quechua);48;8
13926;Baños Termales De Huancachin;Lima;-10.92436;-76.77811;2949.0;Templado Seco (Quechua);-1;8
13933;Museo Histórico Akunta;Cajamarca;-6.561388;-78.648611;2400.0;Templado Seco (Quechua);45;13
14130;Puente Republicano De Calicanto ;Cusco;-13.824328634933732;-71.54261457268149;3220.0;Templado Seco (Quechua);79;23
13948;Sitio Arqueologico Canchaje De Lahuaytambo;Lima;-12.09316;-76.39999;3045.0;Templado Seco (Quechua);68;0
13949;Mirador Gruta De San Juan De Lahuaytambo;Lima;-12.09316;-76.39999;3045.0;Templado Seco (Quechua);68;0
13962;Pueblo Histórico De Lahuaytambo;Lima;-12.0965483;-76.3889092;3297.0;Templado Seco (Quechua);68;0
13957;Bodega Gutierrez;Arequipa;-16.090905;-72.479303;595.0;Templado Cálido (Yunga);52;11
14118;Laguna De Mamacocha;Arequipa;-15.67879;-72.2446;1689.0;Templado Cálido (Yunga);-1;11
13966;Santuario De La Virgen Del Rosario De Uñon ;Arequipa;-15.72789374651;-72.43296078297;2708.0;Templado Seco (Quechua);-1;18
14036;Taller Artesanal Llutakuna Wasi;San Martín;-6.422082842893;-76.52116703437;788.0;Templado Cálido (Yunga);10;25
14291;Montaña Puka OrqO - Sambor ;Cusco;-13.39248;-72.320375;4606.0;Muy Frío (Puna);-1;23
13972;Taller Artesanal Oli;Pasco;-10.54170521586957;-75.44198855758283;1818.0;Templado Cálido (Yunga);65;26
13993;Taller  De Artesanias Yanesha Charo ;Pasco;-10.542084934806589;-75.44164523482893;1799.0;Templado Cálido (Yunga);65;26
14294;Laguna De Yanacocha - Sector Huarocondo ;Cusco;-13.39247936843;-72.32133507728;4584.0;Muy Frío (Puna);-1;23
13946;Piedra Campana;Lima;-12.643994;-76.668397;0.0;Cálido / Desértico (Costa);36;19
14031;Pueblo Tradicional De Chalaco.;Piura;-5.041085286433;-79.79597711003;2219.0;Templado Cálido (Yunga);55;17
13969;Taller De Artesanías La Collpa - Porre;Pasco;-10.53721301126432;-75.44605597808756;1799.0;Templado Cálido (Yunga);65;26
13960;Taller Artesanal Musuq Wari;Lima;-12.292246339260824;-76.85410725418478;8.0;Cálido / Desértico (Costa);36;19
14035;Pueblo De Santo Domingo;Piura;-5.02898952417;-79.87572394054;1479.0;Templado Cálido (Yunga);55;17
14023;Cascada Sungarillo;Huánuco;-9.334527;-75.020945;211.0;Cálido / Desértico (Costa);60;26
14024;Mirador Cristo Redentor De Barranca;Lima;-10.7695874;-77.7641829;0.0;Cálido / Desértico (Costa);42;4
14286;Alameda De Los Incas - Complejo Qhapac Ñan;Cajamarca;-7.16431;-78.49494;2675.0;Templado Seco (Quechua);17;2
14519;Sala De Exposiciones Comunidades Nativas Del Bajo Urubamba;Ucayali;-11.146834806763843;-73.04291367530824;285.0;Tropical Húmedo (Selva);59;24
14302;Zona Paisajística De Tintilhuasi;Junín;-11.908475;-75.2005941;3862.0;Frío (Suni);-1;15
13944;Mirador Natural De Hatun Uclo;Junín;-11.9047328;-75.2370076;3970.0;Frío (Suni);-1;15
13945;Parque De Las Esculturas Gigantes;Cajamarca;-7.09299;-78.53286;3192.0;Templado Seco (Quechua);17;2
13950;Catarata Chacchacal - Abalque;Piura;-5.2096657137;-79.59486777747;1898.0;Templado Cálido (Yunga);55;17
14504;Centro De Exhibición De La Evangelización, Arte Y Cultura Religiosa De Huánuco ;Huánuco;-9.932018;-76.242037;1902.0;Templado Cálido (Yunga);15;2
13955;Playa Las Ninfas;Lima;-12.480115791660806;-76.8010638654289;22.0;Cálido / Desértico (Costa);36;19
14029;Parque Del Libro;Lima;-12.120397199327984;-77.04396471381757;66.0;Cálido / Desértico (Costa);29;9
14091;Comunidad Nativa San Francisco - Nauta;Loreto;-4.44816;-73.51724;115.0;Tropical Húmedo (Selva);-1;7
14062;Reserva Nacional Pacaya Samiria (Sector Tibilio - Lagunas);Loreto;-5.22929;-75.59621;139.0;Tropical Húmedo (Selva);47;21
13984;Reserva Comunal Airo Pai ;Loreto;-0.650646;-74.912541;191.0;Tropical Húmedo (Selva);-1;7
14131;Petroglifos Farallón Paujil ;Huánuco;-9.49717;-74.89379;270.0;Cálido / Desértico (Costa);-1;26
14448;Poza Del Brujo;Ucayali;-11.110274198129394;-73.07045459747316;357.0;Tropical Húmedo (Selva);59;24
13988;Malecón Turistico Ernest Hemingway;Piura;-4.251132;-81.2341;0.0;Cálido / Desértico (Costa);53;10
14073;Iglesia Colonial San Agustín De Huaychao;Pasco;-10.989738184376424;-76.43023249439126;4552.0;Muy Frío (Puna);-1;5
14664;Bosque De Piedras -  Yunguiato  ;Cusco;-13.02083324;-73.47944453;750.0;Templado Cálido (Yunga);64;24
14663;Catarata De Gallito De Las Roca;Cusco;-13.00361103;-73.46333317;1046.0;Templado Cálido (Yunga);-1;24
14041;Cascada De Huamanmayo;Lima;-11.46341172905;-76.63702011108;2651.0;Templado Seco (Quechua);68;0
14068;Plaza De Armas De Canta;Lima;-11.4669625;-76.6247746;2836.0;Templado Seco (Quechua);68;0
14060;Plaza De Armas De Obrajillo;Lima;-11.4531255;-76.6198348;2709.0;Templado Seco (Quechua);68;0
13976;Portal Colonial De Rumichaca;Junín;-11.7513709;-75.4691743;3385.0;Templado Seco (Quechua);73;0
14065;Plaza Mayor De Churín;Lima;-10.8112779;-76.8750748;2256.0;Templado Cálido (Yunga);-1;26
14059;Parque San Pancracio;Lima;-10.8112779;-76.8750748;2256.0;Templado Cálido (Yunga);-1;26
13975;Mirador El Escalón;Cajamarca;-7.1513406;-78.672238;2863.0;Templado Seco (Quechua);17;2
14034;Torre Mirador Canchaque;Piura;-5.376818469032;-79.60603857227;1205.0;Templado Cálido (Yunga);55;17
14665;Playa Vaca Rumi;Cusco;-13.00138896;-73.49111114;728.0;Templado Cálido (Yunga);64;24
13995;Zona Paisajística Las Trincheras De Julcán;Junín;-11.7492339;-75.4259974;3528.0;Frío (Suni);73;0
14221;Finca Cafetalera Gamus;Piura;-4.63815166;-79.80628609;1513.0;Templado Cálido (Yunga);55;17
14014;Casa Etnográfico Allpawasi;Huánuco;-10.07354356225;-76.21520910475;2009.0;Templado Cálido (Yunga);15;2
14005;Iglesia San Isidro Labrador;Piura;-5.186577608882;-79.96909842036;133.0;Cálido / Desértico (Costa);-1;1
14055;Bosque De Uncas De Circa;Apurímac;-13.90118;-72.85282;3517.0;Frío (Suni);-1;23
13999;Bosque De Robles;Piura;-4.634877;-79.8119055;1353.0;Templado Cálido (Yunga);55;17
14311;Cementerio General De San Jeronimo;Cusco;-13.541393;-71.885772;3276.0;Templado Seco (Quechua);22;6
14662;Playa Villa Virgen;Cusco;-13.00545839;-73.5192408;706.0;Templado Cálido (Yunga);64;24
13998;Lago Sanango - Yurimaguas;Loreto;-5.96309;-76.06268;140.0;Tropical Húmedo (Selva);47;21
13997;Pueblo De Balsapuerto;Loreto;-5.82744;-76.55887;209.0;Tropical Húmedo (Selva);47;21
14039;Río Huallaga - Tramo Yurimaguas;Loreto;-5.89472;-76.10178;132.0;Tropical Húmedo (Selva);47;21
14012; Malecon Turistico Del Rio Pachitea;Huánuco;-9.382287144718;-74.96766599959;190.0;Cálido / Desértico (Costa);60;26
14387;Área De Conservación Ambiental Cerro Carneros;Piura;-4.832856;-80.289734;124.0;Cálido / Desértico (Costa);39;1
14016;Mirador De La Zona Arqueológica De Shutoc;Junín;-11.9577927;-75.3198896;3372.0;Templado Seco (Quechua);26;15
14019;Plaza De Armas De Morropón ;Piura;-5.186469799465;-79.96882127432;133.0;Cálido / Desértico (Costa);-1;1
14629;Cementerio General San Miguel Arcángel De Iquitos;Loreto;-3.757776;-73.255731;100.0;Tropical Húmedo (Selva);2;27
14013;Las Siete Pozas De Shutoc;Junín;-11.9602116;-75.3178208;3310.0;Templado Seco (Quechua);26;15
14299;Lago Piraña ;Loreto;-4.27823;-69.97671;68.0;Tropical Húmedo (Selva);14;7
14098;Malecón San Martín De Pucusana;Lima;-12.480776900256158;-76.7979858819365;0.0;Cálido / Desértico (Costa);36;19
14045;Área De Conservación Ambiental Batancito De Ñoma.;Piura;-5.021392888932;-79.82248520343;1966.0;Templado Cálido (Yunga);55;17
14021;Fundo D'Fortuna ;Junín;-11.180642;-75.396732;1381.0;Templado Cálido (Yunga);-1;26
14117;Comunidad Nativa Nuevo Canchahuaya;Loreto;-6.98154;-75.10866;130.0;Tropical Húmedo (Selva);-1;21
14033;Área De Conservación Privada Los Bosques De Dotor, Hualtacal, Pueblo Libre, La Jardina Y Chorro Blanco.;Piura;-5.41115247909;-79.72354922684;250.0;Cálido / Desértico (Costa);-1;10
14051;Area De Conservación Regional Bosques Secos Del Marañon;Cajamarca;-7.4609707106;-77.8349769224;2516.0;Templado Seco (Quechua);49;28
14063;Catarata Tres Deseos;Junín;-11.124173;-75.28555;1616.0;Templado Cálido (Yunga);-1;26
14191;Finca Cafetalera Seb;Piura;-4.6248943;-79.8123964;1421.0;Templado Cálido (Yunga);55;17
14112;Camino Pintoresco Del Yumbe;Piura;-5.028747088424;-79.88535778891;1563.0;Templado Cálido (Yunga);55;17
14049;Templo San Sebastián De Curasco ;Apurímac;-14.06169;-72.56753;3550.0;Frío (Suni);-1;23
14048;Bosque De Piedras Soldaduchayoc;Apurímac;-14.08265;-72.5392;3586.0;Frío (Suni);-1;23
14057;Malecón Cisneros De Miraflores;Lima;-12.12608973764;-77.03433032186;75.0;Cálido / Desértico (Costa);29;9
14064;Cascada Dos Reinas;Lambayeque;-6.246475;-79.543716;700.0;Templado Cálido (Yunga);-1;1
14052;Río Pampas Sector La Florida ;Apurímac;-13.64885;-73.76129;2036.0;Templado Cálido (Yunga);-1;18
14054;Cañón De Cocharquina;Apurímac;-13.640584009350052;-73.76197958044942;2401.0;Templado Seco (Quechua);-1;18
14088;Catarata Taqsanahuayqu;Apurímac;-13.610437;-73.743971;2965.0;Templado Seco (Quechua);70;18
14089;Sitio Arqueológico De Paqwayranra;Apurímac;-13.64607;-73.73279;2494.0;Templado Seco (Quechua);-1;18
14097;Parque Intihuatana;Lima;-12.121781687119174;-77.02923417091371;86.0;Cálido / Desértico (Costa);29;9
14066;Parque Principal De Pacora Alfredo Bilmer Paz Solis;Lambayeque;-6.4281;-79.83908;57.0;Cálido / Desértico (Costa);37;1
14101;Mirador Callas Pampa ;Áncash;-9.513955;-77.11409;4120.0;Muy Frío (Puna);62;5
14090;Sitio Arqueológico De Caballuyoq ;Apurímac;-13.63608;-73.732586;2902.0;Templado Seco (Quechua);70;18
14087;Hornos De Qenqo;Apurímac;-13.60505;-73.73574;3267.0;Templado Seco (Quechua);70;18
14095;Quebrada San Juan De Pumayacu;Loreto;-5.98722;-76.17555;146.0;Tropical Húmedo (Selva);47;21
14081;Mariposario De Machupicchu;Cusco;-13.1616419;-72.5345636;2053.0;Templado Cálido (Yunga);-1;23
14240;Mirador De Tunki ;Cusco;-13.1535917;-72.5244362;2141.0;Templado Cálido (Yunga);-1;23
14272;Templo De La  Virgen Del Carmen De Machupicchu;Cusco;-13.1542099;-72.525537;2054.0;Templado Cálido (Yunga);-1;23
14277;Crónicas De Piedra ;Cusco;-13.1536036;-72.5239983;2130.0;Templado Cálido (Yunga);-1;23
14107;Rio Shanusi;Loreto;-5.91038;-76.09398;132.0;Tropical Húmedo (Selva);47;21
14109;Casa Museo Seminario;Lambayeque;-6.274864;-79.606679;160.0;Cálido / Desértico (Costa);-1;1
14110;Catarata De San Lorenzo;Loreto;-5.82246;-76.56501;195.0;Tropical Húmedo (Selva);47;21
14296;Taller Artesanal Templo Del Arte;Lima;-12.28721;-76.8534;7.0;Cálido / Desértico (Costa);36;19
14106;Comunidad Nativa Amazonas;Loreto;-4.4596;-73.52625;97.0;Tropical Húmedo (Selva);-1;7
14188;Bosque De Pinos De Las Pircas;Piura;-4.959016459128703;-79.84864998492414;3092.0;Templado Seco (Quechua);55;17
14192;Salas Pueblo Del Curanderismo;Lambayeque;-6.273979;-79.605737;164.0;Cálido / Desértico (Costa);-1;1
14129;Sitio Arqueológicos De Huitocc ;Apurímac;-14.397075;-73.207273;3750.0;Frío (Suni);70;18
14153;Puente Calicanto De Cotaruse ;Apurímac;-14.41497;-73.203459;3247.0;Templado Seco (Quechua);-1;18
14148;Campo Santo De Surco;Lima;-11.88193;-76.4353;2025.0;Templado Cálido (Yunga);-1;19
14166;Pueblo Antiguo De Iscahuaca ;Apurímac;-14.5383748553;-73.26228473897;3921.0;Frío (Suni);70;18
14141;Mirador Natural De Surco ;Lima;-11.88783;-76.43968;2141.0;Templado Cálido (Yunga);-1;0
14143;Plaza De Armas Francisco Bolognesi De Surco ;Lima;-11.88384;-76.44022;2012.0;Templado Cálido (Yunga);-1;19
14147;Sitio Arqueológico Huacapune ;Lima;-11.86198;-76.44898;3623.0;Frío (Suni);68;0
14145;Tobogán Natural De Songos ;Lima;-11.87328;-76.46887;2045.0;Templado Cálido (Yunga);-1;0
14279;Comunidad Campesina Alto Perillo;Loreto;-7.07947;-75.15264;123.0;Tropical Húmedo (Selva);-1;21
14198;Fundo San Carlos ;Junín;-11.0151444;-74.8136793;1402.0;Templado Cálido (Yunga);-1;26
14133;Casa Hacienda De María Parado De Bellido;Ayacucho;-13.600444;-74.504034;2905.0;Templado Seco (Quechua);-1;0
14170;Plaza De Armas De Huaral;Lima;-11.49536834261;-77.20714343019;182.0;Cálido / Desértico (Costa);35;19
14128;Mirador De Lalay ;Apurímac;-13.62926;-73.72419;3434.0;Templado Seco (Quechua);70;18
14127;Plaza De Armas De Cocharcas ;Apurímac;-13.610673459300845;-73.73999404946517;3023.0;Templado Seco (Quechua);70;18
14190;Plaza De Armas De Paita;Piura;-5.0851047;-81.1137409;9.0;Cálido / Desértico (Costa);40;1
14167;Finca Simon Velita ;Huánuco;-9.36914;-74.96145;200.0;Cálido / Desértico (Costa);60;26
14202;Iglesia Matriz De Jayanca;Lambayeque;-6.3923453;-79.8222483;62.0;Cálido / Desértico (Costa);37;1
14195;Laguna Los Espejos ;Piura;-4.950756198370607;-79.82130432443229;3094.0;Templado Seco (Quechua);55;17
14203;Mirador Puña Punta;Huánuco;-10.1422069;-76.6257665;3591.0;Frío (Suni);62;5
14151;Sitio Arqueológico De Añashpata O Anashpata;Junín;-11.235327;-75.801066;4289.0;Muy Frío (Puna);48;8
14158;Sitio Arqueológico De Qawaman;Apurímac;-13.623838;-73.754238;2896.0;Templado Seco (Quechua);70;18
14177;Iglesia Parroquial San Juan Bautista De Oyotún;Lambayeque;-6.8462;-79.30229;207.0;Cálido / Desértico (Costa);-1;1
14359;Plaza De Armas De Oropesa;Cusco;-13.5944691;-71.7635772;3122.0;Templado Seco (Quechua);79;23
14182;Caxas Baños Del Inca ;Piura;-5.0811927;-79.5882188;2709.0;Templado Seco (Quechua);55;17
14194;Mirador Winagwilca;Huánuco;-10.1528758;-76.6240401;3732.0;Frío (Suni);62;5
14175;Bosque De Pinos De Rangrayo;Piura;-4.950114873414796;-79.82238578770195;3094.0;Templado Seco (Quechua);55;17
14193;Centro Arqueológico De Marcachacra;Huánuco;-10.1175027;-76.6257119;3690.0;Frío (Suni);62;5
14165;Templo Santisimo Salvador De Oropesa;Cusco;-13.59394305;-71.76359218;3129.0;Templado Seco (Quechua);79;23
14163;Capilla Nuestra Señora De La Estrella Oropesa;Cusco;-13.5930306;-71.7661715;3119.0;Templado Seco (Quechua);79;23
14209;Mirador Turístico Nueva Alianza;Piura;-5.004842954864;-79.80229585477;3211.0;Templado Seco (Quechua);55;17
14225;Mirador De Antahuilque Bajo;Arequipa;-15.63205689323416;-71.80443045429116;3374.0;Templado Seco (Quechua);76;18
14312;Petroglifos De San Jerónimo;Cusco;-13.5442936;-71.8837982;3249.0;Templado Seco (Quechua);22;6
14197;Capilla Virgen Asunta;Cusco;-13.59814985;-71.76225007;3105.0;Templado Seco (Quechua);79;23
14244;Mirador De Tapay;Arequipa;-15.612611151233278;-71.94087979129678;3710.0;Frío (Suni);76;3
14314;Puente Inca;Arequipa;-15.6334;-71.60404;3613.0;Frío (Suni);76;3
14227;Catarata Virgen De Shimayaku;Junín;-11.16892;-75.30286;1393.0;Templado Cálido (Yunga);-1;26
14224;Comunidad Nativa San Pedro De Marankiari;Junín;-10.93571;-75.19324;605.0;Templado Cálido (Yunga);61;26
14318;Pueblo De Sacsayhuaman;Arequipa;-15.63178;-71.60582;3640.0;Frío (Suni);76;3
14226;Piscina Natural La Promisora;Junín;-11.0539;-75.40985;1017.0;Templado Cálido (Yunga);61;26
14333;Templo De San Pedro Apostol De Tisco;Arequipa;-15.34733;-71.44728;4184.0;Muy Frío (Puna);-1;3
14316;Templo De Los Santos Reyes;Arequipa;-15.66198;-71.70016;3493.0;Templado Seco (Quechua);76;3
14271;Ñaupallacta;Arequipa;-15.52367;-71.56768;4094.0;Muy Frío (Puna);76;3
14266;Laguna De Tres Colores;Arequipa;-15.62521;-71.7982;3158.0;Templado Seco (Quechua);76;18
14253;Catarata De Huaruro;Arequipa;-15.53204;-71.9998345;3188.0;Templado Seco (Quechua);76;18
14246;Tumbas De Lamparashi;Arequipa;-15.63458;-71.71672;3663.0;Frío (Suni);76;3
14252;Capilla Inmaculada Concepcion De Pampa Blanca;Arequipa;-17.0894045;-71.7592172;77.0;Cálido / Desértico (Costa);57;11
14289;Mirador Un Paso Al Cielo;Junín;-10.93883;-74.88157;702.0;Templado Cálido (Yunga);61;26
14212;Muelle El Toril;Piura;-5.085060154606252;-81.10931182025526;0.0;Cálido / Desértico (Costa);40;1
14495;Mirador Acero Cruz;Apurímac;-13.51414399218;-73.72144461297;2931.0;Templado Seco (Quechua);70;18
14340;Playa Temática La Grama.;Piura;-5.194242333074913;-81.18709802627565;0.0;Cálido / Desértico (Costa);40;1
14237;Mariposario Munay Pillpi;Cusco;-12.7280515;-72.546407;863.0;Templado Cálido (Yunga);63;24
14269;Casa Al Revés;Pasco;-10.605771780293072;-75.4263310433089;1825.0;Templado Cálido (Yunga);65;26
14301;Mirador Morro San Juan;Cusco;-12.848932;-72.699793;1069.0;Templado Cálido (Yunga);63;24
14250;Laguna Yana Qocha ;Cusco;-13.798176;-71.282959;4543.0;Muy Frío (Puna);74;3
14231;Laguna Vino Qocha;Cusco;-13.800607;-71.277222;4563.0;Muy Frío (Puna);74;3
14230;Laguna Puka Qocha;Cusco;-13.800607;-71.277222;4563.0;Muy Frío (Puna);74;3
14251;Laguna QEllwa Qocha;Cusco;-13.72854611996;-71.19111657142;4756.0;Muy Frío (Puna);74;3
14248;Laguna AlqA QOcha;Cusco;-13.750482;-71.203698;4649.0;Muy Frío (Puna);74;3
14247;Laguna QOmer QOcha;Cusco;-13.741885;-71.212306;4585.0;Muy Frío (Puna);74;3
14229;Laguna RitI Qocha;Cusco;-13.815787;-71.250314;4729.0;Muy Frío (Puna);74;3
14220;Parroquia San José;Lambayeque;-6.76917;-79.9667;13.0;Cálido / Desértico (Costa);5;14
14545;Taller De Textiles De Marcelino Pomataylla;Ayacucho;-13.169592;-74.230113;2787.0;Templado Seco (Quechua);24;15
14263;Santuario Espiritu Santo - Tayta Jogorón;Pasco;-10.44834161039;-76.4216699835;3977.0;Frío (Suni);62;5
14264;Fundición Minera Colonial De Kuchis ;Pasco;-10.712541577954346;-76.27555489540102;4320.0;Muy Frío (Puna);16;22
14270;Cascadas De Sogay;Arequipa;-16.57176817349962;-71.41097187995912;2786.0;Templado Seco (Quechua);31;12
14339;Tambo Cultural Yarabamba;Arequipa;-16.54689;-71.47563;2458.0;Templado Seco (Quechua);12;16
14556;Taller De Artesania Miguel Angel De Cirilo Galvez Ramos;Ayacucho;-13.169941;-74.231738;2796.0;Templado Seco (Quechua);24;15
14555;Museo Taller Retablos Ramos;Ayacucho;-13.164898;-74.235157;2868.0;Templado Seco (Quechua);24;15
14255;Humedales La Bocana De San Jose;Lambayeque;-6.75494;-79.97056;3.0;Cálido / Desértico (Costa);5;14
14275;Catarata Del Oso ;Cusco;-12.819;-72.720118;1812.0;Templado Cálido (Yunga);-1;24
14372;Lagunas De Cuchis De Quiulacocha ;Pasco;-10.715208655606457;-76.272132396698;4331.0;Muy Frío (Puna);16;22
14304;Finca Cafetalera D´Morveli;Cusco;-12.895042;-72.771973;1588.0;Templado Cálido (Yunga);63;24
14284;Rio Vilcanota (Sector Masapata - Pacchac);Cusco;-12.848343;-72.702848;976.0;Templado Cálido (Yunga);63;24
14331;Petroglifos De Quelgua;Arequipa;-17.014;-71.554;328.0;Cálido / Desértico (Costa);27;20
14280;Lek De Gallito De Las Rocas Tunquimayo;Cusco;-12.901806;-72.812917;1974.0;Templado Cálido (Yunga);-1;24
14380;Balneario De Sambaray ;Cusco;-12.847501;-72.704943;990.0;Templado Cálido (Yunga);63;24
14303;Laguna Mamacocha;Cajamarca;-7.383389;-78.4645;3863.0;Frío (Suni);45;5
14607;Museo Juanita;Arequipa;-15.61068;-71.96924;3349.0;Templado Seco (Quechua);76;18
14456;Óvalo De La Identidad;Huánuco;-9.938332112236;-76.24517083168;1901.0;Templado Cálido (Yunga);15;2
14354;Centro Cultural Mansión Eiffel;Lima;-12.047672737822436;-77.0313584804535;163.0;Cálido / Desértico (Costa);28;9
14348;Aguas Termales De Yumiri ;Apurímac;-14.56311453088;-72.59486786787;4252.0;Muy Frío (Puna);-1;18
14317;Aguas Termales De Coñecmayo;Arequipa;-15.183482421060049;-71.75170898437501;4272.0;Muy Frío (Puna);-1;3
14323;Cerro Colorado;Piura;-5.2389052;-79.4368531;2226.0;Templado Cálido (Yunga);55;17
14322;Mirador De Tapay;Arequipa;-15.61263;-71.94;3692.0;Frío (Suni);76;3
14408;Complejo Arqueologico De Qachir;Ayacucho;-13.57102;-74.714264;3926.0;Frío (Suni);-1;0
14399;Complejo Arqueologico De Chauchura;Ayacucho;-13.559101;-74.59122;4117.0;Muy Frío (Puna);-1;0
14468;Bosque De Piedras Pumaranra;Ayacucho;-13.366419;-74.431578;4073.0;Muy Frío (Puna);-1;0
14532;Chullpas De Sacsayhuaman;Arequipa;-15.632445;-71.604604;3662.0;Frío (Suni);76;3
14325;Taller Artesanal Valle De Las Piramides;Lambayeque;-6.50835;-79.85882;45.0;Cálido / Desértico (Costa);37;1
14409;Salinas De Santa Rosa;Ayacucho;-13.557557;-74.653212;3173.0;Templado Seco (Quechua);-1;0
14398;Laguna De Laura Qocha;Ayacucho;-13.514496;-74.515597;4296.0;Muy Frío (Puna);-1;0
14407;Río Pampas De Cangallo Sector Irimpay - Huancarucma;Ayacucho;-13.633479;-74.143627;2540.0;Templado Seco (Quechua);-1;23
14429;Mirador De Puruchucuy;Ayacucho;-13.605471;-74.258653;3800.0;Frío (Suni);77;0
14415;Mirador Del Cerro Sonccomarca;Arequipa;-16.5556;-71.45125;2579.0;Templado Seco (Quechua);12;16
14414;Iglesia San José De Quequeña;Arequipa;-16.5575;-71.451;2562.0;Templado Seco (Quechua);12;16
14420;Plaza De Quequeña;Arequipa;-16.5572;-71.4514;2562.0;Templado Seco (Quechua);12;16
14382;Vitivinicola Arias;Lima;-12.6422586;-76.6498897;47.0;Cálido / Desértico (Costa);36;19
14374;Iglesia Moderna De San Antonio;Lima;-12.6422586;-76.6498877;47.0;Cálido / Desértico (Costa);36;19
14378;Bodega Don Vale;Lima;-12.6422586;-76.6498877;47.0;Cálido / Desértico (Costa);36;19
14402;Gruta Las Iglesias De Ambulco Chico;Cajamarca;-6.406186;-78.769799;2669.0;Templado Seco (Quechua);-1;17
14467;Los Humedales De Choccoro;Ayacucho;-13.389677;-74.544492;4576.0;Muy Frío (Puna);-1;0
14368;Mirador Natural De Quilla Quilla O Killa Killa;Junín;-12.019922;-75.392166;3876.0;Frío (Suni);73;0
14458;Museo Del Café;Junín;-11.12241;-75.36367;843.0;Templado Cálido (Yunga);61;26
14490;Bosque De Piedras Buena Vista De Opancca;Ayacucho;-13.170948;-74.381466;3447.0;Templado Seco (Quechua);-1;15
14642;Marina Turistica De Bellavista Nanay;Loreto;-3.702467;-73.249311;79.0;Tropical Húmedo (Selva);2;27
14413;Petroglifos De Curlaca;Arequipa;-16.556067;-71.45815;2519.0;Templado Seco (Quechua);12;16
14440;Buque Museo Cañonera Fluvial B.A.P. America ;Loreto;-3.73266;-73.24071;99.0;Tropical Húmedo (Selva);2;27
14379;Casa Del Juego De La Oca;Puno;-15.36413243509;-70.3670857712;3868.0;Frío (Suni);30;12
14499;Catarata De Huachac;Lima;-11.27205;-76.77175;2322.0;Templado Seco (Quechua);-1;26
14381;Pongo De Mainique - Echarate ;Cusco;-12.2377;-72.8219;594.0;Templado Cálido (Yunga);-1;24
14400;Capilla De San Atanacio;Pasco;-10.681831598012684;-76.25400066375732;4351.0;Muy Frío (Puna);16;22
14394;Mirador Natural Cruz De Saracoto;Lima;-11.65155;-76.51713;3569.0;Frío (Suni);68;0
14384;Sitio Arqueológico De Uchumpaire ;Apurímac;-14.445228;-73.216663;3782.0;Frío (Suni);70;18
14419;Minivolcanes De Villa San Jose De Mayobamba;Ayacucho;-14.38311;-73.90177;3496.0;Templado Seco (Quechua);70;18
14389;Bulevar Turistico De Máncora;Piura;-4.106462;-81.056057;3.0;Cálido / Desértico (Costa);53;10
14397;Capilla Del Señor De Exaltación;Pasco;-10.674957534629964;-76.26783013343812;4306.0;Muy Frío (Puna);16;22
14391;Mirador Montañas De Bosques Encantados ;Junín;-11.104824;-75.314879;1484.0;Templado Cálido (Yunga);-1;26
14412;Salineras Del Valle Encantado;Arequipa;-16.731957;-71.916961;1164.0;Templado Cálido (Yunga);-1;20
14392;Capilla Del Señor De San Cristóbal;Pasco;-10.684390505285094;-76.25592725598837;4347.0;Muy Frío (Puna);16;22
14593;Taller De Cerámica Llinco Perú;Lima;-12.28721;-76.8534;7.0;Cálido / Desértico (Costa);36;19
14426;Parque Miguel Grau ;Piura;-4.10681;-81.05177;8.0;Cálido / Desértico (Costa);53;10
14418;Estadio Alejandro Villanueva;Lima;-12.0685180762357;-77.0228477055207;144.0;Cálido / Desértico (Costa);28;9
14646;Iglesia San Juan Bautista De Mayobamba;Ayacucho;-14.375;-73.89249;3180.0;Templado Seco (Quechua);70;18
14404;Mirador De Picol;Cusco;-13.52091661;-71.89537112;3503.0;Frío (Suni);22;6
14488;Complejo Arqueológico De Pamparka ;Ayacucho;-13.573838;-74.657068;3945.0;Frío (Suni);-1;0
14487;Cascada Laqacha;Ayacucho;-13.576237;-74.677474;3316.0;Templado Seco (Quechua);-1;0
14438;Laguna De Teraccocha;Cusco;-13.4302683;-71.7795117;4203.0;Muy Frío (Puna);-1;23
14445;Laguna Mamacocha ;Cusco;-13.43960631;-71.76521089;4060.0;Muy Frío (Puna);-1;23
14444;Centro De Interpretacion De San Salvador;Cusco;-13.4919714;-71.77876107;3008.0;Templado Seco (Quechua);79;23
14439;Templo Patron Salvador Del Mundo;Cusco;-13.492;-71.7781;3007.0;Templado Seco (Quechua);79;23
14443;Capilla De La Virgen Del Rosario De Huallhua;Cusco;-13.4807931;-71.7912786;3120.0;Templado Seco (Quechua);22;6
14442;Capilla Del Señor Justo Juez;Cusco;-13.44732974;-71.7625783;3992.0;Frío (Suni);-1;23
14476;Apu Pachatusan - Sector San Salvador  ;Cusco;-13.5297222;-71.76666638888;3949.0;Frío (Suni);-1;23
14435;Mirador Cerro Ñacara De Chulucanas;Piura;-5.11134;-80.17167;96.0;Cálido / Desértico (Costa);39;1
14466;Lagunas De Taccata ;Apurímac;-13.91956;-72.71502;4416.0;Muy Frío (Puna);-1;23
14460;Mirador Apu Chipito;Apurímac;-13.87474;-72.75686;3930.0;Frío (Suni);-1;23
14469;Plaza Principal Del Distrito De Frias;Piura;-4.931665993;-79.947229461;1682.0;Templado Cálido (Yunga);55;17
14436;Plaza De Armas De Chulucanas;Piura;-5.0972;-80.1613;95.0;Cálido / Desértico (Costa);39;1
14615;Laguna Mancacoto;Lima;-11.681381;-76.32921;4639.0;Muy Frío (Puna);48;8
14614;Laguna Shorca;Lima;-11.646773;-76.322809;5087.0;Glacial / Nieve (Janca);48;8
14613;Laguna Rondan;Lima;-11.669369;-76.321133;4797.0;Muy Frío (Puna);48;8
14618;Laguna Paticocha;Lima;-11.759949;-76.297439;3242.0;Templado Seco (Quechua);48;8
14617;Laguna Neveria;Lima;-11.759949;-76.297439;3242.0;Templado Seco (Quechua);48;8
14616;Laguna Yanacocha;Lima;-11.759949;-76.297439;3242.0;Templado Seco (Quechua);48;8
14461;Comunidad Nativa Pampa Julian ;Junín;-10.91565673221;-74.82401847839;742.0;Templado Cálido (Yunga);61;26
14521;Balcón Y Museo Histórico De Huaura ;Lima;-11.0703137;-77.5988467;68.0;Cálido / Desértico (Costa);42;4
14465;Templo Colonial San Blas De Lambrama ;Apurímac;-13.86993;-72.76971;3100.0;Templado Seco (Quechua);-1;23
14464;Ex Leprosorio De Huambo ;Apurímac;-13.5617;-73.11225;3020.0;Templado Seco (Quechua);71;23
14569;Mirador De Paucartambo;Pasco;-10.772107733291744;-75.81518054008485;3073.0;Templado Seco (Quechua);-1;0
14463;Plaza Central Francisco Talleri;Lima;-11.773818424418968;-77.17523472849281;5.0;Cálido / Desértico (Costa);35;19
14470;Qhapaq Ñan, Tramo Casaorcco ;Ayacucho;-13.226775690742675;-74.23024177551271;3362.0;Templado Seco (Quechua);24;15
14590;Santuario Del Señor De Áncara;Pasco;-10.76384692370081;-75.82000359878863;3026.0;Templado Seco (Quechua);-1;0
14568;Cerro Indio Paucar;Pasco;-10.740373430908663;-75.80989092589563;3832.0;Frío (Suni);62;5
14581;Plaza 28 De Julio De Paucartambo;Pasco;-10.774658494734632;-75.81347450614545;2940.0;Templado Seco (Quechua);-1;0
14567;Puente Cutuchaca;Pasco;-10.796577903368396;-75.83851441803405;3196.0;Templado Seco (Quechua);-1;0
14562;Sitio Arqueológico Marca Picchu ;Pasco;-10.798340239392912;-75.86087450385662;3739.0;Frío (Suni);62;0
14543;Plaza Principal De Samegua - Moquegua;Moquegua;-17.18194880635;-70.89994311239;1574.0;Templado Cálido (Yunga);13;16
14462;Sitio Auqeológico De Llactapata ;Apurímac;-13.55709;-73.06886;3727.0;Frío (Suni);-1;23
14534;Mirador De La Virgen De La Inmaculada Concepción De Samegua;Moquegua;-17.17956736839;-70.89564084963;1624.0;Templado Cálido (Yunga);13;16
14533;Parroquia Inmaculada Concepción De Samegua;Moquegua;-17.17971;-70.89934;1564.0;Templado Cálido (Yunga);13;16
14489;Mirador Cristo Redentor De Tamarindo ;Piura;-4.879935;-80.97812;33.0;Cálido / Desértico (Costa);40;1
14496;Ex Casa Hacienda De Chacabamba;Apurímac;-13.42067374382;-73.64862696267;2459.0;Templado Seco (Quechua);-1;18
14625;Taller De Ceramica Jhatun Puyñu;Cajamarca;-7.18474;-78.50044;2734.0;Templado Seco (Quechua);17;2
14483;Santuario De La Virgen De Los Remedios De Litcan;Cajamarca;-6.738013;-78.918339;2043.0;Templado Cálido (Yunga);45;13
14631;Catarata De Carpa ;Lima;-11.526679;-76.380924;4654.0;Muy Frío (Puna);48;8
14606;Laguna De Carpa;Lima;-11.5341114;-76.374677;4582.0;Muy Frío (Puna);48;8
14481;Ausangate Cocha (Laguna Ausangate);Cusco;-13.82216166985301;-71.23584496323019;4649.0;Muy Frío (Puna);74;3
14548;Aguas Termales De Quilca;Puno;-14.576196493452086;-70.29306010867005;3960.0;Frío (Suni);72;3
14602;Laguna De Cashpe ;Lima;-11.6560309;-76.5033777;3407.0;Templado Seco (Quechua);68;0
14550;Laguna Huasca;Lima;-11.561118;-76.374769;4414.0;Muy Frío (Puna);48;8
14537;Laguna De Quisha ;Lima;-11.520714;-76.382507;4687.0;Muy Frío (Puna);48;8
14480;Laguna Chocolate;Cusco;-13.80673;-71.2107;4785.0;Muy Frío (Puna);74;3
14479;Nevado Maria Huamantilla - Sector  Pitumarca ;Cusco;-13.77937;-71.17876;5288.0;Glacial / Nieve (Janca);-1;3
14478;Cataratas Fuentes De Agustín;Cusco;-12.580745;-73.710481;1306.0;Templado Cálido (Yunga);64;24
14477;Mirador Del Aracarí;Cusco;-12.579447;-73.753342;1157.0;Templado Cálido (Yunga);64;24
14485;Mirador Cerro Verde;Cusco;-12.581941;-73.751686;1137.0;Templado Cálido (Yunga);64;24
14501;Iglesia Católica San Antonio De Padua De Chancay Baños;Cajamarca;-6.57541667;-78.8667222;1632.0;Templado Cálido (Yunga);-1;13
14525;Mirador Cruz De Mayo - Amotape;Piura;-4.883739;-81.012654;46.0;Cálido / Desértico (Costa);40;1
14500;Iglesia San Agustin De Catache;Cajamarca;-6.67587;-79.03201;1352.0;Templado Cálido (Yunga);-1;13
14612;Laguna Mellizas;Lima;-11.671253;-76.321914;4774.0;Muy Frío (Puna);48;8
14611;Laguna Brava;Lima;-11.765864706851524;-76.29455566406251;3706.0;Frío (Suni);48;8
14536;Comunidad Nativa Santa Maria De Autiki;Junín;-10.879097;-74.819168;1085.0;Templado Cálido (Yunga);61;26
14544;Comunidad Nativa San Lorenzo De Autiki;Junín;-10.861872;-74.814697;907.0;Templado Cálido (Yunga);61;26
14524;Tambo La Cabezona;Arequipa;-16.39819;-71.54083;2316.0;Templado Seco (Quechua);12;16
14508;Cañon De Santani ;Cusco;-12.577744;-73.697536;1369.0;Templado Cálido (Yunga);64;24
14511;Laguna Pantioni;Cusco;-12.515401;-73.658939;3456.0;Templado Seco (Quechua);-1;18
14512;Bosque Hábitat Del Pinzón De Vilcabamba;Cusco;-12.515401;-73.658939;3456.0;Templado Seco (Quechua);-1;18
14528;Plaza De Armas De San Pedro De Cachora;Apurímac;-13.512021;-72.81284;2889.0;Templado Seco (Quechua);-1;6
14523;Casa De La Cultura De Chorrillos;Lima;-12.165126640092224;-77.02372747007757;46.0;Cálido / Desértico (Costa);29;9
14605;Puente Grau;Arequipa;-16.392994442572203;-71.53863430023195;2333.0;Templado Seco (Quechua);12;16
14577;Templo Y Parroquia San Francisco De Asis;Piura;-5.08564;-81.11383;9.0;Cálido / Desértico (Costa);40;1
14641;Mirador Turístico El Cristo Del Cerro Santa Cruz;Piura;-4.929534018819;-80.34077123969;94.0;Cálido / Desértico (Costa);39;1
14570;Muelle Turístico Municipal De Paita;Piura;-5.08334;-81.11403;0.0;Cálido / Desértico (Costa);40;1
14560;Plaza Manco Cápac;Lima;-12.06395152047303;-77.0300172502175;142.0;Cálido / Desértico (Costa);28;9
14552;Capilla San Isidro Labrador - Los Ángeles;Moquegua;-17.16485610821;-70.93365624612;1444.0;Templado Cálido (Yunga);13;16
14578;Pilar Negro;Piura;-4.44701392;-80.44918887;173.0;Cálido / Desértico (Costa);53;10
14573;Museo De Arqueología E Historia San Miguel De Tangarará;Piura;-4.8852241;-80.82494969;35.0;Cálido / Desértico (Costa);40;1
14637;Coto De Caza El Angolo - Sector Dos Bocanas;Piura;-4.31166199;-80.63462846;438.0;Cálido / Desértico (Costa);53;10
14633;Coto De Caza El Angolo - Sector Sauce Grande;Piura;-4.36484894;-80.73941256;694.0;Templado Cálido (Yunga);-1;10
14639;Parque Nacional Cerros De Amotape - Sector El Papayo;Piura;-4.24032761;-80.51241698;363.0;Cálido / Desértico (Costa);53;10
14561;Sitio Arqueológico De Raccaraccay ;Apurímac;-14.061821579868402;-72.68444180488588;3439.0;Templado Seco (Quechua);-1;23
14574;Playa Muy Muy;Piura;-5.22;-81.192;0.0;Cálido / Desértico (Costa);40;1
14582;Templo San Agustín De Curpahuasi;Apurímac;-14.06334;-72.67049;3480.0;Templado Seco (Quechua);-1;23
14564;Árbol Bella Pati;Apurímac;-14.02718;-72.5831;2713.0;Templado Seco (Quechua);-1;23
14565;Andenería De Coraguaya;Tacna;-17.278356;-70.422947;3452.0;Templado Seco (Quechua);-1;3
14583;Sitio Arqueológico De Muyu Muyu;Apurímac;-14.11117;-72.64676;3356.0;Templado Seco (Quechua);-1;23
14596;Geoglifos El Telar De Buena Fe;Ica;-14.83999937151296;-74.9172750848959;661.0;Templado Cálido (Yunga);-1;11
14619;Complejo De Exhibición De Arte El Taurino;Apurímac;-13.643949;-72.886141;2290.0;Templado Cálido (Yunga);23;6
14580;Cascada De Quellomayo;Puno;-13.46098;-70.423354;691.0;Templado Cálido (Yunga);-1;24
14600;Catarata De Marcahuatihuayco ;Apurímac;-13.795908;-72.456733;2548.0;Templado Seco (Quechua);-1;23
14598;Catarata Las Dos Novias;Puno;-13.261343;-70.348089;396.0;Cálido / Desértico (Costa);51;24
14597;Bodega Vitivinícola Huamani;Ica;-13.8271726;-76.1414981;106.0;Cálido / Desértico (Costa);32;19
14635;Los Manglares De La Bocana De Vichayal;Piura;-4.896089;-81.139095;1.0;Cálido / Desértico (Costa);40;1
14656;Concesión Para La Conservación Y Ecoturismo Sachavaca;Huánuco;-9.540807;-75.502196;470.0;Cálido / Desértico (Costa);-1;26
14649;Los Molinos De Viento De Miramar;Piura;-4.878015;-81.100031;5.0;Cálido / Desértico (Costa);40;1
14638;Coto De Caza El Angolo - Sector La Bocana De Fernández;Piura;-4.20250633;-80.87647193;132.0;Cálido / Desértico (Costa);53;10
14645;Cascadas De Qelluyaku ;Apurímac;-13.5528;-72.96403;3306.0;Templado Seco (Quechua);-1;6
14655;Destileria Donaires ;Apurímac;-13.672269;-72.924857;1761.0;Templado Cálido (Yunga);-1;16
14648;Sitio Arqueológico De Atuen;Amazonas;-6.905254;-77.782608;3438.0;Templado Seco (Quechua);45;13
14653;Plaza De Armas De Tamburco;Apurímac;-13.62195;-72.87294;2605.0;Templado Seco (Quechua);23;6
14652;Capilla De Tamburco;Apurímac;-13.62209;-72.87377;2605.0;Templado Seco (Quechua);23;6
14654;Templo Del Señor De Exaltación De Tamburco;Apurímac;-13.62159285388;-72.87324100509;2618.0;Templado Seco (Quechua);23;6
