POLO;MES;mes_nombre;precip_mm;temp_c;frac_lluvias;veredicto;puesto_mes
0;1.0;enero;131.92;19.23;1.0;advertencia;12.0
0;2.0;febrero;125.24;19.32;1.0;advertencia;11.0
0;3.0;marzo;116.54;19.27;1.0;advertencia;10.0
0;4.0;abril;57.95;19.24;0.0;viable;6.0
0;5.0;mayo;50.2;18.95;0.0;viable;5.0
0;6.0;junio;23.56;18.36;0.0;viable;2.0
0;7.0;julio;20.38;18.26;0.0;viable;1.0
0;8.0;agosto;24.42;18.63;0.0;viable;3.0
0;9.0;setiembre;28.75;19.42;0.0;viable;4.0
0;10.0;octubre;67.39;19.74;0.0;viable;7.0
0;11.0;noviembre;69.89;19.91;0.0;viable;8.0
0;12.0;diciembre;107.49;19.57;0.0;viable;9.0
1;1.0;enero;17.57;26.62;0.0;viable;8.0
1;2.0;febrero;54.2;27.49;1.0;advertencia;10.0
1;3.0;marzo;149.83;27.34;1.0;advertencia;12.0
1;4.0;abril;61.99;26.38;1.0;advertencia;11.0
1;5.0;mayo;13.21;25.02;0.0;viable;7.0
1;6.0;junio;2.52;23.35;0.0;viable;4.0
1;7.0;julio;0.71;22.34;0.0;viable;2.0
1;8.0;agosto;1.58;21.92;0.0;viable;3.0
1;9.0;setiembre;0.49;22.24;0.0;viable;1.0
1;10.0;octubre;5.64;22.62;0.0;viable;5.0
1;11.0;noviembre;10.35;22.94;0.0;viable;6.0
1;12.0;diciembre;19.71;24.9;0.0;viable;9.0
2;1.0;enero;220.09;13.46;1.0;desaconsejado;10.0
2;2.0;febrero;253.13;13.62;1.0;desaconsejado;11.0
2;3.0;marzo;291.43;13.5;1.0;desaconsejado;12.0
2;4.0;abril;182.77;13.76;0.0;advertencia;8.0
2;5.0;mayo;98.32;13.74;0.0;viable;5.0
2;6.0;junio;22.35;13.64;0.0;viable;3.0
2;7.0;julio;11.09;14.19;0.0;viable;1.0
2;8.0;agosto;16.82;14.67;0.0;viable;2.0
2;9.0;setiembre;85.19;14.43;0.0;viable;4.0
2;10.0;octubre;138.85;13.89;0.0;viable;7.0
2;11.0;noviembre;108.97;13.92;0.0;viable;6.0
2;12.0;diciembre;198.96;13.71;0.0;advertencia;9.0
3;1.0;enero;181.72;16.31;1.0;desaconsejado;12.0
3;2.0;febrero;155.03;16.41;1.0;desaconsejado;11.0
3;3.0;marzo;141.73;16.2;0.85;advertencia;9.0
3;4.0;abril;63.47;16.01;0.0;viable;6.0
3;5.0;mayo;26.2;15.58;0.0;viable;4.0
3;6.0;junio;11.99;15.06;0.0;viable;1.0
3;7.0;julio;12.84;15.08;0.0;viable;2.0
3;8.0;agosto;17.73;15.64;0.0;viable;3.0
3;9.0;setiembre;39.98;16.45;0.0;viable;5.0
3;10.0;octubre;76.6;16.96;0.0;viable;7.0
3;11.0;noviembre;89.49;17.39;0.0;viable;8.0
3;12.0;diciembre;143.91;16.87;0.15;viable;10.0
4;1.0;enero;227.76;11.24;1.0;desaconsejado;12.0
4;2.0;febrero;202.16;11.41;1.0;desaconsejado;11.0
4;3.0;marzo;154.21;11.25;0.0;advertencia;9.0
4;4.0;abril;75.9;10.95;0.0;viable;6.0
4;5.0;mayo;35.63;10.58;0.0;viable;4.0
4;6.0;junio;8.11;10.16;0.0;viable;1.0
4;7.0;julio;12.11;10.12;0.0;viable;2.0
4;8.0;agosto;22.26;10.51;0.0;viable;3.0
4;9.0;setiembre;37.18;11.31;0.0;viable;5.0
4;10.0;octubre;83.98;11.89;0.0;viable;7.0
4;11.0;noviembre;124.88;12.21;0.0;viable;8.0
4;12.0;diciembre;193.26;11.84;1.0;desaconsejado;10.0
5;1.0;enero;14.49;22.04;0.0;viable;10.0
5;2.0;febrero;16.19;22.97;0.0;viable;11.0
5;3.0;marzo;24.81;22.76;0.0;viable;12.0
5;4.0;abril;3.62;21.21;0.0;viable;8.0
5;5.0;mayo;0.82;19.28;0.0;viable;4.0
5;6.0;junio;0.73;17.77;0.0;viable;3.0
5;7.0;julio;0.59;16.92;0.0;viable;2.0
5;8.0;agosto;0.48;16.58;0.0;viable;1.0
5;9.0;setiembre;1.52;16.84;0.0;viable;5.0
5;10.0;octubre;2.54;17.41;0.0;viable;7.0
5;11.0;noviembre;1.59;18.55;0.0;viable;6.0
5;12.0;diciembre;7.6;20.34;0.0;viable;9.0
6;1.0;enero;59.77;25.96;0.0;viable;9.0
6;2.0;febrero;124.98;26.5;1.0;advertencia;11.0
6;3.0;marzo;191.53;26.36;1.0;desaconsejado;12.0
6;4.0;abril;107.87;25.93;1.0;advertencia;10.0
6;5.0;mayo;38.15;25.13;0.0;viable;8.0
6;6.0;junio;6.04;24.0;0.0;viable;4.0
6;7.0;julio;2.7;23.21;0.0;viable;2.0
6;8.0;agosto;3.32;22.64;0.0;viable;3.0
6;9.0;setiembre;1.96;22.93;0.0;viable;1.0
6;10.0;octubre;7.54;23.19;0.0;viable;5.0
6;11.0;noviembre;11.84;23.35;0.0;viable;6.0
6;12.0;diciembre;29.64;24.91;0.0;viable;7.0
7;1.0;enero;155.6;15.44;1.0;desaconsejado;10.0
7;2.0;febrero;166.46;15.64;1.0;desaconsejado;11.0
7;3.0;marzo;201.37;15.5;1.0;desaconsejado;12.0
7;4.0;abril;103.03;15.3;0.0;viable;6.0
7;5.0;mayo;81.84;15.29;0.0;viable;5.0
7;6.0;junio;39.98;14.64;0.0;viable;3.0
7;7.0;julio;25.31;14.51;0.0;viable;1.0
7;8.0;agosto;30.41;15.03;0.0;viable;2.0
7;9.0;setiembre;54.87;15.49;0.0;viable;4.0
7;10.0;octubre;106.93;15.7;0.0;viable;7.0
7;11.0;noviembre;114.92;16.16;0.0;viable;8.0
7;12.0;diciembre;145.91;15.68;0.0;viable;9.0
8;1.0;enero;205.25;13.92;1.0;desaconsejado;11.0
8;2.0;febrero;191.81;14.11;1.0;desaconsejado;10.0
8;3.0;marzo;244.85;13.93;1.0;desaconsejado;12.0
8;4.0;abril;134.49;14.05;0.0;viable;7.0
8;5.0;mayo;61.33;13.88;0.0;viable;4.0
8;6.0;junio;22.81;13.76;0.0;viable;2.0
8;7.0;julio;21.07;13.99;0.0;viable;1.0
8;8.0;agosto;34.29;14.35;0.0;viable;3.0
8;9.0;setiembre;89.1;14.5;0.0;viable;5.0
8;10.0;octubre;150.47;14.19;0.0;advertencia;8.0
8;11.0;noviembre;131.21;14.31;0.0;viable;6.0
8;12.0;diciembre;188.56;14.1;0.0;advertencia;9.0
9;1.0;enero;187.18;5.41;1.0;desaconsejado;12.0
9;2.0;febrero;183.78;5.74;0.125;advertencia;11.0
9;3.0;marzo;182.34;5.58;1.0;desaconsejado;9.0
9;4.0;abril;102.05;5.28;0.0;viable;6.0
9;5.0;mayo;67.93;4.93;0.0;viable;4.0
9;6.0;junio;20.35;4.18;0.0;viable;1.0
9;7.0;julio;20.36;3.97;0.0;viable;2.0
9;8.0;agosto;34.8;4.38;0.0;viable;3.0
9;9.0;setiembre;85.45;4.94;0.0;viable;5.0
9;10.0;octubre;127.44;5.37;0.0;viable;7.0
9;11.0;noviembre;136.65;5.77;0.0;viable;8.0
9;12.0;diciembre;182.48;5.74;0.875;desaconsejado;10.0
10;1.0;enero;139.73;15.16;1.0;advertencia;12.0
10;2.0;febrero;120.08;15.13;1.0;advertencia;10.0
10;3.0;marzo;121.38;14.92;1.0;advertencia;11.0
10;4.0;abril;44.62;15.11;0.0;viable;6.0
10;5.0;mayo;23.65;14.84;0.0;viable;4.0
10;6.0;junio;4.24;14.37;0.0;viable;1.0
10;7.0;julio;8.46;14.29;0.0;viable;2.0
10;8.0;agosto;12.42;14.87;0.0;viable;3.0
10;9.0;setiembre;27.69;15.82;0.0;viable;5.0
10;10.0;octubre;56.51;16.23;0.0;viable;7.0
10;11.0;noviembre;66.95;16.67;0.0;viable;8.0
10;12.0;diciembre;95.81;15.95;0.0;viable;9.0
11;1.0;enero;232.63;9.57;1.0;desaconsejado;12.0
11;2.0;febrero;201.54;9.66;1.0;desaconsejado;11.0
11;3.0;marzo;156.47;9.5;0.0;advertencia;9.0
11;4.0;abril;82.89;8.83;0.0;viable;7.0
11;5.0;mayo;23.28;8.14;0.0;viable;4.0
11;6.0;junio;7.01;7.79;0.0;viable;1.0
11;7.0;julio;10.33;7.81;0.0;viable;2.0
11;8.0;agosto;19.2;8.42;0.0;viable;3.0
11;9.0;setiembre;51.02;9.22;0.0;viable;5.0
11;10.0;octubre;70.45;9.88;0.0;viable;6.0
11;11.0;noviembre;89.74;10.87;0.0;viable;8.0
11;12.0;diciembre;168.91;10.13;1.0;desaconsejado;10.0
12;1.0;enero;232.63;9.57;1.0;desaconsejado;12.0
12;2.0;febrero;201.54;9.66;1.0;desaconsejado;11.0
12;3.0;marzo;156.47;9.5;0.0;advertencia;9.0
12;4.0;abril;82.89;8.83;0.0;viable;7.0
12;5.0;mayo;23.28;8.14;0.0;viable;4.0
12;6.0;junio;7.01;7.79;0.0;viable;1.0
12;7.0;julio;10.33;7.81;0.0;viable;2.0
12;8.0;agosto;19.2;8.42;0.0;viable;3.0
12;9.0;setiembre;51.02;9.22;0.0;viable;5.0
12;10.0;octubre;70.45;9.88;0.0;viable;6.0
12;11.0;noviembre;89.74;10.87;0.0;viable;8.0
12;12.0;diciembre;168.91;10.13;1.0;desaconsejado;10.0
13;1.0;enero;137.38;15.37;1.0;advertencia;12.0
13;2.0;febrero;116.98;15.32;1.0;advertencia;10.0
13;3.0;marzo;119.11;15.12;1.0;advertencia;11.0
13;4.0;abril;43.12;15.33;0.0;viable;6.0
13;5.0;mayo;22.51;15.07;0.0;viable;4.0
13;6.0;junio;3.84;14.6;0.0;viable;1.0
13;7.0;julio;8.01;14.53;0.0;viable;2.0
13;8.0;agosto;11.68;15.12;0.0;viable;3.0
13;9.0;setiembre;25.63;16.07;0.0;viable;5.0
13;10.0;octubre;54.4;16.48;0.0;viable;7.0
13;11.0;noviembre;64.77;16.91;0.0;viable;8.0
13;12.0;diciembre;92.79;16.18;0.0;viable;9.0
14;1.0;enero;216.79;13.14;1.0;desaconsejado;11.0
14;2.0;febrero;202.39;13.35;1.0;desaconsejado;10.0
14;3.0;marzo;264.69;13.15;1.0;desaconsejado;12.0
14;4.0;abril;146.57;13.29;0.0;viable;7.0
14;5.0;mayo;63.37;13.14;0.0;viable;4.0
14;6.0;junio;22.91;13.1;0.0;viable;2.0
14;7.0;julio;21.35;13.38;0.0;viable;1.0
14;8.0;agosto;35.94;13.74;0.0;viable;3.0
14;9.0;setiembre;98.38;13.79;0.0;viable;5.0
14;10.0;octubre;163.28;13.39;0.0;advertencia;8.0
14;11.0;noviembre;140.97;13.5;0.0;viable;6.0
14;12.0;diciembre;201.24;13.3;0.0;advertencia;9.0
15;1.0;enero;128.29;19.08;1.0;advertencia;12.0
15;2.0;febrero;121.31;19.17;1.0;advertencia;11.0
15;3.0;marzo;112.56;19.12;1.0;advertencia;10.0
15;4.0;abril;53.97;19.09;0.0;viable;6.0
15;5.0;mayo;47.76;18.8;0.0;viable;5.0
15;6.0;junio;22.17;18.2;0.0;viable;2.0
15;7.0;julio;19.21;18.09;0.0;viable;1.0
15;8.0;agosto;23.31;18.45;0.0;viable;3.0
15;9.0;setiembre;27.24;19.25;0.0;viable;4.0
15;10.0;octubre;65.04;19.58;0.0;viable;7.0
15;11.0;noviembre;66.14;19.76;0.0;viable;8.0
15;12.0;diciembre;104.02;19.42;0.0;viable;9.0
16;1.0;enero;232.63;9.57;1.0;desaconsejado;12.0
16;2.0;febrero;201.54;9.66;1.0;desaconsejado;11.0
16;3.0;marzo;156.47;9.5;0.0;advertencia;9.0
16;4.0;abril;82.89;8.83;0.0;viable;7.0
16;5.0;mayo;23.28;8.14;0.0;viable;4.0
16;6.0;junio;7.01;7.79;0.0;viable;1.0
16;7.0;julio;10.33;7.81;0.0;viable;2.0
16;8.0;agosto;19.2;8.42;0.0;viable;3.0
16;9.0;setiembre;51.02;9.22;0.0;viable;5.0
16;10.0;octubre;70.45;9.88;0.0;viable;6.0
16;11.0;noviembre;89.74;10.87;0.0;viable;8.0
16;12.0;diciembre;168.91;10.13;1.0;desaconsejado;10.0
17;1.0;enero;150.66;16.04;1.0;desaconsejado;12.0
17;2.0;febrero;127.88;16.05;1.0;advertencia;11.0
17;3.0;marzo;126.6;15.83;1.0;advertencia;10.0
17;4.0;abril;49.78;15.9;0.0;viable;6.0
17;5.0;mayo;23.25;15.58;0.0;viable;4.0
17;6.0;junio;7.08;15.09;0.0;viable;1.0
17;7.0;julio;9.83;15.05;0.0;viable;2.0
17;8.0;agosto;13.6;15.64;0.0;viable;3.0
17;9.0;setiembre;31.08;16.54;0.0;viable;5.0
17;10.0;octubre;62.06;16.98;0.0;viable;7.0
17;11.0;noviembre;71.54;17.42;0.0;viable;8.0
17;12.0;diciembre;108.34;16.75;0.0;viable;9.0
18;1.0;enero;180.16;16.48;1.0;desaconsejado;12.0
18;2.0;febrero;153.43;16.58;1.0;desaconsejado;11.0
18;3.0;marzo;141.31;16.36;0.8787878787878788;advertencia;9.0
18;4.0;abril;63.05;16.18;0.0;viable;6.0
18;5.0;mayo;25.88;15.75;0.0;viable;4.0
18;6.0;junio;12.12;15.23;0.0;viable;1.0
18;7.0;julio;12.87;15.24;0.0;viable;2.0
18;8.0;agosto;17.58;15.81;0.0;viable;3.0
18;9.0;setiembre;40.08;16.63;0.0;viable;5.0
18;10.0;octubre;76.35;17.13;0.0;viable;7.0
18;11.0;noviembre;88.29;17.57;0.0;viable;8.0
18;12.0;diciembre;142.24;17.04;0.12121212121212122;viable;10.0
19;1.0;enero;95.16;18.95;0.36666666666666664;viable;10.0
19;2.0;febrero;109.65;19.74;0.36666666666666664;viable;11.0
19;3.0;marzo;135.71;19.76;0.36666666666666664;viable;12.0
19;4.0;abril;78.36;18.9;0.0;viable;8.0
19;5.0;mayo;38.22;18.16;0.0;viable;5.0
19;6.0;junio;8.82;17.39;0.0;viable;3.0
19;7.0;julio;4.22;17.07;0.0;viable;1.0
19;8.0;agosto;6.47;16.93;0.0;viable;2.0
19;9.0;setiembre;32.29;16.84;0.0;viable;4.0
19;10.0;octubre;55.71;16.76;0.0;viable;7.0
19;11.0;noviembre;41.48;17.27;0.0;viable;6.0
19;12.0;diciembre;81.77;18.22;0.0;viable;9.0
20;1.0;enero;18.44;20.55;0.0;viable;11.0
20;2.0;febrero;19.52;21.17;0.0;viable;12.0
20;3.0;marzo;13.77;20.58;0.0;viable;10.0
20;4.0;abril;1.5;18.58;0.0;viable;4.0
20;5.0;mayo;1.34;16.73;0.0;viable;2.0
20;6.0;junio;2.29;15.18;0.0;viable;6.0
20;7.0;julio;2.64;14.45;0.0;viable;7.0
20;8.0;agosto;2.83;14.57;0.0;viable;8.0
20;9.0;setiembre;1.44;15.1;0.0;viable;3.0
20;10.0;octubre;1.12;16.1;0.0;viable;1.0
20;11.0;noviembre;1.56;17.41;0.0;viable;5.0
20;12.0;diciembre;7.01;19.09;0.0;viable;9.0
21;1.0;enero;141.22;24.58;0.0;viable;6.0
21;2.0;febrero;166.67;24.58;1.0;desaconsejado;10.0
21;3.0;marzo;232.83;24.16;1.0;desaconsejado;12.0
21;4.0;abril;188.38;23.99;1.0;desaconsejado;11.0
21;5.0;mayo;159.15;23.8;0.0;advertencia;9.0
21;6.0;junio;112.89;23.19;0.0;viable;3.0
21;7.0;julio;80.31;23.23;0.0;viable;2.0
21;8.0;agosto;75.92;24.04;0.0;viable;1.0
21;9.0;setiembre;123.94;24.77;0.0;viable;4.0
21;10.0;octubre;147.02;24.84;0.0;viable;8.0
21;11.0;noviembre;141.36;24.83;0.0;viable;7.0
21;12.0;diciembre;128.56;24.78;0.0;viable;5.0
22;1.0;enero;133.46;16.0;0.9444444444444444;advertencia;12.0
22;2.0;febrero;127.86;16.19;0.7222222222222222;advertencia;11.0
22;3.0;marzo;122.19;16.11;0.9444444444444444;advertencia;10.0
22;4.0;abril;62.03;15.94;0.0;viable;6.0
22;5.0;mayo;50.33;15.55;0.0;viable;5.0
22;6.0;junio;20.81;14.87;0.0;viable;2.0
22;7.0;julio;18.56;14.69;0.0;viable;1.0
22;8.0;agosto;24.9;15.02;0.0;viable;3.0
22;9.0;setiembre;39.0;15.72;0.0;viable;4.0
22;10.0;octubre;75.59;16.09;0.0;viable;7.0
22;11.0;noviembre;78.37;16.37;0.0;viable;8.0
22;12.0;diciembre;116.07;16.22;0.2222222222222222;viable;9.0
23;1.0;enero;132.43;15.16;1.0;advertencia;11.0
23;2.0;febrero;164.64;14.8;1.0;desaconsejado;12.0
23;3.0;marzo;116.91;14.71;1.0;advertencia;10.0
23;4.0;abril;26.75;15.63;0.0;viable;9.0
23;5.0;mayo;0.7;15.47;0.0;viable;2.0
23;6.0;junio;0.71;14.81;0.0;viable;3.0
23;7.0;julio;0.94;15.12;0.0;viable;5.0
23;8.0;agosto;0.57;15.61;0.0;viable;1.0
23;9.0;setiembre;0.84;16.6;0.0;viable;4.0
23;10.0;octubre;3.61;16.91;0.0;viable;6.0
23;11.0;noviembre;4.65;16.87;0.0;viable;7.0
23;12.0;diciembre;26.74;16.6;0.0;viable;8.0
24;1.0;enero;227.76;11.24;1.0;desaconsejado;12.0
24;2.0;febrero;202.16;11.41;1.0;desaconsejado;11.0
24;3.0;marzo;154.21;11.25;0.0;advertencia;9.0
24;4.0;abril;75.9;10.95;0.0;viable;6.0
24;5.0;mayo;35.63;10.58;0.0;viable;4.0
24;6.0;junio;8.11;10.16;0.0;viable;1.0
24;7.0;julio;12.11;10.12;0.0;viable;2.0
24;8.0;agosto;22.26;10.51;0.0;viable;3.0
24;9.0;setiembre;37.18;11.31;0.0;viable;5.0
24;10.0;octubre;83.98;11.89;0.0;viable;7.0
24;11.0;noviembre;124.88;12.21;0.0;viable;8.0
24;12.0;diciembre;193.26;11.84;1.0;desaconsejado;10.0
25;1.0;enero;14.86;23.94;0.0;viable;9.0
25;2.0;febrero;34.45;25.28;0.0;viable;11.0
25;3.0;marzo;77.53;25.34;1.0;advertencia;12.0
25;4.0;abril;23.41;23.67;0.0;viable;10.0
25;5.0;mayo;7.66;22.13;0.0;viable;7.0
25;6.0;junio;0.42;20.74;0.0;viable;2.0
25;7.0;julio;1.04;19.75;0.0;viable;3.0
25;8.0;agosto;0.31;19.29;0.0;viable;1.0
25;9.0;setiembre;1.05;19.25;0.0;viable;4.0
25;10.0;octubre;4.69;19.55;0.0;viable;6.0
25;11.0;noviembre;3.58;20.34;0.0;viable;5.0
25;12.0;diciembre;13.74;22.16;0.0;viable;8.0
26;1.0;enero;41.76;19.21;0.0;viable;11.0
26;2.0;febrero;46.02;19.23;0.0;viable;12.0
26;3.0;marzo;23.67;19.47;0.0;viable;10.0
26;4.0;abril;4.57;19.14;0.0;viable;9.0
26;5.0;mayo;0.02;19.35;0.0;viable;1.0
26;6.0;junio;0.22;18.77;0.0;viable;4.0
26;7.0;julio;0.78;18.88;0.0;viable;7.0
26;8.0;agosto;0.18;19.18;0.0;viable;3.0
26;9.0;setiembre;0.15;19.25;0.0;viable;2.0
26;10.0;octubre;0.27;19.49;0.0;viable;5.0
26;11.0;noviembre;0.51;19.27;0.0;viable;6.0
26;12.0;diciembre;4.27;19.48;0.0;viable;8.0
27;1.0;enero;21.7;24.33;0.0;viable;12.0
27;2.0;febrero;21.56;25.15;0.0;viable;11.0
27;3.0;marzo;19.43;25.23;0.0;viable;10.0
27;4.0;abril;2.6;23.62;0.0;viable;8.0
27;5.0;mayo;0.51;20.71;0.0;viable;6.0
27;6.0;junio;0.24;18.15;0.0;viable;4.0
27;7.0;julio;0.08;17.56;0.0;viable;3.0
27;8.0;agosto;0.0;17.76;0.0;viable;1.0
27;9.0;setiembre;0.02;18.78;0.0;viable;2.0
27;10.0;octubre;0.68;20.19;0.0;viable;7.0
27;11.0;noviembre;0.5;21.26;0.0;viable;5.0
27;12.0;diciembre;3.37;23.06;0.0;viable;9.0
28;1.0;enero;86.58;18.76;0.3235294117647059;viable;12.0
28;2.0;febrero;85.59;19.45;0.3235294117647059;viable;10.0
28;3.0;marzo;85.98;19.24;0.3235294117647059;viable;11.0
28;4.0;abril;33.69;18.08;0.0;viable;6.0
28;5.0;mayo;15.47;16.62;0.0;viable;4.0
28;6.0;junio;4.64;15.34;0.0;viable;1.0
28;7.0;julio;5.67;14.75;0.0;viable;2.0
28;8.0;agosto;8.49;14.73;0.0;viable;3.0
28;9.0;setiembre;26.13;15.12;0.0;viable;5.0
28;10.0;octubre;41.34;15.65;0.0;viable;7.0
28;11.0;noviembre;43.77;16.56;0.0;viable;8.0
28;12.0;diciembre;64.42;17.74;0.0;viable;9.0
29;1.0;enero;219.82;11.57;1.0;desaconsejado;12.0
29;2.0;febrero;199.03;11.7;1.0;desaconsejado;11.0
29;3.0;marzo;151.1;11.54;0.08333333333333333;advertencia;9.0
29;4.0;abril;71.8;11.34;0.0;viable;6.0
29;5.0;mayo;32.72;10.98;0.0;viable;4.0
29;6.0;junio;7.49;10.54;0.0;viable;1.0
29;7.0;julio;11.18;10.53;0.0;viable;2.0
29;8.0;agosto;20.45;10.94;0.0;viable;3.0
29;9.0;setiembre;34.15;11.75;0.0;viable;5.0
29;10.0;octubre;77.28;12.31;0.0;viable;7.0
29;11.0;noviembre;114.86;12.6;0.0;viable;8.0
29;12.0;diciembre;179.38;12.24;0.9166666666666666;desaconsejado;10.0
30;1.0;enero;182.88;4.85;1.0;desaconsejado;12.0
30;2.0;febrero;179.75;5.2;0.05;advertencia;10.0
30;3.0;marzo;179.63;5.04;1.0;desaconsejado;9.0
30;4.0;abril;102.52;4.74;0.0;viable;6.0
30;5.0;mayo;69.8;4.4;0.0;viable;4.0
30;6.0;junio;21.0;3.66;0.0;viable;2.0
30;7.0;julio;20.71;3.43;0.0;viable;1.0
30;8.0;agosto;35.61;3.82;0.0;viable;3.0
30;9.0;setiembre;86.12;4.37;0.0;viable;5.0
30;10.0;octubre;127.87;4.8;0.0;viable;7.0
30;11.0;noviembre;137.05;5.2;0.0;viable;8.0
30;12.0;diciembre;182.41;5.18;0.95;desaconsejado;11.0
31;1.0;enero;13.92;19.8;0.004329004329004329;viable;10.0
31;2.0;febrero;15.38;20.64;0.004329004329004329;viable;11.0
31;3.0;marzo;23.38;20.45;0.004329004329004329;viable;12.0
31;4.0;abril;3.88;19.07;0.0;viable;8.0
31;5.0;mayo;1.01;17.34;0.0;viable;4.0
31;6.0;junio;0.75;15.98;0.0;viable;3.0
31;7.0;julio;0.62;15.22;0.0;viable;2.0
31;8.0;agosto;0.59;14.92;0.0;viable;1.0
31;9.0;setiembre;1.79;15.15;0.0;viable;5.0
31;10.0;octubre;2.98;15.66;0.0;viable;7.0
31;11.0;noviembre;2.04;16.68;0.0;viable;6.0
31;12.0;diciembre;7.68;18.29;0.0;viable;9.0
32;1.0;enero;216.79;13.14;1.0;desaconsejado;11.0
32;2.0;febrero;202.39;13.35;1.0;desaconsejado;10.0
32;3.0;marzo;264.69;13.15;1.0;desaconsejado;12.0
32;4.0;abril;146.57;13.29;0.0;viable;7.0
32;5.0;mayo;63.37;13.14;0.0;viable;4.0
32;6.0;junio;22.91;13.1;0.0;viable;2.0
32;7.0;julio;21.35;13.38;0.0;viable;1.0
32;8.0;agosto;35.94;13.74;0.0;viable;3.0
32;9.0;setiembre;98.38;13.79;0.0;viable;5.0
32;10.0;octubre;163.28;13.39;0.0;advertencia;8.0
32;11.0;noviembre;140.97;13.5;0.0;viable;6.0
32;12.0;diciembre;201.24;13.3;0.0;advertencia;9.0
33;1.0;enero;237.3;11.92;1.0;desaconsejado;12.0
33;2.0;febrero;230.71;12.11;1.0;desaconsejado;11.0
33;3.0;marzo;213.89;11.86;1.0;desaconsejado;10.0
33;4.0;abril;96.57;11.52;0.0;viable;6.0
33;5.0;mayo;46.11;11.06;0.0;viable;4.0
33;6.0;junio;12.82;10.24;0.0;viable;1.0
33;7.0;julio;16.28;10.21;0.0;viable;2.0
33;8.0;agosto;25.24;10.88;0.0;viable;3.0
33;9.0;setiembre;77.59;11.51;0.0;viable;5.0
33;10.0;octubre;122.47;11.97;0.0;viable;7.0
33;11.0;noviembre;131.96;12.42;0.0;viable;8.0
33;12.0;diciembre;183.22;12.29;0.0;advertencia;9.0
34;1.0;enero;27.95;20.0;0.0;viable;11.0
34;2.0;febrero;30.32;20.38;0.0;viable;12.0
34;3.0;marzo;17.81;20.13;0.0;viable;10.0
34;4.0;abril;2.75;18.81;0.0;viable;8.0
34;5.0;mayo;0.8;17.8;0.0;viable;2.0
34;6.0;junio;1.45;16.64;0.0;viable;5.0
34;7.0;julio;1.88;16.26;0.0;viable;7.0
34;8.0;agosto;1.75;16.45;0.0;viable;6.0
34;9.0;setiembre;0.91;16.79;0.0;viable;3.0
34;10.0;octubre;0.78;17.48;0.0;viable;1.0
34;11.0;noviembre;1.13;18.17;0.0;viable;4.0
34;12.0;diciembre;5.89;19.25;0.0;viable;9.0
36;1.0;enero;227.76;11.24;1.0;desaconsejado;12.0
36;2.0;febrero;202.16;11.41;1.0;desaconsejado;11.0
36;3.0;marzo;154.21;11.25;0.0;advertencia;9.0
36;4.0;abril;75.9;10.95;0.0;viable;6.0
36;5.0;mayo;35.63;10.58;0.0;viable;4.0
36;6.0;junio;8.11;10.16;0.0;viable;1.0
36;7.0;julio;12.11;10.12;0.0;viable;2.0
36;8.0;agosto;22.26;10.51;0.0;viable;3.0
36;9.0;setiembre;37.18;11.31;0.0;viable;5.0
36;10.0;octubre;83.98;11.89;0.0;viable;7.0
36;11.0;noviembre;124.88;12.21;0.0;viable;8.0
36;12.0;diciembre;193.26;11.84;1.0;desaconsejado;10.0
37;1.0;enero;216.79;13.14;1.0;desaconsejado;11.0
37;2.0;febrero;202.39;13.35;1.0;desaconsejado;10.0
37;3.0;marzo;264.69;13.15;1.0;desaconsejado;12.0
37;4.0;abril;146.57;13.29;0.0;viable;7.0
37;5.0;mayo;63.37;13.14;0.0;viable;4.0
37;6.0;junio;22.91;13.1;0.0;viable;2.0
37;7.0;julio;21.35;13.38;0.0;viable;1.0
37;8.0;agosto;35.94;13.74;0.0;viable;3.0
37;9.0;setiembre;98.38;13.79;0.0;viable;5.0
37;10.0;octubre;163.28;13.39;0.0;advertencia;8.0
37;11.0;noviembre;140.97;13.5;0.0;viable;6.0
37;12.0;diciembre;201.24;13.3;0.0;advertencia;9.0
38;1.0;enero;232.63;9.57;1.0;desaconsejado;12.0
38;2.0;febrero;201.54;9.66;1.0;desaconsejado;11.0
38;3.0;marzo;156.47;9.5;0.0;advertencia;9.0
38;4.0;abril;82.89;8.83;0.0;viable;7.0
38;5.0;mayo;23.28;8.14;0.0;viable;4.0
38;6.0;junio;7.01;7.79;0.0;viable;1.0
38;7.0;julio;10.33;7.81;0.0;viable;2.0
38;8.0;agosto;19.2;8.42;0.0;viable;3.0
38;9.0;setiembre;51.02;9.22;0.0;viable;5.0
38;10.0;octubre;70.45;9.88;0.0;viable;6.0
38;11.0;noviembre;89.74;10.87;0.0;viable;8.0
38;12.0;diciembre;168.91;10.13;1.0;desaconsejado;10.0
39;1.0;enero;330.65;21.48;1.0;desaconsejado;12.0
39;2.0;febrero;321.1;21.38;1.0;desaconsejado;11.0
39;3.0;marzo;249.55;21.42;0.0;advertencia;9.0
39;4.0;abril;145.98;21.12;0.0;viable;6.0
39;5.0;mayo;86.29;20.24;0.0;viable;5.0
39;6.0;junio;44.87;19.53;0.0;viable;3.0
39;7.0;julio;28.61;19.79;0.0;viable;1.0
39;8.0;agosto;44.08;20.81;0.0;viable;2.0
39;9.0;setiembre;76.72;22.08;0.0;viable;4.0
39;10.0;octubre;155.34;22.34;0.0;advertencia;7.0
39;11.0;noviembre;217.47;22.06;0.0;advertencia;8.0
39;12.0;diciembre;318.8;21.82;1.0;desaconsejado;10.0
40;1.0;enero;100.43;16.59;0.6470588235294118;advertencia;11.0
40;2.0;febrero;122.77;16.36;0.6470588235294118;advertencia;12.0
40;3.0;marzo;84.0;16.39;0.6470588235294118;advertencia;10.0
40;4.0;abril;18.92;16.87;0.0;viable;9.0
40;5.0;mayo;0.46;16.84;0.0;viable;2.0
40;6.0;junio;0.54;16.21;0.0;viable;3.0
40;7.0;julio;0.88;16.45;0.0;viable;5.0
40;8.0;agosto;0.43;16.87;0.0;viable;1.0
40;9.0;setiembre;0.6;17.54;0.0;viable;4.0
40;10.0;octubre;2.43;17.82;0.0;viable;6.0
40;11.0;noviembre;3.19;17.72;0.0;viable;7.0
40;12.0;diciembre;18.81;17.62;0.0;viable;8.0
41;1.0;enero;150.46;18.71;0.6428571428571429;desaconsejado;10.0
41;2.0;febrero;166.54;18.84;1.0;desaconsejado;11.0
41;3.0;marzo;212.61;18.59;1.0;desaconsejado;12.0
41;4.0;abril;133.51;18.41;0.35714285714285715;viable;8.0
41;5.0;mayo;109.45;18.33;0.0;viable;5.0
41;6.0;junio;66.02;17.7;0.0;viable;3.0
41;7.0;julio;44.95;17.62;0.0;viable;1.0
41;8.0;agosto;46.66;18.25;0.0;viable;2.0
41;9.0;setiembre;79.54;18.8;0.0;viable;4.0
41;10.0;octubre;121.25;18.97;0.0;viable;6.0
41;11.0;noviembre;124.36;19.25;0.0;viable;7.0
41;12.0;diciembre;139.71;18.93;0.0;viable;9.0
42;1.0;enero;217.29;13.55;1.0;desaconsejado;10.0
42;2.0;febrero;249.36;13.71;1.0;desaconsejado;11.0
42;3.0;marzo;287.51;13.58;1.0;desaconsejado;12.0
42;4.0;abril;179.3;13.83;0.0;advertencia;8.0
42;5.0;mayo;97.6;13.8;0.0;viable;5.0
42;6.0;junio;23.12;13.69;0.0;viable;3.0
42;7.0;julio;11.71;14.21;0.0;viable;1.0
42;8.0;agosto;17.41;14.69;0.0;viable;2.0
42;9.0;setiembre;83.87;14.47;0.0;viable;4.0
42;10.0;octubre;137.46;13.97;0.0;viable;7.0
42;11.0;noviembre;109.23;14.02;0.0;viable;6.0
42;12.0;diciembre;196.65;13.79;0.0;advertencia;9.0
43;1.0;enero;216.79;13.14;1.0;desaconsejado;11.0
43;2.0;febrero;202.39;13.35;1.0;desaconsejado;10.0
43;3.0;marzo;264.69;13.15;1.0;desaconsejado;12.0
43;4.0;abril;146.57;13.29;0.0;viable;7.0
43;5.0;mayo;63.37;13.14;0.0;viable;4.0
43;6.0;junio;22.91;13.1;0.0;viable;2.0
43;7.0;julio;21.35;13.38;0.0;viable;1.0
43;8.0;agosto;35.94;13.74;0.0;viable;3.0
43;9.0;setiembre;98.38;13.79;0.0;viable;5.0
43;10.0;octubre;163.28;13.39;0.0;advertencia;8.0
43;11.0;noviembre;140.97;13.5;0.0;viable;6.0
43;12.0;diciembre;201.24;13.3;0.0;advertencia;9.0
45;1.0;enero;242.63;26.04;0.0;advertencia;7.0
45;2.0;febrero;227.47;26.24;0.0;advertencia;6.0
45;3.0;marzo;316.19;26.04;1.0;desaconsejado;11.0
45;4.0;abril;316.75;25.9;1.0;desaconsejado;12.0
45;5.0;mayo;278.89;25.61;1.0;desaconsejado;10.0
45;6.0;junio;190.08;25.14;0.0;advertencia;5.0
45;7.0;julio;167.46;25.17;0.0;advertencia;3.0
45;8.0;agosto;151.55;25.87;0.0;advertencia;2.0
45;9.0;setiembre;127.82;26.71;0.0;viable;1.0
45;10.0;octubre;186.34;26.63;0.0;advertencia;4.0
45;11.0;noviembre;248.97;26.44;0.0;advertencia;8.0
45;12.0;diciembre;274.84;26.13;0.0;advertencia;9.0
46;1.0;enero;232.63;9.57;1.0;desaconsejado;12.0
46;2.0;febrero;201.54;9.66;1.0;desaconsejado;11.0
46;3.0;marzo;156.47;9.5;0.0;advertencia;9.0
46;4.0;abril;82.89;8.83;0.0;viable;7.0
46;5.0;mayo;23.28;8.14;0.0;viable;4.0
46;6.0;junio;7.01;7.79;0.0;viable;1.0
46;7.0;julio;10.33;7.81;0.0;viable;2.0
46;8.0;agosto;19.2;8.42;0.0;viable;3.0
46;9.0;setiembre;51.02;9.22;0.0;viable;5.0
46;10.0;octubre;70.45;9.88;0.0;viable;6.0
46;11.0;noviembre;89.74;10.87;0.0;viable;8.0
46;12.0;diciembre;168.91;10.13;1.0;desaconsejado;10.0
47;1.0;enero;141.22;24.58;0.0;viable;6.0
47;2.0;febrero;166.67;24.58;1.0;desaconsejado;10.0
47;3.0;marzo;232.83;24.16;1.0;desaconsejado;12.0
47;4.0;abril;188.38;23.99;1.0;desaconsejado;11.0
47;5.0;mayo;159.15;23.8;0.0;advertencia;9.0
47;6.0;junio;112.89;23.19;0.0;viable;3.0
47;7.0;julio;80.31;23.23;0.0;viable;2.0
47;8.0;agosto;75.92;24.04;0.0;viable;1.0
47;9.0;setiembre;123.94;24.77;0.0;viable;4.0
47;10.0;octubre;147.02;24.84;0.0;viable;8.0
47;11.0;noviembre;141.36;24.83;0.0;viable;7.0
47;12.0;diciembre;128.56;24.78;0.0;viable;5.0
48;1.0;enero;192.88;12.98;1.0;desaconsejado;12.0
48;2.0;febrero;171.89;13.07;1.0;desaconsejado;11.0
48;3.0;marzo;148.13;12.88;0.5333333333333333;advertencia;9.0
48;4.0;abril;65.54;12.78;0.0;viable;6.0
48;5.0;mayo;31.78;12.44;0.0;viable;4.0
48;6.0;junio;7.03;11.95;0.0;viable;1.0
48;7.0;julio;11.03;11.9;0.0;viable;2.0
48;8.0;agosto;18.43;12.4;0.0;viable;3.0
48;9.0;setiembre;37.95;13.24;0.0;viable;5.0
48;10.0;octubre;77.28;13.73;0.0;viable;7.0
48;11.0;noviembre;101.78;14.12;0.0;viable;8.0
48;12.0;diciembre;151.73;13.63;0.4666666666666667;advertencia;10.0
49;1.0;enero;132.43;15.16;1.0;advertencia;11.0
49;2.0;febrero;164.64;14.8;1.0;desaconsejado;12.0
49;3.0;marzo;116.91;14.71;1.0;advertencia;10.0
49;4.0;abril;26.75;15.63;0.0;viable;9.0
49;5.0;mayo;0.7;15.47;0.0;viable;2.0
49;6.0;junio;0.71;14.81;0.0;viable;3.0
49;7.0;julio;0.94;15.12;0.0;viable;5.0
49;8.0;agosto;0.57;15.61;0.0;viable;1.0
49;9.0;setiembre;0.84;16.6;0.0;viable;4.0
49;10.0;octubre;3.61;16.91;0.0;viable;6.0
49;11.0;noviembre;4.65;16.87;0.0;viable;7.0
49;12.0;diciembre;26.74;16.6;0.0;viable;8.0
50;1.0;enero;128.29;19.08;1.0;advertencia;12.0
50;2.0;febrero;121.31;19.17;1.0;advertencia;11.0
50;3.0;marzo;112.56;19.12;1.0;advertencia;10.0
50;4.0;abril;53.97;19.09;0.0;viable;6.0
50;5.0;mayo;47.76;18.8;0.0;viable;5.0
50;6.0;junio;22.17;18.2;0.0;viable;2.0
50;7.0;julio;19.21;18.09;0.0;viable;1.0
50;8.0;agosto;23.31;18.45;0.0;viable;3.0
50;9.0;setiembre;27.24;19.25;0.0;viable;4.0
50;10.0;octubre;65.04;19.58;0.0;viable;7.0
50;11.0;noviembre;66.14;19.76;0.0;viable;8.0
50;12.0;diciembre;104.02;19.42;0.0;viable;9.0
51;1.0;enero;17.57;26.62;0.0;viable;8.0
51;2.0;febrero;54.2;27.49;1.0;advertencia;10.0
51;3.0;marzo;149.83;27.34;1.0;advertencia;12.0
51;4.0;abril;61.99;26.38;1.0;advertencia;11.0
51;5.0;mayo;13.21;25.02;0.0;viable;7.0
51;6.0;junio;2.52;23.35;0.0;viable;4.0
51;7.0;julio;0.71;22.34;0.0;viable;2.0
51;8.0;agosto;1.58;21.92;0.0;viable;3.0
51;9.0;setiembre;0.49;22.24;0.0;viable;1.0
51;10.0;octubre;5.64;22.62;0.0;viable;5.0
51;11.0;noviembre;10.35;22.94;0.0;viable;6.0
51;12.0;diciembre;19.71;24.9;0.0;viable;9.0
52;1.0;enero;95.57;18.75;0.375;viable;11.0
52;2.0;febrero;92.51;19.56;0.375;viable;10.0
52;3.0;marzo;127.73;19.55;0.375;viable;12.0
52;4.0;abril;66.16;18.65;0.0;viable;8.0
52;5.0;mayo;25.91;17.88;0.0;viable;4.0
52;6.0;junio;9.21;17.13;0.0;viable;2.0
52;7.0;julio;8.16;16.73;0.0;viable;1.0
52;8.0;agosto;13.78;16.55;0.0;viable;3.0
52;9.0;setiembre;37.93;16.57;0.0;viable;5.0
52;10.0;octubre;65.96;16.53;0.0;viable;7.0
52;11.0;noviembre;54.37;17.06;0.0;viable;6.0
52;12.0;diciembre;84.16;18.01;0.0;viable;9.0
53;1.0;enero;14.49;22.04;0.0;viable;10.0
53;2.0;febrero;16.19;22.97;0.0;viable;11.0
53;3.0;marzo;24.81;22.76;0.0;viable;12.0
53;4.0;abril;3.62;21.21;0.0;viable;8.0
53;5.0;mayo;0.82;19.28;0.0;viable;4.0
53;6.0;junio;0.73;17.77;0.0;viable;3.0
53;7.0;julio;0.59;16.92;0.0;viable;2.0
53;8.0;agosto;0.48;16.58;0.0;viable;1.0
53;9.0;setiembre;1.52;16.84;0.0;viable;5.0
53;10.0;octubre;2.54;17.41;0.0;viable;7.0
53;11.0;noviembre;1.59;18.55;0.0;viable;6.0
53;12.0;diciembre;7.6;20.34;0.0;viable;9.0
54;1.0;enero;210.21;8.89;1.0;desaconsejado;11.0
54;2.0;febrero;213.14;9.16;1.0;desaconsejado;12.0
54;3.0;marzo;189.52;9.03;1.0;desaconsejado;10.0
54;4.0;abril;89.73;8.48;0.0;viable;6.0
54;5.0;mayo;57.98;7.82;0.0;viable;4.0
54;6.0;junio;16.31;7.17;0.0;viable;1.0
54;7.0;julio;21.96;7.01;0.0;viable;2.0
54;8.0;agosto;34.49;7.54;0.0;viable;3.0
54;9.0;setiembre;89.42;8.24;0.0;viable;5.0
54;10.0;octubre;119.78;8.68;0.0;viable;7.0
54;11.0;noviembre;132.47;9.23;0.0;viable;8.0
54;12.0;diciembre;186.39;9.24;0.0;advertencia;9.0
55;1.0;enero;132.43;15.16;1.0;advertencia;11.0
55;2.0;febrero;164.64;14.8;1.0;desaconsejado;12.0
55;3.0;marzo;116.91;14.71;1.0;advertencia;10.0
55;4.0;abril;26.75;15.63;0.0;viable;9.0
55;5.0;mayo;0.7;15.47;0.0;viable;2.0
55;6.0;junio;0.71;14.81;0.0;viable;3.0
55;7.0;julio;0.94;15.12;0.0;viable;5.0
55;8.0;agosto;0.57;15.61;0.0;viable;1.0
55;9.0;setiembre;0.84;16.6;0.0;viable;4.0
55;10.0;octubre;3.61;16.91;0.0;viable;6.0
55;11.0;noviembre;4.65;16.87;0.0;viable;7.0
55;12.0;diciembre;26.74;16.6;0.0;viable;8.0
56;1.0;enero;14.49;22.04;0.0;viable;10.0
56;2.0;febrero;16.19;22.97;0.0;viable;11.0
56;3.0;marzo;24.81;22.76;0.0;viable;12.0
56;4.0;abril;3.62;21.21;0.0;viable;8.0
56;5.0;mayo;0.82;19.28;0.0;viable;4.0
56;6.0;junio;0.73;17.77;0.0;viable;3.0
56;7.0;julio;0.59;16.92;0.0;viable;2.0
56;8.0;agosto;0.48;16.58;0.0;viable;1.0
56;9.0;setiembre;1.52;16.84;0.0;viable;5.0
56;10.0;octubre;2.54;17.41;0.0;viable;7.0
56;11.0;noviembre;1.59;18.55;0.0;viable;6.0
56;12.0;diciembre;7.6;20.34;0.0;viable;9.0
59;1.0;enero;227.76;11.24;1.0;desaconsejado;12.0
59;2.0;febrero;202.16;11.41;1.0;desaconsejado;11.0
59;3.0;marzo;154.21;11.25;0.0;advertencia;9.0
59;4.0;abril;75.9;10.95;0.0;viable;6.0
59;5.0;mayo;35.63;10.58;0.0;viable;4.0
59;6.0;junio;8.11;10.16;0.0;viable;1.0
59;7.0;julio;12.11;10.12;0.0;viable;2.0
59;8.0;agosto;22.26;10.51;0.0;viable;3.0
59;9.0;setiembre;37.18;11.31;0.0;viable;5.0
59;10.0;octubre;83.98;11.89;0.0;viable;7.0
59;11.0;noviembre;124.88;12.21;0.0;viable;8.0
59;12.0;diciembre;193.26;11.84;1.0;desaconsejado;10.0
60;1.0;enero;17.57;26.62;0.0;viable;8.0
60;2.0;febrero;54.2;27.49;1.0;advertencia;10.0
60;3.0;marzo;149.83;27.34;1.0;advertencia;12.0
60;4.0;abril;61.99;26.38;1.0;advertencia;11.0
60;5.0;mayo;13.21;25.02;0.0;viable;7.0
60;6.0;junio;2.52;23.35;0.0;viable;4.0
60;7.0;julio;0.71;22.34;0.0;viable;2.0
60;8.0;agosto;1.58;21.92;0.0;viable;3.0
60;9.0;setiembre;0.49;22.24;0.0;viable;1.0
60;10.0;octubre;5.64;22.62;0.0;viable;5.0
60;11.0;noviembre;10.35;22.94;0.0;viable;6.0
60;12.0;diciembre;19.71;24.9;0.0;viable;9.0
61;1.0;enero;242.63;26.04;0.0;advertencia;7.0
61;2.0;febrero;227.47;26.24;0.0;advertencia;6.0
61;3.0;marzo;316.19;26.04;1.0;desaconsejado;11.0
61;4.0;abril;316.75;25.9;1.0;desaconsejado;12.0
61;5.0;mayo;278.89;25.61;1.0;desaconsejado;10.0
61;6.0;junio;190.08;25.14;0.0;advertencia;5.0
61;7.0;julio;167.46;25.17;0.0;advertencia;3.0
61;8.0;agosto;151.55;25.87;0.0;advertencia;2.0
61;9.0;setiembre;127.82;26.71;0.0;viable;1.0
61;10.0;octubre;186.34;26.63;0.0;advertencia;4.0
61;11.0;noviembre;248.97;26.44;0.0;advertencia;8.0
61;12.0;diciembre;274.84;26.13;0.0;advertencia;9.0
62;1.0;enero;371.8;25.57;1.0;desaconsejado;12.0
62;2.0;febrero;368.67;25.37;1.0;desaconsejado;10.0
62;3.0;marzo;287.68;25.48;0.0;advertencia;9.0
62;4.0;abril;174.01;25.19;0.0;advertencia;6.0
62;5.0;mayo;106.55;24.1;0.0;viable;5.0
62;6.0;junio;59.57;23.28;0.0;viable;3.0
62;7.0;julio;35.21;23.66;0.0;viable;1.0
62;8.0;agosto;52.81;24.93;0.0;viable;2.0
62;9.0;setiembre;92.54;26.38;0.0;viable;4.0
62;10.0;octubre;183.89;26.52;0.0;advertencia;7.0
62;11.0;noviembre;254.5;26.01;0.0;advertencia;8.0
62;12.0;diciembre;369.02;25.8;1.0;desaconsejado;11.0
63;1.0;enero;199.09;14.33;1.0;desaconsejado;11.0
63;2.0;febrero;186.17;14.52;1.0;desaconsejado;10.0
63;3.0;marzo;234.26;14.34;1.0;desaconsejado;12.0
63;4.0;abril;128.05;14.45;0.0;viable;7.0
63;5.0;mayo;60.25;14.28;0.0;viable;4.0
63;6.0;junio;22.76;14.12;0.0;viable;2.0
63;7.0;julio;20.92;14.32;0.0;viable;1.0
63;8.0;agosto;33.41;14.68;0.0;viable;3.0
63;9.0;setiembre;84.15;14.88;0.0;viable;5.0
63;10.0;octubre;143.63;14.63;0.0;viable;8.0
63;11.0;noviembre;126.0;14.75;0.0;viable;6.0
63;12.0;diciembre;181.8;14.53;0.0;advertencia;9.0
65;1.0;enero;201.94;22.22;1.0;desaconsejado;12.0
65;2.0;febrero;201.21;22.27;1.0;desaconsejado;11.0
65;3.0;marzo;193.42;22.2;1.0;desaconsejado;10.0
65;4.0;abril;134.79;22.13;0.0;viable;7.0
65;5.0;mayo;97.21;21.84;0.0;viable;5.0
65;6.0;junio;50.38;21.34;0.0;viable;3.0
65;7.0;julio;42.89;21.42;0.0;viable;1.0
65;8.0;agosto;45.81;22.02;0.0;viable;2.0
65;9.0;setiembre;57.91;22.78;0.0;viable;4.0
65;10.0;octubre;112.86;22.89;0.0;viable;6.0
65;11.0;noviembre;142.31;22.8;0.0;viable;8.0
65;12.0;diciembre;174.52;22.52;0.0;advertencia;9.0
66;1.0;enero;180.02;4.48;1.0;desaconsejado;11.0
66;2.0;febrero;177.07;4.83;0.0;advertencia;9.0
66;3.0;marzo;177.83;4.69;1.0;desaconsejado;10.0
66;4.0;abril;102.83;4.39;0.0;viable;6.0
66;5.0;mayo;71.05;4.05;0.0;viable;4.0
66;6.0;junio;21.43;3.32;0.0;viable;2.0
66;7.0;julio;20.94;3.08;0.0;viable;1.0
66;8.0;agosto;36.16;3.45;0.0;viable;3.0
66;9.0;setiembre;86.57;4.0;0.0;viable;5.0
66;10.0;octubre;128.15;4.43;0.0;viable;7.0
66;11.0;noviembre;137.32;4.82;0.0;viable;8.0
66;12.0;diciembre;182.37;4.81;1.0;desaconsejado;12.0
67;1.0;enero;47.49;21.04;0.125;viable;10.0
67;2.0;febrero;54.9;22.07;0.125;viable;11.0
67;3.0;marzo;76.29;22.15;0.125;viable;12.0
67;4.0;abril;38.53;20.86;0.0;viable;9.0
67;5.0;mayo;15.29;19.85;0.0;viable;5.0
67;6.0;junio;3.66;18.82;0.0;viable;3.0
67;7.0;julio;1.6;18.17;0.0;viable;1.0
67;8.0;agosto;2.52;17.79;0.0;viable;2.0
67;9.0;setiembre;12.1;17.76;0.0;viable;4.0
67;10.0;octubre;23.98;17.85;0.0;viable;7.0
67;11.0;noviembre;15.73;18.54;0.0;viable;6.0
67;12.0;diciembre;37.05;19.94;0.0;viable;8.0
68;1.0;enero;16.11;20.68;0.0;viable;11.0
68;2.0;febrero;16.87;21.37;0.0;viable;12.0
68;3.0;marzo;12.78;20.69;0.0;viable;10.0
68;4.0;abril;1.19;18.53;0.0;viable;1.0
68;5.0;mayo;1.47;16.47;0.0;viable;3.0
68;6.0;junio;2.5;14.82;0.0;viable;6.0
68;7.0;julio;2.83;14.01;0.0;viable;7.0
68;8.0;agosto;3.09;14.11;0.0;viable;8.0
68;9.0;setiembre;1.57;14.68;0.0;viable;4.0
68;10.0;octubre;1.21;15.76;0.0;viable;2.0
68;11.0;noviembre;1.67;17.22;0.0;viable;5.0
68;12.0;diciembre;7.28;19.05;0.0;viable;9.0
69;1.0;enero;22.83;22.12;0.0;viable;10.0
69;2.0;febrero;26.58;23.28;0.0;viable;11.0
69;3.0;marzo;45.56;23.38;0.0;viable;12.0
69;4.0;abril;17.92;21.87;0.0;viable;9.0
69;5.0;mayo;3.43;20.72;0.0;viable;6.0
69;6.0;junio;0.99;19.56;0.0;viable;3.0
69;7.0;julio;0.24;18.74;0.0;viable;1.0
69;8.0;agosto;0.48;18.23;0.0;viable;2.0
69;9.0;setiembre;1.66;18.23;0.0;viable;4.0
69;10.0;octubre;7.57;18.42;0.0;viable;7.0
69;11.0;noviembre;2.41;19.21;0.0;viable;5.0
69;12.0;diciembre;13.92;20.83;0.0;viable;8.0
70;1.0;enero;14.49;22.04;0.0;viable;10.0
70;2.0;febrero;16.19;22.97;0.0;viable;11.0
70;3.0;marzo;24.81;22.76;0.0;viable;12.0
70;4.0;abril;3.62;21.21;0.0;viable;8.0
70;5.0;mayo;0.82;19.28;0.0;viable;4.0
70;6.0;junio;0.73;17.77;0.0;viable;3.0
70;7.0;julio;0.59;16.92;0.0;viable;2.0
70;8.0;agosto;0.48;16.58;0.0;viable;1.0
70;9.0;setiembre;1.52;16.84;0.0;viable;5.0
70;10.0;octubre;2.54;17.41;0.0;viable;7.0
70;11.0;noviembre;1.59;18.55;0.0;viable;6.0
70;12.0;diciembre;7.6;20.34;0.0;viable;9.0
71;1.0;enero;132.43;15.16;1.0;advertencia;11.0
71;2.0;febrero;164.64;14.8;1.0;desaconsejado;12.0
71;3.0;marzo;116.91;14.71;1.0;advertencia;10.0
71;4.0;abril;26.75;15.63;0.0;viable;9.0
71;5.0;mayo;0.7;15.47;0.0;viable;2.0
71;6.0;junio;0.71;14.81;0.0;viable;3.0
71;7.0;julio;0.94;15.12;0.0;viable;5.0
71;8.0;agosto;0.57;15.61;0.0;viable;1.0
71;9.0;setiembre;0.84;16.6;0.0;viable;4.0
71;10.0;octubre;3.61;16.91;0.0;viable;6.0
71;11.0;noviembre;4.65;16.87;0.0;viable;7.0
71;12.0;diciembre;26.74;16.6;0.0;viable;8.0
72;1.0;enero;216.79;13.14;1.0;desaconsejado;11.0
72;2.0;febrero;202.39;13.35;1.0;desaconsejado;10.0
72;3.0;marzo;264.69;13.15;1.0;desaconsejado;12.0
72;4.0;abril;146.57;13.29;0.0;viable;7.0
72;5.0;mayo;63.37;13.14;0.0;viable;4.0
72;6.0;junio;22.91;13.1;0.0;viable;2.0
72;7.0;julio;21.35;13.38;0.0;viable;1.0
72;8.0;agosto;35.94;13.74;0.0;viable;3.0
72;9.0;setiembre;98.38;13.79;0.0;viable;5.0
72;10.0;octubre;163.28;13.39;0.0;advertencia;8.0
72;11.0;noviembre;140.97;13.5;0.0;viable;6.0
72;12.0;diciembre;201.24;13.3;0.0;advertencia;9.0
73;1.0;enero;210.21;8.89;1.0;desaconsejado;11.0
73;2.0;febrero;213.14;9.16;1.0;desaconsejado;12.0
73;3.0;marzo;189.52;9.03;1.0;desaconsejado;10.0
73;4.0;abril;89.73;8.48;0.0;viable;6.0
73;5.0;mayo;57.98;7.82;0.0;viable;4.0
73;6.0;junio;16.31;7.17;0.0;viable;1.0
73;7.0;julio;21.96;7.01;0.0;viable;2.0
73;8.0;agosto;34.49;7.54;0.0;viable;3.0
73;9.0;setiembre;89.42;8.24;0.0;viable;5.0
73;10.0;octubre;119.78;8.68;0.0;viable;7.0
73;11.0;noviembre;132.47;9.23;0.0;viable;8.0
73;12.0;diciembre;186.39;9.24;0.0;advertencia;9.0
74;1.0;enero;179.78;14.7;1.0;desaconsejado;10.0
74;2.0;febrero;198.96;14.89;1.0;desaconsejado;11.0
74;3.0;marzo;235.14;14.75;1.0;desaconsejado;12.0
74;4.0;abril;132.93;14.72;0.0;viable;8.0
74;5.0;mayo;88.02;14.71;0.0;viable;5.0
74;6.0;junio;33.37;14.27;0.0;viable;3.0
74;7.0;julio;19.98;14.39;0.0;viable;1.0
74;8.0;agosto;25.31;14.9;0.0;viable;2.0
74;9.0;setiembre;66.24;15.09;0.0;viable;4.0
74;10.0;octubre;118.9;15.02;0.0;viable;7.0
74;11.0;noviembre;112.69;15.32;0.0;viable;6.0
74;12.0;diciembre;165.8;14.94;0.0;advertencia;9.0
75;1.0;enero;132.43;15.16;1.0;advertencia;11.0
75;2.0;febrero;164.64;14.8;1.0;desaconsejado;12.0
75;3.0;marzo;116.91;14.71;1.0;advertencia;10.0
75;4.0;abril;26.75;15.63;0.0;viable;9.0
75;5.0;mayo;0.7;15.47;0.0;viable;2.0
75;6.0;junio;0.71;14.81;0.0;viable;3.0
75;7.0;julio;0.94;15.12;0.0;viable;5.0
75;8.0;agosto;0.57;15.61;0.0;viable;1.0
75;9.0;setiembre;0.84;16.6;0.0;viable;4.0
75;10.0;octubre;3.61;16.91;0.0;viable;6.0
75;11.0;noviembre;4.65;16.87;0.0;viable;7.0
75;12.0;diciembre;26.74;16.6;0.0;viable;8.0
77;1.0;enero;237.3;11.92;1.0;desaconsejado;12.0
77;2.0;febrero;230.71;12.11;1.0;desaconsejado;11.0
77;3.0;marzo;213.89;11.86;1.0;desaconsejado;10.0
77;4.0;abril;96.57;11.52;0.0;viable;6.0
77;5.0;mayo;46.11;11.06;0.0;viable;4.0
77;6.0;junio;12.82;10.24;0.0;viable;1.0
77;7.0;julio;16.28;10.21;0.0;viable;2.0
77;8.0;agosto;25.24;10.88;0.0;viable;3.0
77;9.0;setiembre;77.59;11.51;0.0;viable;5.0
77;10.0;octubre;122.47;11.97;0.0;viable;7.0
77;11.0;noviembre;131.96;12.42;0.0;viable;8.0
77;12.0;diciembre;183.22;12.29;0.0;advertencia;9.0
78;1.0;enero;133.7;17.38;0.7142857142857142;advertencia;11.0
78;2.0;febrero;126.02;17.76;0.7142857142857142;advertencia;10.0
78;3.0;marzo;152.69;17.6;0.7142857142857142;desaconsejado;12.0
78;4.0;abril;79.27;17.21;0.0;viable;6.0
78;5.0;mayo;41.04;16.52;0.0;viable;4.0
78;6.0;junio;16.36;15.89;0.0;viable;2.0
78;7.0;julio;14.81;15.74;0.0;viable;1.0
78;8.0;agosto;22.2;15.9;0.0;viable;3.0
78;9.0;setiembre;50.38;16.22;0.0;viable;5.0
78;10.0;octubre;89.29;16.31;0.0;viable;8.0
78;11.0;noviembre;79.77;16.73;0.0;viable;7.0
78;12.0;diciembre;118.14;17.06;0.0;viable;9.0
79;1.0;enero;173.59;17.21;1.0;desaconsejado;12.0
79;2.0;febrero;146.71;17.29;1.0;advertencia;11.0
79;3.0;marzo;139.53;17.07;1.0;advertencia;10.0
79;4.0;abril;61.28;16.9;0.0;viable;6.0
79;5.0;mayo;24.53;16.46;0.0;viable;4.0
79;6.0;junio;12.67;15.93;0.0;viable;1.0
79;7.0;julio;12.97;15.95;0.0;viable;2.0
79;8.0;agosto;16.93;16.54;0.0;viable;3.0
79;9.0;setiembre;40.48;17.36;0.0;viable;5.0
79;10.0;octubre;75.3;17.85;0.0;viable;7.0
79;11.0;noviembre;83.24;18.31;0.0;viable;8.0
79;12.0;diciembre;135.2;17.75;0.0;viable;9.0
82;1.0;enero;287.87;25.89;1.0;desaconsejado;11.0
82;2.0;febrero;294.43;25.89;1.0;desaconsejado;12.0
82;3.0;marzo;287.75;25.79;1.0;desaconsejado;10.0
82;4.0;abril;229.09;25.68;0.0;advertencia;7.0
82;5.0;mayo;154.91;25.37;0.0;advertencia;5.0
82;6.0;junio;83.29;25.01;0.0;viable;3.0
82;7.0;julio;70.51;25.31;0.0;viable;1.0
82;8.0;agosto;72.05;26.19;0.0;viable;2.0
82;9.0;setiembre;93.69;26.9;0.0;viable;4.0
82;10.0;octubre;168.65;26.74;0.0;advertencia;6.0
82;11.0;noviembre;231.18;26.34;0.0;advertencia;8.0
82;12.0;diciembre;256.76;26.14;0.0;advertencia;9.0
83;1.0;enero;227.76;11.24;1.0;desaconsejado;12.0
83;2.0;febrero;202.16;11.41;1.0;desaconsejado;11.0
83;3.0;marzo;154.21;11.25;0.0;advertencia;9.0
83;4.0;abril;75.9;10.95;0.0;viable;6.0
83;5.0;mayo;35.63;10.58;0.0;viable;4.0
83;6.0;junio;8.11;10.16;0.0;viable;1.0
83;7.0;julio;12.11;10.12;0.0;viable;2.0
83;8.0;agosto;22.26;10.51;0.0;viable;3.0
83;9.0;setiembre;37.18;11.31;0.0;viable;5.0
83;10.0;octubre;83.98;11.89;0.0;viable;7.0
83;11.0;noviembre;124.88;12.21;0.0;viable;8.0
83;12.0;diciembre;193.26;11.84;1.0;desaconsejado;10.0
84;1.0;enero;222.11;11.5;1.0;desaconsejado;12.0
84;2.0;febrero;196.84;11.66;1.0;desaconsejado;11.0
84;3.0;marzo;152.02;11.49;0.0625;advertencia;9.0
84;4.0;abril;73.85;11.22;0.0;viable;6.0
84;5.0;mayo;34.81;10.86;0.0;viable;4.0
84;6.0;junio;7.84;10.43;0.0;viable;1.0
84;7.0;julio;11.85;10.39;0.0;viable;2.0
84;8.0;agosto;21.6;10.8;0.0;viable;3.0
84;9.0;setiembre;36.46;11.61;0.0;viable;5.0
84;10.0;octubre;82.13;12.17;0.0;viable;7.0
84;11.0;noviembre;121.12;12.5;0.0;viable;8.0
84;12.0;diciembre;186.98;12.11;0.9375;desaconsejado;10.0
85;1.0;enero;17.57;26.62;0.0;viable;8.0
85;2.0;febrero;54.2;27.49;1.0;advertencia;10.0
85;3.0;marzo;149.83;27.34;1.0;advertencia;12.0
85;4.0;abril;61.99;26.38;1.0;advertencia;11.0
85;5.0;mayo;13.21;25.02;0.0;viable;7.0
85;6.0;junio;2.52;23.35;0.0;viable;4.0
85;7.0;julio;0.71;22.34;0.0;viable;2.0
85;8.0;agosto;1.58;21.92;0.0;viable;3.0
85;9.0;setiembre;0.49;22.24;0.0;viable;1.0
85;10.0;octubre;5.64;22.62;0.0;viable;5.0
85;11.0;noviembre;10.35;22.94;0.0;viable;6.0
85;12.0;diciembre;19.71;24.9;0.0;viable;9.0
86;1.0;enero;141.47;24.42;0.017241379310344827;viable;7.0
86;2.0;febrero;166.67;24.43;1.0;desaconsejado;10.0
86;3.0;marzo;232.29;24.01;1.0;desaconsejado;12.0
86;4.0;abril;186.91;23.85;0.9827586206896551;desaconsejado;11.0
86;5.0;mayo;157.82;23.66;0.0;advertencia;9.0
86;6.0;junio;111.63;23.05;0.0;viable;3.0
86;7.0;julio;79.36;23.08;0.0;viable;2.0
86;8.0;agosto;75.14;23.89;0.0;viable;1.0
86;9.0;setiembre;122.75;24.61;0.0;viable;4.0
86;10.0;octubre;146.33;24.69;0.0;viable;8.0
86;11.0;noviembre;140.9;24.68;0.0;viable;6.0
86;12.0;diciembre;128.86;24.62;0.0;viable;5.0
87;1.0;enero;232.63;9.57;1.0;desaconsejado;12.0
87;2.0;febrero;201.54;9.66;1.0;desaconsejado;11.0
87;3.0;marzo;156.47;9.5;0.0;advertencia;9.0
87;4.0;abril;82.89;8.83;0.0;viable;7.0
87;5.0;mayo;23.28;8.14;0.0;viable;4.0
87;6.0;junio;7.01;7.79;0.0;viable;1.0
87;7.0;julio;10.33;7.81;0.0;viable;2.0
87;8.0;agosto;19.2;8.42;0.0;viable;3.0
87;9.0;setiembre;51.02;9.22;0.0;viable;5.0
87;10.0;octubre;70.45;9.88;0.0;viable;6.0
87;11.0;noviembre;89.74;10.87;0.0;viable;8.0
87;12.0;diciembre;168.91;10.13;1.0;desaconsejado;10.0
88;1.0;enero;173.59;17.21;1.0;desaconsejado;12.0
88;2.0;febrero;146.71;17.29;1.0;advertencia;11.0
88;3.0;marzo;139.53;17.07;1.0;advertencia;10.0
88;4.0;abril;61.28;16.9;0.0;viable;6.0
88;5.0;mayo;24.53;16.46;0.0;viable;4.0
88;6.0;junio;12.67;15.93;0.0;viable;1.0
88;7.0;julio;12.97;15.95;0.0;viable;2.0
88;8.0;agosto;16.93;16.54;0.0;viable;3.0
88;9.0;setiembre;40.48;17.36;0.0;viable;5.0
88;10.0;octubre;75.3;17.85;0.0;viable;7.0
88;11.0;noviembre;83.24;18.31;0.0;viable;8.0
88;12.0;diciembre;135.2;17.75;0.0;viable;9.0
89;1.0;enero;195.91;14.21;1.0;desaconsejado;10.0
89;2.0;febrero;220.63;14.38;1.0;desaconsejado;11.0
89;3.0;marzo;257.66;14.25;1.0;desaconsejado;12.0
89;4.0;abril;152.87;14.34;0.0;advertencia;8.0
89;5.0;mayo;92.14;14.32;0.0;viable;5.0
89;6.0;junio;28.96;14.02;0.0;viable;3.0
89;7.0;julio;16.42;14.31;0.0;viable;1.0
89;8.0;agosto;21.92;14.81;0.0;viable;2.0
89;9.0;setiembre;73.82;14.82;0.0;viable;4.0
89;10.0;octubre;126.88;14.57;0.0;viable;7.0
89;11.0;noviembre;111.2;14.76;0.0;viable;6.0
89;12.0;diciembre;179.07;14.45;0.0;advertencia;9.0
90;1.0;enero;129.47;19.58;0.9090909090909091;advertencia;12.0
90;2.0;febrero;125.43;19.66;1.0;advertencia;11.0
90;3.0;marzo;123.49;19.57;1.0;advertencia;10.0
90;4.0;abril;66.19;19.53;0.09090909090909091;viable;6.0
90;5.0;mayo;57.89;19.26;0.0;viable;5.0
90;6.0;junio;30.42;18.65;0.0;viable;3.0
90;7.0;julio;24.76;18.56;0.0;viable;1.0
90;8.0;agosto;28.09;18.96;0.0;viable;2.0
90;9.0;setiembre;36.03;19.75;0.0;viable;4.0
90;10.0;octubre;72.49;20.06;0.0;viable;7.0
90;11.0;noviembre;72.98;20.22;0.0;viable;8.0
90;12.0;diciembre;106.25;19.91;0.0;viable;9.0
91;1.0;enero;371.8;25.57;1.0;desaconsejado;12.0
91;2.0;febrero;368.67;25.37;1.0;desaconsejado;10.0
91;3.0;marzo;287.68;25.48;0.0;advertencia;9.0
91;4.0;abril;174.01;25.19;0.0;advertencia;6.0
91;5.0;mayo;106.55;24.1;0.0;viable;5.0
91;6.0;junio;59.57;23.28;0.0;viable;3.0
91;7.0;julio;35.21;23.66;0.0;viable;1.0
91;8.0;agosto;52.81;24.93;0.0;viable;2.0
91;9.0;setiembre;92.54;26.38;0.0;viable;4.0
91;10.0;octubre;183.89;26.52;0.0;advertencia;7.0
91;11.0;noviembre;254.5;26.01;0.0;advertencia;8.0
91;12.0;diciembre;369.02;25.8;1.0;desaconsejado;11.0
92;1.0;enero;220.09;13.46;1.0;desaconsejado;10.0
92;2.0;febrero;253.13;13.62;1.0;desaconsejado;11.0
92;3.0;marzo;291.43;13.5;1.0;desaconsejado;12.0
92;4.0;abril;182.77;13.76;0.0;advertencia;8.0
92;5.0;mayo;98.32;13.74;0.0;viable;5.0
92;6.0;junio;22.35;13.64;0.0;viable;3.0
92;7.0;julio;11.09;14.19;0.0;viable;1.0
92;8.0;agosto;16.82;14.67;0.0;viable;2.0
92;9.0;setiembre;85.19;14.43;0.0;viable;4.0
92;10.0;octubre;138.85;13.89;0.0;viable;7.0
92;11.0;noviembre;108.97;13.92;0.0;viable;6.0
92;12.0;diciembre;198.96;13.71;0.0;advertencia;9.0
93;1.0;enero;137.38;15.37;1.0;advertencia;12.0
93;2.0;febrero;116.98;15.32;1.0;advertencia;10.0
93;3.0;marzo;119.11;15.12;1.0;advertencia;11.0
93;4.0;abril;43.12;15.33;0.0;viable;6.0
93;5.0;mayo;22.51;15.07;0.0;viable;4.0
93;6.0;junio;3.84;14.6;0.0;viable;1.0
93;7.0;julio;8.01;14.53;0.0;viable;2.0
93;8.0;agosto;11.68;15.12;0.0;viable;3.0
93;9.0;setiembre;25.63;16.07;0.0;viable;5.0
93;10.0;octubre;54.4;16.48;0.0;viable;7.0
93;11.0;noviembre;64.77;16.91;0.0;viable;8.0
93;12.0;diciembre;92.79;16.18;0.0;viable;9.0
94;1.0;enero;237.3;11.92;1.0;desaconsejado;12.0
94;2.0;febrero;230.71;12.11;1.0;desaconsejado;11.0
94;3.0;marzo;213.89;11.86;1.0;desaconsejado;10.0
94;4.0;abril;96.57;11.52;0.0;viable;6.0
94;5.0;mayo;46.11;11.06;0.0;viable;4.0
94;6.0;junio;12.82;10.24;0.0;viable;1.0
94;7.0;julio;16.28;10.21;0.0;viable;2.0
94;8.0;agosto;25.24;10.88;0.0;viable;3.0
94;9.0;setiembre;77.59;11.51;0.0;viable;5.0
94;10.0;octubre;122.47;11.97;0.0;viable;7.0
94;11.0;noviembre;131.96;12.42;0.0;viable;8.0
94;12.0;diciembre;183.22;12.29;0.0;advertencia;9.0
95;1.0;enero;173.59;17.21;1.0;desaconsejado;12.0
95;2.0;febrero;146.71;17.29;1.0;advertencia;11.0
95;3.0;marzo;139.53;17.07;1.0;advertencia;10.0
95;4.0;abril;61.28;16.9;0.0;viable;6.0
95;5.0;mayo;24.53;16.46;0.0;viable;4.0
95;6.0;junio;12.67;15.93;0.0;viable;1.0
95;7.0;julio;12.97;15.95;0.0;viable;2.0
95;8.0;agosto;16.93;16.54;0.0;viable;3.0
95;9.0;setiembre;40.48;17.36;0.0;viable;5.0
95;10.0;octubre;75.3;17.85;0.0;viable;7.0
95;11.0;noviembre;83.24;18.31;0.0;viable;8.0
95;12.0;diciembre;135.2;17.75;0.0;viable;9.0
96;1.0;enero;180.02;4.48;1.0;desaconsejado;11.0
96;2.0;febrero;177.07;4.83;0.0;advertencia;9.0
96;3.0;marzo;177.83;4.69;1.0;desaconsejado;10.0
96;4.0;abril;102.83;4.39;0.0;viable;6.0
96;5.0;mayo;71.05;4.05;0.0;viable;4.0
96;6.0;junio;21.43;3.32;0.0;viable;2.0
96;7.0;julio;20.94;3.08;0.0;viable;1.0
96;8.0;agosto;36.16;3.45;0.0;viable;3.0
96;9.0;setiembre;86.57;4.0;0.0;viable;5.0
96;10.0;octubre;128.15;4.43;0.0;viable;7.0
96;11.0;noviembre;137.32;4.82;0.0;viable;8.0
96;12.0;diciembre;182.37;4.81;1.0;desaconsejado;12.0
97;1.0;enero;41.76;19.21;0.0;viable;11.0
97;2.0;febrero;46.02;19.23;0.0;viable;12.0
97;3.0;marzo;23.67;19.47;0.0;viable;10.0
97;4.0;abril;4.57;19.14;0.0;viable;9.0
97;5.0;mayo;0.02;19.35;0.0;viable;1.0
97;6.0;junio;0.22;18.77;0.0;viable;4.0
97;7.0;julio;0.78;18.88;0.0;viable;7.0
97;8.0;agosto;0.18;19.18;0.0;viable;3.0
97;9.0;setiembre;0.15;19.25;0.0;viable;2.0
97;10.0;octubre;0.27;19.49;0.0;viable;5.0
97;11.0;noviembre;0.51;19.27;0.0;viable;6.0
97;12.0;diciembre;4.27;19.48;0.0;viable;8.0
98;1.0;enero;137.38;15.37;1.0;advertencia;12.0
98;2.0;febrero;116.98;15.32;1.0;advertencia;10.0
98;3.0;marzo;119.11;15.12;1.0;advertencia;11.0
98;4.0;abril;43.12;15.33;0.0;viable;6.0
98;5.0;mayo;22.51;15.07;0.0;viable;4.0
98;6.0;junio;3.84;14.6;0.0;viable;1.0
98;7.0;julio;8.01;14.53;0.0;viable;2.0
98;8.0;agosto;11.68;15.12;0.0;viable;3.0
98;9.0;setiembre;25.63;16.07;0.0;viable;5.0
98;10.0;octubre;54.4;16.48;0.0;viable;7.0
98;11.0;noviembre;64.77;16.91;0.0;viable;8.0
98;12.0;diciembre;92.79;16.18;0.0;viable;9.0
99;1.0;enero;14.94;23.93;0.0;viable;9.0
99;2.0;febrero;34.37;25.26;0.0;viable;11.0
99;3.0;marzo;77.2;25.32;0.9896907216494846;advertencia;12.0
99;4.0;abril;23.35;23.65;0.0;viable;10.0
99;5.0;mayo;7.62;22.11;0.0;viable;7.0
99;6.0;junio;0.43;20.73;0.0;viable;2.0
99;7.0;julio;1.03;19.74;0.0;viable;3.0
99;8.0;agosto;0.31;19.28;0.0;viable;1.0
99;9.0;setiembre;1.06;19.24;0.0;viable;4.0
99;10.0;octubre;4.72;19.54;0.0;viable;6.0
99;11.0;noviembre;3.57;20.32;0.0;viable;5.0
99;12.0;diciembre;13.74;22.15;0.0;viable;8.0
100;1.0;enero;216.79;13.14;1.0;desaconsejado;11.0
100;2.0;febrero;202.39;13.35;1.0;desaconsejado;10.0
100;3.0;marzo;264.69;13.15;1.0;desaconsejado;12.0
100;4.0;abril;146.57;13.29;0.0;viable;7.0
100;5.0;mayo;63.37;13.14;0.0;viable;4.0
100;6.0;junio;22.91;13.1;0.0;viable;2.0
100;7.0;julio;21.35;13.38;0.0;viable;1.0
100;8.0;agosto;35.94;13.74;0.0;viable;3.0
100;9.0;setiembre;98.38;13.79;0.0;viable;5.0
100;10.0;octubre;163.28;13.39;0.0;advertencia;8.0
100;11.0;noviembre;140.97;13.5;0.0;viable;6.0
100;12.0;diciembre;201.24;13.3;0.0;advertencia;9.0
101;1.0;enero;141.22;24.58;0.0;viable;6.0
101;2.0;febrero;166.67;24.58;1.0;desaconsejado;10.0
101;3.0;marzo;232.83;24.16;1.0;desaconsejado;12.0
101;4.0;abril;188.38;23.99;1.0;desaconsejado;11.0
101;5.0;mayo;159.15;23.8;0.0;advertencia;9.0
101;6.0;junio;112.89;23.19;0.0;viable;3.0
101;7.0;julio;80.31;23.23;0.0;viable;2.0
101;8.0;agosto;75.92;24.04;0.0;viable;1.0
101;9.0;setiembre;123.94;24.77;0.0;viable;4.0
101;10.0;octubre;147.02;24.84;0.0;viable;8.0
101;11.0;noviembre;141.36;24.83;0.0;viable;7.0
101;12.0;diciembre;128.56;24.78;0.0;viable;5.0
102;1.0;enero;232.63;9.57;1.0;desaconsejado;12.0
102;2.0;febrero;201.54;9.66;1.0;desaconsejado;11.0
102;3.0;marzo;156.47;9.5;0.0;advertencia;9.0
102;4.0;abril;82.89;8.83;0.0;viable;7.0
102;5.0;mayo;23.28;8.14;0.0;viable;4.0
102;6.0;junio;7.01;7.79;0.0;viable;1.0
102;7.0;julio;10.33;7.81;0.0;viable;2.0
102;8.0;agosto;19.2;8.42;0.0;viable;3.0
102;9.0;setiembre;51.02;9.22;0.0;viable;5.0
102;10.0;octubre;70.45;9.88;0.0;viable;6.0
102;11.0;noviembre;89.74;10.87;0.0;viable;8.0
102;12.0;diciembre;168.91;10.13;1.0;desaconsejado;10.0
103;1.0;enero;227.76;11.24;1.0;desaconsejado;12.0
103;2.0;febrero;202.16;11.41;1.0;desaconsejado;11.0
103;3.0;marzo;154.21;11.25;0.0;advertencia;9.0
103;4.0;abril;75.9;10.95;0.0;viable;6.0
103;5.0;mayo;35.63;10.58;0.0;viable;4.0
103;6.0;junio;8.11;10.16;0.0;viable;1.0
103;7.0;julio;12.11;10.12;0.0;viable;2.0
103;8.0;agosto;22.26;10.51;0.0;viable;3.0
103;9.0;setiembre;37.18;11.31;0.0;viable;5.0
103;10.0;octubre;83.98;11.89;0.0;viable;7.0
103;11.0;noviembre;124.88;12.21;0.0;viable;8.0
103;12.0;diciembre;193.26;11.84;1.0;desaconsejado;10.0
104;1.0;enero;14.49;22.04;0.0;viable;10.0
104;2.0;febrero;16.19;22.97;0.0;viable;11.0
104;3.0;marzo;24.81;22.76;0.0;viable;12.0
104;4.0;abril;3.62;21.21;0.0;viable;8.0
104;5.0;mayo;0.82;19.28;0.0;viable;4.0
104;6.0;junio;0.73;17.77;0.0;viable;3.0
104;7.0;julio;0.59;16.92;0.0;viable;2.0
104;8.0;agosto;0.48;16.58;0.0;viable;1.0
104;9.0;setiembre;1.52;16.84;0.0;viable;5.0
104;10.0;octubre;2.54;17.41;0.0;viable;7.0
104;11.0;noviembre;1.59;18.55;0.0;viable;6.0
104;12.0;diciembre;7.6;20.34;0.0;viable;9.0
105;1.0;enero;14.49;22.04;0.0;viable;10.0
105;2.0;febrero;16.19;22.97;0.0;viable;11.0
105;3.0;marzo;24.81;22.76;0.0;viable;12.0
105;4.0;abril;3.62;21.21;0.0;viable;8.0
105;5.0;mayo;0.82;19.28;0.0;viable;4.0
105;6.0;junio;0.73;17.77;0.0;viable;3.0
105;7.0;julio;0.59;16.92;0.0;viable;2.0
105;8.0;agosto;0.48;16.58;0.0;viable;1.0
105;9.0;setiembre;1.52;16.84;0.0;viable;5.0
105;10.0;octubre;2.54;17.41;0.0;viable;7.0
105;11.0;noviembre;1.59;18.55;0.0;viable;6.0
105;12.0;diciembre;7.6;20.34;0.0;viable;9.0
106;1.0;enero;132.43;15.16;1.0;advertencia;11.0
106;2.0;febrero;164.64;14.8;1.0;desaconsejado;12.0
106;3.0;marzo;116.91;14.71;1.0;advertencia;10.0
106;4.0;abril;26.75;15.63;0.0;viable;9.0
106;5.0;mayo;0.7;15.47;0.0;viable;2.0
106;6.0;junio;0.71;14.81;0.0;viable;3.0
106;7.0;julio;0.94;15.12;0.0;viable;5.0
106;8.0;agosto;0.57;15.61;0.0;viable;1.0
106;9.0;setiembre;0.84;16.6;0.0;viable;4.0
106;10.0;octubre;3.61;16.91;0.0;viable;6.0
106;11.0;noviembre;4.65;16.87;0.0;viable;7.0
106;12.0;diciembre;26.74;16.6;0.0;viable;8.0
107;1.0;enero;136.56;15.34;1.0;advertencia;12.0
107;2.0;febrero;124.92;15.24;1.0;advertencia;11.0
107;3.0;marzo;118.74;15.05;1.0;advertencia;10.0
107;4.0;abril;40.39;15.38;0.0;viable;6.0
107;5.0;mayo;18.88;15.14;0.0;viable;4.0
107;6.0;junio;3.32;14.64;0.0;viable;1.0
107;7.0;julio;6.83;14.63;0.0;viable;2.0
107;8.0;agosto;9.83;15.2;0.0;viable;3.0
107;9.0;setiembre;21.5;16.16;0.0;viable;5.0
107;10.0;octubre;45.94;16.55;0.0;viable;7.0
107;11.0;noviembre;54.75;16.91;0.0;viable;8.0
107;12.0;diciembre;81.78;16.25;0.0;viable;9.0
108;1.0;enero;22.83;22.12;0.0;viable;10.0
108;2.0;febrero;26.58;23.28;0.0;viable;11.0
108;3.0;marzo;45.56;23.38;0.0;viable;12.0
108;4.0;abril;17.92;21.87;0.0;viable;9.0
108;5.0;mayo;3.43;20.72;0.0;viable;6.0
108;6.0;junio;0.99;19.56;0.0;viable;3.0
108;7.0;julio;0.24;18.74;0.0;viable;1.0
108;8.0;agosto;0.48;18.23;0.0;viable;2.0
108;9.0;setiembre;1.66;18.23;0.0;viable;4.0
108;10.0;octubre;7.57;18.42;0.0;viable;7.0
108;11.0;noviembre;2.41;19.21;0.0;viable;5.0
108;12.0;diciembre;13.92;20.83;0.0;viable;8.0
109;1.0;enero;242.63;26.04;0.0;advertencia;7.0
109;2.0;febrero;227.47;26.24;0.0;advertencia;6.0
109;3.0;marzo;316.19;26.04;1.0;desaconsejado;11.0
109;4.0;abril;316.75;25.9;1.0;desaconsejado;12.0
109;5.0;mayo;278.89;25.61;1.0;desaconsejado;10.0
109;6.0;junio;190.08;25.14;0.0;advertencia;5.0
109;7.0;julio;167.46;25.17;0.0;advertencia;3.0
109;8.0;agosto;151.55;25.87;0.0;advertencia;2.0
109;9.0;setiembre;127.82;26.71;0.0;viable;1.0
109;10.0;octubre;186.34;26.63;0.0;advertencia;4.0
109;11.0;noviembre;248.97;26.44;0.0;advertencia;8.0
109;12.0;diciembre;274.84;26.13;0.0;advertencia;9.0
110;1.0;enero;35.18;19.84;0.125;viable;10.0
110;2.0;febrero;36.3;20.7;0.0;viable;11.0
110;3.0;marzo;43.94;20.5;0.125;viable;12.0
110;4.0;abril;16.02;19.11;0.0;viable;6.0
110;5.0;mayo;9.6;17.38;0.0;viable;4.0
110;6.0;junio;3.32;15.97;0.0;viable;2.0
110;7.0;julio;3.13;15.19;0.0;viable;1.0
110;8.0;agosto;4.94;14.94;0.0;viable;3.0
110;9.0;setiembre;12.15;15.24;0.0;viable;5.0
110;10.0;octubre;18.24;15.79;0.0;viable;7.0
110;11.0;noviembre;18.56;16.83;0.0;viable;8.0
110;12.0;diciembre;29.45;18.4;0.125;viable;9.0
111;1.0;enero;237.3;11.92;1.0;desaconsejado;12.0
111;2.0;febrero;230.71;12.11;1.0;desaconsejado;11.0
111;3.0;marzo;213.89;11.86;1.0;desaconsejado;10.0
111;4.0;abril;96.57;11.52;0.0;viable;6.0
111;5.0;mayo;46.11;11.06;0.0;viable;4.0
111;6.0;junio;12.82;10.24;0.0;viable;1.0
111;7.0;julio;16.28;10.21;0.0;viable;2.0
111;8.0;agosto;25.24;10.88;0.0;viable;3.0
111;9.0;setiembre;77.59;11.51;0.0;viable;5.0
111;10.0;octubre;122.47;11.97;0.0;viable;7.0
111;11.0;noviembre;131.96;12.42;0.0;viable;8.0
111;12.0;diciembre;183.22;12.29;0.0;advertencia;9.0
112;1.0;enero;216.79;13.14;1.0;desaconsejado;11.0
112;2.0;febrero;202.39;13.35;1.0;desaconsejado;10.0
112;3.0;marzo;264.69;13.15;1.0;desaconsejado;12.0
112;4.0;abril;146.57;13.29;0.0;viable;7.0
112;5.0;mayo;63.37;13.14;0.0;viable;4.0
112;6.0;junio;22.91;13.1;0.0;viable;2.0
112;7.0;julio;21.35;13.38;0.0;viable;1.0
112;8.0;agosto;35.94;13.74;0.0;viable;3.0
112;9.0;setiembre;98.38;13.79;0.0;viable;5.0
112;10.0;octubre;163.28;13.39;0.0;advertencia;8.0
112;11.0;noviembre;140.97;13.5;0.0;viable;6.0
112;12.0;diciembre;201.24;13.3;0.0;advertencia;9.0
113;1.0;enero;132.43;15.16;1.0;advertencia;11.0
113;2.0;febrero;164.64;14.8;1.0;desaconsejado;12.0
113;3.0;marzo;116.91;14.71;1.0;advertencia;10.0
113;4.0;abril;26.75;15.63;0.0;viable;9.0
113;5.0;mayo;0.7;15.47;0.0;viable;2.0
113;6.0;junio;0.71;14.81;0.0;viable;3.0
113;7.0;julio;0.94;15.12;0.0;viable;5.0
113;8.0;agosto;0.57;15.61;0.0;viable;1.0
113;9.0;setiembre;0.84;16.6;0.0;viable;4.0
113;10.0;octubre;3.61;16.91;0.0;viable;6.0
113;11.0;noviembre;4.65;16.87;0.0;viable;7.0
113;12.0;diciembre;26.74;16.6;0.0;viable;8.0
114;1.0;enero;237.3;11.92;1.0;desaconsejado;12.0
114;2.0;febrero;230.71;12.11;1.0;desaconsejado;11.0
114;3.0;marzo;213.89;11.86;1.0;desaconsejado;10.0
114;4.0;abril;96.57;11.52;0.0;viable;6.0
114;5.0;mayo;46.11;11.06;0.0;viable;4.0
114;6.0;junio;12.82;10.24;0.0;viable;1.0
114;7.0;julio;16.28;10.21;0.0;viable;2.0
114;8.0;agosto;25.24;10.88;0.0;viable;3.0
114;9.0;setiembre;77.59;11.51;0.0;viable;5.0
114;10.0;octubre;122.47;11.97;0.0;viable;7.0
114;11.0;noviembre;131.96;12.42;0.0;viable;8.0
114;12.0;diciembre;183.22;12.29;0.0;advertencia;9.0
115;1.0;enero;37.77;19.43;0.0;viable;11.0
115;2.0;febrero;41.49;19.56;0.0;viable;12.0
115;3.0;marzo;21.98;19.66;0.0;viable;10.0
115;4.0;abril;4.04;19.05;0.0;viable;8.0
115;5.0;mayo;0.25;18.9;0.0;viable;1.0
115;6.0;junio;0.57;18.16;0.0;viable;4.0
115;7.0;julio;1.1;18.13;0.0;viable;7.0
115;8.0;agosto;0.63;18.4;0.0;viable;5.0
115;9.0;setiembre;0.37;18.54;0.0;viable;2.0
115;10.0;octubre;0.42;18.91;0.0;viable;3.0
115;11.0;noviembre;0.69;18.95;0.0;viable;6.0
115;12.0;diciembre;4.74;19.41;0.0;viable;9.0
116;1.0;enero;48.77;20.48;0.15384615384615385;viable;10.0
116;2.0;febrero;49.19;21.3;0.15384615384615385;viable;11.0
116;3.0;marzo;53.9;21.09;0.15384615384615385;viable;12.0
116;4.0;abril;17.92;19.72;0.0;viable;6.0
116;5.0;mayo;7.79;18.02;0.0;viable;4.0
116;6.0;junio;2.59;16.62;0.0;viable;1.0
116;7.0;julio;3.0;15.89;0.0;viable;2.0
116;8.0;agosto;4.29;15.7;0.0;viable;3.0
116;9.0;setiembre;13.22;16.02;0.0;viable;5.0
116;10.0;octubre;20.99;16.58;0.0;viable;7.0
116;11.0;noviembre;21.65;17.6;0.0;viable;8.0
116;12.0;diciembre;34.62;19.1;0.0;viable;9.0
117;1.0;enero;17.57;26.62;0.0;viable;8.0
117;2.0;febrero;54.2;27.49;1.0;advertencia;10.0
117;3.0;marzo;149.83;27.34;1.0;advertencia;12.0
117;4.0;abril;61.99;26.38;1.0;advertencia;11.0
117;5.0;mayo;13.21;25.02;0.0;viable;7.0
117;6.0;junio;2.52;23.35;0.0;viable;4.0
117;7.0;julio;0.71;22.34;0.0;viable;2.0
117;8.0;agosto;1.58;21.92;0.0;viable;3.0
117;9.0;setiembre;0.49;22.24;0.0;viable;1.0
117;10.0;octubre;5.64;22.62;0.0;viable;5.0
117;11.0;noviembre;10.35;22.94;0.0;viable;6.0
117;12.0;diciembre;19.71;24.9;0.0;viable;9.0
120;1.0;enero;132.43;15.16;1.0;advertencia;11.0
120;2.0;febrero;164.64;14.8;1.0;desaconsejado;12.0
120;3.0;marzo;116.91;14.71;1.0;advertencia;10.0
120;4.0;abril;26.75;15.63;0.0;viable;9.0
120;5.0;mayo;0.7;15.47;0.0;viable;2.0
120;6.0;junio;0.71;14.81;0.0;viable;3.0
120;7.0;julio;0.94;15.12;0.0;viable;5.0
120;8.0;agosto;0.57;15.61;0.0;viable;1.0
120;9.0;setiembre;0.84;16.6;0.0;viable;4.0
120;10.0;octubre;3.61;16.91;0.0;viable;6.0
120;11.0;noviembre;4.65;16.87;0.0;viable;7.0
120;12.0;diciembre;26.74;16.6;0.0;viable;8.0
121;1.0;enero;83.88;25.58;0.0;viable;9.0
121;2.0;febrero;165.43;25.93;1.0;desaconsejado;11.0
121;3.0;marzo;215.36;25.8;1.0;desaconsejado;12.0
121;4.0;abril;134.08;25.67;1.0;advertencia;10.0
121;5.0;mayo;52.4;25.19;0.0;viable;8.0
121;6.0;junio;8.05;24.37;0.0;viable;4.0
121;7.0;julio;3.83;23.71;0.0;viable;2.0
121;8.0;agosto;4.31;23.06;0.0;viable;3.0
121;9.0;setiembre;2.8;23.32;0.0;viable;1.0
121;10.0;octubre;8.63;23.51;0.0;viable;5.0
121;11.0;noviembre;12.69;23.59;0.0;viable;6.0
121;12.0;diciembre;35.32;24.91;0.0;viable;7.0
122;1.0;enero;17.57;26.62;0.0;viable;8.0
122;2.0;febrero;54.2;27.49;1.0;advertencia;10.0
122;3.0;marzo;149.83;27.34;1.0;advertencia;12.0
122;4.0;abril;61.99;26.38;1.0;advertencia;11.0
122;5.0;mayo;13.21;25.02;0.0;viable;7.0
122;6.0;junio;2.52;23.35;0.0;viable;4.0
122;7.0;julio;0.71;22.34;0.0;viable;2.0
122;8.0;agosto;1.58;21.92;0.0;viable;3.0
122;9.0;setiembre;0.49;22.24;0.0;viable;1.0
122;10.0;octubre;5.64;22.62;0.0;viable;5.0
122;11.0;noviembre;10.35;22.94;0.0;viable;6.0
122;12.0;diciembre;19.71;24.9;0.0;viable;9.0
123;1.0;enero;266.2;19.9;1.0;desaconsejado;11.0
123;2.0;febrero;267.12;19.98;1.0;desaconsejado;12.0
123;3.0;marzo;256.1;19.82;1.0;desaconsejado;10.0
123;4.0;abril;172.3;19.61;0.0;advertencia;7.0
123;5.0;mayo;108.28;19.24;0.0;viable;5.0
123;6.0;junio;53.09;18.68;0.0;viable;3.0
123;7.0;julio;47.27;18.84;0.0;viable;1.0
123;8.0;agosto;51.99;19.63;0.0;viable;2.0
123;9.0;setiembre;86.79;20.3;0.0;viable;4.0
123;10.0;octubre;148.86;20.41;0.0;viable;6.0
123;11.0;noviembre;188.66;20.38;0.0;advertencia;8.0
123;12.0;diciembre;225.24;20.2;0.0;advertencia;9.0
124;1.0;enero;189.07;15.5;1.0;desaconsejado;12.0
124;2.0;febrero;162.55;15.61;1.0;desaconsejado;11.0
124;3.0;marzo;143.72;15.41;0.7142857142857143;advertencia;9.0
124;4.0;abril;65.46;15.2;0.0;viable;6.0
124;5.0;mayo;27.7;14.78;0.0;viable;4.0
124;6.0;junio;11.37;14.28;0.0;viable;1.0
124;7.0;julio;12.72;14.28;0.0;viable;2.0
124;8.0;agosto;18.45;14.82;0.0;viable;3.0
124;9.0;setiembre;39.54;15.63;0.0;viable;5.0
124;10.0;octubre;77.78;16.15;0.0;viable;7.0
124;11.0;noviembre;95.14;16.56;0.0;viable;8.0
124;12.0;diciembre;151.79;16.06;0.2857142857142857;advertencia;10.0
125;1.0;enero;17.57;26.62;0.0;viable;8.0
125;2.0;febrero;54.2;27.49;1.0;advertencia;10.0
125;3.0;marzo;149.83;27.34;1.0;advertencia;12.0
125;4.0;abril;61.99;26.38;1.0;advertencia;11.0
125;5.0;mayo;13.21;25.02;0.0;viable;7.0
125;6.0;junio;2.52;23.35;0.0;viable;4.0
125;7.0;julio;0.71;22.34;0.0;viable;2.0
125;8.0;agosto;1.58;21.92;0.0;viable;3.0
125;9.0;setiembre;0.49;22.24;0.0;viable;1.0
125;10.0;octubre;5.64;22.62;0.0;viable;5.0
125;11.0;noviembre;10.35;22.94;0.0;viable;6.0
125;12.0;diciembre;19.71;24.9;0.0;viable;9.0
126;1.0;enero;172.54;16.11;1.0;desaconsejado;11.0
126;2.0;febrero;161.85;16.26;1.0;desaconsejado;10.0
126;3.0;marzo;188.62;16.13;1.0;desaconsejado;12.0
126;4.0;abril;100.27;16.19;0.0;viable;6.0
126;5.0;mayo;55.57;15.97;0.0;viable;4.0
126;6.0;junio;22.54;15.65;0.0;viable;2.0
126;7.0;julio;20.28;15.73;0.0;viable;1.0
126;8.0;agosto;29.62;16.1;0.0;viable;3.0
126;9.0;setiembre;62.81;16.52;0.0;viable;5.0
126;10.0;octubre;114.16;16.48;0.0;viable;8.0
126;11.0;noviembre;103.56;16.63;0.0;viable;7.0
126;12.0;diciembre;152.63;16.36;0.0;advertencia;9.0
128;1.0;enero;232.63;9.57;1.0;desaconsejado;12.0
128;2.0;febrero;201.54;9.66;1.0;desaconsejado;11.0
128;3.0;marzo;156.47;9.5;0.0;advertencia;9.0
128;4.0;abril;82.89;8.83;0.0;viable;7.0
128;5.0;mayo;23.28;8.14;0.0;viable;4.0
128;6.0;junio;7.01;7.79;0.0;viable;1.0
128;7.0;julio;10.33;7.81;0.0;viable;2.0
128;8.0;agosto;19.2;8.42;0.0;viable;3.0
128;9.0;setiembre;51.02;9.22;0.0;viable;5.0
128;10.0;octubre;70.45;9.88;0.0;viable;6.0
128;11.0;noviembre;89.74;10.87;0.0;viable;8.0
128;12.0;diciembre;168.91;10.13;1.0;desaconsejado;10.0
129;1.0;enero;343.97;22.37;1.0;desaconsejado;12.0
129;2.0;febrero;335.24;22.23;1.0;desaconsejado;11.0
129;3.0;marzo;261.44;22.29;0.0;advertencia;9.0
129;4.0;abril;155.79;21.92;0.0;advertencia;6.0
129;5.0;mayo;89.9;20.91;0.0;viable;5.0
129;6.0;junio;49.06;20.18;0.0;viable;3.0
129;7.0;julio;30.23;20.49;0.0;viable;1.0
129;8.0;agosto;46.09;21.62;0.0;viable;2.0
129;9.0;setiembre;84.24;22.95;0.0;viable;4.0
129;10.0;octubre;161.2;23.19;0.0;advertencia;7.0
129;11.0;noviembre;221.55;22.98;0.0;advertencia;8.0
129;12.0;diciembre;329.0;22.67;1.0;desaconsejado;10.0
131;1.0;enero;290.62;16.24;1.0;desaconsejado;12.0
131;2.0;febrero;271.18;16.21;1.0;desaconsejado;11.0
131;3.0;marzo;211.14;16.16;0.0;advertencia;9.0
131;4.0;abril;120.86;15.65;0.0;viable;7.0
131;5.0;mayo;57.98;14.79;0.0;viable;4.0
131;6.0;junio;28.91;14.24;0.0;viable;2.0
131;7.0;julio;20.7;14.42;0.0;viable;1.0
131;8.0;agosto;33.2;15.3;0.0;viable;3.0
131;9.0;setiembre;68.32;16.37;0.0;viable;5.0
131;10.0;octubre;117.72;16.81;0.0;viable;6.0
131;11.0;noviembre;158.39;17.18;0.0;advertencia;8.0
131;12.0;diciembre;252.29;16.66;1.0;desaconsejado;10.0
132;1.0;enero;17.57;26.62;0.0;viable;8.0
132;2.0;febrero;54.2;27.49;1.0;advertencia;10.0
132;3.0;marzo;149.83;27.34;1.0;advertencia;12.0
132;4.0;abril;61.99;26.38;1.0;advertencia;11.0
132;5.0;mayo;13.21;25.02;0.0;viable;7.0
132;6.0;junio;2.52;23.35;0.0;viable;4.0
132;7.0;julio;0.71;22.34;0.0;viable;2.0
132;8.0;agosto;1.58;21.92;0.0;viable;3.0
132;9.0;setiembre;0.49;22.24;0.0;viable;1.0
132;10.0;octubre;5.64;22.62;0.0;viable;5.0
132;11.0;noviembre;10.35;22.94;0.0;viable;6.0
132;12.0;diciembre;19.71;24.9;0.0;viable;9.0
133;1.0;enero;220.09;13.46;1.0;desaconsejado;10.0
133;2.0;febrero;253.13;13.62;1.0;desaconsejado;11.0
133;3.0;marzo;291.43;13.5;1.0;desaconsejado;12.0
133;4.0;abril;182.77;13.76;0.0;advertencia;8.0
133;5.0;mayo;98.32;13.74;0.0;viable;5.0
133;6.0;junio;22.35;13.64;0.0;viable;3.0
133;7.0;julio;11.09;14.19;0.0;viable;1.0
133;8.0;agosto;16.82;14.67;0.0;viable;2.0
133;9.0;setiembre;85.19;14.43;0.0;viable;4.0
133;10.0;octubre;138.85;13.89;0.0;viable;7.0
133;11.0;noviembre;108.97;13.92;0.0;viable;6.0
133;12.0;diciembre;198.96;13.71;0.0;advertencia;9.0
134;1.0;enero;187.89;14.41;0.8571428571428571;desaconsejado;11.0
134;2.0;febrero;175.79;14.73;0.8571428571428571;desaconsejado;10.0
134;3.0;marzo;230.42;14.52;0.8571428571428571;desaconsejado;12.0
134;4.0;abril;126.15;14.42;0.0;viable;7.0
134;5.0;mayo;54.43;14.02;0.0;viable;4.0
134;6.0;junio;19.74;13.76;0.0;viable;2.0
134;7.0;julio;18.38;13.88;0.0;viable;1.0
134;8.0;agosto;30.87;14.15;0.0;viable;3.0
134;9.0;setiembre;84.54;14.23;0.0;viable;5.0
134;10.0;octubre;140.32;13.96;0.0;viable;8.0
134;11.0;noviembre;121.06;14.22;0.0;viable;6.0
134;12.0;diciembre;173.58;14.31;0.0;advertencia;9.0
135;1.0;enero;14.86;23.94;0.0;viable;9.0
135;2.0;febrero;34.45;25.28;0.0;viable;11.0
135;3.0;marzo;77.53;25.34;1.0;advertencia;12.0
135;4.0;abril;23.41;23.67;0.0;viable;10.0
135;5.0;mayo;7.66;22.13;0.0;viable;7.0
135;6.0;junio;0.42;20.74;0.0;viable;2.0
135;7.0;julio;1.04;19.75;0.0;viable;3.0
135;8.0;agosto;0.31;19.29;0.0;viable;1.0
135;9.0;setiembre;1.05;19.25;0.0;viable;4.0
135;10.0;octubre;4.69;19.55;0.0;viable;6.0
135;11.0;noviembre;3.58;20.34;0.0;viable;5.0
135;12.0;diciembre;13.74;22.16;0.0;viable;8.0
136;1.0;enero;132.43;15.16;1.0;advertencia;11.0
136;2.0;febrero;164.64;14.8;1.0;desaconsejado;12.0
136;3.0;marzo;116.91;14.71;1.0;advertencia;10.0
136;4.0;abril;26.75;15.63;0.0;viable;9.0
136;5.0;mayo;0.7;15.47;0.0;viable;2.0
136;6.0;junio;0.71;14.81;0.0;viable;3.0
136;7.0;julio;0.94;15.12;0.0;viable;5.0
136;8.0;agosto;0.57;15.61;0.0;viable;1.0
136;9.0;setiembre;0.84;16.6;0.0;viable;4.0
136;10.0;octubre;3.61;16.91;0.0;viable;6.0
136;11.0;noviembre;4.65;16.87;0.0;viable;7.0
136;12.0;diciembre;26.74;16.6;0.0;viable;8.0
137;1.0;enero;227.76;11.24;1.0;desaconsejado;12.0
137;2.0;febrero;202.16;11.41;1.0;desaconsejado;11.0
137;3.0;marzo;154.21;11.25;0.0;advertencia;9.0
137;4.0;abril;75.9;10.95;0.0;viable;6.0
137;5.0;mayo;35.63;10.58;0.0;viable;4.0
137;6.0;junio;8.11;10.16;0.0;viable;1.0
137;7.0;julio;12.11;10.12;0.0;viable;2.0
137;8.0;agosto;22.26;10.51;0.0;viable;3.0
137;9.0;setiembre;37.18;11.31;0.0;viable;5.0
137;10.0;octubre;83.98;11.89;0.0;viable;7.0
137;11.0;noviembre;124.88;12.21;0.0;viable;8.0
137;12.0;diciembre;193.26;11.84;1.0;desaconsejado;10.0
138;1.0;enero;227.76;11.24;1.0;desaconsejado;12.0
138;2.0;febrero;202.16;11.41;1.0;desaconsejado;11.0
138;3.0;marzo;154.21;11.25;0.0;advertencia;9.0
138;4.0;abril;75.9;10.95;0.0;viable;6.0
138;5.0;mayo;35.63;10.58;0.0;viable;4.0
138;6.0;junio;8.11;10.16;0.0;viable;1.0
138;7.0;julio;12.11;10.12;0.0;viable;2.0
138;8.0;agosto;22.26;10.51;0.0;viable;3.0
138;9.0;setiembre;37.18;11.31;0.0;viable;5.0
138;10.0;octubre;83.98;11.89;0.0;viable;7.0
138;11.0;noviembre;124.88;12.21;0.0;viable;8.0
138;12.0;diciembre;193.26;11.84;1.0;desaconsejado;10.0
139;1.0;enero;22.83;22.12;0.0;viable;10.0
139;2.0;febrero;26.58;23.28;0.0;viable;11.0
139;3.0;marzo;45.56;23.38;0.0;viable;12.0
139;4.0;abril;17.92;21.87;0.0;viable;9.0
139;5.0;mayo;3.43;20.72;0.0;viable;6.0
139;6.0;junio;0.99;19.56;0.0;viable;3.0
139;7.0;julio;0.24;18.74;0.0;viable;1.0
139;8.0;agosto;0.48;18.23;0.0;viable;2.0
139;9.0;setiembre;1.66;18.23;0.0;viable;4.0
139;10.0;octubre;7.57;18.42;0.0;viable;7.0
139;11.0;noviembre;2.41;19.21;0.0;viable;5.0
139;12.0;diciembre;13.92;20.83;0.0;viable;8.0
140;1.0;enero;232.63;9.57;1.0;desaconsejado;12.0
140;2.0;febrero;201.54;9.66;1.0;desaconsejado;11.0
140;3.0;marzo;156.47;9.5;0.0;advertencia;9.0
140;4.0;abril;82.89;8.83;0.0;viable;7.0
140;5.0;mayo;23.28;8.14;0.0;viable;4.0
140;6.0;junio;7.01;7.79;0.0;viable;1.0
140;7.0;julio;10.33;7.81;0.0;viable;2.0
140;8.0;agosto;19.2;8.42;0.0;viable;3.0
140;9.0;setiembre;51.02;9.22;0.0;viable;5.0
140;10.0;octubre;70.45;9.88;0.0;viable;6.0
140;11.0;noviembre;89.74;10.87;0.0;viable;8.0
140;12.0;diciembre;168.91;10.13;1.0;desaconsejado;10.0
141;1.0;enero;227.76;11.24;1.0;desaconsejado;12.0
141;2.0;febrero;202.16;11.41;1.0;desaconsejado;11.0
141;3.0;marzo;154.21;11.25;0.0;advertencia;9.0
141;4.0;abril;75.9;10.95;0.0;viable;6.0
141;5.0;mayo;35.63;10.58;0.0;viable;4.0
141;6.0;junio;8.11;10.16;0.0;viable;1.0
141;7.0;julio;12.11;10.12;0.0;viable;2.0
141;8.0;agosto;22.26;10.51;0.0;viable;3.0
141;9.0;setiembre;37.18;11.31;0.0;viable;5.0
141;10.0;octubre;83.98;11.89;0.0;viable;7.0
141;11.0;noviembre;124.88;12.21;0.0;viable;8.0
141;12.0;diciembre;193.26;11.84;1.0;desaconsejado;10.0
142;1.0;enero;232.63;9.57;1.0;desaconsejado;12.0
142;2.0;febrero;201.54;9.66;1.0;desaconsejado;11.0
142;3.0;marzo;156.47;9.5;0.0;advertencia;9.0
142;4.0;abril;82.89;8.83;0.0;viable;7.0
142;5.0;mayo;23.28;8.14;0.0;viable;4.0
142;6.0;junio;7.01;7.79;0.0;viable;1.0
142;7.0;julio;10.33;7.81;0.0;viable;2.0
142;8.0;agosto;19.2;8.42;0.0;viable;3.0
142;9.0;setiembre;51.02;9.22;0.0;viable;5.0
142;10.0;octubre;70.45;9.88;0.0;viable;6.0
142;11.0;noviembre;89.74;10.87;0.0;viable;8.0
142;12.0;diciembre;168.91;10.13;1.0;desaconsejado;10.0
146;1.0;enero;41.83;22.66;0.18181818181818182;viable;11.0
146;2.0;febrero;47.57;23.27;0.18181818181818182;viable;12.0
146;3.0;marzo;37.15;23.32;0.18181818181818182;viable;10.0
146;4.0;abril;6.99;22.16;0.0;viable;8.0
146;5.0;mayo;0.54;19.75;0.0;viable;5.0
146;6.0;junio;0.33;17.54;0.0;viable;4.0
146;7.0;julio;0.24;17.12;0.0;viable;3.0
146;8.0;agosto;0.1;17.37;0.0;viable;1.0
146;9.0;setiembre;0.17;18.38;0.0;viable;2.0
146;10.0;octubre;1.21;19.6;0.0;viable;6.0
146;11.0;noviembre;1.25;20.46;0.0;viable;7.0
146;12.0;diciembre;7.62;21.88;0.0;viable;9.0
147;1.0;enero;132.43;15.16;1.0;advertencia;11.0
147;2.0;febrero;164.64;14.8;1.0;desaconsejado;12.0
147;3.0;marzo;116.91;14.71;1.0;advertencia;10.0
147;4.0;abril;26.75;15.63;0.0;viable;9.0
147;5.0;mayo;0.7;15.47;0.0;viable;2.0
147;6.0;junio;0.71;14.81;0.0;viable;3.0
147;7.0;julio;0.94;15.12;0.0;viable;5.0
147;8.0;agosto;0.57;15.61;0.0;viable;1.0
147;9.0;setiembre;0.84;16.6;0.0;viable;4.0
147;10.0;octubre;3.61;16.91;0.0;viable;6.0
147;11.0;noviembre;4.65;16.87;0.0;viable;7.0
147;12.0;diciembre;26.74;16.6;0.0;viable;8.0
148;1.0;enero;173.59;17.21;1.0;desaconsejado;12.0
148;2.0;febrero;146.71;17.29;1.0;advertencia;11.0
148;3.0;marzo;139.53;17.07;1.0;advertencia;10.0
148;4.0;abril;61.28;16.9;0.0;viable;6.0
148;5.0;mayo;24.53;16.46;0.0;viable;4.0
148;6.0;junio;12.67;15.93;0.0;viable;1.0
148;7.0;julio;12.97;15.95;0.0;viable;2.0
148;8.0;agosto;16.93;16.54;0.0;viable;3.0
148;9.0;setiembre;40.48;17.36;0.0;viable;5.0
148;10.0;octubre;75.3;17.85;0.0;viable;7.0
148;11.0;noviembre;83.24;18.31;0.0;viable;8.0
148;12.0;diciembre;135.2;17.75;0.0;viable;9.0
149;1.0;enero;220.09;13.46;1.0;desaconsejado;10.0
149;2.0;febrero;253.13;13.62;1.0;desaconsejado;11.0
149;3.0;marzo;291.43;13.5;1.0;desaconsejado;12.0
149;4.0;abril;182.77;13.76;0.0;advertencia;8.0
149;5.0;mayo;98.32;13.74;0.0;viable;5.0
149;6.0;junio;22.35;13.64;0.0;viable;3.0
149;7.0;julio;11.09;14.19;0.0;viable;1.0
149;8.0;agosto;16.82;14.67;0.0;viable;2.0
149;9.0;setiembre;85.19;14.43;0.0;viable;4.0
149;10.0;octubre;138.85;13.89;0.0;viable;7.0
149;11.0;noviembre;108.97;13.92;0.0;viable;6.0
149;12.0;diciembre;198.96;13.71;0.0;advertencia;9.0
150;1.0;enero;242.63;26.04;0.0;advertencia;7.0
150;2.0;febrero;227.47;26.24;0.0;advertencia;6.0
150;3.0;marzo;316.19;26.04;1.0;desaconsejado;11.0
150;4.0;abril;316.75;25.9;1.0;desaconsejado;12.0
150;5.0;mayo;278.89;25.61;1.0;desaconsejado;10.0
150;6.0;junio;190.08;25.14;0.0;advertencia;5.0
150;7.0;julio;167.46;25.17;0.0;advertencia;3.0
150;8.0;agosto;151.55;25.87;0.0;advertencia;2.0
150;9.0;setiembre;127.82;26.71;0.0;viable;1.0
150;10.0;octubre;186.34;26.63;0.0;advertencia;4.0
150;11.0;noviembre;248.97;26.44;0.0;advertencia;8.0
150;12.0;diciembre;274.84;26.13;0.0;advertencia;9.0
151;1.0;enero;215.57;9.1;1.0;desaconsejado;12.0
151;2.0;febrero;210.36;9.35;0.6206896551724138;desaconsejado;11.0
151;3.0;marzo;200.21;9.14;1.0;desaconsejado;10.0
151;4.0;abril;98.94;8.82;0.0;viable;6.0
151;5.0;mayo;55.57;8.4;0.0;viable;4.0
151;6.0;junio;16.09;7.61;0.0;viable;1.0
151;7.0;julio;18.05;7.51;0.0;viable;2.0
151;8.0;agosto;29.38;8.06;0.0;viable;3.0
151;9.0;setiembre;81.0;8.66;0.0;viable;5.0
151;10.0;octubre;124.62;9.11;0.0;viable;7.0
151;11.0;noviembre;133.99;9.54;0.0;viable;8.0
151;12.0;diciembre;182.9;9.45;0.3793103448275862;advertencia;9.0
152;1.0;enero;214.22;12.73;1.0;desaconsejado;12.0
152;2.0;febrero;188.3;12.88;1.0;desaconsejado;11.0
152;3.0;marzo;150.54;12.71;0.25;advertencia;9.0
152;4.0;abril;72.24;12.44;0.0;viable;6.0
152;5.0;mayo;32.86;12.05;0.0;viable;4.0
152;6.0;junio;9.25;11.6;0.0;viable;1.0
152;7.0;julio;12.32;11.58;0.0;viable;2.0
152;8.0;agosto;20.93;12.02;0.0;viable;3.0
152;9.0;setiembre;38.0;12.82;0.0;viable;5.0
152;10.0;octubre;81.81;13.38;0.0;viable;7.0
152;11.0;noviembre;114.47;13.73;0.0;viable;8.0
152;12.0;diciembre;178.74;13.32;0.75;desaconsejado;10.0
153;1.0;enero;17.57;26.62;0.0;viable;8.0
153;2.0;febrero;54.2;27.49;1.0;advertencia;10.0
153;3.0;marzo;149.83;27.34;1.0;advertencia;12.0
153;4.0;abril;61.99;26.38;1.0;advertencia;11.0
153;5.0;mayo;13.21;25.02;0.0;viable;7.0
153;6.0;junio;2.52;23.35;0.0;viable;4.0
153;7.0;julio;0.71;22.34;0.0;viable;2.0
153;8.0;agosto;1.58;21.92;0.0;viable;3.0
153;9.0;setiembre;0.49;22.24;0.0;viable;1.0
153;10.0;octubre;5.64;22.62;0.0;viable;5.0
153;11.0;noviembre;10.35;22.94;0.0;viable;6.0
153;12.0;diciembre;19.71;24.9;0.0;viable;9.0
157;1.0;enero;220.09;13.46;1.0;desaconsejado;10.0
157;2.0;febrero;253.13;13.62;1.0;desaconsejado;11.0
157;3.0;marzo;291.43;13.5;1.0;desaconsejado;12.0
157;4.0;abril;182.77;13.76;0.0;advertencia;8.0
157;5.0;mayo;98.32;13.74;0.0;viable;5.0
157;6.0;junio;22.35;13.64;0.0;viable;3.0
157;7.0;julio;11.09;14.19;0.0;viable;1.0
157;8.0;agosto;16.82;14.67;0.0;viable;2.0
157;9.0;setiembre;85.19;14.43;0.0;viable;4.0
157;10.0;octubre;138.85;13.89;0.0;viable;7.0
157;11.0;noviembre;108.97;13.92;0.0;viable;6.0
157;12.0;diciembre;198.96;13.71;0.0;advertencia;9.0
158;1.0;enero;45.19;24.83;0.13636363636363635;viable;9.0
158;2.0;febrero;81.33;25.6;1.0;advertencia;11.0
158;3.0;marzo;169.14;25.45;1.0;desaconsejado;12.0
158;4.0;abril;78.46;24.66;0.8636363636363636;advertencia;10.0
158;5.0;mayo;24.82;23.48;0.0;viable;7.0
158;6.0;junio;5.22;22.03;0.0;viable;3.0
158;7.0;julio;2.13;21.23;0.0;viable;1.0
158;8.0;agosto;3.66;20.93;0.0;viable;2.0
158;9.0;setiembre;12.04;21.17;0.0;viable;4.0
158;10.0;octubre;23.8;21.43;0.0;viable;6.0
158;11.0;noviembre;23.8;21.71;0.0;viable;5.0
158;12.0;diciembre;44.15;23.38;0.0;viable;8.0
160;1.0;enero;145.99;17.89;1.0;advertencia;12.0
160;2.0;febrero;137.53;18.0;1.0;advertencia;10.0
160;3.0;marzo;142.99;17.92;1.0;advertencia;11.0
160;4.0;abril;72.49;17.93;0.0;viable;6.0
160;5.0;mayo;50.88;17.67;0.0;viable;5.0
160;6.0;junio;22.32;17.18;0.0;viable;2.0
160;7.0;julio;19.64;17.15;0.0;viable;1.0
160;8.0;agosto;25.84;17.51;0.0;viable;3.0
160;9.0;setiembre;41.47;18.16;0.0;viable;4.0
160;10.0;octubre;84.69;18.34;0.0;viable;8.0
160;11.0;noviembre;81.11;18.51;0.0;viable;7.0
160;12.0;diciembre;123.46;18.2;0.0;viable;9.0
161;1.0;enero;22.83;22.12;0.0;viable;10.0
161;2.0;febrero;26.58;23.28;0.0;viable;11.0
161;3.0;marzo;45.56;23.38;0.0;viable;12.0
161;4.0;abril;17.92;21.87;0.0;viable;9.0
161;5.0;mayo;3.43;20.72;0.0;viable;6.0
161;6.0;junio;0.99;19.56;0.0;viable;3.0
161;7.0;julio;0.24;18.74;0.0;viable;1.0
161;8.0;agosto;0.48;18.23;0.0;viable;2.0
161;9.0;setiembre;1.66;18.23;0.0;viable;4.0
161;10.0;octubre;7.57;18.42;0.0;viable;7.0
161;11.0;noviembre;2.41;19.21;0.0;viable;5.0
161;12.0;diciembre;13.92;20.83;0.0;viable;8.0
162;1.0;enero;119.48;15.74;0.8571428571428571;advertencia;11.0
162;2.0;febrero;147.69;15.43;0.8571428571428571;advertencia;12.0
162;3.0;marzo;103.59;15.39;0.8571428571428571;advertencia;10.0
162;4.0;abril;23.58;16.13;0.0;viable;9.0
162;5.0;mayo;0.6;16.02;0.0;viable;2.0
162;6.0;junio;0.64;15.38;0.0;viable;3.0
162;7.0;julio;0.92;15.65;0.0;viable;5.0
162;8.0;agosto;0.51;16.12;0.0;viable;1.0
162;9.0;setiembre;0.74;16.98;0.0;viable;4.0
162;10.0;octubre;3.13;17.28;0.0;viable;6.0
162;11.0;noviembre;4.06;17.21;0.0;viable;7.0
162;12.0;diciembre;23.53;17.02;0.0;viable;8.0
163;1.0;enero;227.76;11.24;1.0;desaconsejado;12.0
163;2.0;febrero;202.16;11.41;1.0;desaconsejado;11.0
163;3.0;marzo;154.21;11.25;0.0;advertencia;9.0
163;4.0;abril;75.9;10.95;0.0;viable;6.0
163;5.0;mayo;35.63;10.58;0.0;viable;4.0
163;6.0;junio;8.11;10.16;0.0;viable;1.0
163;7.0;julio;12.11;10.12;0.0;viable;2.0
163;8.0;agosto;22.26;10.51;0.0;viable;3.0
163;9.0;setiembre;37.18;11.31;0.0;viable;5.0
163;10.0;octubre;83.98;11.89;0.0;viable;7.0
163;11.0;noviembre;124.88;12.21;0.0;viable;8.0
163;12.0;diciembre;193.26;11.84;1.0;desaconsejado;10.0
164;1.0;enero;141.91;15.6;1.0;advertencia;12.0
164;2.0;febrero;120.7;15.57;1.0;advertencia;10.0
164;3.0;marzo;121.66;15.36;1.0;advertencia;11.0
164;4.0;abril;45.39;15.52;0.0;viable;6.0
164;5.0;mayo;22.76;15.25;0.0;viable;4.0
164;6.0;junio;4.94;14.77;0.0;viable;1.0
164;7.0;julio;8.63;14.71;0.0;viable;2.0
164;8.0;agosto;12.34;15.29;0.0;viable;3.0
164;9.0;setiembre;27.49;16.23;0.0;viable;5.0
164;10.0;octubre;57.01;16.65;0.0;viable;7.0
164;11.0;noviembre;67.08;17.09;0.0;viable;8.0
164;12.0;diciembre;98.09;16.37;0.0;viable;9.0
165;1.0;enero;14.49;22.04;0.0;viable;10.0
165;2.0;febrero;16.19;22.97;0.0;viable;11.0
165;3.0;marzo;24.81;22.76;0.0;viable;12.0
165;4.0;abril;3.62;21.21;0.0;viable;8.0
165;5.0;mayo;0.82;19.28;0.0;viable;4.0
165;6.0;junio;0.73;17.77;0.0;viable;3.0
165;7.0;julio;0.59;16.92;0.0;viable;2.0
165;8.0;agosto;0.48;16.58;0.0;viable;1.0
165;9.0;setiembre;1.52;16.84;0.0;viable;5.0
165;10.0;octubre;2.54;17.41;0.0;viable;7.0
165;11.0;noviembre;1.59;18.55;0.0;viable;6.0
165;12.0;diciembre;7.6;20.34;0.0;viable;9.0
166;1.0;enero;220.09;13.46;1.0;desaconsejado;10.0
166;2.0;febrero;253.13;13.62;1.0;desaconsejado;11.0
166;3.0;marzo;291.43;13.5;1.0;desaconsejado;12.0
166;4.0;abril;182.77;13.76;0.0;advertencia;8.0
166;5.0;mayo;98.32;13.74;0.0;viable;5.0
166;6.0;junio;22.35;13.64;0.0;viable;3.0
166;7.0;julio;11.09;14.19;0.0;viable;1.0
166;8.0;agosto;16.82;14.67;0.0;viable;2.0
166;9.0;setiembre;85.19;14.43;0.0;viable;4.0
166;10.0;octubre;138.85;13.89;0.0;viable;7.0
166;11.0;noviembre;108.97;13.92;0.0;viable;6.0
166;12.0;diciembre;198.96;13.71;0.0;advertencia;9.0
167;1.0;enero;141.73;15.59;1.0;advertencia;12.0
167;2.0;febrero;120.55;15.56;1.0;advertencia;10.0
167;3.0;marzo;121.56;15.35;1.0;advertencia;11.0
167;4.0;abril;45.3;15.52;0.0;viable;6.0
167;5.0;mayo;22.75;15.24;0.0;viable;4.0
167;6.0;junio;4.9;14.76;0.0;viable;1.0
167;7.0;julio;8.61;14.7;0.0;viable;2.0
167;8.0;agosto;12.31;15.29;0.0;viable;3.0
167;9.0;setiembre;27.41;16.22;0.0;viable;5.0
167;10.0;octubre;56.91;16.64;0.0;viable;7.0
167;11.0;noviembre;66.99;17.08;0.0;viable;8.0
167;12.0;diciembre;97.88;16.37;0.0;viable;9.0
168;1.0;enero;14.49;22.04;0.0;viable;10.0
168;2.0;febrero;16.19;22.97;0.0;viable;11.0
168;3.0;marzo;24.81;22.76;0.0;viable;12.0
168;4.0;abril;3.62;21.21;0.0;viable;8.0
168;5.0;mayo;0.82;19.28;0.0;viable;4.0
168;6.0;junio;0.73;17.77;0.0;viable;3.0
168;7.0;julio;0.59;16.92;0.0;viable;2.0
168;8.0;agosto;0.48;16.58;0.0;viable;1.0
168;9.0;setiembre;1.52;16.84;0.0;viable;5.0
168;10.0;octubre;2.54;17.41;0.0;viable;7.0
168;11.0;noviembre;1.59;18.55;0.0;viable;6.0
168;12.0;diciembre;7.6;20.34;0.0;viable;9.0
169;1.0;enero;216.79;13.14;1.0;desaconsejado;11.0
169;2.0;febrero;202.39;13.35;1.0;desaconsejado;10.0
169;3.0;marzo;264.69;13.15;1.0;desaconsejado;12.0
169;4.0;abril;146.57;13.29;0.0;viable;7.0
169;5.0;mayo;63.37;13.14;0.0;viable;4.0
169;6.0;junio;22.91;13.1;0.0;viable;2.0
169;7.0;julio;21.35;13.38;0.0;viable;1.0
169;8.0;agosto;35.94;13.74;0.0;viable;3.0
169;9.0;setiembre;98.38;13.79;0.0;viable;5.0
169;10.0;octubre;163.28;13.39;0.0;advertencia;8.0
169;11.0;noviembre;140.97;13.5;0.0;viable;6.0
169;12.0;diciembre;201.24;13.3;0.0;advertencia;9.0
170;1.0;enero;128.29;19.08;1.0;advertencia;12.0
170;2.0;febrero;121.31;19.17;1.0;advertencia;11.0
170;3.0;marzo;112.56;19.12;1.0;advertencia;10.0
170;4.0;abril;53.97;19.09;0.0;viable;6.0
170;5.0;mayo;47.76;18.8;0.0;viable;5.0
170;6.0;junio;22.17;18.2;0.0;viable;2.0
170;7.0;julio;19.21;18.09;0.0;viable;1.0
170;8.0;agosto;23.31;18.45;0.0;viable;3.0
170;9.0;setiembre;27.24;19.25;0.0;viable;4.0
170;10.0;octubre;65.04;19.58;0.0;viable;7.0
170;11.0;noviembre;66.14;19.76;0.0;viable;8.0
170;12.0;diciembre;104.02;19.42;0.0;viable;9.0
171;1.0;enero;159.23;13.43;1.0;desaconsejado;12.0
171;2.0;febrero;145.83;13.48;1.0;advertencia;11.0
171;3.0;marzo;140.23;13.29;1.0;advertencia;10.0
171;4.0;abril;57.1;13.27;0.0;viable;6.0
171;5.0;mayo;33.15;12.9;0.0;viable;4.0
171;6.0;junio;7.58;12.37;0.0;viable;1.0
171;7.0;julio;12.2;12.28;0.0;viable;2.0
171;8.0;agosto;18.52;12.84;0.0;viable;3.0
171;9.0;setiembre;44.77;13.72;0.0;viable;5.0
171;10.0;octubre;74.01;14.14;0.0;viable;7.0
171;11.0;noviembre;85.08;14.61;0.0;viable;8.0
171;12.0;diciembre;120.87;14.1;0.0;viable;9.0
172;1.0;enero;237.3;11.92;1.0;desaconsejado;12.0
172;2.0;febrero;230.71;12.11;1.0;desaconsejado;11.0
172;3.0;marzo;213.89;11.86;1.0;desaconsejado;10.0
172;4.0;abril;96.57;11.52;0.0;viable;6.0
172;5.0;mayo;46.11;11.06;0.0;viable;4.0
172;6.0;junio;12.82;10.24;0.0;viable;1.0
172;7.0;julio;16.28;10.21;0.0;viable;2.0
172;8.0;agosto;25.24;10.88;0.0;viable;3.0
172;9.0;setiembre;77.59;11.51;0.0;viable;5.0
172;10.0;octubre;122.47;11.97;0.0;viable;7.0
172;11.0;noviembre;131.96;12.42;0.0;viable;8.0
172;12.0;diciembre;183.22;12.29;0.0;advertencia;9.0
173;1.0;enero;227.76;11.24;1.0;desaconsejado;12.0
173;2.0;febrero;202.16;11.41;1.0;desaconsejado;11.0
173;3.0;marzo;154.21;11.25;0.0;advertencia;9.0
173;4.0;abril;75.9;10.95;0.0;viable;6.0
173;5.0;mayo;35.63;10.58;0.0;viable;4.0
173;6.0;junio;8.11;10.16;0.0;viable;1.0
173;7.0;julio;12.11;10.12;0.0;viable;2.0
173;8.0;agosto;22.26;10.51;0.0;viable;3.0
173;9.0;setiembre;37.18;11.31;0.0;viable;5.0
173;10.0;octubre;83.98;11.89;0.0;viable;7.0
173;11.0;noviembre;124.88;12.21;0.0;viable;8.0
173;12.0;diciembre;193.26;11.84;1.0;desaconsejado;10.0
176;1.0;enero;41.76;19.21;0.0;viable;11.0
176;2.0;febrero;46.02;19.23;0.0;viable;12.0
176;3.0;marzo;23.67;19.47;0.0;viable;10.0
176;4.0;abril;4.57;19.14;0.0;viable;9.0
176;5.0;mayo;0.02;19.35;0.0;viable;1.0
176;6.0;junio;0.22;18.77;0.0;viable;4.0
176;7.0;julio;0.78;18.88;0.0;viable;7.0
176;8.0;agosto;0.18;19.18;0.0;viable;3.0
176;9.0;setiembre;0.15;19.25;0.0;viable;2.0
176;10.0;octubre;0.27;19.49;0.0;viable;5.0
176;11.0;noviembre;0.51;19.27;0.0;viable;6.0
176;12.0;diciembre;4.27;19.48;0.0;viable;8.0
177;1.0;enero;132.43;15.16;1.0;advertencia;11.0
177;2.0;febrero;164.64;14.8;1.0;desaconsejado;12.0
177;3.0;marzo;116.91;14.71;1.0;advertencia;10.0
177;4.0;abril;26.75;15.63;0.0;viable;9.0
177;5.0;mayo;0.7;15.47;0.0;viable;2.0
177;6.0;junio;0.71;14.81;0.0;viable;3.0
177;7.0;julio;0.94;15.12;0.0;viable;5.0
177;8.0;agosto;0.57;15.61;0.0;viable;1.0
177;9.0;setiembre;0.84;16.6;0.0;viable;4.0
177;10.0;octubre;3.61;16.91;0.0;viable;6.0
177;11.0;noviembre;4.65;16.87;0.0;viable;7.0
177;12.0;diciembre;26.74;16.6;0.0;viable;8.0
178;1.0;enero;21.7;24.33;0.0;viable;12.0
178;2.0;febrero;21.56;25.15;0.0;viable;11.0
178;3.0;marzo;19.43;25.23;0.0;viable;10.0
178;4.0;abril;2.6;23.62;0.0;viable;8.0
178;5.0;mayo;0.51;20.71;0.0;viable;6.0
178;6.0;junio;0.24;18.15;0.0;viable;4.0
178;7.0;julio;0.08;17.56;0.0;viable;3.0
178;8.0;agosto;0.0;17.76;0.0;viable;1.0
178;9.0;setiembre;0.02;18.78;0.0;viable;2.0
178;10.0;octubre;0.68;20.19;0.0;viable;7.0
178;11.0;noviembre;0.5;21.26;0.0;viable;5.0
178;12.0;diciembre;3.37;23.06;0.0;viable;9.0
180;1.0;enero;21.7;24.33;0.0;viable;12.0
180;2.0;febrero;21.56;25.15;0.0;viable;11.0
180;3.0;marzo;19.43;25.23;0.0;viable;10.0
180;4.0;abril;2.6;23.62;0.0;viable;8.0
180;5.0;mayo;0.51;20.71;0.0;viable;6.0
180;6.0;junio;0.24;18.15;0.0;viable;4.0
180;7.0;julio;0.08;17.56;0.0;viable;3.0
180;8.0;agosto;0.0;17.76;0.0;viable;1.0
180;9.0;setiembre;0.02;18.78;0.0;viable;2.0
180;10.0;octubre;0.68;20.19;0.0;viable;7.0
180;11.0;noviembre;0.5;21.26;0.0;viable;5.0
180;12.0;diciembre;3.37;23.06;0.0;viable;9.0
181;1.0;enero;232.63;9.57;1.0;desaconsejado;12.0
181;2.0;febrero;201.54;9.66;1.0;desaconsejado;11.0
181;3.0;marzo;156.47;9.5;0.0;advertencia;9.0
181;4.0;abril;82.89;8.83;0.0;viable;7.0
181;5.0;mayo;23.28;8.14;0.0;viable;4.0
181;6.0;junio;7.01;7.79;0.0;viable;1.0
181;7.0;julio;10.33;7.81;0.0;viable;2.0
181;8.0;agosto;19.2;8.42;0.0;viable;3.0
181;9.0;setiembre;51.02;9.22;0.0;viable;5.0
181;10.0;octubre;70.45;9.88;0.0;viable;6.0
181;11.0;noviembre;89.74;10.87;0.0;viable;8.0
181;12.0;diciembre;168.91;10.13;1.0;desaconsejado;10.0
183;1.0;enero;128.29;19.08;1.0;advertencia;12.0
183;2.0;febrero;121.31;19.17;1.0;advertencia;11.0
183;3.0;marzo;112.56;19.12;1.0;advertencia;10.0
183;4.0;abril;53.97;19.09;0.0;viable;6.0
183;5.0;mayo;47.76;18.8;0.0;viable;5.0
183;6.0;junio;22.17;18.2;0.0;viable;2.0
183;7.0;julio;19.21;18.09;0.0;viable;1.0
183;8.0;agosto;23.31;18.45;0.0;viable;3.0
183;9.0;setiembre;27.24;19.25;0.0;viable;4.0
183;10.0;octubre;65.04;19.58;0.0;viable;7.0
183;11.0;noviembre;66.14;19.76;0.0;viable;8.0
183;12.0;diciembre;104.02;19.42;0.0;viable;9.0
184;1.0;enero;237.3;11.92;1.0;desaconsejado;12.0
184;2.0;febrero;230.71;12.11;1.0;desaconsejado;11.0
184;3.0;marzo;213.89;11.86;1.0;desaconsejado;10.0
184;4.0;abril;96.57;11.52;0.0;viable;6.0
184;5.0;mayo;46.11;11.06;0.0;viable;4.0
184;6.0;junio;12.82;10.24;0.0;viable;1.0
184;7.0;julio;16.28;10.21;0.0;viable;2.0
184;8.0;agosto;25.24;10.88;0.0;viable;3.0
184;9.0;setiembre;77.59;11.51;0.0;viable;5.0
184;10.0;octubre;122.47;11.97;0.0;viable;7.0
184;11.0;noviembre;131.96;12.42;0.0;viable;8.0
184;12.0;diciembre;183.22;12.29;0.0;advertencia;9.0
185;1.0;enero;134.41;15.25;1.0;advertencia;11.0
185;2.0;febrero;145.58;15.01;1.0;advertencia;12.0
185;3.0;marzo;117.79;14.87;1.0;advertencia;10.0
185;4.0;abril;33.3;15.51;0.0;viable;8.0
185;5.0;mayo;9.42;15.31;0.0;viable;4.0
185;6.0;junio;1.96;14.73;0.0;viable;1.0
185;7.0;julio;3.77;14.88;0.0;viable;2.0
185;8.0;agosto;5.01;15.41;0.0;viable;3.0
185;9.0;setiembre;10.76;16.39;0.0;viable;5.0
185;10.0;octubre;23.93;16.74;0.0;viable;6.0
185;11.0;noviembre;28.7;16.89;0.0;viable;7.0
185;12.0;diciembre;53.16;16.43;0.0;viable;9.0
187;1.0;enero;41.76;19.21;0.0;viable;11.0
187;2.0;febrero;46.02;19.23;0.0;viable;12.0
187;3.0;marzo;23.67;19.47;0.0;viable;10.0
187;4.0;abril;4.57;19.14;0.0;viable;9.0
187;5.0;mayo;0.02;19.35;0.0;viable;1.0
187;6.0;junio;0.22;18.77;0.0;viable;4.0
187;7.0;julio;0.78;18.88;0.0;viable;7.0
187;8.0;agosto;0.18;19.18;0.0;viable;3.0
187;9.0;setiembre;0.15;19.25;0.0;viable;2.0
187;10.0;octubre;0.27;19.49;0.0;viable;5.0
187;11.0;noviembre;0.51;19.27;0.0;viable;6.0
187;12.0;diciembre;4.27;19.48;0.0;viable;8.0
188;1.0;enero;216.79;13.14;1.0;desaconsejado;11.0
188;2.0;febrero;202.39;13.35;1.0;desaconsejado;10.0
188;3.0;marzo;264.69;13.15;1.0;desaconsejado;12.0
188;4.0;abril;146.57;13.29;0.0;viable;7.0
188;5.0;mayo;63.37;13.14;0.0;viable;4.0
188;6.0;junio;22.91;13.1;0.0;viable;2.0
188;7.0;julio;21.35;13.38;0.0;viable;1.0
188;8.0;agosto;35.94;13.74;0.0;viable;3.0
188;9.0;setiembre;98.38;13.79;0.0;viable;5.0
188;10.0;octubre;163.28;13.39;0.0;advertencia;8.0
188;11.0;noviembre;140.97;13.5;0.0;viable;6.0
188;12.0;diciembre;201.24;13.3;0.0;advertencia;9.0
189;1.0;enero;242.63;26.04;0.0;advertencia;7.0
189;2.0;febrero;227.47;26.24;0.0;advertencia;6.0
189;3.0;marzo;316.19;26.04;1.0;desaconsejado;11.0
189;4.0;abril;316.75;25.9;1.0;desaconsejado;12.0
189;5.0;mayo;278.89;25.61;1.0;desaconsejado;10.0
189;6.0;junio;190.08;25.14;0.0;advertencia;5.0
189;7.0;julio;167.46;25.17;0.0;advertencia;3.0
189;8.0;agosto;151.55;25.87;0.0;advertencia;2.0
189;9.0;setiembre;127.82;26.71;0.0;viable;1.0
189;10.0;octubre;186.34;26.63;0.0;advertencia;4.0
189;11.0;noviembre;248.97;26.44;0.0;advertencia;8.0
189;12.0;diciembre;274.84;26.13;0.0;advertencia;9.0
190;1.0;enero;232.63;9.57;1.0;desaconsejado;12.0
190;2.0;febrero;201.54;9.66;1.0;desaconsejado;11.0
190;3.0;marzo;156.47;9.5;0.0;advertencia;9.0
190;4.0;abril;82.89;8.83;0.0;viable;7.0
190;5.0;mayo;23.28;8.14;0.0;viable;4.0
190;6.0;junio;7.01;7.79;0.0;viable;1.0
190;7.0;julio;10.33;7.81;0.0;viable;2.0
190;8.0;agosto;19.2;8.42;0.0;viable;3.0
190;9.0;setiembre;51.02;9.22;0.0;viable;5.0
190;10.0;octubre;70.45;9.88;0.0;viable;6.0
190;11.0;noviembre;89.74;10.87;0.0;viable;8.0
190;12.0;diciembre;168.91;10.13;1.0;desaconsejado;10.0
192;1.0;enero;141.22;24.58;0.0;viable;6.0
192;2.0;febrero;166.67;24.58;1.0;desaconsejado;10.0
192;3.0;marzo;232.83;24.16;1.0;desaconsejado;12.0
192;4.0;abril;188.38;23.99;1.0;desaconsejado;11.0
192;5.0;mayo;159.15;23.8;0.0;advertencia;9.0
192;6.0;junio;112.89;23.19;0.0;viable;3.0
192;7.0;julio;80.31;23.23;0.0;viable;2.0
192;8.0;agosto;75.92;24.04;0.0;viable;1.0
192;9.0;setiembre;123.94;24.77;0.0;viable;4.0
192;10.0;octubre;147.02;24.84;0.0;viable;8.0
192;11.0;noviembre;141.36;24.83;0.0;viable;7.0
192;12.0;diciembre;128.56;24.78;0.0;viable;5.0
193;1.0;enero;82.01;19.52;0.3;viable;10.0
193;2.0;febrero;94.55;20.38;0.3;viable;11.0
193;3.0;marzo;119.32;20.42;0.3;viable;12.0
193;4.0;abril;67.38;19.44;0.0;viable;8.0
193;5.0;mayo;31.9;18.62;0.0;viable;5.0
193;6.0;junio;7.4;17.78;0.0;viable;3.0
193;7.0;julio;3.5;17.38;0.0;viable;1.0
193;8.0;agosto;5.38;17.16;0.0;viable;2.0
193;9.0;setiembre;26.72;17.09;0.0;viable;4.0
193;10.0;octubre;46.95;17.06;0.0;viable;7.0
193;11.0;noviembre;34.38;17.62;0.0;viable;6.0
193;12.0;diciembre;69.43;18.69;0.0;viable;9.0
194;1.0;enero;137.38;15.37;1.0;advertencia;12.0
194;2.0;febrero;116.98;15.32;1.0;advertencia;10.0
194;3.0;marzo;119.11;15.12;1.0;advertencia;11.0
194;4.0;abril;43.12;15.33;0.0;viable;6.0
194;5.0;mayo;22.51;15.07;0.0;viable;4.0
194;6.0;junio;3.84;14.6;0.0;viable;1.0
194;7.0;julio;8.01;14.53;0.0;viable;2.0
194;8.0;agosto;11.68;15.12;0.0;viable;3.0
194;9.0;setiembre;25.63;16.07;0.0;viable;5.0
194;10.0;octubre;54.4;16.48;0.0;viable;7.0
194;11.0;noviembre;64.77;16.91;0.0;viable;8.0
194;12.0;diciembre;92.79;16.18;0.0;viable;9.0
195;1.0;enero;132.43;15.16;1.0;advertencia;11.0
195;2.0;febrero;164.64;14.8;1.0;desaconsejado;12.0
195;3.0;marzo;116.91;14.71;1.0;advertencia;10.0
195;4.0;abril;26.75;15.63;0.0;viable;9.0
195;5.0;mayo;0.7;15.47;0.0;viable;2.0
195;6.0;junio;0.71;14.81;0.0;viable;3.0
195;7.0;julio;0.94;15.12;0.0;viable;5.0
195;8.0;agosto;0.57;15.61;0.0;viable;1.0
195;9.0;setiembre;0.84;16.6;0.0;viable;4.0
195;10.0;octubre;3.61;16.91;0.0;viable;6.0
195;11.0;noviembre;4.65;16.87;0.0;viable;7.0
195;12.0;diciembre;26.74;16.6;0.0;viable;8.0
198;1.0;enero;371.8;25.57;1.0;desaconsejado;12.0
198;2.0;febrero;368.67;25.37;1.0;desaconsejado;10.0
198;3.0;marzo;287.68;25.48;0.0;advertencia;9.0
198;4.0;abril;174.01;25.19;0.0;advertencia;6.0
198;5.0;mayo;106.55;24.1;0.0;viable;5.0
198;6.0;junio;59.57;23.28;0.0;viable;3.0
198;7.0;julio;35.21;23.66;0.0;viable;1.0
198;8.0;agosto;52.81;24.93;0.0;viable;2.0
198;9.0;setiembre;92.54;26.38;0.0;viable;4.0
198;10.0;octubre;183.89;26.52;0.0;advertencia;7.0
198;11.0;noviembre;254.5;26.01;0.0;advertencia;8.0
198;12.0;diciembre;369.02;25.8;1.0;desaconsejado;11.0
199;1.0;enero;14.49;22.04;0.0;viable;10.0
199;2.0;febrero;16.19;22.97;0.0;viable;11.0
199;3.0;marzo;24.81;22.76;0.0;viable;12.0
199;4.0;abril;3.62;21.21;0.0;viable;8.0
199;5.0;mayo;0.82;19.28;0.0;viable;4.0
199;6.0;junio;0.73;17.77;0.0;viable;3.0
199;7.0;julio;0.59;16.92;0.0;viable;2.0
199;8.0;agosto;0.48;16.58;0.0;viable;1.0
199;9.0;setiembre;1.52;16.84;0.0;viable;5.0
199;10.0;octubre;2.54;17.41;0.0;viable;7.0
199;11.0;noviembre;1.59;18.55;0.0;viable;6.0
199;12.0;diciembre;7.6;20.34;0.0;viable;9.0
201;1.0;enero;180.02;4.48;1.0;desaconsejado;11.0
201;2.0;febrero;177.07;4.83;0.0;advertencia;9.0
201;3.0;marzo;177.83;4.69;1.0;desaconsejado;10.0
201;4.0;abril;102.83;4.39;0.0;viable;6.0
201;5.0;mayo;71.05;4.05;0.0;viable;4.0
201;6.0;junio;21.43;3.32;0.0;viable;2.0
201;7.0;julio;20.94;3.08;0.0;viable;1.0
201;8.0;agosto;36.16;3.45;0.0;viable;3.0
201;9.0;setiembre;86.57;4.0;0.0;viable;5.0
201;10.0;octubre;128.15;4.43;0.0;viable;7.0
201;11.0;noviembre;137.32;4.82;0.0;viable;8.0
201;12.0;diciembre;182.37;4.81;1.0;desaconsejado;12.0
202;1.0;enero;287.87;25.89;1.0;desaconsejado;11.0
202;2.0;febrero;294.43;25.89;1.0;desaconsejado;12.0
202;3.0;marzo;287.75;25.79;1.0;desaconsejado;10.0
202;4.0;abril;229.09;25.68;0.0;advertencia;7.0
202;5.0;mayo;154.91;25.37;0.0;advertencia;5.0
202;6.0;junio;83.29;25.01;0.0;viable;3.0
202;7.0;julio;70.51;25.31;0.0;viable;1.0
202;8.0;agosto;72.05;26.19;0.0;viable;2.0
202;9.0;setiembre;93.69;26.9;0.0;viable;4.0
202;10.0;octubre;168.65;26.74;0.0;advertencia;6.0
202;11.0;noviembre;231.18;26.34;0.0;advertencia;8.0
202;12.0;diciembre;256.76;26.14;0.0;advertencia;9.0
203;1.0;enero;173.59;17.21;1.0;desaconsejado;12.0
203;2.0;febrero;146.71;17.29;1.0;advertencia;11.0
203;3.0;marzo;139.53;17.07;1.0;advertencia;10.0
203;4.0;abril;61.28;16.9;0.0;viable;6.0
203;5.0;mayo;24.53;16.46;0.0;viable;4.0
203;6.0;junio;12.67;15.93;0.0;viable;1.0
203;7.0;julio;12.97;15.95;0.0;viable;2.0
203;8.0;agosto;16.93;16.54;0.0;viable;3.0
203;9.0;setiembre;40.48;17.36;0.0;viable;5.0
203;10.0;octubre;75.3;17.85;0.0;viable;7.0
203;11.0;noviembre;83.24;18.31;0.0;viable;8.0
203;12.0;diciembre;135.2;17.75;0.0;viable;9.0
204;1.0;enero;161.1;6.48;0.8857142857142857;desaconsejado;11.0
204;2.0;febrero;158.68;6.9;0.0;advertencia;9.0
204;3.0;marzo;160.34;6.75;0.8857142857142857;desaconsejado;10.0
204;4.0;abril;91.49;6.31;0.0;viable;6.0
204;5.0;mayo;63.02;5.79;0.0;viable;4.0
204;6.0;junio;19.06;4.97;0.0;viable;2.0
204;7.0;julio;18.61;4.66;0.0;viable;1.0
204;8.0;agosto;32.08;4.95;0.0;viable;3.0
204;9.0;setiembre;76.85;5.47;0.0;viable;5.0
204;10.0;octubre;113.79;5.91;0.0;viable;7.0
204;11.0;noviembre;121.81;6.39;0.0;viable;8.0
204;12.0;diciembre;162.4;6.58;0.8857142857142857;desaconsejado;12.0
205;1.0;enero;14.49;22.04;0.0;viable;10.0
205;2.0;febrero;16.19;22.97;0.0;viable;11.0
205;3.0;marzo;24.81;22.76;0.0;viable;12.0
205;4.0;abril;3.62;21.21;0.0;viable;8.0
205;5.0;mayo;0.82;19.28;0.0;viable;4.0
205;6.0;junio;0.73;17.77;0.0;viable;3.0
205;7.0;julio;0.59;16.92;0.0;viable;2.0
205;8.0;agosto;0.48;16.58;0.0;viable;1.0
205;9.0;setiembre;1.52;16.84;0.0;viable;5.0
205;10.0;octubre;2.54;17.41;0.0;viable;7.0
205;11.0;noviembre;1.59;18.55;0.0;viable;6.0
205;12.0;diciembre;7.6;20.34;0.0;viable;9.0
206;1.0;enero;21.24;20.39;0.0;viable;11.0
206;2.0;febrero;22.7;20.94;0.0;viable;12.0
206;3.0;marzo;14.96;20.45;0.0;viable;10.0
206;4.0;abril;1.87;18.65;0.0;viable;5.0
206;5.0;mayo;1.18;17.05;0.0;viable;2.0
206;6.0;junio;2.04;15.61;0.0;viable;6.0
206;7.0;julio;2.42;14.98;0.0;viable;7.0
206;8.0;agosto;2.51;15.13;0.0;viable;8.0
206;9.0;setiembre;1.29;15.59;0.0;viable;3.0
206;10.0;octubre;1.02;16.51;0.0;viable;1.0
206;11.0;noviembre;1.44;17.63;0.0;viable;4.0
206;12.0;diciembre;6.68;19.13;0.0;viable;9.0
207;1.0;enero;155.6;15.44;1.0;desaconsejado;10.0
207;2.0;febrero;166.46;15.64;1.0;desaconsejado;11.0
207;3.0;marzo;201.37;15.5;1.0;desaconsejado;12.0
207;4.0;abril;103.03;15.3;0.0;viable;6.0
207;5.0;mayo;81.84;15.29;0.0;viable;5.0
207;6.0;junio;39.98;14.64;0.0;viable;3.0
207;7.0;julio;25.31;14.51;0.0;viable;1.0
207;8.0;agosto;30.41;15.03;0.0;viable;2.0
207;9.0;setiembre;54.87;15.49;0.0;viable;4.0
207;10.0;octubre;106.93;15.7;0.0;viable;7.0
207;11.0;noviembre;114.92;16.16;0.0;viable;8.0
207;12.0;diciembre;145.91;15.68;0.0;viable;9.0
208;1.0;enero;222.83;11.47;1.0;desaconsejado;12.0
208;2.0;febrero;197.51;11.63;1.0;desaconsejado;11.0
208;3.0;marzo;152.3;11.46;0.05454545454545454;advertencia;9.0
208;4.0;abril;74.11;11.19;0.0;viable;6.0
208;5.0;mayo;34.91;10.82;0.0;viable;4.0
208;6.0;junio;7.88;10.4;0.0;viable;1.0
208;7.0;julio;11.89;10.36;0.0;viable;2.0
208;8.0;agosto;21.68;10.76;0.0;viable;3.0
208;9.0;setiembre;36.55;11.57;0.0;viable;5.0
208;10.0;octubre;82.37;12.14;0.0;viable;7.0
208;11.0;noviembre;121.6;12.47;0.0;viable;8.0
208;12.0;diciembre;187.78;12.08;0.9454545454545454;desaconsejado;10.0
211;1.0;enero;16.11;20.68;0.0;viable;11.0
211;2.0;febrero;16.87;21.37;0.0;viable;12.0
211;3.0;marzo;12.78;20.69;0.0;viable;10.0
211;4.0;abril;1.19;18.53;0.0;viable;1.0
211;5.0;mayo;1.47;16.47;0.0;viable;3.0
211;6.0;junio;2.5;14.82;0.0;viable;6.0
211;7.0;julio;2.83;14.01;0.0;viable;7.0
211;8.0;agosto;3.09;14.11;0.0;viable;8.0
211;9.0;setiembre;1.57;14.68;0.0;viable;4.0
211;10.0;octubre;1.21;15.76;0.0;viable;2.0
211;11.0;noviembre;1.67;17.22;0.0;viable;5.0
211;12.0;diciembre;7.28;19.05;0.0;viable;9.0
213;1.0;enero;216.79;13.14;1.0;desaconsejado;11.0
213;2.0;febrero;202.39;13.35;1.0;desaconsejado;10.0
213;3.0;marzo;264.69;13.15;1.0;desaconsejado;12.0
213;4.0;abril;146.57;13.29;0.0;viable;7.0
213;5.0;mayo;63.37;13.14;0.0;viable;4.0
213;6.0;junio;22.91;13.1;0.0;viable;2.0
213;7.0;julio;21.35;13.38;0.0;viable;1.0
213;8.0;agosto;35.94;13.74;0.0;viable;3.0
213;9.0;setiembre;98.38;13.79;0.0;viable;5.0
213;10.0;octubre;163.28;13.39;0.0;advertencia;8.0
213;11.0;noviembre;140.97;13.5;0.0;viable;6.0
213;12.0;diciembre;201.24;13.3;0.0;advertencia;9.0
214;1.0;enero;14.49;22.04;0.0;viable;10.0
214;2.0;febrero;16.19;22.97;0.0;viable;11.0
214;3.0;marzo;24.81;22.76;0.0;viable;12.0
214;4.0;abril;3.62;21.21;0.0;viable;8.0
214;5.0;mayo;0.82;19.28;0.0;viable;4.0
214;6.0;junio;0.73;17.77;0.0;viable;3.0
214;7.0;julio;0.59;16.92;0.0;viable;2.0
214;8.0;agosto;0.48;16.58;0.0;viable;1.0
214;9.0;setiembre;1.52;16.84;0.0;viable;5.0
214;10.0;octubre;2.54;17.41;0.0;viable;7.0
214;11.0;noviembre;1.59;18.55;0.0;viable;6.0
214;12.0;diciembre;7.6;20.34;0.0;viable;9.0
217;1.0;enero;14.49;22.04;0.0;viable;10.0
217;2.0;febrero;16.19;22.97;0.0;viable;11.0
217;3.0;marzo;24.81;22.76;0.0;viable;12.0
217;4.0;abril;3.62;21.21;0.0;viable;8.0
217;5.0;mayo;0.82;19.28;0.0;viable;4.0
217;6.0;junio;0.73;17.77;0.0;viable;3.0
217;7.0;julio;0.59;16.92;0.0;viable;2.0
217;8.0;agosto;0.48;16.58;0.0;viable;1.0
217;9.0;setiembre;1.52;16.84;0.0;viable;5.0
217;10.0;octubre;2.54;17.41;0.0;viable;7.0
217;11.0;noviembre;1.59;18.55;0.0;viable;6.0
217;12.0;diciembre;7.6;20.34;0.0;viable;9.0
218;1.0;enero;17.57;26.62;0.0;viable;8.0
218;2.0;febrero;54.2;27.49;1.0;advertencia;10.0
218;3.0;marzo;149.83;27.34;1.0;advertencia;12.0
218;4.0;abril;61.99;26.38;1.0;advertencia;11.0
218;5.0;mayo;13.21;25.02;0.0;viable;7.0
218;6.0;junio;2.52;23.35;0.0;viable;4.0
218;7.0;julio;0.71;22.34;0.0;viable;2.0
218;8.0;agosto;1.58;21.92;0.0;viable;3.0
218;9.0;setiembre;0.49;22.24;0.0;viable;1.0
218;10.0;octubre;5.64;22.62;0.0;viable;5.0
218;11.0;noviembre;10.35;22.94;0.0;viable;6.0
218;12.0;diciembre;19.71;24.9;0.0;viable;9.0
219;1.0;enero;14.49;22.04;0.0;viable;10.0
219;2.0;febrero;16.19;22.97;0.0;viable;11.0
219;3.0;marzo;24.81;22.76;0.0;viable;12.0
219;4.0;abril;3.62;21.21;0.0;viable;8.0
219;5.0;mayo;0.82;19.28;0.0;viable;4.0
219;6.0;junio;0.73;17.77;0.0;viable;3.0
219;7.0;julio;0.59;16.92;0.0;viable;2.0
219;8.0;agosto;0.48;16.58;0.0;viable;1.0
219;9.0;setiembre;1.52;16.84;0.0;viable;5.0
219;10.0;octubre;2.54;17.41;0.0;viable;7.0
219;11.0;noviembre;1.59;18.55;0.0;viable;6.0
219;12.0;diciembre;7.6;20.34;0.0;viable;9.0
221;1.0;enero;371.8;25.57;1.0;desaconsejado;12.0
221;2.0;febrero;368.67;25.37;1.0;desaconsejado;10.0
221;3.0;marzo;287.68;25.48;0.0;advertencia;9.0
221;4.0;abril;174.01;25.19;0.0;advertencia;6.0
221;5.0;mayo;106.55;24.1;0.0;viable;5.0
221;6.0;junio;59.57;23.28;0.0;viable;3.0
221;7.0;julio;35.21;23.66;0.0;viable;1.0
221;8.0;agosto;52.81;24.93;0.0;viable;2.0
221;9.0;setiembre;92.54;26.38;0.0;viable;4.0
221;10.0;octubre;183.89;26.52;0.0;advertencia;7.0
221;11.0;noviembre;254.5;26.01;0.0;advertencia;8.0
221;12.0;diciembre;369.02;25.8;1.0;desaconsejado;11.0
222;1.0;enero;153.55;16.75;0.8571428571428571;desaconsejado;10.0
222;2.0;febrero;166.49;16.92;1.0;desaconsejado;11.0
222;3.0;marzo;205.86;16.74;1.0;desaconsejado;12.0
222;4.0;abril;115.22;16.54;0.14285714285714285;viable;7.0
222;5.0;mayo;92.88;16.51;0.0;viable;5.0
222;6.0;junio;50.4;15.86;0.0;viable;3.0
222;7.0;julio;33.17;15.75;0.0;viable;1.0
222;8.0;agosto;36.91;16.32;0.0;viable;2.0
222;9.0;setiembre;64.74;16.81;0.0;viable;4.0
222;10.0;octubre;112.66;17.01;0.0;viable;6.0
222;11.0;noviembre;118.7;17.39;0.0;viable;8.0
222;12.0;diciembre;143.43;16.98;0.0;viable;9.0
223;1.0;enero;173.59;17.21;1.0;desaconsejado;12.0
223;2.0;febrero;146.71;17.29;1.0;advertencia;11.0
223;3.0;marzo;139.53;17.07;1.0;advertencia;10.0
223;4.0;abril;61.28;16.9;0.0;viable;6.0
223;5.0;mayo;24.53;16.46;0.0;viable;4.0
223;6.0;junio;12.67;15.93;0.0;viable;1.0
223;7.0;julio;12.97;15.95;0.0;viable;2.0
223;8.0;agosto;16.93;16.54;0.0;viable;3.0
223;9.0;setiembre;40.48;17.36;0.0;viable;5.0
223;10.0;octubre;75.3;17.85;0.0;viable;7.0
223;11.0;noviembre;83.24;18.31;0.0;viable;8.0
223;12.0;diciembre;135.2;17.75;0.0;viable;9.0
224;1.0;enero;227.76;11.24;1.0;desaconsejado;12.0
224;2.0;febrero;202.16;11.41;1.0;desaconsejado;11.0
224;3.0;marzo;154.21;11.25;0.0;advertencia;9.0
224;4.0;abril;75.9;10.95;0.0;viable;6.0
224;5.0;mayo;35.63;10.58;0.0;viable;4.0
224;6.0;junio;8.11;10.16;0.0;viable;1.0
224;7.0;julio;12.11;10.12;0.0;viable;2.0
224;8.0;agosto;22.26;10.51;0.0;viable;3.0
224;9.0;setiembre;37.18;11.31;0.0;viable;5.0
224;10.0;octubre;83.98;11.89;0.0;viable;7.0
224;11.0;noviembre;124.88;12.21;0.0;viable;8.0
224;12.0;diciembre;193.26;11.84;1.0;desaconsejado;10.0
225;1.0;enero;287.87;25.89;1.0;desaconsejado;11.0
225;2.0;febrero;294.43;25.89;1.0;desaconsejado;12.0
225;3.0;marzo;287.75;25.79;1.0;desaconsejado;10.0
225;4.0;abril;229.09;25.68;0.0;advertencia;7.0
225;5.0;mayo;154.91;25.37;0.0;advertencia;5.0
225;6.0;junio;83.29;25.01;0.0;viable;3.0
225;7.0;julio;70.51;25.31;0.0;viable;1.0
225;8.0;agosto;72.05;26.19;0.0;viable;2.0
225;9.0;setiembre;93.69;26.9;0.0;viable;4.0
225;10.0;octubre;168.65;26.74;0.0;advertencia;6.0
225;11.0;noviembre;231.18;26.34;0.0;advertencia;8.0
225;12.0;diciembre;256.76;26.14;0.0;advertencia;9.0
226;1.0;enero;210.21;8.89;1.0;desaconsejado;11.0
226;2.0;febrero;213.14;9.16;1.0;desaconsejado;12.0
226;3.0;marzo;189.52;9.03;1.0;desaconsejado;10.0
226;4.0;abril;89.73;8.48;0.0;viable;6.0
226;5.0;mayo;57.98;7.82;0.0;viable;4.0
226;6.0;junio;16.31;7.17;0.0;viable;1.0
226;7.0;julio;21.96;7.01;0.0;viable;2.0
226;8.0;agosto;34.49;7.54;0.0;viable;3.0
226;9.0;setiembre;89.42;8.24;0.0;viable;5.0
226;10.0;octubre;119.78;8.68;0.0;viable;7.0
226;11.0;noviembre;132.47;9.23;0.0;viable;8.0
226;12.0;diciembre;186.39;9.24;0.0;advertencia;9.0
227;1.0;enero;227.76;11.24;1.0;desaconsejado;12.0
227;2.0;febrero;202.16;11.41;1.0;desaconsejado;11.0
227;3.0;marzo;154.21;11.25;0.0;advertencia;9.0
227;4.0;abril;75.9;10.95;0.0;viable;6.0
227;5.0;mayo;35.63;10.58;0.0;viable;4.0
227;6.0;junio;8.11;10.16;0.0;viable;1.0
227;7.0;julio;12.11;10.12;0.0;viable;2.0
227;8.0;agosto;22.26;10.51;0.0;viable;3.0
227;9.0;setiembre;37.18;11.31;0.0;viable;5.0
227;10.0;octubre;83.98;11.89;0.0;viable;7.0
227;11.0;noviembre;124.88;12.21;0.0;viable;8.0
227;12.0;diciembre;193.26;11.84;1.0;desaconsejado;10.0
230;1.0;enero;128.29;19.08;1.0;advertencia;12.0
230;2.0;febrero;121.31;19.17;1.0;advertencia;11.0
230;3.0;marzo;112.56;19.12;1.0;advertencia;10.0
230;4.0;abril;53.97;19.09;0.0;viable;6.0
230;5.0;mayo;47.76;18.8;0.0;viable;5.0
230;6.0;junio;22.17;18.2;0.0;viable;2.0
230;7.0;julio;19.21;18.09;0.0;viable;1.0
230;8.0;agosto;23.31;18.45;0.0;viable;3.0
230;9.0;setiembre;27.24;19.25;0.0;viable;4.0
230;10.0;octubre;65.04;19.58;0.0;viable;7.0
230;11.0;noviembre;66.14;19.76;0.0;viable;8.0
230;12.0;diciembre;104.02;19.42;0.0;viable;9.0
232;1.0;enero;232.63;9.57;1.0;desaconsejado;12.0
232;2.0;febrero;201.54;9.66;1.0;desaconsejado;11.0
232;3.0;marzo;156.47;9.5;0.0;advertencia;9.0
232;4.0;abril;82.89;8.83;0.0;viable;7.0
232;5.0;mayo;23.28;8.14;0.0;viable;4.0
232;6.0;junio;7.01;7.79;0.0;viable;1.0
232;7.0;julio;10.33;7.81;0.0;viable;2.0
232;8.0;agosto;19.2;8.42;0.0;viable;3.0
232;9.0;setiembre;51.02;9.22;0.0;viable;5.0
232;10.0;octubre;70.45;9.88;0.0;viable;6.0
232;11.0;noviembre;89.74;10.87;0.0;viable;8.0
232;12.0;diciembre;168.91;10.13;1.0;desaconsejado;10.0
233;1.0;enero;235.13;11.68;1.0;desaconsejado;12.0
233;2.0;febrero;229.3;11.87;1.0;desaconsejado;11.0
233;3.0;marzo;211.94;11.64;1.0;desaconsejado;10.0
233;4.0;abril;96.02;11.28;0.0;viable;6.0
233;5.0;mayo;47.06;10.8;0.0;viable;4.0
233;6.0;junio;13.1;10.0;0.0;viable;1.0
233;7.0;julio;16.73;9.96;0.0;viable;2.0
233;8.0;agosto;25.98;10.61;0.0;viable;3.0
233;9.0;setiembre;78.54;11.25;0.0;viable;5.0
233;10.0;octubre;122.25;11.7;0.0;viable;7.0
233;11.0;noviembre;132.0;12.16;0.0;viable;8.0
233;12.0;diciembre;183.47;12.05;0.0;advertencia;9.0
234;1.0;enero;157.11;15.9;0.6923076923076923;desaconsejado;11.0
234;2.0;febrero;148.29;16.41;0.6923076923076923;advertencia;10.0
234;3.0;marzo;197.27;16.3;0.6923076923076923;desaconsejado;12.0
234;4.0;abril;106.99;15.93;0.0;viable;7.0
234;5.0;mayo;44.93;15.47;0.0;viable;4.0
234;6.0;junio;16.17;15.08;0.0;viable;2.0
234;7.0;julio;14.85;15.03;0.0;viable;1.0
234;8.0;agosto;25.03;15.12;0.0;viable;3.0
234;9.0;setiembre;68.62;15.16;0.0;viable;5.0
234;10.0;octubre;115.37;14.94;0.0;viable;8.0
234;11.0;noviembre;98.34;15.25;0.0;viable;6.0
234;12.0;diciembre;143.6;15.62;0.0;viable;9.0
235;1.0;enero;227.76;11.24;1.0;desaconsejado;12.0
235;2.0;febrero;202.16;11.41;1.0;desaconsejado;11.0
235;3.0;marzo;154.21;11.25;0.0;advertencia;9.0
235;4.0;abril;75.9;10.95;0.0;viable;6.0
235;5.0;mayo;35.63;10.58;0.0;viable;4.0
235;6.0;junio;8.11;10.16;0.0;viable;1.0
235;7.0;julio;12.11;10.12;0.0;viable;2.0
235;8.0;agosto;22.26;10.51;0.0;viable;3.0
235;9.0;setiembre;37.18;11.31;0.0;viable;5.0
235;10.0;octubre;83.98;11.89;0.0;viable;7.0
235;11.0;noviembre;124.88;12.21;0.0;viable;8.0
235;12.0;diciembre;193.26;11.84;1.0;desaconsejado;10.0
238;1.0;enero;14.49;22.04;0.0;viable;10.0
238;2.0;febrero;16.19;22.97;0.0;viable;11.0
238;3.0;marzo;24.81;22.76;0.0;viable;12.0
238;4.0;abril;3.62;21.21;0.0;viable;8.0
238;5.0;mayo;0.82;19.28;0.0;viable;4.0
238;6.0;junio;0.73;17.77;0.0;viable;3.0
238;7.0;julio;0.59;16.92;0.0;viable;2.0
238;8.0;agosto;0.48;16.58;0.0;viable;1.0
238;9.0;setiembre;1.52;16.84;0.0;viable;5.0
238;10.0;octubre;2.54;17.41;0.0;viable;7.0
238;11.0;noviembre;1.59;18.55;0.0;viable;6.0
238;12.0;diciembre;7.6;20.34;0.0;viable;9.0
239;1.0;enero;237.3;11.92;1.0;desaconsejado;12.0
239;2.0;febrero;230.71;12.11;1.0;desaconsejado;11.0
239;3.0;marzo;213.89;11.86;1.0;desaconsejado;10.0
239;4.0;abril;96.57;11.52;0.0;viable;6.0
239;5.0;mayo;46.11;11.06;0.0;viable;4.0
239;6.0;junio;12.82;10.24;0.0;viable;1.0
239;7.0;julio;16.28;10.21;0.0;viable;2.0
239;8.0;agosto;25.24;10.88;0.0;viable;3.0
239;9.0;setiembre;77.59;11.51;0.0;viable;5.0
239;10.0;octubre;122.47;11.97;0.0;viable;7.0
239;11.0;noviembre;131.96;12.42;0.0;viable;8.0
239;12.0;diciembre;183.22;12.29;0.0;advertencia;9.0
240;1.0;enero;21.7;24.33;0.0;viable;12.0
240;2.0;febrero;21.56;25.15;0.0;viable;11.0
240;3.0;marzo;19.43;25.23;0.0;viable;10.0
240;4.0;abril;2.6;23.62;0.0;viable;8.0
240;5.0;mayo;0.51;20.71;0.0;viable;6.0
240;6.0;junio;0.24;18.15;0.0;viable;4.0
240;7.0;julio;0.08;17.56;0.0;viable;3.0
240;8.0;agosto;0.0;17.76;0.0;viable;1.0
240;9.0;setiembre;0.02;18.78;0.0;viable;2.0
240;10.0;octubre;0.68;20.19;0.0;viable;7.0
240;11.0;noviembre;0.5;21.26;0.0;viable;5.0
240;12.0;diciembre;3.37;23.06;0.0;viable;9.0
241;1.0;enero;41.76;19.21;0.0;viable;11.0
241;2.0;febrero;46.02;19.23;0.0;viable;12.0
241;3.0;marzo;23.67;19.47;0.0;viable;10.0
241;4.0;abril;4.57;19.14;0.0;viable;9.0
241;5.0;mayo;0.02;19.35;0.0;viable;1.0
241;6.0;junio;0.22;18.77;0.0;viable;4.0
241;7.0;julio;0.78;18.88;0.0;viable;7.0
241;8.0;agosto;0.18;19.18;0.0;viable;3.0
241;9.0;setiembre;0.15;19.25;0.0;viable;2.0
241;10.0;octubre;0.27;19.49;0.0;viable;5.0
241;11.0;noviembre;0.51;19.27;0.0;viable;6.0
241;12.0;diciembre;4.27;19.48;0.0;viable;8.0
244;1.0;enero;216.79;13.14;1.0;desaconsejado;11.0
244;2.0;febrero;202.39;13.35;1.0;desaconsejado;10.0
244;3.0;marzo;264.69;13.15;1.0;desaconsejado;12.0
244;4.0;abril;146.57;13.29;0.0;viable;7.0
244;5.0;mayo;63.37;13.14;0.0;viable;4.0
244;6.0;junio;22.91;13.1;0.0;viable;2.0
244;7.0;julio;21.35;13.38;0.0;viable;1.0
244;8.0;agosto;35.94;13.74;0.0;viable;3.0
244;9.0;setiembre;98.38;13.79;0.0;viable;5.0
244;10.0;octubre;163.28;13.39;0.0;advertencia;8.0
244;11.0;noviembre;140.97;13.5;0.0;viable;6.0
244;12.0;diciembre;201.24;13.3;0.0;advertencia;9.0
245;1.0;enero;242.63;26.04;0.0;advertencia;7.0
245;2.0;febrero;227.47;26.24;0.0;advertencia;6.0
245;3.0;marzo;316.19;26.04;1.0;desaconsejado;11.0
245;4.0;abril;316.75;25.9;1.0;desaconsejado;12.0
245;5.0;mayo;278.89;25.61;1.0;desaconsejado;10.0
245;6.0;junio;190.08;25.14;0.0;advertencia;5.0
245;7.0;julio;167.46;25.17;0.0;advertencia;3.0
245;8.0;agosto;151.55;25.87;0.0;advertencia;2.0
245;9.0;setiembre;127.82;26.71;0.0;viable;1.0
245;10.0;octubre;186.34;26.63;0.0;advertencia;4.0
245;11.0;noviembre;248.97;26.44;0.0;advertencia;8.0
245;12.0;diciembre;274.84;26.13;0.0;advertencia;9.0
246;1.0;enero;132.43;15.16;1.0;advertencia;11.0
246;2.0;febrero;164.64;14.8;1.0;desaconsejado;12.0
246;3.0;marzo;116.91;14.71;1.0;advertencia;10.0
246;4.0;abril;26.75;15.63;0.0;viable;9.0
246;5.0;mayo;0.7;15.47;0.0;viable;2.0
246;6.0;junio;0.71;14.81;0.0;viable;3.0
246;7.0;julio;0.94;15.12;0.0;viable;5.0
246;8.0;agosto;0.57;15.61;0.0;viable;1.0
246;9.0;setiembre;0.84;16.6;0.0;viable;4.0
246;10.0;octubre;3.61;16.91;0.0;viable;6.0
246;11.0;noviembre;4.65;16.87;0.0;viable;7.0
246;12.0;diciembre;26.74;16.6;0.0;viable;8.0
248;1.0;enero;132.43;15.16;1.0;advertencia;11.0
248;2.0;febrero;164.64;14.8;1.0;desaconsejado;12.0
248;3.0;marzo;116.91;14.71;1.0;advertencia;10.0
248;4.0;abril;26.75;15.63;0.0;viable;9.0
248;5.0;mayo;0.7;15.47;0.0;viable;2.0
248;6.0;junio;0.71;14.81;0.0;viable;3.0
248;7.0;julio;0.94;15.12;0.0;viable;5.0
248;8.0;agosto;0.57;15.61;0.0;viable;1.0
248;9.0;setiembre;0.84;16.6;0.0;viable;4.0
248;10.0;octubre;3.61;16.91;0.0;viable;6.0
248;11.0;noviembre;4.65;16.87;0.0;viable;7.0
248;12.0;diciembre;26.74;16.6;0.0;viable;8.0
249;1.0;enero;34.07;19.65;0.0;viable;11.0
249;2.0;febrero;37.28;19.87;0.0;viable;12.0
249;3.0;marzo;20.4;19.84;0.0;viable;10.0
249;4.0;abril;3.56;18.96;0.0;viable;8.0
249;5.0;mayo;0.46;18.48;0.0;viable;1.0
249;6.0;junio;0.9;17.59;0.0;viable;5.0
249;7.0;julio;1.4;17.42;0.0;viable;7.0
249;8.0;agosto;1.05;17.66;0.0;viable;6.0
249;9.0;setiembre;0.58;17.88;0.0;viable;3.0
249;10.0;octubre;0.55;18.37;0.0;viable;2.0
249;11.0;noviembre;0.86;18.65;0.0;viable;4.0
249;12.0;diciembre;5.17;19.35;0.0;viable;9.0
251;1.0;enero;216.79;13.14;1.0;desaconsejado;11.0
251;2.0;febrero;202.39;13.35;1.0;desaconsejado;10.0
251;3.0;marzo;264.69;13.15;1.0;desaconsejado;12.0
251;4.0;abril;146.57;13.29;0.0;viable;7.0
251;5.0;mayo;63.37;13.14;0.0;viable;4.0
251;6.0;junio;22.91;13.1;0.0;viable;2.0
251;7.0;julio;21.35;13.38;0.0;viable;1.0
251;8.0;agosto;35.94;13.74;0.0;viable;3.0
251;9.0;setiembre;98.38;13.79;0.0;viable;5.0
251;10.0;octubre;163.28;13.39;0.0;advertencia;8.0
251;11.0;noviembre;140.97;13.5;0.0;viable;6.0
251;12.0;diciembre;201.24;13.3;0.0;advertencia;9.0
252;1.0;enero;173.59;17.21;1.0;desaconsejado;12.0
252;2.0;febrero;146.71;17.29;1.0;advertencia;11.0
252;3.0;marzo;139.53;17.07;1.0;advertencia;10.0
252;4.0;abril;61.28;16.9;0.0;viable;6.0
252;5.0;mayo;24.53;16.46;0.0;viable;4.0
252;6.0;junio;12.67;15.93;0.0;viable;1.0
252;7.0;julio;12.97;15.95;0.0;viable;2.0
252;8.0;agosto;16.93;16.54;0.0;viable;3.0
252;9.0;setiembre;40.48;17.36;0.0;viable;5.0
252;10.0;octubre;75.3;17.85;0.0;viable;7.0
252;11.0;noviembre;83.24;18.31;0.0;viable;8.0
252;12.0;diciembre;135.2;17.75;0.0;viable;9.0
253;1.0;enero;137.38;15.37;1.0;advertencia;12.0
253;2.0;febrero;116.98;15.32;1.0;advertencia;10.0
253;3.0;marzo;119.11;15.12;1.0;advertencia;11.0
253;4.0;abril;43.12;15.33;0.0;viable;6.0
253;5.0;mayo;22.51;15.07;0.0;viable;4.0
253;6.0;junio;3.84;14.6;0.0;viable;1.0
253;7.0;julio;8.01;14.53;0.0;viable;2.0
253;8.0;agosto;11.68;15.12;0.0;viable;3.0
253;9.0;setiembre;25.63;16.07;0.0;viable;5.0
253;10.0;octubre;54.4;16.48;0.0;viable;7.0
253;11.0;noviembre;64.77;16.91;0.0;viable;8.0
253;12.0;diciembre;92.79;16.18;0.0;viable;9.0
254;1.0;enero;84.61;19.88;0.5454545454545454;advertencia;11.0
254;2.0;febrero;80.9;20.36;0.5454545454545454;advertencia;10.0
254;3.0;marzo;86.5;20.23;0.5454545454545454;advertencia;12.0
254;4.0;abril;39.5;19.53;0.0;viable;6.0
254;5.0;mayo;27.84;18.51;0.0;viable;5.0
254;6.0;junio;12.49;17.54;0.0;viable;2.0
254;7.0;julio;10.94;17.13;0.0;viable;1.0
254;8.0;agosto;14.08;17.17;0.0;viable;3.0
254;9.0;setiembre;22.02;17.66;0.0;viable;4.0
254;10.0;octubre;45.56;18.03;0.0;viable;8.0
254;11.0;noviembre;43.6;18.64;0.0;viable;7.0
254;12.0;diciembre;69.03;19.28;0.0;viable;9.0
256;1.0;enero;227.76;11.24;1.0;desaconsejado;12.0
256;2.0;febrero;202.16;11.41;1.0;desaconsejado;11.0
256;3.0;marzo;154.21;11.25;0.0;advertencia;9.0
256;4.0;abril;75.9;10.95;0.0;viable;6.0
256;5.0;mayo;35.63;10.58;0.0;viable;4.0
256;6.0;junio;8.11;10.16;0.0;viable;1.0
256;7.0;julio;12.11;10.12;0.0;viable;2.0
256;8.0;agosto;22.26;10.51;0.0;viable;3.0
256;9.0;setiembre;37.18;11.31;0.0;viable;5.0
256;10.0;octubre;83.98;11.89;0.0;viable;7.0
256;11.0;noviembre;124.88;12.21;0.0;viable;8.0
256;12.0;diciembre;193.26;11.84;1.0;desaconsejado;10.0
257;1.0;enero;210.54;12.03;1.0;desaconsejado;12.0
257;2.0;febrero;185.94;12.16;1.0;desaconsejado;11.0
257;3.0;marzo;147.52;11.99;0.19047619047619047;viable;9.0
257;4.0;abril;69.66;11.78;0.0;viable;6.0
257;5.0;mayo;33.13;11.43;0.0;viable;4.0
257;6.0;junio;7.3;11.0;0.0;viable;1.0
257;7.0;julio;11.33;10.96;0.0;viable;2.0
257;8.0;agosto;20.24;11.39;0.0;viable;3.0
257;9.0;setiembre;34.98;12.22;0.0;viable;5.0
257;10.0;octubre;78.35;12.76;0.0;viable;7.0
257;11.0;noviembre;113.43;13.11;0.0;viable;8.0
257;12.0;diciembre;174.12;12.67;0.8095238095238095;desaconsejado;10.0
258;1.0;enero;141.22;24.58;0.0;viable;6.0
258;2.0;febrero;166.67;24.58;1.0;desaconsejado;10.0
258;3.0;marzo;232.83;24.16;1.0;desaconsejado;12.0
258;4.0;abril;188.38;23.99;1.0;desaconsejado;11.0
258;5.0;mayo;159.15;23.8;0.0;advertencia;9.0
258;6.0;junio;112.89;23.19;0.0;viable;3.0
258;7.0;julio;80.31;23.23;0.0;viable;2.0
258;8.0;agosto;75.92;24.04;0.0;viable;1.0
258;9.0;setiembre;123.94;24.77;0.0;viable;4.0
258;10.0;octubre;147.02;24.84;0.0;viable;8.0
258;11.0;noviembre;141.36;24.83;0.0;viable;7.0
258;12.0;diciembre;128.56;24.78;0.0;viable;5.0
259;1.0;enero;14.49;22.04;0.0;viable;10.0
259;2.0;febrero;16.19;22.97;0.0;viable;11.0
259;3.0;marzo;24.81;22.76;0.0;viable;12.0
259;4.0;abril;3.62;21.21;0.0;viable;8.0
259;5.0;mayo;0.82;19.28;0.0;viable;4.0
259;6.0;junio;0.73;17.77;0.0;viable;3.0
259;7.0;julio;0.59;16.92;0.0;viable;2.0
259;8.0;agosto;0.48;16.58;0.0;viable;1.0
259;9.0;setiembre;1.52;16.84;0.0;viable;5.0
259;10.0;octubre;2.54;17.41;0.0;viable;7.0
259;11.0;noviembre;1.59;18.55;0.0;viable;6.0
259;12.0;diciembre;7.6;20.34;0.0;viable;9.0
261;1.0;enero;237.3;11.92;1.0;desaconsejado;12.0
261;2.0;febrero;230.71;12.11;1.0;desaconsejado;11.0
261;3.0;marzo;213.89;11.86;1.0;desaconsejado;10.0
261;4.0;abril;96.57;11.52;0.0;viable;6.0
261;5.0;mayo;46.11;11.06;0.0;viable;4.0
261;6.0;junio;12.82;10.24;0.0;viable;1.0
261;7.0;julio;16.28;10.21;0.0;viable;2.0
261;8.0;agosto;25.24;10.88;0.0;viable;3.0
261;9.0;setiembre;77.59;11.51;0.0;viable;5.0
261;10.0;octubre;122.47;11.97;0.0;viable;7.0
261;11.0;noviembre;131.96;12.42;0.0;viable;8.0
261;12.0;diciembre;183.22;12.29;0.0;advertencia;9.0
264;1.0;enero;137.38;15.37;1.0;advertencia;12.0
264;2.0;febrero;116.98;15.32;1.0;advertencia;10.0
264;3.0;marzo;119.11;15.12;1.0;advertencia;11.0
264;4.0;abril;43.12;15.33;0.0;viable;6.0
264;5.0;mayo;22.51;15.07;0.0;viable;4.0
264;6.0;junio;3.84;14.6;0.0;viable;1.0
264;7.0;julio;8.01;14.53;0.0;viable;2.0
264;8.0;agosto;11.68;15.12;0.0;viable;3.0
264;9.0;setiembre;25.63;16.07;0.0;viable;5.0
264;10.0;octubre;54.4;16.48;0.0;viable;7.0
264;11.0;noviembre;64.77;16.91;0.0;viable;8.0
264;12.0;diciembre;92.79;16.18;0.0;viable;9.0
265;1.0;enero;132.43;15.16;1.0;advertencia;11.0
265;2.0;febrero;164.64;14.8;1.0;desaconsejado;12.0
265;3.0;marzo;116.91;14.71;1.0;advertencia;10.0
265;4.0;abril;26.75;15.63;0.0;viable;9.0
265;5.0;mayo;0.7;15.47;0.0;viable;2.0
265;6.0;junio;0.71;14.81;0.0;viable;3.0
265;7.0;julio;0.94;15.12;0.0;viable;5.0
265;8.0;agosto;0.57;15.61;0.0;viable;1.0
265;9.0;setiembre;0.84;16.6;0.0;viable;4.0
265;10.0;octubre;3.61;16.91;0.0;viable;6.0
265;11.0;noviembre;4.65;16.87;0.0;viable;7.0
265;12.0;diciembre;26.74;16.6;0.0;viable;8.0
268;1.0;enero;14.49;22.04;0.0;viable;10.0
268;2.0;febrero;16.19;22.97;0.0;viable;11.0
268;3.0;marzo;24.81;22.76;0.0;viable;12.0
268;4.0;abril;3.62;21.21;0.0;viable;8.0
268;5.0;mayo;0.82;19.28;0.0;viable;4.0
268;6.0;junio;0.73;17.77;0.0;viable;3.0
268;7.0;julio;0.59;16.92;0.0;viable;2.0
268;8.0;agosto;0.48;16.58;0.0;viable;1.0
268;9.0;setiembre;1.52;16.84;0.0;viable;5.0
268;10.0;octubre;2.54;17.41;0.0;viable;7.0
268;11.0;noviembre;1.59;18.55;0.0;viable;6.0
268;12.0;diciembre;7.6;20.34;0.0;viable;9.0
273;1.0;enero;232.63;9.57;1.0;desaconsejado;12.0
273;2.0;febrero;201.54;9.66;1.0;desaconsejado;11.0
273;3.0;marzo;156.47;9.5;0.0;advertencia;9.0
273;4.0;abril;82.89;8.83;0.0;viable;7.0
273;5.0;mayo;23.28;8.14;0.0;viable;4.0
273;6.0;junio;7.01;7.79;0.0;viable;1.0
273;7.0;julio;10.33;7.81;0.0;viable;2.0
273;8.0;agosto;19.2;8.42;0.0;viable;3.0
273;9.0;setiembre;51.02;9.22;0.0;viable;5.0
273;10.0;octubre;70.45;9.88;0.0;viable;6.0
273;11.0;noviembre;89.74;10.87;0.0;viable;8.0
273;12.0;diciembre;168.91;10.13;1.0;desaconsejado;10.0
274;1.0;enero;232.63;9.57;1.0;desaconsejado;12.0
274;2.0;febrero;201.54;9.66;1.0;desaconsejado;11.0
274;3.0;marzo;156.47;9.5;0.0;advertencia;9.0
274;4.0;abril;82.89;8.83;0.0;viable;7.0
274;5.0;mayo;23.28;8.14;0.0;viable;4.0
274;6.0;junio;7.01;7.79;0.0;viable;1.0
274;7.0;julio;10.33;7.81;0.0;viable;2.0
274;8.0;agosto;19.2;8.42;0.0;viable;3.0
274;9.0;setiembre;51.02;9.22;0.0;viable;5.0
274;10.0;octubre;70.45;9.88;0.0;viable;6.0
274;11.0;noviembre;89.74;10.87;0.0;viable;8.0
274;12.0;diciembre;168.91;10.13;1.0;desaconsejado;10.0
